{
  "type": "FeatureCollection",
  "features": [
    {
      "type": "Feature",
      "properties": {
        "id": "amsterdam-to-badhoevedorp-ride-ba711d80-83c4-11f1-8ad1-a40dbc8fa83a",
        "title": "Amsterdam to Badhoevedorp ride",
        "source": "Amsterdam to Badhoevedorp ride-ba711d80-83c4-11f1-8ad1-a40dbc8fa83a.fit"
      },
      "geometry": {
        "type": "LineString",
        "coordinates": [
          [
            4.895897,
            52.375996
          ],
          [
            4.895897,
            52.375996
          ],
          [
            4.895895,
            52.375996
          ],
          [
            4.895895,
            52.375996
          ],
          [
            4.895895,
            52.375996
          ],
          [
            4.89581,
            52.376038
          ],
          [
            4.895811,
            52.376038
          ],
          [
            4.895782,
            52.376064
          ],
          [
            4.895763,
            52.376083
          ],
          [
            4.89574,
            52.376095
          ],
          [
            4.895716,
            52.376102
          ],
          [
            4.895693,
            52.376106
          ],
          [
            4.895677,
            52.376114
          ],
          [
            4.895649,
            52.376106
          ],
          [
            4.895616,
            52.376087
          ],
          [
            4.895584,
            52.376068
          ],
          [
            4.895553,
            52.376045
          ],
          [
            4.895537,
            52.376034
          ],
          [
            4.895484,
            52.375988
          ],
          [
            4.89541,
            52.375942
          ],
          [
            4.895366,
            52.375893
          ],
          [
            4.895306,
            52.375858
          ],
          [
            4.895289,
            52.375866
          ],
          [
            4.895231,
            52.375801
          ],
          [
            4.895165,
            52.375786
          ],
          [
            4.895115,
            52.375729
          ],
          [
            4.895076,
            52.375683
          ],
          [
            4.895041,
            52.375645
          ],
          [
            4.895006,
            52.375607
          ],
          [
            4.894975,
            52.375553
          ],
          [
            4.894882,
            52.375473
          ],
          [
            4.89483,
            52.375408
          ],
          [
            4.894776,
            52.375355
          ],
          [
            4.894731,
            52.375309
          ],
          [
            4.894685,
            52.375271
          ],
          [
            4.89464,
            52.375225
          ],
          [
            4.894633,
            52.375233
          ],
          [
            4.894544,
            52.375164
          ],
          [
            4.894476,
            52.37513
          ],
          [
            4.894411,
            52.375088
          ],
          [
            4.894382,
            52.375072
          ],
          [
            4.894298,
            52.375027
          ],
          [
            4.894237,
            52.374981
          ],
          [
            4.894183,
            52.374954
          ],
          [
            4.894125,
            52.374928
          ],
          [
            4.894101,
            52.374905
          ],
          [
            4.89402,
            52.374836
          ],
          [
            4.893958,
            52.374783
          ],
          [
            4.893901,
            52.374725
          ],
          [
            4.893893,
            52.374725
          ],
          [
            4.893834,
            52.374641
          ],
          [
            4.893768,
            52.374584
          ],
          [
            4.893733,
            52.37455
          ],
          [
            4.893712,
            52.374504
          ],
          [
            4.89367,
            52.374458
          ],
          [
            4.893649,
            52.374432
          ],
          [
            4.893561,
            52.374367
          ],
          [
            4.893491,
            52.374321
          ],
          [
            4.893442,
            52.374283
          ],
          [
            4.893359,
            52.374237
          ],
          [
            4.893302,
            52.374199
          ],
          [
            4.893256,
            52.374165
          ],
          [
            4.893208,
            52.374126
          ],
          [
            4.893149,
            52.374088
          ],
          [
            4.893109,
            52.374027
          ],
          [
            4.893061,
            52.373981
          ],
          [
            4.893026,
            52.37394
          ],
          [
            4.892992,
            52.373898
          ],
          [
            4.892968,
            52.373882
          ],
          [
            4.892968,
            52.373882
          ],
          [
            4.89292,
            52.373806
          ],
          [
            4.892902,
            52.373791
          ],
          [
            4.892902,
            52.373787
          ],
          [
            4.892897,
            52.373775
          ],
          [
            4.892893,
            52.373779
          ],
          [
            4.892903,
            52.373779
          ],
          [
            4.892908,
            52.373787
          ],
          [
            4.892925,
            52.373791
          ],
          [
            4.892943,
            52.37381
          ],
          [
            4.892943,
            52.37381
          ],
          [
            4.893009,
            52.373844
          ],
          [
            4.893023,
            52.373844
          ],
          [
            4.893023,
            52.373844
          ],
          [
            4.893034,
            52.373836
          ],
          [
            4.893034,
            52.373836
          ],
          [
            4.893034,
            52.373836
          ],
          [
            4.892946,
            52.373856
          ],
          [
            4.892946,
            52.373856
          ],
          [
            4.892933,
            52.37384
          ],
          [
            4.892922,
            52.373836
          ],
          [
            4.892915,
            52.373833
          ],
          [
            4.892913,
            52.373829
          ],
          [
            4.892895,
            52.37381
          ],
          [
            4.892874,
            52.373791
          ],
          [
            4.892811,
            52.373726
          ],
          [
            4.892786,
            52.373684
          ],
          [
            4.892754,
            52.37365
          ],
          [
            4.892711,
            52.373615
          ],
          [
            4.892664,
            52.373558
          ],
          [
            4.892639,
            52.373516
          ],
          [
            4.892593,
            52.373501
          ],
          [
            4.892523,
            52.373447
          ],
          [
            4.892468,
            52.373402
          ],
          [
            4.892399,
            52.373325
          ],
          [
            4.892419,
            52.373291
          ],
          [
            4.892412,
            52.373249
          ],
          [
            4.892429,
            52.373215
          ],
          [
            4.892446,
            52.373177
          ],
          [
            4.892473,
            52.373142
          ],
          [
            4.892507,
            52.373112
          ],
          [
            4.892537,
            52.373085
          ],
          [
            4.892567,
            52.373058
          ],
          [
            4.892609,
            52.373024
          ],
          [
            4.892597,
            52.373032
          ],
          [
            4.892684,
            52.372963
          ],
          [
            4.892731,
            52.372952
          ],
          [
            4.892771,
            52.372944
          ],
          [
            4.89283,
            52.372944
          ],
          [
            4.892882,
            52.372948
          ],
          [
            4.892931,
            52.372944
          ],
          [
            4.89298,
            52.37294
          ],
          [
            4.893032,
            52.372921
          ],
          [
            4.893044,
            52.372917
          ],
          [
            4.893044,
            52.372917
          ],
          [
            4.893072,
            52.372898
          ],
          [
            4.893087,
            52.372891
          ],
          [
            4.89311,
            52.372891
          ],
          [
            4.893141,
            52.372891
          ],
          [
            4.893179,
            52.372891
          ],
          [
            4.893224,
            52.372887
          ],
          [
            4.893259,
            52.372887
          ],
          [
            4.893301,
            52.372879
          ],
          [
            4.893332,
            52.372864
          ],
          [
            4.893355,
            52.372852
          ],
          [
            4.893373,
            52.372837
          ],
          [
            4.893389,
            52.372814
          ],
          [
            4.893403,
            52.372795
          ],
          [
            4.893415,
            52.372776
          ],
          [
            4.893428,
            52.372757
          ],
          [
            4.893441,
            52.372745
          ],
          [
            4.893441,
            52.372745
          ],
          [
            4.893477,
            52.372711
          ],
          [
            4.89348,
            52.3727
          ],
          [
            4.89348,
            52.3727
          ],
          [
            4.89345,
            52.372696
          ],
          [
            4.893436,
            52.3727
          ],
          [
            4.89343,
            52.3727
          ],
          [
            4.893423,
            52.372707
          ],
          [
            4.89341,
            52.37273
          ],
          [
            4.893407,
            52.372749
          ],
          [
            4.893407,
            52.372768
          ],
          [
            4.893407,
            52.372768
          ],
          [
            4.893407,
            52.372768
          ],
          [
            4.893303,
            52.372818
          ],
          [
            4.893299,
            52.372814
          ],
          [
            4.893297,
            52.37281
          ],
          [
            4.893293,
            52.372807
          ],
          [
            4.893286,
            52.372803
          ],
          [
            4.893274,
            52.372791
          ],
          [
            4.893262,
            52.372776
          ],
          [
            4.89325,
            52.372757
          ],
          [
            4.893235,
            52.372745
          ],
          [
            4.893175,
            52.372723
          ],
          [
            4.893145,
            52.372715
          ],
          [
            4.893104,
            52.372704
          ],
          [
            4.893063,
            52.372692
          ],
          [
            4.89301,
            52.372673
          ],
          [
            4.892969,
            52.37265
          ],
          [
            4.892933,
            52.372627
          ],
          [
            4.892902,
            52.372597
          ],
          [
            4.892876,
            52.372574
          ],
          [
            4.892857,
            52.372536
          ],
          [
            4.89284,
            52.372478
          ],
          [
            4.892831,
            52.372433
          ],
          [
            4.892823,
            52.372387
          ],
          [
            4.892816,
            52.372326
          ],
          [
            4.892807,
            52.372265
          ],
          [
            4.892798,
            52.372196
          ],
          [
            4.892789,
            52.372143
          ],
          [
            4.892784,
            52.372078
          ],
          [
            4.892775,
            52.372017
          ],
          [
            4.892768,
            52.371956
          ],
          [
            4.89276,
            52.371899
          ],
          [
            4.89275,
            52.37183
          ],
          [
            4.892741,
            52.371769
          ],
          [
            4.892733,
            52.371708
          ],
          [
            4.892719,
            52.371647
          ],
          [
            4.892707,
            52.371582
          ],
          [
            4.892691,
            52.371529
          ],
          [
            4.892673,
            52.371414
          ],
          [
            4.892653,
            52.371349
          ],
          [
            4.89264,
            52.371284
          ],
          [
            4.892622,
            52.371223
          ],
          [
            4.892607,
            52.371151
          ],
          [
            4.892591,
            52.371079
          ],
          [
            4.892572,
            52.37101
          ],
          [
            4.892553,
            52.37093
          ],
          [
            4.892534,
            52.370777
          ],
          [
            4.892528,
            52.370705
          ],
          [
            4.89252,
            52.37064
          ],
          [
            4.892515,
            52.370575
          ],
          [
            4.892503,
            52.370522
          ],
          [
            4.892488,
            52.370457
          ],
          [
            4.89247,
            52.370396
          ],
          [
            4.892454,
            52.370327
          ],
          [
            4.892432,
            52.37027
          ],
          [
            4.892411,
            52.370213
          ],
          [
            4.892389,
            52.370159
          ],
          [
            4.89236,
            52.370098
          ],
          [
            4.892331,
            52.370033
          ],
          [
            4.892301,
            52.369972
          ],
          [
            4.892276,
            52.369915
          ],
          [
            4.892248,
            52.369854
          ],
          [
            4.892223,
            52.369797
          ],
          [
            4.892203,
            52.369743
          ],
          [
            4.892183,
            52.369686
          ],
          [
            4.892161,
            52.369637
          ],
          [
            4.892141,
            52.369575
          ],
          [
            4.892118,
            52.369511
          ],
          [
            4.892096,
            52.369453
          ],
          [
            4.892075,
            52.369396
          ],
          [
            4.892054,
            52.369339
          ],
          [
            4.892036,
            52.369286
          ],
          [
            4.892025,
            52.369232
          ],
          [
            4.892009,
            52.369179
          ],
          [
            4.892002,
            52.369122
          ],
          [
            4.891995,
            52.369057
          ],
          [
            4.891999,
            52.369003
          ],
          [
            4.892006,
            52.36895
          ],
          [
            4.892022,
            52.368893
          ],
          [
            4.892041,
            52.368835
          ],
          [
            4.892069,
            52.368782
          ],
          [
            4.892101,
            52.368721
          ],
          [
            4.892136,
            52.368664
          ],
          [
            4.892172,
            52.368603
          ],
          [
            4.892209,
            52.368549
          ],
          [
            4.892244,
            52.368492
          ],
          [
            4.892284,
            52.368443
          ],
          [
            4.89233,
            52.368385
          ],
          [
            4.892379,
            52.368328
          ],
          [
            4.892428,
            52.368279
          ],
          [
            4.892479,
            52.368229
          ],
          [
            4.892535,
            52.368183
          ],
          [
            4.892594,
            52.368134
          ],
          [
            4.89265,
            52.368088
          ],
          [
            4.892714,
            52.368038
          ],
          [
            4.892775,
            52.367985
          ],
          [
            4.892834,
            52.367939
          ],
          [
            4.892894,
            52.367889
          ],
          [
            4.892952,
            52.367844
          ],
          [
            4.893009,
            52.367798
          ],
          [
            4.893063,
            52.367756
          ],
          [
            4.893116,
            52.36771
          ],
          [
            4.893167,
            52.367672
          ],
          [
            4.893216,
            52.36763
          ],
          [
            4.893262,
            52.367592
          ],
          [
            4.893305,
            52.36755
          ],
          [
            4.893342,
            52.367508
          ],
          [
            4.893383,
            52.367462
          ],
          [
            4.893407,
            52.36742
          ],
          [
            4.893428,
            52.367378
          ],
          [
            4.893445,
            52.367321
          ],
          [
            4.893454,
            52.367279
          ],
          [
            4.893458,
            52.367229
          ],
          [
            4.893455,
            52.367172
          ],
          [
            4.893449,
            52.367126
          ],
          [
            4.893436,
            52.367073
          ],
          [
            4.893419,
            52.367031
          ],
          [
            4.893393,
            52.366974
          ],
          [
            4.893359,
            52.366924
          ],
          [
            4.893324,
            52.366871
          ],
          [
            4.893285,
            52.366821
          ],
          [
            4.89325,
            52.366764
          ],
          [
            4.893219,
            52.366707
          ],
          [
            4.893178,
            52.366596
          ],
          [
            4.893163,
            52.366547
          ],
          [
            4.893158,
            52.366501
          ],
          [
            4.893149,
            52.366447
          ],
          [
            4.893147,
            52.366406
          ],
          [
            4.893141,
            52.366371
          ],
          [
            4.893135,
            52.366337
          ],
          [
            4.893126,
            52.366302
          ],
          [
            4.89311,
            52.366245
          ],
          [
            4.893106,
            52.366215
          ],
          [
            4.893096,
            52.366188
          ],
          [
            4.893091,
            52.366161
          ],
          [
            4.893082,
            52.366135
          ],
          [
            4.893071,
            52.366104
          ],
          [
            4.893059,
            52.36607
          ],
          [
            4.893045,
            52.366032
          ],
          [
            4.89303,
            52.36599
          ],
          [
            4.893015,
            52.365952
          ],
          [
            4.892997,
            52.365906
          ],
          [
            4.892982,
            52.365864
          ],
          [
            4.892973,
            52.36581
          ],
          [
            4.892951,
            52.365753
          ],
          [
            4.892939,
            52.365692
          ],
          [
            4.892925,
            52.365639
          ],
          [
            4.892909,
            52.365581
          ],
          [
            4.89289,
            52.36552
          ],
          [
            4.892863,
            52.365459
          ],
          [
            4.892843,
            52.36541
          ],
          [
            4.892819,
            52.36536
          ],
          [
            4.892798,
            52.365307
          ],
          [
            4.89278,
            52.365269
          ],
          [
            4.892761,
            52.365223
          ],
          [
            4.892745,
            52.365181
          ],
          [
            4.892731,
            52.365135
          ],
          [
            4.892718,
            52.365093
          ],
          [
            4.892704,
            52.365047
          ],
          [
            4.892699,
            52.365005
          ],
          [
            4.892687,
            52.364952
          ],
          [
            4.892668,
            52.364895
          ],
          [
            4.892655,
            52.364834
          ],
          [
            4.892639,
            52.364773
          ],
          [
            4.89262,
            52.364716
          ],
          [
            4.8926,
            52.364651
          ],
          [
            4.892581,
            52.364594
          ],
          [
            4.892557,
            52.364521
          ],
          [
            4.892531,
            52.364452
          ],
          [
            4.892514,
            52.364399
          ],
          [
            4.892491,
            52.364338
          ],
          [
            4.892471,
            52.364288
          ],
          [
            4.892447,
            52.364223
          ],
          [
            4.892421,
            52.364159
          ],
          [
            4.892396,
            52.364098
          ],
          [
            4.892371,
            52.36404
          ],
          [
            4.892347,
            52.363983
          ],
          [
            4.892323,
            52.363926
          ],
          [
            4.8923,
            52.363865
          ],
          [
            4.89228,
            52.363811
          ],
          [
            4.892257,
            52.363747
          ],
          [
            4.892238,
            52.363682
          ],
          [
            4.89222,
            52.363625
          ],
          [
            4.892201,
            52.363567
          ],
          [
            4.892186,
            52.363514
          ],
          [
            4.892169,
            52.363445
          ],
          [
            4.892147,
            52.363384
          ],
          [
            4.892129,
            52.363316
          ],
          [
            4.892108,
            52.363251
          ],
          [
            4.892086,
            52.363178
          ],
          [
            4.892065,
            52.363117
          ],
          [
            4.89204,
            52.363049
          ],
          [
            4.892018,
            52.362984
          ],
          [
            4.891995,
            52.362923
          ],
          [
            4.891971,
            52.362862
          ],
          [
            4.891949,
            52.362812
          ],
          [
            4.891934,
            52.362762
          ],
          [
            4.891911,
            52.362701
          ],
          [
            4.891886,
            52.362637
          ],
          [
            4.891866,
            52.362579
          ],
          [
            4.89185,
            52.36253
          ],
          [
            4.891831,
            52.362476
          ],
          [
            4.891811,
            52.362419
          ],
          [
            4.891783,
            52.362362
          ],
          [
            4.891761,
            52.362309
          ],
          [
            4.891737,
            52.362251
          ],
          [
            4.891715,
            52.362202
          ],
          [
            4.891696,
            52.362152
          ],
          [
            4.891679,
            52.362099
          ],
          [
            4.89166,
            52.362041
          ],
          [
            4.891637,
            52.361977
          ],
          [
            4.891616,
            52.361912
          ],
          [
            4.891596,
            52.361851
          ],
          [
            4.891572,
            52.361782
          ],
          [
            4.891549,
            52.361717
          ],
          [
            4.891527,
            52.361645
          ],
          [
            4.891503,
            52.36158
          ],
          [
            4.891484,
            52.361523
          ],
          [
            4.89146,
            52.361458
          ],
          [
            4.891438,
            52.361393
          ],
          [
            4.891414,
            52.361332
          ],
          [
            4.891393,
            52.361271
          ],
          [
            4.891373,
            52.361218
          ],
          [
            4.891352,
            52.361156
          ],
          [
            4.89133,
            52.361095
          ],
          [
            4.891311,
            52.361034
          ],
          [
            4.89129,
            52.360973
          ],
          [
            4.891271,
            52.360916
          ],
          [
            4.891248,
            52.360855
          ],
          [
            4.891227,
            52.360794
          ],
          [
            4.891206,
            52.360733
          ],
          [
            4.891184,
            52.360672
          ],
          [
            4.891164,
            52.360615
          ],
          [
            4.891142,
            52.360554
          ],
          [
            4.891114,
            52.360493
          ],
          [
            4.891082,
            52.360428
          ],
          [
            4.891046,
            52.360367
          ],
          [
            4.891016,
            52.360313
          ],
          [
            4.890982,
            52.360256
          ],
          [
            4.890954,
            52.360199
          ],
          [
            4.890934,
            52.360142
          ],
          [
            4.890915,
            52.360085
          ],
          [
            4.890901,
            52.360027
          ],
          [
            4.89089,
            52.359966
          ],
          [
            4.890881,
            52.359913
          ],
          [
            4.890867,
            52.359867
          ],
          [
            4.890844,
            52.359818
          ],
          [
            4.890804,
            52.359764
          ],
          [
            4.890759,
            52.359726
          ],
          [
            4.890713,
            52.359707
          ],
          [
            4.890623,
            52.359692
          ],
          [
            4.890547,
            52.359688
          ],
          [
            4.890479,
            52.359692
          ],
          [
            4.890373,
            52.359703
          ],
          [
            4.890275,
            52.359714
          ],
          [
            4.890189,
            52.359726
          ],
          [
            4.890117,
            52.359737
          ],
          [
            4.889984,
            52.359756
          ],
          [
            4.889883,
            52.359776
          ],
          [
            4.889797,
            52.359798
          ],
          [
            4.889704,
            52.359825
          ],
          [
            4.889626,
            52.359852
          ],
          [
            4.889526,
            52.359886
          ],
          [
            4.889441,
            52.359921
          ],
          [
            4.889363,
            52.359955
          ],
          [
            4.88928,
            52.359997
          ],
          [
            4.889198,
            52.360035
          ],
          [
            4.889115,
            52.360073
          ],
          [
            4.889038,
            52.360115
          ],
          [
            4.888883,
            52.360195
          ],
          [
            4.888802,
            52.360233
          ],
          [
            4.888694,
            52.360287
          ],
          [
            4.888591,
            52.36034
          ],
          [
            4.888497,
            52.36039
          ],
          [
            4.88841,
            52.360439
          ],
          [
            4.888326,
            52.360474
          ],
          [
            4.888249,
            52.360512
          ],
          [
            4.888171,
            52.360542
          ],
          [
            4.888083,
            52.360577
          ],
          [
            4.888002,
            52.360615
          ],
          [
            4.887921,
            52.360657
          ],
          [
            4.887844,
            52.360695
          ],
          [
            4.887762,
            52.360737
          ],
          [
            4.887666,
            52.360764
          ],
          [
            4.887588,
            52.360802
          ],
          [
            4.887513,
            52.360836
          ],
          [
            4.887432,
            52.360878
          ],
          [
            4.887347,
            52.360908
          ],
          [
            4.887264,
            52.360947
          ],
          [
            4.887185,
            52.360981
          ],
          [
            4.887107,
            52.361019
          ],
          [
            4.887076,
            52.361034
          ],
          [
            4.886956,
            52.361095
          ],
          [
            4.886889,
            52.36113
          ],
          [
            4.886827,
            52.361164
          ],
          [
            4.886776,
            52.361198
          ],
          [
            4.886715,
            52.361229
          ],
          [
            4.886656,
            52.361229
          ],
          [
            4.886603,
            52.361214
          ],
          [
            4.886597,
            52.361206
          ],
          [
            4.886569,
            52.361168
          ],
          [
            4.886535,
            52.361088
          ],
          [
            4.886523,
            52.361042
          ],
          [
            4.886499,
            52.360989
          ],
          [
            4.886457,
            52.360939
          ],
          [
            4.886397,
            52.360893
          ],
          [
            4.886343,
            52.360855
          ],
          [
            4.886297,
            52.360813
          ],
          [
            4.886246,
            52.360771
          ],
          [
            4.886205,
            52.360737
          ],
          [
            4.886168,
            52.36071
          ],
          [
            4.886145,
            52.360683
          ],
          [
            4.886116,
            52.360672
          ],
          [
            4.886091,
            52.360661
          ],
          [
            4.886063,
            52.360657
          ],
          [
            4.886052,
            52.360661
          ],
          [
            4.885932,
            52.360691
          ],
          [
            4.885865,
            52.360718
          ],
          [
            4.885806,
            52.360752
          ],
          [
            4.885746,
            52.360786
          ],
          [
            4.885674,
            52.360825
          ],
          [
            4.885599,
            52.360859
          ],
          [
            4.88552,
            52.360897
          ],
          [
            4.885446,
            52.360931
          ],
          [
            4.88537,
            52.360973
          ],
          [
            4.885291,
            52.361015
          ],
          [
            4.885212,
            52.361053
          ],
          [
            4.885129,
            52.361092
          ],
          [
            4.885047,
            52.361126
          ],
          [
            4.884966,
            52.36116
          ],
          [
            4.884886,
            52.361195
          ],
          [
            4.88481,
            52.361225
          ],
          [
            4.88475,
            52.361252
          ],
          [
            4.884694,
            52.361259
          ],
          [
            4.884634,
            52.361263
          ],
          [
            4.884574,
            52.361267
          ],
          [
            4.884508,
            52.361263
          ],
          [
            4.884468,
            52.361256
          ],
          [
            4.884369,
            52.36124
          ],
          [
            4.884293,
            52.361225
          ],
          [
            4.884218,
            52.36121
          ],
          [
            4.884136,
            52.361191
          ],
          [
            4.884048,
            52.361168
          ],
          [
            4.883961,
            52.361145
          ],
          [
            4.883885,
            52.361122
          ],
          [
            4.883813,
            52.361099
          ],
          [
            4.883772,
            52.361088
          ],
          [
            4.883642,
            52.36105
          ],
          [
            4.883543,
            52.361023
          ],
          [
            4.883452,
            52.361
          ],
          [
            4.883364,
            52.360977
          ],
          [
            4.883274,
            52.360954
          ],
          [
            4.883194,
            52.360931
          ],
          [
            4.88312,
            52.360912
          ],
          [
            4.883047,
            52.360897
          ],
          [
            4.882997,
            52.360878
          ],
          [
            4.882946,
            52.36087
          ],
          [
            4.882903,
            52.360867
          ],
          [
            4.88287,
            52.360863
          ],
          [
            4.882843,
            52.36087
          ],
          [
            4.882823,
            52.360882
          ],
          [
            4.882806,
            52.360901
          ],
          [
            4.882785,
            52.360939
          ],
          [
            4.882771,
            52.360981
          ],
          [
            4.882745,
            52.361023
          ],
          [
            4.882725,
            52.361065
          ],
          [
            4.882697,
            52.361115
          ],
          [
            4.882671,
            52.361153
          ],
          [
            4.882636,
            52.361206
          ],
          [
            4.8826,
            52.361263
          ],
          [
            4.882572,
            52.361309
          ],
          [
            4.882545,
            52.361347
          ],
          [
            4.882518,
            52.361389
          ],
          [
            4.882496,
            52.36142
          ],
          [
            4.882474,
            52.361454
          ],
          [
            4.882459,
            52.361473
          ],
          [
            4.882442,
            52.3615
          ],
          [
            4.882423,
            52.361519
          ],
          [
            4.8824,
            52.361542
          ],
          [
            4.882361,
            52.361561
          ],
          [
            4.882318,
            52.361568
          ],
          [
            4.882273,
            52.361572
          ],
          [
            4.882233,
            52.361576
          ],
          [
            4.882176,
            52.361576
          ],
          [
            4.882127,
            52.361584
          ],
          [
            4.882073,
            52.361599
          ],
          [
            4.882018,
            52.36161
          ],
          [
            4.881959,
            52.361626
          ],
          [
            4.881901,
            52.361645
          ],
          [
            4.881846,
            52.36166
          ],
          [
            4.881803,
            52.361675
          ],
          [
            4.881758,
            52.361691
          ],
          [
            4.881726,
            52.361698
          ],
          [
            4.881692,
            52.361698
          ],
          [
            4.881652,
            52.361683
          ],
          [
            4.881609,
            52.36166
          ],
          [
            4.881555,
            52.361633
          ],
          [
            4.881514,
            52.361614
          ],
          [
            4.881432,
            52.36158
          ],
          [
            4.881323,
            52.361538
          ],
          [
            4.88123,
            52.361507
          ],
          [
            4.881131,
            52.361481
          ],
          [
            4.881034,
            52.361454
          ],
          [
            4.880955,
            52.361431
          ],
          [
            4.880848,
            52.361397
          ],
          [
            4.880753,
            52.36137
          ],
          [
            4.880663,
            52.36134
          ],
          [
            4.880579,
            52.361313
          ],
          [
            4.880395,
            52.361252
          ],
          [
            4.880309,
            52.361221
          ],
          [
            4.880224,
            52.361191
          ],
          [
            4.880139,
            52.36116
          ],
          [
            4.88006,
            52.36113
          ],
          [
            4.879967,
            52.361095
          ],
          [
            4.879878,
            52.361065
          ],
          [
            4.87979,
            52.361034
          ],
          [
            4.879704,
            52.361
          ],
          [
            4.879625,
            52.360973
          ],
          [
            4.879527,
            52.360939
          ],
          [
            4.879435,
            52.360908
          ],
          [
            4.879342,
            52.360882
          ],
          [
            4.879253,
            52.360859
          ],
          [
            4.879191,
            52.360844
          ],
          [
            4.87906,
            52.360821
          ],
          [
            4.878957,
            52.360802
          ],
          [
            4.878865,
            52.360786
          ],
          [
            4.878764,
            52.360771
          ],
          [
            4.878719,
            52.360764
          ],
          [
            4.87857,
            52.360741
          ],
          [
            4.878461,
            52.360722
          ],
          [
            4.878365,
            52.360706
          ],
          [
            4.878262,
            52.360691
          ],
          [
            4.878207,
            52.360687
          ],
          [
            4.878067,
            52.360672
          ],
          [
            4.877964,
            52.360664
          ],
          [
            4.877969,
            52.360664
          ],
          [
            4.877927,
            52.360661
          ],
          [
            4.877914,
            52.360657
          ],
          [
            4.877771,
            52.360653
          ],
          [
            4.877652,
            52.360649
          ],
          [
            4.8774,
            52.360626
          ],
          [
            4.87727,
            52.360607
          ],
          [
            4.877208,
            52.360596
          ],
          [
            4.877067,
            52.360569
          ],
          [
            4.876966,
            52.36055
          ],
          [
            4.876886,
            52.360531
          ],
          [
            4.876817,
            52.360516
          ],
          [
            4.876773,
            52.360508
          ],
          [
            4.876614,
            52.360466
          ],
          [
            4.876498,
            52.360436
          ],
          [
            4.876395,
            52.360405
          ],
          [
            4.876336,
            52.360394
          ],
          [
            4.87618,
            52.360355
          ],
          [
            4.876073,
            52.360329
          ],
          [
            4.875973,
            52.360294
          ],
          [
            4.875892,
            52.360264
          ],
          [
            4.875813,
            52.360226
          ],
          [
            4.875746,
            52.36018
          ],
          [
            4.87569,
            52.360126
          ],
          [
            4.875634,
            52.360077
          ],
          [
            4.875576,
            52.360027
          ],
          [
            4.875518,
            52.359974
          ],
          [
            4.875455,
            52.359917
          ],
          [
            4.875398,
            52.359863
          ],
          [
            4.875335,
            52.359814
          ],
          [
            4.875276,
            52.359768
          ],
          [
            4.875212,
            52.35973
          ],
          [
            4.875142,
            52.359695
          ],
          [
            4.875076,
            52.359661
          ],
          [
            4.875014,
            52.359627
          ],
          [
            4.874953,
            52.359592
          ],
          [
            4.874892,
            52.359554
          ],
          [
            4.874844,
            52.359505
          ],
          [
            4.874805,
            52.359451
          ],
          [
            4.874771,
            52.35939
          ],
          [
            4.874737,
            52.359329
          ],
          [
            4.874716,
            52.359268
          ],
          [
            4.874694,
            52.359207
          ],
          [
            4.874667,
            52.35915
          ],
          [
            4.874639,
            52.359085
          ],
          [
            4.874603,
            52.359028
          ],
          [
            4.874563,
            52.358971
          ],
          [
            4.874514,
            52.358921
          ],
          [
            4.874458,
            52.358868
          ],
          [
            4.874397,
            52.358814
          ],
          [
            4.874334,
            52.358761
          ],
          [
            4.874272,
            52.358711
          ],
          [
            4.87421,
            52.358665
          ],
          [
            4.874144,
            52.358612
          ],
          [
            4.874071,
            52.358566
          ],
          [
            4.873995,
            52.358528
          ],
          [
            4.873919,
            52.35849
          ],
          [
            4.873833,
            52.358452
          ],
          [
            4.873747,
            52.358417
          ],
          [
            4.873656,
            52.358383
          ],
          [
            4.873573,
            52.358353
          ],
          [
            4.873484,
            52.358326
          ],
          [
            4.873393,
            52.358295
          ],
          [
            4.873314,
            52.358273
          ],
          [
            4.873205,
            52.358246
          ],
          [
            4.873135,
            52.358227
          ],
          [
            4.873058,
            52.358208
          ],
          [
            4.872975,
            52.358189
          ],
          [
            4.872911,
            52.358181
          ],
          [
            4.872803,
            52.358166
          ],
          [
            4.872715,
            52.358151
          ],
          [
            4.872619,
            52.358135
          ],
          [
            4.872522,
            52.358124
          ],
          [
            4.872446,
            52.358112
          ],
          [
            4.872335,
            52.358097
          ],
          [
            4.872245,
            52.358082
          ],
          [
            4.872148,
            52.358063
          ],
          [
            4.872048,
            52.358047
          ],
          [
            4.871966,
            52.358032
          ],
          [
            4.871842,
            52.358013
          ],
          [
            4.871735,
            52.35799
          ],
          [
            4.871628,
            52.357964
          ],
          [
            4.871529,
            52.357929
          ],
          [
            4.871438,
            52.357891
          ],
          [
            4.871351,
            52.357849
          ],
          [
            4.871271,
            52.357815
          ],
          [
            4.871097,
            52.357735
          ],
          [
            4.871007,
            52.3577
          ],
          [
            4.870937,
            52.35767
          ],
          [
            4.87087,
            52.357643
          ],
          [
            4.870791,
            52.357616
          ],
          [
            4.870709,
            52.35759
          ],
          [
            4.870635,
            52.357571
          ],
          [
            4.870534,
            52.357548
          ],
          [
            4.870441,
            52.357529
          ],
          [
            4.870353,
            52.357513
          ],
          [
            4.870254,
            52.357498
          ],
          [
            4.870197,
            52.357491
          ],
          [
            4.870067,
            52.357479
          ],
          [
            4.869957,
            52.357471
          ],
          [
            4.86986,
            52.357471
          ],
          [
            4.869759,
            52.357471
          ],
          [
            4.869683,
            52.357471
          ],
          [
            4.869549,
            52.357475
          ],
          [
            4.869432,
            52.357468
          ],
          [
            4.869322,
            52.357452
          ],
          [
            4.869225,
            52.357429
          ],
          [
            4.869125,
            52.357399
          ],
          [
            4.869035,
            52.357361
          ],
          [
            4.868953,
            52.357326
          ],
          [
            4.86887,
            52.357285
          ],
          [
            4.868788,
            52.357246
          ],
          [
            4.868701,
            52.357204
          ],
          [
            4.868597,
            52.357162
          ],
          [
            4.868517,
            52.357124
          ],
          [
            4.868433,
            52.357086
          ],
          [
            4.868351,
            52.357052
          ],
          [
            4.868269,
            52.357014
          ],
          [
            4.868187,
            52.356979
          ],
          [
            4.868106,
            52.356949
          ],
          [
            4.868018,
            52.356915
          ],
          [
            4.867931,
            52.356884
          ],
          [
            4.867845,
            52.356857
          ],
          [
            4.867757,
            52.356827
          ],
          [
            4.867671,
            52.3568
          ],
          [
            4.867581,
            52.35677
          ],
          [
            4.86749,
            52.356739
          ],
          [
            4.867402,
            52.356708
          ],
          [
            4.867311,
            52.356678
          ],
          [
            4.867222,
            52.356655
          ],
          [
            4.867129,
            52.356628
          ],
          [
            4.867035,
            52.356598
          ],
          [
            4.866945,
            52.356571
          ],
          [
            4.866855,
            52.356541
          ],
          [
            4.866767,
            52.356518
          ],
          [
            4.866673,
            52.356491
          ],
          [
            4.866582,
            52.356461
          ],
          [
            4.866492,
            52.356434
          ],
          [
            4.866398,
            52.356411
          ],
          [
            4.866308,
            52.356392
          ],
          [
            4.866208,
            52.356373
          ],
          [
            4.866108,
            52.356358
          ],
          [
            4.866032,
            52.356346
          ],
          [
            4.865979,
            52.356339
          ],
          [
            4.865876,
            52.356323
          ],
          [
            4.865748,
            52.356304
          ],
          [
            4.865623,
            52.356285
          ],
          [
            4.865533,
            52.356274
          ],
          [
            4.865414,
            52.356255
          ],
          [
            4.865318,
            52.356239
          ],
          [
            4.865216,
            52.356232
          ],
          [
            4.865114,
            52.35622
          ],
          [
            4.865039,
            52.356216
          ],
          [
            4.864913,
            52.356205
          ],
          [
            4.864816,
            52.356197
          ],
          [
            4.864712,
            52.35619
          ],
          [
            4.864611,
            52.356186
          ],
          [
            4.864538,
            52.356182
          ],
          [
            4.864408,
            52.356178
          ],
          [
            4.864311,
            52.356178
          ],
          [
            4.86421,
            52.356174
          ],
          [
            4.864108,
            52.356174
          ],
          [
            4.864035,
            52.356171
          ],
          [
            4.863905,
            52.356167
          ],
          [
            4.863808,
            52.356163
          ],
          [
            4.863706,
            52.356159
          ],
          [
            4.863603,
            52.356152
          ],
          [
            4.863527,
            52.356148
          ],
          [
            4.863399,
            52.356144
          ],
          [
            4.863296,
            52.356136
          ],
          [
            4.863199,
            52.356129
          ],
          [
            4.863095,
            52.356117
          ],
          [
            4.863008,
            52.356113
          ],
          [
            4.862895,
            52.356106
          ],
          [
            4.862799,
            52.356094
          ],
          [
            4.862713,
            52.356083
          ],
          [
            4.862635,
            52.356075
          ],
          [
            4.862566,
            52.356068
          ],
          [
            4.862469,
            52.356056
          ],
          [
            4.862381,
            52.356045
          ],
          [
            4.862293,
            52.356033
          ],
          [
            4.862207,
            52.356022
          ],
          [
            4.862124,
            52.35601
          ],
          [
            4.862019,
            52.355995
          ],
          [
            4.861926,
            52.35598
          ],
          [
            4.861833,
            52.355961
          ],
          [
            4.861745,
            52.355942
          ],
          [
            4.861562,
            52.355904
          ],
          [
            4.861452,
            52.355877
          ],
          [
            4.861338,
            52.355846
          ],
          [
            4.86123,
            52.355816
          ],
          [
            4.861153,
            52.355793
          ],
          [
            4.861014,
            52.355755
          ],
          [
            4.860915,
            52.355724
          ],
          [
            4.860816,
            52.355694
          ],
          [
            4.860723,
            52.355667
          ],
          [
            4.860632,
            52.35564
          ],
          [
            4.860546,
            52.35561
          ],
          [
            4.860363,
            52.355549
          ],
          [
            4.860272,
            52.355522
          ],
          [
            4.860182,
            52.355492
          ],
          [
            4.860098,
            52.355465
          ],
          [
            4.859999,
            52.355434
          ],
          [
            4.859909,
            52.355404
          ],
          [
            4.859819,
            52.355377
          ],
          [
            4.859748,
            52.355358
          ],
          [
            4.85963,
            52.355335
          ],
          [
            4.859537,
            52.355312
          ],
          [
            4.859442,
            52.355289
          ],
          [
            4.859348,
            52.35527
          ],
          [
            4.859268,
            52.355251
          ],
          [
            4.859156,
            52.355232
          ],
          [
            4.859061,
            52.355209
          ],
          [
            4.858959,
            52.355194
          ],
          [
            4.85886,
            52.355175
          ],
          [
            4.858795,
            52.355164
          ],
          [
            4.858659,
            52.355145
          ],
          [
            4.858561,
            52.355133
          ],
          [
            4.858458,
            52.355125
          ],
          [
            4.858357,
            52.355118
          ],
          [
            4.858254,
            52.35511
          ],
          [
            4.858187,
            52.35511
          ],
          [
            4.858041,
            52.35511
          ],
          [
            4.857835,
            52.355114
          ],
          [
            4.857735,
            52.355125
          ],
          [
            4.857536,
            52.355141
          ],
          [
            4.857433,
            52.355148
          ],
          [
            4.85733,
            52.355156
          ],
          [
            4.857228,
            52.355156
          ],
          [
            4.857161,
            52.355152
          ],
          [
            4.857026,
            52.355148
          ],
          [
            4.856924,
            52.355141
          ],
          [
            4.856825,
            52.355133
          ],
          [
            4.85675,
            52.355122
          ],
          [
            4.856627,
            52.355106
          ],
          [
            4.856534,
            52.355091
          ],
          [
            4.856437,
            52.355076
          ],
          [
            4.85634,
            52.355061
          ],
          [
            4.856248,
            52.355049
          ],
          [
            4.856156,
            52.355034
          ],
          [
            4.85607,
            52.355011
          ],
          [
            4.855993,
            52.354996
          ],
          [
            4.855924,
            52.35498
          ],
          [
            4.855861,
            52.354973
          ],
          [
            4.855816,
            52.354954
          ],
          [
            4.855774,
            52.354942
          ],
          [
            4.855742,
            52.354935
          ],
          [
            4.855709,
            52.354923
          ],
          [
            4.855668,
            52.354916
          ],
          [
            4.855625,
            52.354908
          ],
          [
            4.855574,
            52.3549
          ],
          [
            4.855519,
            52.354885
          ],
          [
            4.85546,
            52.35487
          ],
          [
            4.855394,
            52.354851
          ],
          [
            4.855329,
            52.354836
          ],
          [
            4.855262,
            52.354816
          ],
          [
            4.855187,
            52.354797
          ],
          [
            4.855113,
            52.354782
          ],
          [
            4.855028,
            52.354767
          ],
          [
            4.854941,
            52.354759
          ],
          [
            4.854854,
            52.354748
          ],
          [
            4.85477,
            52.354744
          ],
          [
            4.854732,
            52.354744
          ],
          [
            4.854583,
            52.354733
          ],
          [
            4.854478,
            52.354729
          ],
          [
            4.854382,
            52.354721
          ],
          [
            4.854282,
            52.354725
          ],
          [
            4.854202,
            52.354725
          ],
          [
            4.854097,
            52.354733
          ],
          [
            4.853999,
            52.354744
          ],
          [
            4.853913,
            52.354752
          ],
          [
            4.853832,
            52.354759
          ],
          [
            4.853753,
            52.354763
          ],
          [
            4.853683,
            52.354767
          ],
          [
            4.853604,
            52.354774
          ],
          [
            4.85353,
            52.354782
          ],
          [
            4.853455,
            52.35479
          ],
          [
            4.853384,
            52.354797
          ],
          [
            4.853313,
            52.354805
          ],
          [
            4.853249,
            52.354809
          ],
          [
            4.853133,
            52.354816
          ],
          [
            4.853081,
            52.35482
          ],
          [
            4.852911,
            52.354828
          ],
          [
            4.852869,
            52.354832
          ],
          [
            4.852702,
            52.354839
          ],
          [
            4.852587,
            52.354847
          ],
          [
            4.852488,
            52.354847
          ],
          [
            4.852385,
            52.354855
          ],
          [
            4.852316,
            52.354858
          ],
          [
            4.852082,
            52.354862
          ],
          [
            4.851886,
            52.35487
          ],
          [
            4.851792,
            52.354881
          ],
          [
            4.851698,
            52.3549
          ],
          [
            4.851607,
            52.354919
          ],
          [
            4.851512,
            52.354935
          ],
          [
            4.851415,
            52.354946
          ],
          [
            4.851346,
            52.35495
          ],
          [
            4.851223,
            52.354954
          ],
          [
            4.851118,
            52.354954
          ],
          [
            4.851016,
            52.354954
          ],
          [
            4.850917,
            52.354954
          ],
          [
            4.850861,
            52.354954
          ],
          [
            4.850729,
            52.354954
          ],
          [
            4.850622,
            52.35495
          ],
          [
            4.85052,
            52.35495
          ],
          [
            4.850449,
            52.354954
          ],
          [
            4.850323,
            52.354958
          ],
          [
            4.850219,
            52.354958
          ],
          [
            4.850124,
            52.354958
          ],
          [
            4.850021,
            52.354954
          ],
          [
            4.849965,
            52.354954
          ],
          [
            4.849822,
            52.35495
          ],
          [
            4.849715,
            52.354946
          ],
          [
            4.849619,
            52.354946
          ],
          [
            4.849516,
            52.354946
          ],
          [
            4.849425,
            52.35495
          ],
          [
            4.849317,
            52.354958
          ],
          [
            4.849219,
            52.354961
          ],
          [
            4.849122,
            52.354965
          ],
          [
            4.849028,
            52.354965
          ],
          [
            4.848962,
            52.354965
          ],
          [
            4.848828,
            52.354965
          ],
          [
            4.848719,
            52.354965
          ],
          [
            4.848618,
            52.354965
          ],
          [
            4.848516,
            52.354965
          ],
          [
            4.848464,
            52.354961
          ],
          [
            4.848329,
            52.354958
          ],
          [
            4.848228,
            52.354958
          ],
          [
            4.848135,
            52.354958
          ],
          [
            4.848088,
            52.354958
          ],
          [
            4.847962,
            52.354954
          ],
          [
            4.847877,
            52.35495
          ],
          [
            4.847837,
            52.35495
          ],
          [
            4.847705,
            52.354938
          ],
          [
            4.847609,
            52.354931
          ],
          [
            4.847559,
            52.354927
          ],
          [
            4.847423,
            52.354923
          ],
          [
            4.847316,
            52.354919
          ],
          [
            4.847221,
            52.354916
          ],
          [
            4.847117,
            52.354916
          ],
          [
            4.847032,
            52.354919
          ],
          [
            4.846919,
            52.354923
          ],
          [
            4.846823,
            52.354923
          ],
          [
            4.846726,
            52.354923
          ],
          [
            4.846638,
            52.354916
          ],
          [
            4.84656,
            52.354897
          ],
          [
            4.846501,
            52.354877
          ],
          [
            4.846439,
            52.354855
          ],
          [
            4.846366,
            52.354836
          ],
          [
            4.846295,
            52.354828
          ],
          [
            4.846214,
            52.35482
          ],
          [
            4.84613,
            52.354805
          ],
          [
            4.846062,
            52.354786
          ],
          [
            4.846025,
            52.354755
          ],
          [
            4.845998,
            52.354717
          ],
          [
            4.845984,
            52.354668
          ],
          [
            4.845983,
            52.35461
          ],
          [
            4.845984,
            52.354553
          ],
          [
            4.845991,
            52.354492
          ],
          [
            4.845994,
            52.354439
          ],
          [
            4.845995,
            52.354389
          ],
          [
            4.845994,
            52.354324
          ],
          [
            4.845994,
            52.354263
          ],
          [
            4.84599,
            52.354198
          ],
          [
            4.845993,
            52.354137
          ],
          [
            4.845984,
            52.35408
          ],
          [
            4.845993,
            52.354027
          ],
          [
            4.84599,
            52.353962
          ],
          [
            4.845993,
            52.353897
          ],
          [
            4.845995,
            52.353832
          ],
          [
            4.845995,
            52.353767
          ],
          [
            4.845998,
            52.353706
          ],
          [
            4.845999,
            52.353649
          ],
          [
            4.846003,
            52.35358
          ],
          [
            4.846001,
            52.353519
          ],
          [
            4.846012,
            52.353439
          ],
          [
            4.846014,
            52.353355
          ],
          [
            4.846016,
            52.353279
          ],
          [
            4.846012,
            52.353199
          ],
          [
            4.846009,
            52.353134
          ],
          [
            4.846009,
            52.353073
          ],
          [
            4.846013,
            52.353016
          ],
          [
            4.846011,
            52.352951
          ],
          [
            4.846013,
            52.352894
          ],
          [
            4.846024,
            52.352833
          ],
          [
            4.846031,
            52.352764
          ],
          [
            4.846023,
            52.352699
          ],
          [
            4.846026,
            52.352634
          ],
          [
            4.846015,
            52.352581
          ],
          [
            4.846025,
            52.352516
          ],
          [
            4.846021,
            52.352451
          ],
          [
            4.846034,
            52.352386
          ],
          [
            4.846037,
            52.352322
          ],
          [
            4.846031,
            52.352261
          ],
          [
            4.846031,
            52.352203
          ],
          [
            4.846029,
            52.352135
          ],
          [
            4.846029,
            52.352077
          ],
          [
            4.846023,
            52.352016
          ],
          [
            4.846019,
            52.351963
          ],
          [
            4.84601,
            52.351902
          ],
          [
            4.846009,
            52.351849
          ],
          [
            4.846015,
            52.351791
          ],
          [
            4.846005,
            52.351738
          ],
          [
            4.846031,
            52.3517
          ],
          [
            4.846031,
            52.3517
          ],
          [
            4.845972,
            52.351673
          ],
          [
            4.845969,
            52.351669
          ],
          [
            4.845875,
            52.351669
          ],
          [
            4.845804,
            52.351666
          ],
          [
            4.845735,
            52.351666
          ],
          [
            4.845665,
            52.351666
          ],
          [
            4.845593,
            52.351666
          ],
          [
            4.845513,
            52.351662
          ],
          [
            4.845427,
            52.351662
          ],
          [
            4.845348,
            52.351662
          ],
          [
            4.845248,
            52.351658
          ],
          [
            4.845154,
            52.351662
          ],
          [
            4.845075,
            52.351658
          ],
          [
            4.845009,
            52.351658
          ],
          [
            4.844941,
            52.351658
          ],
          [
            4.844944,
            52.351658
          ],
          [
            4.844814,
            52.351662
          ],
          [
            4.844748,
            52.351662
          ],
          [
            4.844675,
            52.351666
          ],
          [
            4.844546,
            52.351666
          ],
          [
            4.844441,
            52.351669
          ],
          [
            4.844402,
            52.351669
          ],
          [
            4.844253,
            52.351673
          ],
          [
            4.844248,
            52.351669
          ],
          [
            4.844054,
            52.351669
          ],
          [
            4.84401,
            52.351673
          ],
          [
            4.843828,
            52.351673
          ],
          [
            4.843763,
            52.351673
          ],
          [
            4.843597,
            52.351669
          ],
          [
            4.843477,
            52.351669
          ],
          [
            4.843377,
            52.351666
          ],
          [
            4.843348,
            52.351669
          ],
          [
            4.843172,
            52.351669
          ],
          [
            4.843047,
            52.351669
          ],
          [
            4.84293,
            52.351666
          ],
          [
            4.84287,
            52.351666
          ],
          [
            4.842758,
            52.351666
          ],
          [
            4.842624,
            52.351662
          ],
          [
            4.842619,
            52.351662
          ],
          [
            4.842558,
            52.351666
          ],
          [
            4.842337,
            52.351669
          ],
          [
            4.842253,
            52.351673
          ],
          [
            4.842041,
            52.351677
          ],
          [
            4.841976,
            52.351677
          ],
          [
            4.841822,
            52.351677
          ],
          [
            4.841693,
            52.351677
          ],
          [
            4.841584,
            52.351681
          ],
          [
            4.841489,
            52.351681
          ],
          [
            4.841394,
            52.351681
          ],
          [
            4.841311,
            52.351681
          ],
          [
            4.841223,
            52.351681
          ],
          [
            4.841151,
            52.351677
          ],
          [
            4.841092,
            52.351677
          ],
          [
            4.841026,
            52.351673
          ],
          [
            4.840974,
            52.351669
          ],
          [
            4.840883,
            52.351669
          ],
          [
            4.84087,
            52.351669
          ],
          [
            4.84074,
            52.351669
          ],
          [
            4.84064,
            52.351669
          ],
          [
            4.840551,
            52.351669
          ],
          [
            4.840469,
            52.351669
          ],
          [
            4.840413,
            52.351666
          ],
          [
            4.840306,
            52.351666
          ],
          [
            4.840223,
            52.351666
          ],
          [
            4.84012,
            52.351666
          ],
          [
            4.840023,
            52.351662
          ],
          [
            4.839946,
            52.351666
          ],
          [
            4.83986,
            52.351662
          ],
          [
            4.839744,
            52.351658
          ],
          [
            4.83964,
            52.351658
          ],
          [
            4.839583,
            52.351662
          ],
          [
            4.839456,
            52.351662
          ],
          [
            4.839354,
            52.351662
          ],
          [
            4.839249,
            52.351662
          ],
          [
            4.839146,
            52.351662
          ],
          [
            4.839046,
            52.351662
          ],
          [
            4.838944,
            52.351662
          ],
          [
            4.838877,
            52.351662
          ],
          [
            4.838759,
            52.351658
          ],
          [
            4.838651,
            52.351658
          ],
          [
            4.838549,
            52.351654
          ],
          [
            4.838445,
            52.351654
          ],
          [
            4.838346,
            52.351654
          ],
          [
            4.83832,
            52.351654
          ],
          [
            4.838175,
            52.351654
          ],
          [
            4.838148,
            52.35165
          ],
          [
            4.838019,
            52.351646
          ],
          [
            4.837935,
            52.351639
          ],
          [
            4.83786,
            52.351635
          ],
          [
            4.83772,
            52.351631
          ],
          [
            4.837704,
            52.351631
          ],
          [
            4.837577,
            52.351631
          ],
          [
            4.83744,
            52.351624
          ],
          [
            4.837314,
            52.351624
          ],
          [
            4.837198,
            52.35162
          ],
          [
            4.837111,
            52.35162
          ],
          [
            4.836959,
            52.35162
          ],
          [
            4.836714,
            52.35162
          ],
          [
            4.836609,
            52.35162
          ],
          [
            4.83657,
            52.35162
          ],
          [
            4.836479,
            52.35162
          ],
          [
            4.836397,
            52.35162
          ],
          [
            4.836305,
            52.35162
          ],
          [
            4.83628,
            52.351616
          ],
          [
            4.836132,
            52.351616
          ],
          [
            4.835997,
            52.351612
          ],
          [
            4.835908,
            52.351612
          ],
          [
            4.835831,
            52.351612
          ],
          [
            4.835776,
            52.351612
          ],
          [
            4.835658,
            52.351604
          ],
          [
            4.835512,
            52.351604
          ],
          [
            4.835378,
            52.351604
          ],
          [
            4.835239,
            52.351604
          ],
          [
            4.835169,
            52.351604
          ],
          [
            4.83501,
            52.351601
          ],
          [
            4.834903,
            52.351604
          ],
          [
            4.83481,
            52.351601
          ],
          [
            4.834719,
            52.351604
          ],
          [
            4.834627,
            52.351604
          ],
          [
            4.834503,
            52.351612
          ],
          [
            4.834399,
            52.351612
          ],
          [
            4.834316,
            52.351624
          ],
          [
            4.834225,
            52.351624
          ],
          [
            4.834252,
            52.35162
          ],
          [
            4.834191,
            52.351627
          ],
          [
            4.833883,
            52.351612
          ],
          [
            4.833718,
            52.351604
          ],
          [
            4.833639,
            52.351604
          ],
          [
            4.833597,
            52.351604
          ],
          [
            4.833523,
            52.351604
          ],
          [
            4.833388,
            52.351604
          ],
          [
            4.833276,
            52.351604
          ],
          [
            4.833182,
            52.351604
          ],
          [
            4.833175,
            52.351604
          ],
          [
            4.833044,
            52.351604
          ],
          [
            4.832939,
            52.351608
          ],
          [
            4.832804,
            52.351604
          ],
          [
            4.832691,
            52.351604
          ],
          [
            4.832564,
            52.351597
          ],
          [
            4.83244,
            52.351593
          ],
          [
            4.832325,
            52.351593
          ],
          [
            4.832232,
            52.351589
          ],
          [
            4.832149,
            52.351589
          ],
          [
            4.832137,
            52.351585
          ],
          [
            4.832008,
            52.351582
          ],
          [
            4.831891,
            52.351578
          ],
          [
            4.831773,
            52.351574
          ],
          [
            4.831656,
            52.351566
          ],
          [
            4.831624,
            52.351566
          ],
          [
            4.831542,
            52.351563
          ],
          [
            4.83142,
            52.351559
          ],
          [
            4.831322,
            52.351555
          ],
          [
            4.831297,
            52.351555
          ],
          [
            4.831243,
            52.351551
          ],
          [
            4.831044,
            52.351551
          ],
          [
            4.830962,
            52.351551
          ],
          [
            4.830877,
            52.351551
          ],
          [
            4.83081,
            52.351555
          ],
          [
            4.830683,
            52.351551
          ],
          [
            4.830609,
            52.351551
          ],
          [
            4.830484,
            52.351551
          ],
          [
            4.830368,
            52.351551
          ],
          [
            4.830253,
            52.351555
          ],
          [
            4.830183,
            52.351551
          ],
          [
            4.83012,
            52.351555
          ],
          [
            4.830008,
            52.351555
          ],
          [
            4.829881,
            52.351555
          ],
          [
            4.82975,
            52.351551
          ],
          [
            4.829654,
            52.351551
          ],
          [
            4.829594,
            52.351551
          ],
          [
            4.829458,
            52.351551
          ],
          [
            4.829323,
            52.351551
          ],
          [
            4.829187,
            52.351551
          ],
          [
            4.829097,
            52.351551
          ],
          [
            4.829053,
            52.351547
          ],
          [
            4.828877,
            52.351555
          ],
          [
            4.828788,
            52.351551
          ],
          [
            4.82869,
            52.351555
          ],
          [
            4.828639,
            52.351555
          ],
          [
            4.828472,
            52.351559
          ],
          [
            4.828396,
            52.351559
          ],
          [
            4.82831,
            52.351563
          ],
          [
            4.82821,
            52.351559
          ],
          [
            4.828123,
            52.351559
          ],
          [
            4.828039,
            52.351555
          ],
          [
            4.827963,
            52.351555
          ],
          [
            4.827901,
            52.351555
          ],
          [
            4.827832,
            52.351551
          ],
          [
            4.827774,
            52.351551
          ],
          [
            4.827708,
            52.351551
          ],
          [
            4.827658,
            52.351547
          ],
          [
            4.827576,
            52.351543
          ],
          [
            4.827501,
            52.351543
          ],
          [
            4.827423,
            52.35154
          ],
          [
            4.82734,
            52.35154
          ],
          [
            4.827244,
            52.351536
          ],
          [
            4.827199,
            52.351536
          ],
          [
            4.827049,
            52.351532
          ],
          [
            4.826967,
            52.351528
          ],
          [
            4.826873,
            52.351528
          ],
          [
            4.826752,
            52.351524
          ],
          [
            4.826652,
            52.351521
          ],
          [
            4.82661,
            52.351521
          ],
          [
            4.826463,
            52.351517
          ],
          [
            4.826349,
            52.351513
          ],
          [
            4.826277,
            52.351513
          ],
          [
            4.82619,
            52.351505
          ],
          [
            4.826172,
            52.351505
          ],
          [
            4.826022,
            52.351498
          ],
          [
            4.825914,
            52.351494
          ],
          [
            4.825807,
            52.35149
          ],
          [
            4.825695,
            52.351486
          ],
          [
            4.825633,
            52.351486
          ],
          [
            4.825491,
            52.351486
          ],
          [
            4.825397,
            52.351486
          ],
          [
            4.825288,
            52.351486
          ],
          [
            4.825195,
            52.351486
          ],
          [
            4.825155,
            52.351486
          ],
          [
            4.825028,
            52.351482
          ],
          [
            4.824904,
            52.351482
          ],
          [
            4.824787,
            52.351482
          ],
          [
            4.824677,
            52.351479
          ],
          [
            4.824624,
            52.351479
          ],
          [
            4.824486,
            52.351475
          ],
          [
            4.824375,
            52.351475
          ],
          [
            4.824249,
            52.351475
          ],
          [
            4.824124,
            52.351475
          ],
          [
            4.824068,
            52.351475
          ],
          [
            4.823905,
            52.351475
          ],
          [
            4.823783,
            52.351475
          ],
          [
            4.823691,
            52.351475
          ],
          [
            4.823602,
            52.351475
          ],
          [
            4.823564,
            52.351475
          ],
          [
            4.823438,
            52.351475
          ],
          [
            4.823311,
            52.351475
          ],
          [
            4.823204,
            52.351475
          ],
          [
            4.823144,
            52.351475
          ],
          [
            4.822988,
            52.351475
          ],
          [
            4.822897,
            52.351475
          ],
          [
            4.822784,
            52.351471
          ],
          [
            4.822593,
            52.351471
          ],
          [
            4.822475,
            52.351467
          ],
          [
            4.822374,
            52.351467
          ],
          [
            4.822307,
            52.351459
          ],
          [
            4.822204,
            52.351456
          ],
          [
            4.822136,
            52.351452
          ],
          [
            4.82198,
            52.351444
          ],
          [
            4.821888,
            52.35144
          ],
          [
            4.821777,
            52.351437
          ],
          [
            4.821706,
            52.351433
          ],
          [
            4.821602,
            52.351433
          ],
          [
            4.821507,
            52.351437
          ],
          [
            4.82144,
            52.351433
          ],
          [
            4.82135,
            52.351429
          ],
          [
            4.821256,
            52.351433
          ],
          [
            4.821125,
            52.351429
          ],
          [
            4.82101,
            52.351429
          ],
          [
            4.820912,
            52.351429
          ],
          [
            4.820835,
            52.351429
          ],
          [
            4.820694,
            52.351425
          ],
          [
            4.820571,
            52.351421
          ],
          [
            4.820465,
            52.351418
          ],
          [
            4.820342,
            52.351414
          ],
          [
            4.820297,
            52.351414
          ],
          [
            4.820185,
            52.35141
          ],
          [
            4.820088,
            52.35141
          ],
          [
            4.819976,
            52.35141
          ],
          [
            4.81986,
            52.35141
          ],
          [
            4.819816,
            52.35141
          ],
          [
            4.819688,
            52.35141
          ],
          [
            4.819593,
            52.35141
          ],
          [
            4.819468,
            52.35141
          ],
          [
            4.819351,
            52.351406
          ],
          [
            4.819248,
            52.351406
          ],
          [
            4.819129,
            52.351406
          ],
          [
            4.819022,
            52.351406
          ],
          [
            4.818943,
            52.351406
          ],
          [
            4.818803,
            52.351402
          ],
          [
            4.818714,
            52.351402
          ],
          [
            4.818593,
            52.351402
          ],
          [
            4.818484,
            52.351398
          ],
          [
            4.818387,
            52.351398
          ],
          [
            4.818275,
            52.351395
          ],
          [
            4.818223,
            52.351398
          ],
          [
            4.818094,
            52.351395
          ],
          [
            4.818017,
            52.351395
          ],
          [
            4.817917,
            52.351391
          ],
          [
            4.817819,
            52.351391
          ],
          [
            4.817739,
            52.351391
          ],
          [
            4.817616,
            52.351391
          ],
          [
            4.817514,
            52.351387
          ],
          [
            4.817415,
            52.351383
          ],
          [
            4.817299,
            52.351379
          ],
          [
            4.817241,
            52.351379
          ],
          [
            4.817113,
            52.351379
          ],
          [
            4.817002,
            52.351379
          ],
          [
            4.816916,
            52.351379
          ],
          [
            4.816853,
            52.351379
          ],
          [
            4.816809,
            52.351379
          ],
          [
            4.816647,
            52.351379
          ],
          [
            4.816515,
            52.351383
          ],
          [
            4.816429,
            52.351383
          ],
          [
            4.816337,
            52.351387
          ],
          [
            4.816264,
            52.351383
          ],
          [
            4.816113,
            52.351379
          ],
          [
            4.815999,
            52.351379
          ],
          [
            4.815881,
            52.351379
          ],
          [
            4.815769,
            52.351376
          ],
          [
            4.815692,
            52.351376
          ],
          [
            4.815541,
            52.351376
          ],
          [
            4.815427,
            52.351376
          ],
          [
            4.81532,
            52.351372
          ],
          [
            4.815216,
            52.351364
          ],
          [
            4.815138,
            52.351364
          ],
          [
            4.815025,
            52.351356
          ],
          [
            4.814913,
            52.351353
          ],
          [
            4.814788,
            52.351349
          ],
          [
            4.814685,
            52.351341
          ],
          [
            4.814611,
            52.351337
          ],
          [
            4.814478,
            52.351334
          ],
          [
            4.814386,
            52.351326
          ],
          [
            4.814271,
            52.351326
          ],
          [
            4.814175,
            52.351315
          ],
          [
            4.81409,
            52.351311
          ],
          [
            4.813972,
            52.351303
          ],
          [
            4.813872,
            52.351292
          ],
          [
            4.813773,
            52.351284
          ],
          [
            4.813674,
            52.351276
          ],
          [
            4.813595,
            52.351265
          ],
          [
            4.813478,
            52.351254
          ],
          [
            4.813379,
            52.351242
          ],
          [
            4.813279,
            52.351234
          ],
          [
            4.813178,
            52.351227
          ],
          [
            4.813105,
            52.351215
          ],
          [
            4.812985,
            52.351196
          ],
          [
            4.812885,
            52.351185
          ],
          [
            4.812788,
            52.35117
          ],
          [
            4.81269,
            52.351154
          ],
          [
            4.812624,
            52.351143
          ],
          [
            4.812497,
            52.35112
          ],
          [
            4.812399,
            52.351105
          ],
          [
            4.812324,
            52.35109
          ],
          [
            4.812282,
            52.351082
          ],
          [
            4.812228,
            52.35107
          ],
          [
            4.812109,
            52.351048
          ],
          [
            4.812012,
            52.351028
          ],
          [
            4.811924,
            52.351009
          ],
          [
            4.811863,
            52.350998
          ],
          [
            4.811749,
            52.350971
          ],
          [
            4.811705,
            52.350964
          ],
          [
            4.811571,
            52.350948
          ],
          [
            4.811487,
            52.350952
          ],
          [
            4.811407,
            52.35096
          ],
          [
            4.811326,
            52.350967
          ],
          [
            4.811244,
            52.350971
          ],
          [
            4.811214,
            52.350971
          ],
          [
            4.81108,
            52.350941
          ],
          [
            4.811006,
            52.350914
          ],
          [
            4.810948,
            52.350887
          ],
          [
            4.81088,
            52.350849
          ],
          [
            4.810852,
            52.350838
          ],
          [
            4.810715,
            52.350796
          ],
          [
            4.810604,
            52.350769
          ],
          [
            4.8105,
            52.350742
          ],
          [
            4.810278,
            52.350704
          ],
          [
            4.810181,
            52.350674
          ],
          [
            4.810114,
            52.350658
          ],
          [
            4.810027,
            52.350632
          ],
          [
            4.809951,
            52.350613
          ],
          [
            4.809861,
            52.35059
          ],
          [
            4.809748,
            52.350563
          ],
          [
            4.809633,
            52.35054
          ],
          [
            4.809544,
            52.350525
          ],
          [
            4.809413,
            52.350502
          ],
          [
            4.80931,
            52.350483
          ],
          [
            4.809204,
            52.350464
          ],
          [
            4.809101,
            52.350441
          ],
          [
            4.809021,
            52.350426
          ],
          [
            4.808898,
            52.350407
          ],
          [
            4.808801,
            52.35038
          ],
          [
            4.808699,
            52.350365
          ],
          [
            4.8086,
            52.350342
          ],
          [
            4.808522,
            52.350327
          ],
          [
            4.808404,
            52.350304
          ],
          [
            4.808218,
            52.350265
          ],
          [
            4.808118,
            52.350246
          ],
          [
            4.808031,
            52.350227
          ],
          [
            4.807924,
            52.350204
          ],
          [
            4.807829,
            52.350189
          ],
          [
            4.807732,
            52.350162
          ],
          [
            4.807633,
            52.350147
          ],
          [
            4.80756,
            52.350132
          ],
          [
            4.807439,
            52.350105
          ],
          [
            4.807344,
            52.35009
          ],
          [
            4.807246,
            52.350071
          ],
          [
            4.807147,
            52.350052
          ],
          [
            4.80705,
            52.350033
          ],
          [
            4.806976,
            52.350018
          ],
          [
            4.806858,
            52.349995
          ],
          [
            4.806758,
            52.349972
          ],
          [
            4.806716,
            52.349964
          ],
          [
            4.806667,
            52.349953
          ],
          [
            4.806616,
            52.349945
          ],
          [
            4.806525,
            52.349926
          ],
          [
            4.806441,
            52.349911
          ],
          [
            4.806357,
            52.349896
          ],
          [
            4.806276,
            52.349884
          ],
          [
            4.806224,
            52.349873
          ],
          [
            4.806102,
            52.349854
          ],
          [
            4.805999,
            52.349834
          ],
          [
            4.805908,
            52.349815
          ],
          [
            4.80581,
            52.349796
          ],
          [
            4.805739,
            52.349785
          ],
          [
            4.805623,
            52.349762
          ],
          [
            4.805523,
            52.349743
          ],
          [
            4.805439,
            52.349724
          ],
          [
            4.805338,
            52.349705
          ],
          [
            4.805268,
            52.349693
          ],
          [
            4.80522,
            52.349686
          ],
          [
            4.805068,
            52.349651
          ],
          [
            4.804959,
            52.349632
          ],
          [
            4.80487,
            52.349613
          ],
          [
            4.804758,
            52.34959
          ],
          [
            4.80465,
            52.349567
          ],
          [
            4.804552,
            52.349548
          ],
          [
            4.804462,
            52.349529
          ],
          [
            4.804364,
            52.349506
          ],
          [
            4.80427,
            52.349487
          ],
          [
            4.804171,
            52.349468
          ],
          [
            4.804081,
            52.349449
          ],
          [
            4.803999,
            52.349434
          ],
          [
            4.803908,
            52.349419
          ],
          [
            4.803872,
            52.349411
          ],
          [
            4.803736,
            52.349384
          ],
          [
            4.803627,
            52.349361
          ],
          [
            4.803512,
            52.349331
          ],
          [
            4.803435,
            52.349319
          ],
          [
            4.803369,
            52.3493
          ],
          [
            4.803249,
            52.34927
          ],
          [
            4.803131,
            52.349247
          ],
          [
            4.802994,
            52.349216
          ],
          [
            4.802921,
            52.349201
          ],
          [
            4.802782,
            52.349171
          ],
          [
            4.802671,
            52.349152
          ],
          [
            4.802558,
            52.349125
          ],
          [
            4.802452,
            52.349102
          ],
          [
            4.802392,
            52.349091
          ],
          [
            4.802268,
            52.349064
          ],
          [
            4.802149,
            52.349045
          ],
          [
            4.802061,
            52.34903
          ],
          [
            4.801977,
            52.349014
          ],
          [
            4.801896,
            52.348995
          ],
          [
            4.801787,
            52.348972
          ],
          [
            4.801714,
            52.348957
          ],
          [
            4.801626,
            52.348938
          ],
          [
            4.801531,
            52.348919
          ],
          [
            4.801456,
            52.348904
          ],
          [
            4.801311,
            52.348873
          ],
          [
            4.801216,
            52.348854
          ],
          [
            4.801123,
            52.348839
          ],
          [
            4.801037,
            52.34882
          ],
          [
            4.800968,
            52.348804
          ],
          [
            4.800896,
            52.348793
          ],
          [
            4.800793,
            52.34877
          ],
          [
            4.800692,
            52.348747
          ],
          [
            4.800606,
            52.348724
          ],
          [
            4.800506,
            52.348702
          ],
          [
            4.80042,
            52.348682
          ],
          [
            4.800307,
            52.348656
          ],
          [
            4.800205,
            52.348625
          ],
          [
            4.800099,
            52.348598
          ],
          [
            4.800036,
            52.348583
          ],
          [
            4.799964,
            52.348556
          ],
          [
            4.799874,
            52.348534
          ],
          [
            4.799776,
            52.348495
          ],
          [
            4.799668,
            52.348465
          ],
          [
            4.79956,
            52.348423
          ],
          [
            4.799522,
            52.348408
          ],
          [
            4.799467,
            52.348389
          ],
          [
            4.799407,
            52.348366
          ],
          [
            4.799332,
            52.348335
          ],
          [
            4.799234,
            52.348301
          ],
          [
            4.799139,
            52.348263
          ],
          [
            4.799037,
            52.348225
          ],
          [
            4.799046,
            52.348225
          ],
          [
            4.798863,
            52.348145
          ],
          [
            4.798765,
            52.348099
          ],
          [
            4.798679,
            52.348061
          ],
          [
            4.798595,
            52.348022
          ],
          [
            4.798506,
            52.347984
          ],
          [
            4.798412,
            52.347954
          ],
          [
            4.798308,
            52.347931
          ],
          [
            4.7982,
            52.347919
          ],
          [
            4.79819,
            52.347912
          ],
          [
            4.798036,
            52.347893
          ],
          [
            4.797963,
            52.347874
          ],
          [
            4.797905,
            52.347843
          ],
          [
            4.797856,
            52.347805
          ],
          [
            4.797821,
            52.347763
          ],
          [
            4.797797,
            52.347713
          ],
          [
            4.797778,
            52.347698
          ],
          [
            4.797722,
            52.34761
          ],
          [
            4.797688,
            52.347565
          ],
          [
            4.797628,
            52.347511
          ],
          [
            4.797578,
            52.347473
          ],
          [
            4.797526,
            52.347439
          ],
          [
            4.797465,
            52.347397
          ],
          [
            4.797425,
            52.34737
          ],
          [
            4.797362,
            52.347324
          ],
          [
            4.797282,
            52.347267
          ],
          [
            4.797199,
            52.347206
          ],
          [
            4.797134,
            52.347157
          ],
          [
            4.797064,
            52.347099
          ],
          [
            4.797045,
            52.347088
          ],
          [
            4.796948,
            52.347004
          ],
          [
            4.796886,
            52.346951
          ],
          [
            4.796837,
            52.346909
          ],
          [
            4.796775,
            52.346851
          ],
          [
            4.796712,
            52.346794
          ],
          [
            4.796707,
            52.34679
          ],
          [
            4.796612,
            52.346691
          ],
          [
            4.796564,
            52.346642
          ],
          [
            4.796528,
            52.346603
          ],
          [
            4.796491,
            52.346561
          ],
          [
            4.796431,
            52.346489
          ],
          [
            4.796402,
            52.346451
          ],
          [
            4.796354,
            52.346386
          ],
          [
            4.796299,
            52.34631
          ],
          [
            4.796255,
            52.346245
          ],
          [
            4.796214,
            52.346184
          ],
          [
            4.796183,
            52.346134
          ],
          [
            4.796148,
            52.346077
          ],
          [
            4.796111,
            52.34602
          ],
          [
            4.796066,
            52.345951
          ],
          [
            4.796023,
            52.345879
          ],
          [
            4.795999,
            52.34584
          ],
          [
            4.795962,
            52.345783
          ],
          [
            4.795921,
            52.345711
          ],
          [
            4.795883,
            52.345654
          ],
          [
            4.795848,
            52.345592
          ],
          [
            4.795809,
            52.345531
          ],
          [
            4.795761,
            52.345451
          ],
          [
            4.795726,
            52.345394
          ],
          [
            4.795695,
            52.345345
          ],
          [
            4.795661,
            52.345291
          ],
          [
            4.795631,
            52.345245
          ],
          [
            4.7956,
            52.345196
          ],
          [
            4.795565,
            52.345135
          ],
          [
            4.795529,
            52.345081
          ],
          [
            4.79549,
            52.345016
          ],
          [
            4.79545,
            52.344948
          ],
          [
            4.795415,
            52.344894
          ],
          [
            4.795382,
            52.344837
          ],
          [
            4.795346,
            52.344769
          ],
          [
            4.795327,
            52.34473
          ],
          [
            4.795309,
            52.344688
          ],
          [
            4.795293,
            52.344631
          ],
          [
            4.795278,
            52.34457
          ],
          [
            4.795258,
            52.344444
          ],
          [
            4.795247,
            52.344376
          ],
          [
            4.795231,
            52.344311
          ],
          [
            4.795206,
            52.344246
          ],
          [
            4.795172,
            52.344173
          ],
          [
            4.795108,
            52.344063
          ],
          [
            4.795067,
            52.344006
          ],
          [
            4.79503,
            52.343948
          ],
          [
            4.794986,
            52.343884
          ],
          [
            4.794949,
            52.343819
          ],
          [
            4.794913,
            52.343758
          ],
          [
            4.794871,
            52.343697
          ],
          [
            4.79484,
            52.343639
          ],
          [
            4.794807,
            52.343582
          ],
          [
            4.794779,
            52.343536
          ],
          [
            4.794751,
            52.343487
          ],
          [
            4.794718,
            52.343437
          ],
          [
            4.794676,
            52.343369
          ],
          [
            4.794632,
            52.343308
          ],
          [
            4.794582,
            52.343235
          ],
          [
            4.794538,
            52.343174
          ],
          [
            4.79449,
            52.343105
          ],
          [
            4.794448,
            52.343044
          ],
          [
            4.794401,
            52.342979
          ],
          [
            4.79436,
            52.342918
          ],
          [
            4.794325,
            52.342869
          ],
          [
            4.794295,
            52.342827
          ],
          [
            4.794259,
            52.342773
          ],
          [
            4.794224,
            52.34272
          ],
          [
            4.794184,
            52.342659
          ],
          [
            4.794154,
            52.342617
          ],
          [
            4.794117,
            52.342564
          ],
          [
            4.794077,
            52.342506
          ],
          [
            4.794031,
            52.342438
          ],
          [
            4.793991,
            52.342384
          ],
          [
            4.793945,
            52.342327
          ],
          [
            4.793901,
            52.342278
          ],
          [
            4.793851,
            52.342228
          ],
          [
            4.793791,
            52.342175
          ],
          [
            4.793733,
            52.342129
          ],
          [
            4.793657,
            52.342072
          ],
          [
            4.793597,
            52.342033
          ],
          [
            4.793545,
            52.342003
          ],
          [
            4.793484,
            52.341965
          ],
          [
            4.793403,
            52.341923
          ],
          [
            4.79332,
            52.341881
          ],
          [
            4.793242,
            52.341843
          ],
          [
            4.793179,
            52.341808
          ],
          [
            4.7931,
            52.341766
          ],
          [
            4.793025,
            52.341721
          ],
          [
            4.792967,
            52.341682
          ],
          [
            4.792913,
            52.341644
          ],
          [
            4.792856,
            52.341595
          ],
          [
            4.792799,
            52.341541
          ],
          [
            4.79275,
            52.341496
          ],
          [
            4.792707,
            52.341438
          ],
          [
            4.792664,
            52.341385
          ],
          [
            4.792614,
            52.34132
          ],
          [
            4.79257,
            52.341259
          ],
          [
            4.792519,
            52.34119
          ],
          [
            4.792472,
            52.341129
          ],
          [
            4.792428,
            52.341068
          ],
          [
            4.792387,
            52.341015
          ],
          [
            4.79235,
            52.340965
          ],
          [
            4.792304,
            52.340908
          ],
          [
            4.792258,
            52.340858
          ],
          [
            4.792219,
            52.34082
          ],
          [
            4.792176,
            52.340794
          ],
          [
            4.79212,
            52.340759
          ],
          [
            4.792073,
            52.340725
          ],
          [
            4.792022,
            52.340702
          ],
          [
            4.791973,
            52.340679
          ],
          [
            4.791901,
            52.340664
          ],
          [
            4.791833,
            52.340664
          ],
          [
            4.79177,
            52.340675
          ],
          [
            4.791721,
            52.340694
          ],
          [
            4.791674,
            52.340717
          ],
          [
            4.791622,
            52.340752
          ],
          [
            4.791574,
            52.34079
          ],
          [
            4.791534,
            52.340824
          ],
          [
            4.79149,
            52.340858
          ],
          [
            4.791438,
            52.340908
          ],
          [
            4.791396,
            52.340946
          ],
          [
            4.791344,
            52.340988
          ],
          [
            4.791325,
            52.341
          ],
          [
            4.791223,
            52.341045
          ],
          [
            4.791141,
            52.341072
          ],
          [
            4.791059,
            52.341084
          ],
          [
            4.790987,
            52.34108
          ],
          [
            4.790909,
            52.341064
          ],
          [
            4.790856,
            52.341049
          ],
          [
            4.790785,
            52.341023
          ],
          [
            4.790706,
            52.340984
          ],
          [
            4.79063,
            52.340946
          ],
          [
            4.790564,
            52.340908
          ],
          [
            4.790488,
            52.340862
          ],
          [
            4.790415,
            52.340813
          ],
          [
            4.790352,
            52.340775
          ],
          [
            4.79029,
            52.340729
          ],
          [
            4.790235,
            52.340691
          ],
          [
            4.79019,
            52.340664
          ],
          [
            4.790136,
            52.340626
          ],
          [
            4.790076,
            52.34058
          ],
          [
            4.789997,
            52.340523
          ],
          [
            4.789906,
            52.340462
          ],
          [
            4.789827,
            52.340408
          ],
          [
            4.789746,
            52.340351
          ],
          [
            4.789681,
            52.340305
          ],
          [
            4.789629,
            52.340271
          ],
          [
            4.78956,
            52.340225
          ],
          [
            4.789485,
            52.340172
          ],
          [
            4.789439,
            52.340137
          ],
          [
            4.789378,
            52.340096
          ],
          [
            4.789303,
            52.340046
          ],
          [
            4.789232,
            52.339996
          ],
          [
            4.789175,
            52.339958
          ],
          [
            4.789112,
            52.339912
          ],
          [
            4.789046,
            52.339867
          ],
          [
            4.788963,
            52.339809
          ],
          [
            4.788897,
            52.339764
          ],
          [
            4.788837,
            52.339722
          ],
          [
            4.788765,
            52.339668
          ],
          [
            4.78869,
            52.339615
          ],
          [
            4.788611,
            52.339561
          ],
          [
            4.788579,
            52.339539
          ],
          [
            4.788521,
            52.339497
          ],
          [
            4.788449,
            52.339451
          ],
          [
            4.78837,
            52.339397
          ],
          [
            4.788277,
            52.339344
          ],
          [
            4.788193,
            52.339294
          ],
          [
            4.788097,
            52.339249
          ],
          [
            4.788024,
            52.339214
          ],
          [
            4.787946,
            52.339184
          ],
          [
            4.787829,
            52.339146
          ],
          [
            4.787732,
            52.339119
          ],
          [
            4.787555,
            52.339077
          ],
          [
            4.787453,
            52.339054
          ],
          [
            4.787359,
            52.339035
          ],
          [
            4.787273,
            52.339016
          ],
          [
            4.787183,
            52.338993
          ],
          [
            4.787083,
            52.33897
          ],
          [
            4.787041,
            52.338963
          ],
          [
            4.786938,
            52.33894
          ],
          [
            4.786832,
            52.338917
          ],
          [
            4.786751,
            52.338898
          ],
          [
            4.786762,
            52.338898
          ],
          [
            4.786655,
            52.338875
          ],
          [
            4.786548,
            52.338856
          ],
          [
            4.786447,
            52.338837
          ],
          [
            4.786339,
            52.338814
          ],
          [
            4.786227,
            52.338791
          ],
          [
            4.786173,
            52.338776
          ],
          [
            4.786026,
            52.338749
          ],
          [
            4.785902,
            52.338718
          ],
          [
            4.785827,
            52.338703
          ],
          [
            4.785727,
            52.338684
          ],
          [
            4.785635,
            52.338661
          ],
          [
            4.785563,
            52.338646
          ],
          [
            4.785462,
            52.338627
          ],
          [
            4.785344,
            52.3386
          ],
          [
            4.78521,
            52.338573
          ],
          [
            4.785074,
            52.338543
          ],
          [
            4.784967,
            52.338516
          ],
          [
            4.784863,
            52.338493
          ],
          [
            4.784757,
            52.33847
          ],
          [
            4.784708,
            52.338459
          ],
          [
            4.784603,
            52.338436
          ],
          [
            4.784496,
            52.338413
          ],
          [
            4.784402,
            52.338394
          ],
          [
            4.784304,
            52.338371
          ],
          [
            4.784268,
            52.338364
          ],
          [
            4.784128,
            52.338333
          ],
          [
            4.783996,
            52.338303
          ],
          [
            4.78387,
            52.338268
          ],
          [
            4.783763,
            52.33823
          ],
          [
            4.783566,
            52.338146
          ],
          [
            4.78348,
            52.3381
          ],
          [
            4.783402,
            52.338059
          ],
          [
            4.783323,
            52.338017
          ],
          [
            4.783239,
            52.337967
          ],
          [
            4.783163,
            52.337921
          ],
          [
            4.783095,
            52.337879
          ],
          [
            4.783041,
            52.337845
          ],
          [
            4.782909,
            52.337761
          ],
          [
            4.782831,
            52.337719
          ],
          [
            4.782758,
            52.337681
          ],
          [
            4.782671,
            52.337646
          ],
          [
            4.782608,
            52.33762
          ],
          [
            4.782491,
            52.337578
          ],
          [
            4.782382,
            52.337547
          ],
          [
            4.782321,
            52.337532
          ],
          [
            4.782208,
            52.337509
          ],
          [
            4.782125,
            52.337494
          ],
          [
            4.782012,
            52.337482
          ],
          [
            4.781937,
            52.337475
          ],
          [
            4.781843,
            52.337467
          ],
          [
            4.781787,
            52.337467
          ],
          [
            4.781726,
            52.337463
          ],
          [
            4.781685,
            52.337463
          ],
          [
            4.781544,
            52.337467
          ],
          [
            4.78145,
            52.337471
          ],
          [
            4.781336,
            52.337482
          ],
          [
            4.781277,
            52.33749
          ],
          [
            4.781111,
            52.337517
          ],
          [
            4.780993,
            52.33754
          ],
          [
            4.780931,
            52.337555
          ],
          [
            4.780831,
            52.337582
          ],
          [
            4.780737,
            52.337608
          ],
          [
            4.780658,
            52.337631
          ],
          [
            4.780598,
            52.33765
          ],
          [
            4.780509,
            52.337677
          ],
          [
            4.780392,
            52.337711
          ],
          [
            4.780288,
            52.337742
          ],
          [
            4.780186,
            52.337776
          ],
          [
            4.780078,
            52.337807
          ],
          [
            4.779997,
            52.337833
          ],
          [
            4.779953,
            52.337845
          ],
          [
            4.779831,
            52.337883
          ],
          [
            4.779731,
            52.33791
          ],
          [
            4.779646,
            52.337936
          ],
          [
            4.779562,
            52.337967
          ],
          [
            4.77948,
            52.337997
          ],
          [
            4.779413,
            52.338024
          ],
          [
            4.779344,
            52.338055
          ],
          [
            4.779279,
            52.338089
          ],
          [
            4.779208,
            52.338123
          ],
          [
            4.779134,
            52.338161
          ],
          [
            4.779048,
            52.338207
          ],
          [
            4.778989,
            52.338234
          ],
          [
            4.778917,
            52.338272
          ],
          [
            4.778834,
            52.338314
          ],
          [
            4.778764,
            52.338348
          ],
          [
            4.77868,
            52.338387
          ],
          [
            4.778605,
            52.338421
          ],
          [
            4.778531,
            52.338455
          ],
          [
            4.778456,
            52.338486
          ],
          [
            4.778371,
            52.338524
          ],
          [
            4.778331,
            52.338539
          ],
          [
            4.778201,
            52.338589
          ],
          [
            4.778104,
            52.338631
          ],
          [
            4.778021,
            52.338665
          ],
          [
            4.777935,
            52.338696
          ],
          [
            4.777836,
            52.338734
          ],
          [
            4.77775,
            52.338772
          ],
          [
            4.777666,
            52.338802
          ],
          [
            4.777603,
            52.338829
          ],
          [
            4.777535,
            52.338856
          ],
          [
            4.777484,
            52.338886
          ],
          [
            4.777434,
            52.338924
          ],
          [
            4.777404,
            52.338959
          ],
          [
            4.777387,
            52.338997
          ],
          [
            4.777392,
            52.339046
          ],
          [
            4.777409,
            52.339085
          ],
          [
            4.777447,
            52.339127
          ],
          [
            4.777493,
            52.339165
          ],
          [
            4.777542,
            52.339207
          ],
          [
            4.777593,
            52.339245
          ],
          [
            4.777651,
            52.339291
          ],
          [
            4.777696,
            52.339325
          ],
          [
            4.777743,
            52.339367
          ],
          [
            4.777786,
            52.339405
          ],
          [
            4.777838,
            52.339443
          ],
          [
            4.777893,
            52.339474
          ],
          [
            4.778011,
            52.339504
          ],
          [
            4.778083,
            52.3395
          ],
          [
            4.778145,
            52.339489
          ],
          [
            4.778215,
            52.339466
          ],
          [
            4.778276,
            52.339443
          ],
          [
            4.778343,
            52.339417
          ],
          [
            4.778411,
            52.339386
          ],
          [
            4.778481,
            52.339359
          ],
          [
            4.778542,
            52.339333
          ],
          [
            4.778612,
            52.339306
          ],
          [
            4.778684,
            52.339287
          ],
          [
            4.778752,
            52.339272
          ],
          [
            4.778822,
            52.339272
          ],
          [
            4.778884,
            52.339283
          ],
          [
            4.778925,
            52.339294
          ],
          [
            4.77895,
            52.339317
          ],
          [
            4.778964,
            52.33934
          ],
          [
            4.778966,
            52.339363
          ],
          [
            4.778972,
            52.339386
          ],
          [
            4.778981,
            52.339401
          ],
          [
            4.778995,
            52.339417
          ],
          [
            4.779017,
            52.339432
          ],
          [
            4.779038,
            52.339447
          ],
          [
            4.779038,
            52.339447
          ],
          [
            4.779079,
            52.339478
          ],
          [
            4.779079,
            52.339478
          ],
          [
            4.779079,
            52.339478
          ],
          [
            4.7791,
            52.339481
          ],
          [
            4.7791,
            52.339481
          ],
          [
            4.77911,
            52.339466
          ],
          [
            4.77911,
            52.339466
          ],
          [
            4.77911,
            52.339466
          ],
          [
            4.77911,
            52.339466
          ],
          [
            4.779165,
            52.339436
          ],
          [
            4.779165,
            52.339436
          ],
          [
            4.779165,
            52.339436
          ],
          [
            4.779165,
            52.339436
          ],
          [
            4.779189,
            52.339401
          ],
          [
            4.779189,
            52.339401
          ],
          [
            4.779189,
            52.339401
          ]
        ]
      }
    }
  ]
}