{
  "type": "FeatureCollection",
  "features": [
    {
      "type": "Feature",
      "properties": {
        "id": "amsterdam-to-badhoevedorp-ride-0a296680-7d7f-11f1-8ad1-a40dbc8fa83a",
        "title": "Amsterdam to Badhoevedorp ride",
        "source": "Amsterdam to Badhoevedorp ride-0a296680-7d7f-11f1-8ad1-a40dbc8fa83a.fit"
      },
      "geometry": {
        "type": "LineString",
        "coordinates": [
          [
            4.827087,
            52.417583
          ],
          [
            4.827087,
            52.417583
          ],
          [
            4.82696,
            52.417683
          ],
          [
            4.826837,
            52.417774
          ],
          [
            4.826731,
            52.417816
          ],
          [
            4.826671,
            52.417824
          ],
          [
            4.826629,
            52.417831
          ],
          [
            4.826554,
            52.417847
          ],
          [
            4.826505,
            52.417858
          ],
          [
            4.826449,
            52.417866
          ],
          [
            4.826393,
            52.417877
          ],
          [
            4.826335,
            52.417885
          ],
          [
            4.826283,
            52.417889
          ],
          [
            4.826231,
            52.417889
          ],
          [
            4.826179,
            52.417885
          ],
          [
            4.826129,
            52.417873
          ],
          [
            4.826092,
            52.417854
          ],
          [
            4.826051,
            52.417839
          ],
          [
            4.826014,
            52.417812
          ],
          [
            4.825985,
            52.417797
          ],
          [
            4.825985,
            52.417797
          ],
          [
            4.825985,
            52.417797
          ],
          [
            4.825985,
            52.417797
          ],
          [
            4.825985,
            52.417797
          ],
          [
            4.825961,
            52.41777
          ],
          [
            4.825949,
            52.417767
          ],
          [
            4.825929,
            52.41777
          ],
          [
            4.825899,
            52.417778
          ],
          [
            4.82586,
            52.417793
          ],
          [
            4.825802,
            52.417812
          ],
          [
            4.825744,
            52.417839
          ],
          [
            4.825684,
            52.41787
          ],
          [
            4.825608,
            52.417904
          ],
          [
            4.825538,
            52.417934
          ],
          [
            4.825463,
            52.417965
          ],
          [
            4.825376,
            52.417999
          ],
          [
            4.82528,
            52.41803
          ],
          [
            4.825185,
            52.418056
          ],
          [
            4.825117,
            52.418072
          ],
          [
            4.825079,
            52.418083
          ],
          [
            4.82493,
            52.41811
          ],
          [
            4.824832,
            52.418125
          ],
          [
            4.824724,
            52.41814
          ],
          [
            4.824622,
            52.418156
          ],
          [
            4.824587,
            52.418159
          ],
          [
            4.824442,
            52.418179
          ],
          [
            4.824216,
            52.418201
          ],
          [
            4.824152,
            52.418209
          ],
          [
            4.824069,
            52.418224
          ],
          [
            4.824012,
            52.418232
          ],
          [
            4.823852,
            52.418251
          ],
          [
            4.823742,
            52.418266
          ],
          [
            4.823657,
            52.418274
          ],
          [
            4.823557,
            52.418289
          ],
          [
            4.823471,
            52.418301
          ],
          [
            4.823348,
            52.418316
          ],
          [
            4.82323,
            52.418331
          ],
          [
            4.823159,
            52.418339
          ],
          [
            4.823068,
            52.41835
          ],
          [
            4.822994,
            52.418362
          ],
          [
            4.822872,
            52.418373
          ],
          [
            4.822727,
            52.418385
          ],
          [
            4.822627,
            52.418404
          ],
          [
            4.822529,
            52.418419
          ],
          [
            4.822499,
            52.418419
          ],
          [
            4.822392,
            52.418434
          ],
          [
            4.822294,
            52.418449
          ],
          [
            4.822258,
            52.418453
          ],
          [
            4.82216,
            52.418453
          ],
          [
            4.822031,
            52.418442
          ],
          [
            4.821914,
            52.418419
          ],
          [
            4.821832,
            52.418388
          ],
          [
            4.821787,
            52.418366
          ],
          [
            4.821734,
            52.418324
          ],
          [
            4.821642,
            52.418205
          ],
          [
            4.821623,
            52.41814
          ],
          [
            4.821628,
            52.418079
          ],
          [
            4.821649,
            52.418015
          ],
          [
            4.821672,
            52.417965
          ],
          [
            4.821683,
            52.417934
          ],
          [
            4.821723,
            52.41787
          ],
          [
            4.821761,
            52.417805
          ],
          [
            4.821774,
            52.417782
          ],
          [
            4.821797,
            52.417744
          ],
          [
            4.821863,
            52.417629
          ],
          [
            4.821908,
            52.417549
          ],
          [
            4.821958,
            52.417465
          ],
          [
            4.821996,
            52.4174
          ],
          [
            4.82203,
            52.417332
          ],
          [
            4.82204,
            52.417313
          ],
          [
            4.822073,
            52.417252
          ],
          [
            4.822112,
            52.417172
          ],
          [
            4.822153,
            52.417088
          ],
          [
            4.822184,
            52.417027
          ],
          [
            4.822211,
            52.416962
          ],
          [
            4.822241,
            52.416897
          ],
          [
            4.82227,
            52.416843
          ],
          [
            4.822304,
            52.416782
          ],
          [
            4.822335,
            52.416725
          ],
          [
            4.82236,
            52.416672
          ],
          [
            4.822381,
            52.41663
          ],
          [
            4.822418,
            52.416554
          ],
          [
            4.822452,
            52.416489
          ],
          [
            4.822477,
            52.416439
          ],
          [
            4.822499,
            52.416393
          ],
          [
            4.822531,
            52.416332
          ],
          [
            4.822571,
            52.416256
          ],
          [
            4.822612,
            52.41618
          ],
          [
            4.822646,
            52.416119
          ],
          [
            4.822675,
            52.416058
          ],
          [
            4.822708,
            52.416
          ],
          [
            4.82274,
            52.415939
          ],
          [
            4.82277,
            52.415878
          ],
          [
            4.822793,
            52.415833
          ],
          [
            4.822819,
            52.415783
          ],
          [
            4.822853,
            52.41571
          ],
          [
            4.822886,
            52.415646
          ],
          [
            4.822917,
            52.415581
          ],
          [
            4.822948,
            52.415524
          ],
          [
            4.822981,
            52.415463
          ],
          [
            4.823013,
            52.415401
          ],
          [
            4.823043,
            52.415344
          ],
          [
            4.82307,
            52.415291
          ],
          [
            4.8231,
            52.415234
          ],
          [
            4.823137,
            52.415173
          ],
          [
            4.823167,
            52.415112
          ],
          [
            4.823186,
            52.41507
          ],
          [
            4.823226,
            52.415001
          ],
          [
            4.823258,
            52.414932
          ],
          [
            4.823292,
            52.414864
          ],
          [
            4.823323,
            52.414806
          ],
          [
            4.82335,
            52.414749
          ],
          [
            4.823383,
            52.414688
          ],
          [
            4.823413,
            52.414631
          ],
          [
            4.823445,
            52.41457
          ],
          [
            4.823477,
            52.414513
          ],
          [
            4.823506,
            52.414452
          ],
          [
            4.823541,
            52.414394
          ],
          [
            4.823573,
            52.414333
          ],
          [
            4.823603,
            52.414272
          ],
          [
            4.823632,
            52.414219
          ],
          [
            4.823663,
            52.414154
          ],
          [
            4.823695,
            52.414097
          ],
          [
            4.823728,
            52.41404
          ],
          [
            4.823757,
            52.413979
          ],
          [
            4.823771,
            52.413948
          ],
          [
            4.823806,
            52.413868
          ],
          [
            4.823839,
            52.413799
          ],
          [
            4.823872,
            52.413742
          ],
          [
            4.823905,
            52.413685
          ],
          [
            4.823922,
            52.413647
          ],
          [
            4.823951,
            52.413593
          ],
          [
            4.823991,
            52.413521
          ],
          [
            4.824021,
            52.41346
          ],
          [
            4.824039,
            52.413425
          ],
          [
            4.824077,
            52.413361
          ],
          [
            4.824114,
            52.4133
          ],
          [
            4.824151,
            52.413227
          ],
          [
            4.824185,
            52.413166
          ],
          [
            4.824215,
            52.413101
          ],
          [
            4.824242,
            52.413052
          ],
          [
            4.824282,
            52.412983
          ],
          [
            4.824314,
            52.412914
          ],
          [
            4.82433,
            52.41288
          ],
          [
            4.824354,
            52.412823
          ],
          [
            4.824366,
            52.4128
          ],
          [
            4.824394,
            52.412731
          ],
          [
            4.824425,
            52.412659
          ],
          [
            4.824466,
            52.412586
          ],
          [
            4.824507,
            52.41251
          ],
          [
            4.824541,
            52.412449
          ],
          [
            4.824577,
            52.412384
          ],
          [
            4.824616,
            52.412312
          ],
          [
            4.824639,
            52.412254
          ],
          [
            4.824668,
            52.412193
          ],
          [
            4.824702,
            52.412132
          ],
          [
            4.824734,
            52.412071
          ],
          [
            4.824755,
            52.412029
          ],
          [
            4.824792,
            52.411957
          ],
          [
            4.824817,
            52.411915
          ],
          [
            4.824852,
            52.41185
          ],
          [
            4.824882,
            52.411793
          ],
          [
            4.824922,
            52.41172
          ],
          [
            4.824955,
            52.411663
          ],
          [
            4.824976,
            52.411629
          ],
          [
            4.825015,
            52.411556
          ],
          [
            4.825057,
            52.411488
          ],
          [
            4.825093,
            52.411427
          ],
          [
            4.825134,
            52.411369
          ],
          [
            4.825175,
            52.411308
          ],
          [
            4.82522,
            52.411251
          ],
          [
            4.825262,
            52.411194
          ],
          [
            4.825306,
            52.411137
          ],
          [
            4.825346,
            52.411079
          ],
          [
            4.825393,
            52.411022
          ],
          [
            4.825436,
            52.410969
          ],
          [
            4.825481,
            52.410912
          ],
          [
            4.825525,
            52.410858
          ],
          [
            4.825575,
            52.410805
          ],
          [
            4.825622,
            52.410748
          ],
          [
            4.825673,
            52.41069
          ],
          [
            4.825723,
            52.410637
          ],
          [
            4.825774,
            52.410587
          ],
          [
            4.825831,
            52.410534
          ],
          [
            4.825886,
            52.410484
          ],
          [
            4.825946,
            52.410431
          ],
          [
            4.826003,
            52.410381
          ],
          [
            4.826059,
            52.410332
          ],
          [
            4.826119,
            52.410278
          ],
          [
            4.826179,
            52.410229
          ],
          [
            4.826242,
            52.410175
          ],
          [
            4.826301,
            52.410126
          ],
          [
            4.826352,
            52.410088
          ],
          [
            4.826415,
            52.410038
          ],
          [
            4.826488,
            52.409985
          ],
          [
            4.826559,
            52.409927
          ],
          [
            4.826633,
            52.409874
          ],
          [
            4.826694,
            52.409832
          ],
          [
            4.826768,
            52.409779
          ],
          [
            4.826836,
            52.409733
          ],
          [
            4.82691,
            52.409687
          ],
          [
            4.826987,
            52.409641
          ],
          [
            4.827062,
            52.409599
          ],
          [
            4.827133,
            52.409557
          ],
          [
            4.827207,
            52.409512
          ],
          [
            4.827281,
            52.40947
          ],
          [
            4.827357,
            52.409428
          ],
          [
            4.827427,
            52.409386
          ],
          [
            4.827496,
            52.409351
          ],
          [
            4.82756,
            52.409317
          ],
          [
            4.827631,
            52.409279
          ],
          [
            4.827715,
            52.409233
          ],
          [
            4.827792,
            52.409195
          ],
          [
            4.827845,
            52.409168
          ],
          [
            4.827931,
            52.409126
          ],
          [
            4.82803,
            52.409081
          ],
          [
            4.828116,
            52.409042
          ],
          [
            4.828205,
            52.409004
          ],
          [
            4.82828,
            52.408974
          ],
          [
            4.82837,
            52.408936
          ],
          [
            4.828437,
            52.408909
          ],
          [
            4.828523,
            52.408875
          ],
          [
            4.828618,
            52.408829
          ],
          [
            4.828713,
            52.408787
          ],
          [
            4.828805,
            52.408745
          ],
          [
            4.828894,
            52.408707
          ],
          [
            4.828978,
            52.408672
          ],
          [
            4.829055,
            52.408642
          ],
          [
            4.829118,
            52.408615
          ],
          [
            4.829201,
            52.408577
          ],
          [
            4.829288,
            52.408539
          ],
          [
            4.82934,
            52.408516
          ],
          [
            4.829436,
            52.408478
          ],
          [
            4.829534,
            52.408436
          ],
          [
            4.829619,
            52.408398
          ],
          [
            4.829709,
            52.40836
          ],
          [
            4.829789,
            52.408321
          ],
          [
            4.829866,
            52.408287
          ],
          [
            4.82996,
            52.408245
          ],
          [
            4.830032,
            52.408218
          ],
          [
            4.830121,
            52.40818
          ],
          [
            4.830203,
            52.408146
          ],
          [
            4.830284,
            52.408115
          ],
          [
            4.830356,
            52.408085
          ],
          [
            4.830454,
            52.408043
          ],
          [
            4.830538,
            52.408005
          ],
          [
            4.830621,
            52.407967
          ],
          [
            4.830698,
            52.407932
          ],
          [
            4.830759,
            52.407906
          ],
          [
            4.830828,
            52.407875
          ],
          [
            4.83091,
            52.407841
          ],
          [
            4.830989,
            52.407806
          ],
          [
            4.831066,
            52.407772
          ],
          [
            4.831156,
            52.407734
          ],
          [
            4.831227,
            52.407703
          ],
          [
            4.831308,
            52.407669
          ],
          [
            4.831397,
            52.407631
          ],
          [
            4.831491,
            52.407589
          ],
          [
            4.831547,
            52.407566
          ],
          [
            4.831633,
            52.407528
          ],
          [
            4.831717,
            52.407494
          ],
          [
            4.831804,
            52.407452
          ],
          [
            4.831887,
            52.407417
          ],
          [
            4.831958,
            52.407383
          ],
          [
            4.83203,
            52.407349
          ],
          [
            4.832107,
            52.40731
          ],
          [
            4.832183,
            52.407272
          ],
          [
            4.832275,
            52.407227
          ],
          [
            4.832358,
            52.407185
          ],
          [
            4.83244,
            52.407139
          ],
          [
            4.832533,
            52.407093
          ],
          [
            4.832613,
            52.407051
          ],
          [
            4.832714,
            52.406998
          ],
          [
            4.832803,
            52.406952
          ],
          [
            4.832886,
            52.40691
          ],
          [
            4.83297,
            52.406868
          ],
          [
            4.833068,
            52.406815
          ],
          [
            4.833145,
            52.406776
          ],
          [
            4.833235,
            52.406738
          ],
          [
            4.833313,
            52.4067
          ],
          [
            4.833398,
            52.406666
          ],
          [
            4.833483,
            52.406631
          ],
          [
            4.83357,
            52.406593
          ],
          [
            4.833656,
            52.406555
          ],
          [
            4.833738,
            52.406521
          ],
          [
            4.833799,
            52.406494
          ],
          [
            4.833889,
            52.406456
          ],
          [
            4.833949,
            52.406433
          ],
          [
            4.834036,
            52.406395
          ],
          [
            4.834126,
            52.406361
          ],
          [
            4.834202,
            52.406338
          ],
          [
            4.8343,
            52.406307
          ],
          [
            4.834404,
            52.406269
          ],
          [
            4.83447,
            52.406246
          ],
          [
            4.834556,
            52.406219
          ],
          [
            4.834614,
            52.406197
          ],
          [
            4.834677,
            52.406174
          ],
          [
            4.834767,
            52.406139
          ],
          [
            4.834834,
            52.406109
          ],
          [
            4.834957,
            52.406052
          ],
          [
            4.835054,
            52.406006
          ],
          [
            4.83515,
            52.40596
          ],
          [
            4.835244,
            52.405911
          ],
          [
            4.835332,
            52.405869
          ],
          [
            4.835405,
            52.40583
          ],
          [
            4.835474,
            52.405796
          ],
          [
            4.835565,
            52.405754
          ],
          [
            4.835613,
            52.405731
          ],
          [
            4.835703,
            52.405689
          ],
          [
            4.835761,
            52.405659
          ],
          [
            4.835835,
            52.405617
          ],
          [
            4.835891,
            52.405586
          ],
          [
            4.835959,
            52.405544
          ],
          [
            4.835977,
            52.405537
          ],
          [
            4.836133,
            52.405445
          ],
          [
            4.836207,
            52.405403
          ],
          [
            4.83625,
            52.40538
          ],
          [
            4.836373,
            52.405308
          ],
          [
            4.836455,
            52.405254
          ],
          [
            4.836538,
            52.405205
          ],
          [
            4.836629,
            52.405151
          ],
          [
            4.836704,
            52.405106
          ],
          [
            4.836779,
            52.405064
          ],
          [
            4.83685,
            52.405022
          ],
          [
            4.836922,
            52.40498
          ],
          [
            4.836997,
            52.404934
          ],
          [
            4.837057,
            52.404892
          ],
          [
            4.837051,
            52.404892
          ],
          [
            4.837046,
            52.404911
          ],
          [
            4.83707,
            52.404869
          ],
          [
            4.837093,
            52.404816
          ],
          [
            4.837107,
            52.404758
          ],
          [
            4.837111,
            52.404701
          ],
          [
            4.837035,
            52.404484
          ],
          [
            4.836988,
            52.404423
          ],
          [
            4.836928,
            52.404369
          ],
          [
            4.836869,
            52.404316
          ],
          [
            4.836819,
            52.40427
          ],
          [
            4.836772,
            52.404232
          ],
          [
            4.836711,
            52.404179
          ],
          [
            4.836643,
            52.404118
          ],
          [
            4.836586,
            52.40406
          ],
          [
            4.836527,
            52.404011
          ],
          [
            4.836498,
            52.403984
          ],
          [
            4.836428,
            52.403923
          ],
          [
            4.836373,
            52.40387
          ],
          [
            4.836336,
            52.403828
          ],
          [
            4.836297,
            52.403767
          ],
          [
            4.836265,
            52.403698
          ],
          [
            4.836246,
            52.403629
          ],
          [
            4.836238,
            52.403561
          ],
          [
            4.836233,
            52.403507
          ],
          [
            4.83623,
            52.403439
          ],
          [
            4.836228,
            52.403377
          ],
          [
            4.836229,
            52.403313
          ],
          [
            4.83623,
            52.403259
          ],
          [
            4.836229,
            52.403229
          ],
          [
            4.836231,
            52.403179
          ],
          [
            4.83623,
            52.403095
          ],
          [
            4.836229,
            52.403038
          ],
          [
            4.836226,
            52.402985
          ],
          [
            4.836225,
            52.402912
          ],
          [
            4.836224,
            52.402851
          ],
          [
            4.836226,
            52.402779
          ],
          [
            4.836227,
            52.402698
          ],
          [
            4.836224,
            52.402634
          ],
          [
            4.836222,
            52.402576
          ],
          [
            4.836219,
            52.402504
          ],
          [
            4.836219,
            52.402439
          ],
          [
            4.836218,
            52.40237
          ],
          [
            4.836219,
            52.402302
          ],
          [
            4.83622,
            52.402252
          ],
          [
            4.83622,
            52.40221
          ],
          [
            4.83622,
            52.402161
          ],
          [
            4.836219,
            52.402084
          ],
          [
            4.836219,
            52.402012
          ],
          [
            4.836217,
            52.401962
          ],
          [
            4.836226,
            52.40189
          ],
          [
            4.836218,
            52.401821
          ],
          [
            4.83622,
            52.401756
          ],
          [
            4.83622,
            52.401703
          ],
          [
            4.836219,
            52.401634
          ],
          [
            4.836219,
            52.401569
          ],
          [
            4.836219,
            52.401508
          ],
          [
            4.836218,
            52.401436
          ],
          [
            4.836215,
            52.401352
          ],
          [
            4.836214,
            52.401287
          ],
          [
            4.836215,
            52.401222
          ],
          [
            4.836213,
            52.401165
          ],
          [
            4.836214,
            52.401104
          ],
          [
            4.836214,
            52.401058
          ],
          [
            4.836214,
            52.401016
          ],
          [
            4.836213,
            52.400944
          ],
          [
            4.836211,
            52.400883
          ],
          [
            4.836212,
            52.400848
          ],
          [
            4.83621,
            52.400768
          ],
          [
            4.836208,
            52.400688
          ],
          [
            4.836207,
            52.400627
          ],
          [
            4.836208,
            52.400551
          ],
          [
            4.836208,
            52.400478
          ],
          [
            4.836211,
            52.400406
          ],
          [
            4.836211,
            52.400349
          ],
          [
            4.836213,
            52.400265
          ],
          [
            4.836215,
            52.4002
          ],
          [
            4.836216,
            52.400146
          ],
          [
            4.836214,
            52.400085
          ],
          [
            4.836213,
            52.400036
          ],
          [
            4.836215,
            52.399979
          ],
          [
            4.836215,
            52.399902
          ],
          [
            4.836217,
            52.39983
          ],
          [
            4.836216,
            52.399757
          ],
          [
            4.836215,
            52.399696
          ],
          [
            4.836214,
            52.399631
          ],
          [
            4.836216,
            52.399574
          ],
          [
            4.836215,
            52.399509
          ],
          [
            4.836216,
            52.399456
          ],
          [
            4.836216,
            52.399426
          ],
          [
            4.836216,
            52.399364
          ],
          [
            4.836216,
            52.399296
          ],
          [
            4.836218,
            52.399219
          ],
          [
            4.836215,
            52.399147
          ],
          [
            4.83621,
            52.399078
          ],
          [
            4.836206,
            52.399017
          ],
          [
            4.836206,
            52.398991
          ],
          [
            4.836203,
            52.398941
          ],
          [
            4.836201,
            52.398884
          ],
          [
            4.836194,
            52.398792
          ],
          [
            4.836191,
            52.398727
          ],
          [
            4.836189,
            52.398682
          ],
          [
            4.836183,
            52.398601
          ],
          [
            4.836179,
            52.39854
          ],
          [
            4.836174,
            52.398479
          ],
          [
            4.836171,
            52.398441
          ],
          [
            4.836165,
            52.398388
          ],
          [
            4.836157,
            52.398308
          ],
          [
            4.836152,
            52.398247
          ],
          [
            4.836146,
            52.398205
          ],
          [
            4.836142,
            52.398125
          ],
          [
            4.836132,
            52.398029
          ],
          [
            4.836122,
            52.397949
          ],
          [
            4.836117,
            52.397911
          ],
          [
            4.836106,
            52.397835
          ],
          [
            4.836098,
            52.397778
          ],
          [
            4.836087,
            52.397717
          ],
          [
            4.836079,
            52.397636
          ],
          [
            4.836067,
            52.397575
          ],
          [
            4.836056,
            52.397507
          ],
          [
            4.836045,
            52.397442
          ],
          [
            4.836036,
            52.397381
          ],
          [
            4.83602,
            52.39732
          ],
          [
            4.836013,
            52.397255
          ],
          [
            4.836007,
            52.397236
          ],
          [
            4.836,
            52.397194
          ],
          [
            4.835991,
            52.397144
          ],
          [
            4.835978,
            52.397076
          ],
          [
            4.835966,
            52.397011
          ],
          [
            4.835961,
            52.396992
          ],
          [
            4.835951,
            52.396938
          ],
          [
            4.835939,
            52.396877
          ],
          [
            4.835928,
            52.396812
          ],
          [
            4.835918,
            52.396755
          ],
          [
            4.835907,
            52.39669
          ],
          [
            4.835895,
            52.396626
          ],
          [
            4.835883,
            52.396565
          ],
          [
            4.835874,
            52.396507
          ],
          [
            4.835861,
            52.396439
          ],
          [
            4.835849,
            52.396378
          ],
          [
            4.835828,
            52.396267
          ],
          [
            4.835822,
            52.39624
          ],
          [
            4.835814,
            52.396198
          ],
          [
            4.835801,
            52.396133
          ],
          [
            4.835789,
            52.396072
          ],
          [
            4.835777,
            52.396011
          ],
          [
            4.835764,
            52.395947
          ],
          [
            4.835753,
            52.395886
          ],
          [
            4.83574,
            52.395817
          ],
          [
            4.835729,
            52.395748
          ],
          [
            4.83571,
            52.395641
          ],
          [
            4.835695,
            52.395569
          ],
          [
            4.835688,
            52.395504
          ],
          [
            4.835679,
            52.395473
          ],
          [
            4.83567,
            52.395416
          ],
          [
            4.835659,
            52.395351
          ],
          [
            4.835647,
            52.395268
          ],
          [
            4.835634,
            52.39518
          ],
          [
            4.835626,
            52.395115
          ],
          [
            4.835626,
            52.395111
          ],
          [
            4.835622,
            52.395081
          ],
          [
            4.835619,
            52.395031
          ],
          [
            4.835614,
            52.394981
          ],
          [
            4.835611,
            52.394917
          ],
          [
            4.835607,
            52.394848
          ],
          [
            4.835605,
            52.394783
          ],
          [
            4.835601,
            52.394722
          ],
          [
            4.835597,
            52.394653
          ],
          [
            4.835594,
            52.394588
          ],
          [
            4.835595,
            52.394527
          ],
          [
            4.83559,
            52.394451
          ],
          [
            4.835587,
            52.394379
          ],
          [
            4.835581,
            52.394325
          ],
          [
            4.835581,
            52.394264
          ],
          [
            4.835579,
            52.394199
          ],
          [
            4.835576,
            52.394138
          ],
          [
            4.835569,
            52.394074
          ],
          [
            4.835567,
            52.394012
          ],
          [
            4.835563,
            52.393944
          ],
          [
            4.835558,
            52.393875
          ],
          [
            4.835555,
            52.39381
          ],
          [
            4.835553,
            52.393734
          ],
          [
            4.835548,
            52.393665
          ],
          [
            4.835547,
            52.3936
          ],
          [
            4.835544,
            52.393517
          ],
          [
            4.835541,
            52.393456
          ],
          [
            4.835536,
            52.393394
          ],
          [
            4.835538,
            52.393333
          ],
          [
            4.835532,
            52.393261
          ],
          [
            4.835527,
            52.393169
          ],
          [
            4.835524,
            52.393139
          ],
          [
            4.835521,
            52.393097
          ],
          [
            4.835516,
            52.393044
          ],
          [
            4.835511,
            52.392979
          ],
          [
            4.835507,
            52.39291
          ],
          [
            4.835499,
            52.392853
          ],
          [
            4.835494,
            52.392769
          ],
          [
            4.835487,
            52.3927
          ],
          [
            4.835485,
            52.39267
          ],
          [
            4.835478,
            52.392632
          ],
          [
            4.83547,
            52.392597
          ],
          [
            4.835466,
            52.392567
          ],
          [
            4.835458,
            52.392529
          ],
          [
            4.835359,
            52.392395
          ],
          [
            4.835323,
            52.392342
          ],
          [
            4.835298,
            52.3923
          ],
          [
            4.835278,
            52.392254
          ],
          [
            4.835268,
            52.39222
          ],
          [
            4.835274,
            52.39217
          ],
          [
            4.835291,
            52.392117
          ],
          [
            4.835302,
            52.392082
          ],
          [
            4.835315,
            52.392048
          ],
          [
            4.83533,
            52.392002
          ],
          [
            4.83535,
            52.391949
          ],
          [
            4.83537,
            52.39188
          ],
          [
            4.835393,
            52.3918
          ],
          [
            4.835417,
            52.391716
          ],
          [
            4.835433,
            52.391659
          ],
          [
            4.835454,
            52.39159
          ],
          [
            4.83547,
            52.391525
          ],
          [
            4.835478,
            52.391483
          ],
          [
            4.83549,
            52.391441
          ],
          [
            4.835508,
            52.391392
          ],
          [
            4.835536,
            52.391346
          ],
          [
            4.835556,
            52.3913
          ],
          [
            4.835574,
            52.391258
          ],
          [
            4.835599,
            52.39122
          ],
          [
            4.835622,
            52.391167
          ],
          [
            4.835641,
            52.391109
          ],
          [
            4.835653,
            52.391068
          ],
          [
            4.835674,
            52.391014
          ],
          [
            4.8357,
            52.390949
          ],
          [
            4.835718,
            52.390907
          ],
          [
            4.835738,
            52.390861
          ],
          [
            4.835765,
            52.390812
          ],
          [
            4.835782,
            52.390778
          ],
          [
            4.835815,
            52.390739
          ],
          [
            4.835847,
            52.39069
          ],
          [
            4.835866,
            52.390625
          ],
          [
            4.835877,
            52.390568
          ],
          [
            4.835886,
            52.390499
          ],
          [
            4.835884,
            52.390434
          ],
          [
            4.835878,
            52.390366
          ],
          [
            4.835875,
            52.390308
          ],
          [
            4.835872,
            52.390251
          ],
          [
            4.835868,
            52.390198
          ],
          [
            4.835864,
            52.390129
          ],
          [
            4.835862,
            52.390057
          ],
          [
            4.83586,
            52.390003
          ],
          [
            4.835859,
            52.38995
          ],
          [
            4.835863,
            52.389912
          ],
          [
            4.835865,
            52.389873
          ],
          [
            4.83587,
            52.389828
          ],
          [
            4.835875,
            52.389797
          ],
          [
            4.835878,
            52.389759
          ],
          [
            4.835876,
            52.389717
          ],
          [
            4.835869,
            52.389671
          ],
          [
            4.835871,
            52.389629
          ],
          [
            4.835868,
            52.389576
          ],
          [
            4.835865,
            52.389523
          ],
          [
            4.835865,
            52.389473
          ],
          [
            4.835866,
            52.389416
          ],
          [
            4.835867,
            52.389351
          ],
          [
            4.835867,
            52.38929
          ],
          [
            4.835866,
            52.389229
          ],
          [
            4.835868,
            52.389164
          ],
          [
            4.835869,
            52.389095
          ],
          [
            4.835868,
            52.389027
          ],
          [
            4.835869,
            52.388981
          ],
          [
            4.835868,
            52.388924
          ],
          [
            4.835868,
            52.388866
          ],
          [
            4.835869,
            52.388794
          ],
          [
            4.835869,
            52.388741
          ],
          [
            4.835868,
            52.388679
          ],
          [
            4.835867,
            52.388615
          ],
          [
            4.835865,
            52.38855
          ],
          [
            4.835861,
            52.388489
          ],
          [
            4.835862,
            52.388443
          ],
          [
            4.835855,
            52.388409
          ],
          [
            4.835846,
            52.388374
          ],
          [
            4.835841,
            52.388344
          ],
          [
            4.835835,
            52.388313
          ],
          [
            4.835828,
            52.388279
          ],
          [
            4.835822,
            52.388252
          ],
          [
            4.835821,
            52.388226
          ],
          [
            4.835821,
            52.388199
          ],
          [
            4.835819,
            52.388157
          ],
          [
            4.83582,
            52.388126
          ],
          [
            4.835815,
            52.388092
          ],
          [
            4.835829,
            52.388061
          ],
          [
            4.835821,
            52.388031
          ],
          [
            4.835827,
            52.388004
          ],
          [
            4.835824,
            52.387989
          ],
          [
            4.835824,
            52.387989
          ],
          [
            4.835755,
            52.387917
          ],
          [
            4.835755,
            52.387917
          ],
          [
            4.835755,
            52.387917
          ],
          [
            4.835754,
            52.38789
          ],
          [
            4.835754,
            52.38789
          ],
          [
            4.835754,
            52.38789
          ],
          [
            4.835754,
            52.38789
          ],
          [
            4.835777,
            52.387863
          ],
          [
            4.835777,
            52.387863
          ],
          [
            4.835771,
            52.387852
          ],
          [
            4.835771,
            52.387852
          ],
          [
            4.835778,
            52.387836
          ],
          [
            4.835778,
            52.387836
          ],
          [
            4.835764,
            52.387821
          ],
          [
            4.835764,
            52.387817
          ],
          [
            4.835764,
            52.387817
          ],
          [
            4.835764,
            52.387817
          ],
          [
            4.835742,
            52.387806
          ],
          [
            4.83574,
            52.387802
          ],
          [
            4.835731,
            52.38781
          ],
          [
            4.835721,
            52.38781
          ],
          [
            4.835691,
            52.387806
          ],
          [
            4.835663,
            52.387806
          ],
          [
            4.835621,
            52.387802
          ],
          [
            4.835581,
            52.387802
          ],
          [
            4.835533,
            52.387802
          ],
          [
            4.835488,
            52.387802
          ],
          [
            4.835443,
            52.387806
          ],
          [
            4.835392,
            52.387814
          ],
          [
            4.835343,
            52.387825
          ],
          [
            4.835289,
            52.38784
          ],
          [
            4.835225,
            52.387859
          ],
          [
            4.835174,
            52.387875
          ],
          [
            4.835131,
            52.387897
          ],
          [
            4.835066,
            52.38792
          ],
          [
            4.835012,
            52.387939
          ],
          [
            4.83496,
            52.387958
          ],
          [
            4.834908,
            52.387974
          ],
          [
            4.834882,
            52.387985
          ],
          [
            4.834783,
            52.388004
          ],
          [
            4.834713,
            52.38802
          ],
          [
            4.834655,
            52.388031
          ],
          [
            4.834586,
            52.388035
          ],
          [
            4.834515,
            52.388039
          ],
          [
            4.834437,
            52.388042
          ],
          [
            4.834389,
            52.388042
          ],
          [
            4.834307,
            52.388042
          ],
          [
            4.834245,
            52.388039
          ],
          [
            4.834187,
            52.388039
          ],
          [
            4.834137,
            52.388035
          ],
          [
            4.834088,
            52.388027
          ],
          [
            4.834057,
            52.388023
          ],
          [
            4.834029,
            52.388004
          ],
          [
            4.834012,
            52.387981
          ],
          [
            4.834002,
            52.387958
          ],
          [
            4.834,
            52.38792
          ],
          [
            4.834,
            52.38789
          ],
          [
            4.834,
            52.387848
          ],
          [
            4.834,
            52.387795
          ],
          [
            4.834,
            52.387737
          ],
          [
            4.833999,
            52.387688
          ],
          [
            4.833998,
            52.387627
          ],
          [
            4.834,
            52.387566
          ],
          [
            4.833996,
            52.387505
          ],
          [
            4.834,
            52.387447
          ],
          [
            4.834004,
            52.387375
          ],
          [
            4.834013,
            52.38731
          ],
          [
            4.834008,
            52.387245
          ],
          [
            4.834022,
            52.387188
          ],
          [
            4.834024,
            52.387119
          ],
          [
            4.83403,
            52.387054
          ],
          [
            4.834036,
            52.386993
          ],
          [
            4.834033,
            52.386936
          ],
          [
            4.834037,
            52.386871
          ],
          [
            4.834039,
            52.386803
          ],
          [
            4.834033,
            52.38673
          ],
          [
            4.834039,
            52.386669
          ],
          [
            4.834037,
            52.386635
          ],
          [
            4.834032,
            52.386578
          ],
          [
            4.834033,
            52.38652
          ],
          [
            4.834033,
            52.386459
          ],
          [
            4.834033,
            52.386402
          ],
          [
            4.83403,
            52.38633
          ],
          [
            4.834029,
            52.386269
          ],
          [
            4.834028,
            52.386188
          ],
          [
            4.834027,
            52.386116
          ],
          [
            4.834027,
            52.38604
          ],
          [
            4.834027,
            52.385983
          ],
          [
            4.834027,
            52.385914
          ],
          [
            4.834028,
            52.385841
          ],
          [
            4.83403,
            52.385769
          ],
          [
            4.834031,
            52.385719
          ],
          [
            4.834036,
            52.385654
          ],
          [
            4.834037,
            52.38559
          ],
          [
            4.834038,
            52.385509
          ],
          [
            4.834038,
            52.385441
          ],
          [
            4.834038,
            52.385391
          ],
          [
            4.83404,
            52.385326
          ],
          [
            4.834045,
            52.385262
          ],
          [
            4.83407,
            52.385208
          ],
          [
            4.834081,
            52.385189
          ],
          [
            4.834155,
            52.385147
          ],
          [
            4.834218,
            52.385109
          ],
          [
            4.834246,
            52.385082
          ],
          [
            4.834276,
            52.385048
          ],
          [
            4.8343,
            52.385014
          ],
          [
            4.834308,
            52.384975
          ],
          [
            4.834316,
            52.384926
          ],
          [
            4.834321,
            52.38488
          ],
          [
            4.834325,
            52.384842
          ],
          [
            4.834329,
            52.384811
          ],
          [
            4.834333,
            52.384773
          ],
          [
            4.834341,
            52.384735
          ],
          [
            4.834349,
            52.384693
          ],
          [
            4.834338,
            52.384651
          ],
          [
            4.834321,
            52.384628
          ],
          [
            4.834284,
            52.384617
          ],
          [
            4.834243,
            52.384609
          ],
          [
            4.834209,
            52.384594
          ],
          [
            4.834178,
            52.384575
          ],
          [
            4.834157,
            52.384552
          ],
          [
            4.834146,
            52.384518
          ],
          [
            4.834135,
            52.384479
          ],
          [
            4.834131,
            52.384445
          ],
          [
            4.834133,
            52.384396
          ],
          [
            4.834128,
            52.384342
          ],
          [
            4.834124,
            52.384281
          ],
          [
            4.834111,
            52.38422
          ],
          [
            4.834096,
            52.384159
          ],
          [
            4.834088,
            52.384121
          ],
          [
            4.834067,
            52.384075
          ],
          [
            4.834043,
            52.384029
          ],
          [
            4.834018,
            52.383972
          ],
          [
            4.833998,
            52.383923
          ],
          [
            4.833973,
            52.383869
          ],
          [
            4.833941,
            52.383804
          ],
          [
            4.833919,
            52.383751
          ],
          [
            4.833896,
            52.38369
          ],
          [
            4.833878,
            52.383648
          ],
          [
            4.833857,
            52.383595
          ],
          [
            4.833834,
            52.383537
          ],
          [
            4.833809,
            52.383476
          ],
          [
            4.833783,
            52.383427
          ],
          [
            4.833761,
            52.383362
          ],
          [
            4.833725,
            52.383274
          ],
          [
            4.833687,
            52.383186
          ],
          [
            4.833655,
            52.383114
          ],
          [
            4.833625,
            52.38306
          ],
          [
            4.833571,
            52.382984
          ],
          [
            4.833517,
            52.382919
          ],
          [
            4.833468,
            52.382858
          ],
          [
            4.833424,
            52.382801
          ],
          [
            4.833378,
            52.382736
          ],
          [
            4.833345,
            52.382679
          ],
          [
            4.833309,
            52.382603
          ],
          [
            4.833279,
            52.382534
          ],
          [
            4.833252,
            52.382469
          ],
          [
            4.833219,
            52.382393
          ],
          [
            4.833193,
            52.382332
          ],
          [
            4.833174,
            52.38229
          ],
          [
            4.833156,
            52.382244
          ],
          [
            4.833131,
            52.382191
          ],
          [
            4.833111,
            52.382137
          ],
          [
            4.833087,
            52.38208
          ],
          [
            4.833062,
            52.382027
          ],
          [
            4.833036,
            52.381958
          ],
          [
            4.833012,
            52.381905
          ],
          [
            4.832987,
            52.381847
          ],
          [
            4.83296,
            52.381775
          ],
          [
            4.832935,
            52.381718
          ],
          [
            4.83291,
            52.38166
          ],
          [
            4.83288,
            52.381592
          ],
          [
            4.832836,
            52.381515
          ],
          [
            4.832808,
            52.381458
          ],
          [
            4.832776,
            52.381401
          ],
          [
            4.832732,
            52.381317
          ],
          [
            4.832693,
            52.381229
          ],
          [
            4.832659,
            52.381153
          ],
          [
            4.832629,
            52.381092
          ],
          [
            4.832611,
            52.381042
          ],
          [
            4.832588,
            52.381001
          ],
          [
            4.832567,
            52.380951
          ],
          [
            4.832541,
            52.380901
          ],
          [
            4.832524,
            52.380852
          ],
          [
            4.832493,
            52.380791
          ],
          [
            4.832469,
            52.38073
          ],
          [
            4.832444,
            52.380672
          ],
          [
            4.832423,
            52.380619
          ],
          [
            4.832396,
            52.380558
          ],
          [
            4.832368,
            52.380493
          ],
          [
            4.832346,
            52.380432
          ],
          [
            4.832321,
            52.380375
          ],
          [
            4.832301,
            52.380325
          ],
          [
            4.832273,
            52.380264
          ],
          [
            4.832248,
            52.380199
          ],
          [
            4.832223,
            52.380138
          ],
          [
            4.832201,
            52.380081
          ],
          [
            4.832177,
            52.380028
          ],
          [
            4.832157,
            52.379978
          ],
          [
            4.83214,
            52.379944
          ],
          [
            4.832121,
            52.379913
          ],
          [
            4.832094,
            52.379894
          ],
          [
            4.832061,
            52.37989
          ],
          [
            4.832022,
            52.37989
          ],
          [
            4.831965,
            52.379902
          ],
          [
            4.831921,
            52.37991
          ],
          [
            4.831869,
            52.379917
          ],
          [
            4.831826,
            52.379921
          ],
          [
            4.831776,
            52.379929
          ],
          [
            4.831735,
            52.379932
          ],
          [
            4.831691,
            52.37994
          ],
          [
            4.831647,
            52.379948
          ],
          [
            4.831614,
            52.379952
          ],
          [
            4.831576,
            52.379959
          ],
          [
            4.831536,
            52.379967
          ],
          [
            4.831501,
            52.379971
          ],
          [
            4.831477,
            52.379971
          ],
          [
            4.831462,
            52.379967
          ],
          [
            4.831452,
            52.379959
          ],
          [
            4.831454,
            52.379948
          ],
          [
            4.831471,
            52.379932
          ],
          [
            4.831498,
            52.379925
          ],
          [
            4.831546,
            52.379913
          ],
          [
            4.831603,
            52.379906
          ],
          [
            4.831668,
            52.379898
          ],
          [
            4.831734,
            52.379887
          ],
          [
            4.831793,
            52.379875
          ],
          [
            4.831856,
            52.37986
          ],
          [
            4.831914,
            52.379841
          ],
          [
            4.831953,
            52.379826
          ],
          [
            4.83198,
            52.379814
          ],
          [
            4.831996,
            52.379803
          ],
          [
            4.832004,
            52.379787
          ],
          [
            4.832006,
            52.379772
          ],
          [
            4.832004,
            52.379749
          ],
          [
            4.832,
            52.379723
          ],
          [
            4.831998,
            52.379696
          ],
          [
            4.831995,
            52.379696
          ],
          [
            4.83199,
            52.3797
          ],
          [
            4.831996,
            52.379581
          ],
          [
            4.831986,
            52.379524
          ],
          [
            4.831974,
            52.379467
          ],
          [
            4.831962,
            52.379421
          ],
          [
            4.831943,
            52.379364
          ],
          [
            4.83192,
            52.379299
          ],
          [
            4.831895,
            52.379238
          ],
          [
            4.831862,
            52.379169
          ],
          [
            4.83184,
            52.37912
          ],
          [
            4.83183,
            52.379047
          ],
          [
            4.831809,
            52.378998
          ],
          [
            4.831796,
            52.378944
          ],
          [
            4.831774,
            52.378891
          ],
          [
            4.831755,
            52.378838
          ],
          [
            4.831728,
            52.378765
          ],
          [
            4.831704,
            52.378708
          ],
          [
            4.831681,
            52.378643
          ],
          [
            4.831663,
            52.378578
          ],
          [
            4.831646,
            52.378506
          ],
          [
            4.831623,
            52.378437
          ],
          [
            4.831594,
            52.378376
          ],
          [
            4.831564,
            52.378319
          ],
          [
            4.831544,
            52.378265
          ],
          [
            4.831518,
            52.378212
          ],
          [
            4.831489,
            52.37817
          ],
          [
            4.831465,
            52.37812
          ],
          [
            4.831445,
            52.378067
          ],
          [
            4.831411,
            52.378014
          ],
          [
            4.83139,
            52.37796
          ],
          [
            4.831368,
            52.377907
          ],
          [
            4.831344,
            52.37785
          ],
          [
            4.83132,
            52.377792
          ],
          [
            4.831295,
            52.377735
          ],
          [
            4.831272,
            52.377678
          ],
          [
            4.831247,
            52.377617
          ],
          [
            4.831222,
            52.377556
          ],
          [
            4.831204,
            52.377491
          ],
          [
            4.831193,
            52.37743
          ],
          [
            4.831179,
            52.377373
          ],
          [
            4.831151,
            52.377319
          ],
          [
            4.831132,
            52.37727
          ],
          [
            4.83111,
            52.37722
          ],
          [
            4.831087,
            52.377171
          ],
          [
            4.831067,
            52.377129
          ],
          [
            4.831047,
            52.377079
          ],
          [
            4.831038,
            52.377026
          ],
          [
            4.831059,
            52.37698
          ],
          [
            4.83111,
            52.376934
          ],
          [
            4.831182,
            52.376904
          ],
          [
            4.831262,
            52.376884
          ],
          [
            4.831356,
            52.376873
          ],
          [
            4.831429,
            52.376858
          ],
          [
            4.831556,
            52.376831
          ],
          [
            4.831626,
            52.376816
          ],
          [
            4.831755,
            52.376789
          ],
          [
            4.831864,
            52.37677
          ],
          [
            4.831946,
            52.376751
          ],
          [
            4.83207,
            52.376732
          ],
          [
            4.832109,
            52.376724
          ],
          [
            4.832293,
            52.376694
          ],
          [
            4.83238,
            52.376675
          ],
          [
            4.83251,
            52.376652
          ],
          [
            4.832609,
            52.376637
          ],
          [
            4.832716,
            52.376617
          ],
          [
            4.832815,
            52.376602
          ],
          [
            4.832887,
            52.376583
          ],
          [
            4.833007,
            52.37656
          ],
          [
            4.833102,
            52.376537
          ],
          [
            4.833181,
            52.376503
          ],
          [
            4.833242,
            52.376457
          ],
          [
            4.833285,
            52.376408
          ],
          [
            4.833304,
            52.376347
          ],
          [
            4.833302,
            52.376289
          ],
          [
            4.833292,
            52.376228
          ],
          [
            4.833275,
            52.376167
          ],
          [
            4.833247,
            52.376102
          ],
          [
            4.833219,
            52.376041
          ],
          [
            4.833198,
            52.375984
          ],
          [
            4.833169,
            52.375923
          ],
          [
            4.833143,
            52.375862
          ],
          [
            4.833122,
            52.375801
          ],
          [
            4.833092,
            52.375736
          ],
          [
            4.833065,
            52.375679
          ],
          [
            4.833038,
            52.375618
          ],
          [
            4.83301,
            52.375561
          ],
          [
            4.832988,
            52.3755
          ],
          [
            4.832966,
            52.375446
          ],
          [
            4.83294,
            52.375381
          ],
          [
            4.832917,
            52.37532
          ],
          [
            4.832889,
            52.375259
          ],
          [
            4.832867,
            52.375206
          ],
          [
            4.832843,
            52.375141
          ],
          [
            4.832814,
            52.37508
          ],
          [
            4.832788,
            52.375019
          ],
          [
            4.83276,
            52.374958
          ],
          [
            4.83274,
            52.374905
          ],
          [
            4.832716,
            52.37484
          ],
          [
            4.83269,
            52.374779
          ],
          [
            4.832664,
            52.374722
          ],
          [
            4.832645,
            52.374664
          ],
          [
            4.832627,
            52.374603
          ],
          [
            4.832609,
            52.374542
          ],
          [
            4.832588,
            52.374481
          ],
          [
            4.832568,
            52.37442
          ],
          [
            4.83255,
            52.374367
          ],
          [
            4.832528,
            52.37431
          ],
          [
            4.832503,
            52.374245
          ],
          [
            4.832477,
            52.374184
          ],
          [
            4.832457,
            52.37413
          ],
          [
            4.832429,
            52.374065
          ],
          [
            4.832405,
            52.373997
          ],
          [
            4.832368,
            52.373901
          ],
          [
            4.83233,
            52.373817
          ],
          [
            4.832297,
            52.373741
          ],
          [
            4.832268,
            52.37368
          ],
          [
            4.832241,
            52.373615
          ],
          [
            4.832216,
            52.373554
          ],
          [
            4.83219,
            52.373489
          ],
          [
            4.832166,
            52.373425
          ],
          [
            4.832141,
            52.37336
          ],
          [
            4.832129,
            52.373318
          ],
          [
            4.832103,
            52.373268
          ],
          [
            4.832081,
            52.373211
          ],
          [
            4.832058,
            52.373154
          ],
          [
            4.832034,
            52.373093
          ],
          [
            4.832012,
            52.373032
          ],
          [
            4.831985,
            52.372974
          ],
          [
            4.831958,
            52.372921
          ],
          [
            4.831926,
            52.37286
          ],
          [
            4.831899,
            52.372799
          ],
          [
            4.831876,
            52.372742
          ],
          [
            4.831849,
            52.372684
          ],
          [
            4.831825,
            52.372631
          ],
          [
            4.831791,
            52.372566
          ],
          [
            4.831759,
            52.372509
          ],
          [
            4.83173,
            52.372452
          ],
          [
            4.831701,
            52.372395
          ],
          [
            4.831673,
            52.372337
          ],
          [
            4.831649,
            52.372276
          ],
          [
            4.83163,
            52.372211
          ],
          [
            4.831609,
            52.372154
          ],
          [
            4.831585,
            52.372097
          ],
          [
            4.831554,
            52.372036
          ],
          [
            4.831526,
            52.371975
          ],
          [
            4.831501,
            52.37191
          ],
          [
            4.831478,
            52.371853
          ],
          [
            4.831454,
            52.371796
          ],
          [
            4.831431,
            52.371738
          ],
          [
            4.831402,
            52.371677
          ],
          [
            4.831376,
            52.371613
          ],
          [
            4.831352,
            52.371551
          ],
          [
            4.83133,
            52.371494
          ],
          [
            4.831308,
            52.371433
          ],
          [
            4.831279,
            52.371372
          ],
          [
            4.831248,
            52.371307
          ],
          [
            4.831218,
            52.37125
          ],
          [
            4.831192,
            52.371193
          ],
          [
            4.83117,
            52.37114
          ],
          [
            4.831147,
            52.371082
          ],
          [
            4.831126,
            52.371029
          ],
          [
            4.831089,
            52.370987
          ],
          [
            4.831073,
            52.370987
          ],
          [
            4.831018,
            52.370975
          ],
          [
            4.830957,
            52.370964
          ],
          [
            4.830887,
            52.370949
          ],
          [
            4.830811,
            52.370933
          ],
          [
            4.830736,
            52.370914
          ],
          [
            4.830657,
            52.370888
          ],
          [
            4.830578,
            52.37085
          ],
          [
            4.830518,
            52.370808
          ],
          [
            4.830472,
            52.370762
          ],
          [
            4.830438,
            52.370697
          ],
          [
            4.830421,
            52.370632
          ],
          [
            4.830422,
            52.370571
          ],
          [
            4.830441,
            52.37051
          ],
          [
            4.830453,
            52.370468
          ],
          [
            4.830451,
            52.370453
          ],
          [
            4.830465,
            52.370392
          ],
          [
            4.830472,
            52.370335
          ],
          [
            4.83046,
            52.370281
          ],
          [
            4.830385,
            52.370117
          ],
          [
            4.830348,
            52.37006
          ],
          [
            4.830309,
            52.370007
          ],
          [
            4.83026,
            52.369946
          ],
          [
            4.830209,
            52.369885
          ],
          [
            4.83016,
            52.36982
          ],
          [
            4.830111,
            52.369759
          ],
          [
            4.830064,
            52.369694
          ],
          [
            4.830017,
            52.369633
          ],
          [
            4.82997,
            52.369575
          ],
          [
            4.829929,
            52.369518
          ],
          [
            4.829883,
            52.369461
          ],
          [
            4.829839,
            52.369404
          ],
          [
            4.829797,
            52.369347
          ],
          [
            4.829754,
            52.369293
          ],
          [
            4.829706,
            52.369236
          ],
          [
            4.829659,
            52.369179
          ],
          [
            4.829615,
            52.369122
          ],
          [
            4.829569,
            52.369064
          ],
          [
            4.829519,
            52.369007
          ],
          [
            4.829473,
            52.368954
          ],
          [
            4.829433,
            52.368904
          ],
          [
            4.829385,
            52.368843
          ],
          [
            4.829338,
            52.368782
          ],
          [
            4.829293,
            52.368732
          ],
          [
            4.829259,
            52.368679
          ],
          [
            4.829201,
            52.368622
          ],
          [
            4.829156,
            52.368561
          ],
          [
            4.829108,
            52.368504
          ],
          [
            4.829059,
            52.368446
          ],
          [
            4.829009,
            52.368385
          ],
          [
            4.828961,
            52.368332
          ],
          [
            4.828915,
            52.368271
          ],
          [
            4.828864,
            52.368217
          ],
          [
            4.828814,
            52.368153
          ],
          [
            4.828769,
            52.368092
          ],
          [
            4.828733,
            52.368057
          ],
          [
            4.828666,
            52.367966
          ],
          [
            4.828627,
            52.367908
          ],
          [
            4.828586,
            52.367859
          ],
          [
            4.828555,
            52.367844
          ],
          [
            4.828499,
            52.367813
          ],
          [
            4.828501,
            52.367817
          ],
          [
            4.828471,
            52.367813
          ],
          [
            4.828445,
            52.367809
          ],
          [
            4.828188,
            52.367878
          ],
          [
            4.828096,
            52.367893
          ],
          [
            4.827998,
            52.367893
          ],
          [
            4.827951,
            52.367882
          ],
          [
            4.827815,
            52.36784
          ],
          [
            4.827727,
            52.367805
          ],
          [
            4.82765,
            52.367771
          ],
          [
            4.827575,
            52.367733
          ],
          [
            4.827504,
            52.367691
          ],
          [
            4.82749,
            52.36768
          ],
          [
            4.827364,
            52.367596
          ],
          [
            4.827296,
            52.367554
          ],
          [
            4.827239,
            52.367504
          ],
          [
            4.827176,
            52.367447
          ],
          [
            4.827116,
            52.367397
          ],
          [
            4.827059,
            52.367344
          ],
          [
            4.827006,
            52.367298
          ],
          [
            4.826955,
            52.367252
          ],
          [
            4.826904,
            52.367203
          ],
          [
            4.826844,
            52.367153
          ],
          [
            4.826792,
            52.367104
          ],
          [
            4.826782,
            52.367092
          ],
          [
            4.826683,
            52.366997
          ],
          [
            4.82663,
            52.366947
          ],
          [
            4.826581,
            52.366898
          ],
          [
            4.82653,
            52.366844
          ],
          [
            4.826475,
            52.366795
          ],
          [
            4.826424,
            52.366745
          ],
          [
            4.82636,
            52.366688
          ],
          [
            4.826297,
            52.366631
          ],
          [
            4.826241,
            52.366581
          ],
          [
            4.826182,
            52.366531
          ],
          [
            4.826123,
            52.366486
          ],
          [
            4.826063,
            52.36644
          ],
          [
            4.825993,
            52.366386
          ],
          [
            4.825921,
            52.366333
          ],
          [
            4.825857,
            52.366283
          ],
          [
            4.825799,
            52.366238
          ],
          [
            4.825744,
            52.366188
          ],
          [
            4.825686,
            52.366138
          ],
          [
            4.825613,
            52.366081
          ],
          [
            4.825552,
            52.366035
          ],
          [
            4.825489,
            52.365986
          ],
          [
            4.825429,
            52.365944
          ],
          [
            4.825365,
            52.365894
          ],
          [
            4.825304,
            52.365845
          ],
          [
            4.825242,
            52.365795
          ],
          [
            4.825192,
            52.365749
          ],
          [
            4.825126,
            52.365692
          ],
          [
            4.825063,
            52.365639
          ],
          [
            4.824995,
            52.365589
          ],
          [
            4.824933,
            52.36554
          ],
          [
            4.824879,
            52.36549
          ],
          [
            4.824818,
            52.36544
          ],
          [
            4.824807,
            52.365433
          ],
          [
            4.824692,
            52.365341
          ],
          [
            4.824626,
            52.365292
          ],
          [
            4.824564,
            52.365246
          ],
          [
            4.824493,
            52.365196
          ],
          [
            4.82443,
            52.365147
          ],
          [
            4.824367,
            52.365097
          ],
          [
            4.824315,
            52.365051
          ],
          [
            4.82425,
            52.364998
          ],
          [
            4.824182,
            52.364944
          ],
          [
            4.824114,
            52.364895
          ],
          [
            4.824052,
            52.364849
          ],
          [
            4.823985,
            52.3648
          ],
          [
            4.823922,
            52.364754
          ],
          [
            4.82386,
            52.3647
          ],
          [
            4.823795,
            52.364655
          ],
          [
            4.823726,
            52.364605
          ],
          [
            4.82366,
            52.364552
          ],
          [
            4.823594,
            52.364506
          ],
          [
            4.823534,
            52.364456
          ],
          [
            4.823471,
            52.364407
          ],
          [
            4.823411,
            52.364361
          ],
          [
            4.823341,
            52.364311
          ],
          [
            4.823281,
            52.364262
          ],
          [
            4.823216,
            52.364212
          ],
          [
            4.823152,
            52.364162
          ],
          [
            4.823086,
            52.364113
          ],
          [
            4.823023,
            52.364063
          ],
          [
            4.822963,
            52.364018
          ],
          [
            4.822899,
            52.363964
          ],
          [
            4.822835,
            52.363911
          ],
          [
            4.82277,
            52.363865
          ],
          [
            4.822704,
            52.363819
          ],
          [
            4.822639,
            52.363766
          ],
          [
            4.822584,
            52.36372
          ],
          [
            4.822548,
            52.363686
          ],
          [
            4.822516,
            52.363651
          ],
          [
            4.822475,
            52.363613
          ],
          [
            4.822471,
            52.363579
          ],
          [
            4.8225,
            52.363537
          ],
          [
            4.82256,
            52.363506
          ],
          [
            4.822637,
            52.36348
          ],
          [
            4.822707,
            52.363449
          ],
          [
            4.822777,
            52.363422
          ],
          [
            4.822853,
            52.363396
          ],
          [
            4.822911,
            52.363369
          ],
          [
            4.822954,
            52.363342
          ],
          [
            4.822998,
            52.363319
          ],
          [
            4.823018,
            52.363289
          ],
          [
            4.823012,
            52.363251
          ],
          [
            4.822975,
            52.363216
          ],
          [
            4.822933,
            52.363171
          ],
          [
            4.82289,
            52.363129
          ],
          [
            4.822835,
            52.363083
          ],
          [
            4.822785,
            52.363037
          ],
          [
            4.822733,
            52.362988
          ],
          [
            4.822678,
            52.362938
          ],
          [
            4.822621,
            52.362885
          ],
          [
            4.822568,
            52.362831
          ],
          [
            4.82252,
            52.362774
          ],
          [
            4.822472,
            52.36272
          ],
          [
            4.822422,
            52.362675
          ],
          [
            4.822369,
            52.362625
          ],
          [
            4.822317,
            52.362572
          ],
          [
            4.822269,
            52.362526
          ],
          [
            4.82222,
            52.36248
          ],
          [
            4.822165,
            52.362431
          ],
          [
            4.822124,
            52.362396
          ],
          [
            4.822073,
            52.362343
          ],
          [
            4.822036,
            52.362305
          ],
          [
            4.821992,
            52.362263
          ],
          [
            4.821948,
            52.362221
          ],
          [
            4.821906,
            52.362183
          ],
          [
            4.821857,
            52.362137
          ],
          [
            4.821814,
            52.362091
          ],
          [
            4.821764,
            52.362045
          ],
          [
            4.821715,
            52.361996
          ],
          [
            4.821665,
            52.361946
          ],
          [
            4.821614,
            52.361897
          ],
          [
            4.821566,
            52.361847
          ],
          [
            4.821516,
            52.361801
          ],
          [
            4.821469,
            52.361755
          ],
          [
            4.821417,
            52.361702
          ],
          [
            4.821359,
            52.361649
          ],
          [
            4.821305,
            52.361599
          ],
          [
            4.821252,
            52.361549
          ],
          [
            4.821198,
            52.3615
          ],
          [
            4.821149,
            52.36145
          ],
          [
            4.821101,
            52.361401
          ],
          [
            4.821053,
            52.361347
          ],
          [
            4.820997,
            52.361298
          ],
          [
            4.82094,
            52.361244
          ],
          [
            4.820887,
            52.361191
          ],
          [
            4.820831,
            52.361137
          ],
          [
            4.820776,
            52.361084
          ],
          [
            4.820721,
            52.361031
          ],
          [
            4.820666,
            52.360977
          ],
          [
            4.820617,
            52.360928
          ],
          [
            4.820562,
            52.360874
          ],
          [
            4.820508,
            52.360825
          ],
          [
            4.820455,
            52.360771
          ],
          [
            4.820402,
            52.360718
          ],
          [
            4.820349,
            52.360668
          ],
          [
            4.820297,
            52.360615
          ],
          [
            4.820247,
            52.360565
          ],
          [
            4.820195,
            52.360508
          ],
          [
            4.820139,
            52.360455
          ],
          [
            4.820083,
            52.360405
          ],
          [
            4.820032,
            52.360352
          ],
          [
            4.819977,
            52.360302
          ],
          [
            4.81992,
            52.360245
          ],
          [
            4.81986,
            52.360191
          ],
          [
            4.819807,
            52.360138
          ],
          [
            4.819754,
            52.360088
          ],
          [
            4.819699,
            52.360031
          ],
          [
            4.81965,
            52.359978
          ],
          [
            4.819602,
            52.359924
          ],
          [
            4.819551,
            52.359871
          ],
          [
            4.819493,
            52.359821
          ],
          [
            4.819434,
            52.359768
          ],
          [
            4.819379,
            52.359714
          ],
          [
            4.819325,
            52.359665
          ],
          [
            4.81927,
            52.359611
          ],
          [
            4.819222,
            52.359558
          ],
          [
            4.819173,
            52.359501
          ],
          [
            4.819129,
            52.359444
          ],
          [
            4.819087,
            52.359386
          ],
          [
            4.819054,
            52.359329
          ],
          [
            4.819018,
            52.359272
          ],
          [
            4.818986,
            52.359215
          ],
          [
            4.818958,
            52.359154
          ],
          [
            4.818931,
            52.359093
          ],
          [
            4.818912,
            52.359035
          ],
          [
            4.818897,
            52.358971
          ],
          [
            4.818888,
            52.358906
          ],
          [
            4.818881,
            52.358845
          ],
          [
            4.818879,
            52.35878
          ],
          [
            4.81888,
            52.358723
          ],
          [
            4.81888,
            52.358658
          ],
          [
            4.818884,
            52.358597
          ],
          [
            4.818889,
            52.358532
          ],
          [
            4.81889,
            52.358471
          ],
          [
            4.81889,
            52.358402
          ],
          [
            4.818892,
            52.358341
          ],
          [
            4.818892,
            52.358284
          ],
          [
            4.818897,
            52.358223
          ],
          [
            4.818899,
            52.358158
          ],
          [
            4.818901,
            52.358093
          ],
          [
            4.81891,
            52.358032
          ],
          [
            4.818921,
            52.357971
          ],
          [
            4.818933,
            52.35791
          ],
          [
            4.81894,
            52.357845
          ],
          [
            4.818949,
            52.35778
          ],
          [
            4.818956,
            52.357727
          ],
          [
            4.818961,
            52.357674
          ],
          [
            4.818974,
            52.357616
          ],
          [
            4.818981,
            52.357559
          ],
          [
            4.818987,
            52.357502
          ],
          [
            4.818995,
            52.357449
          ],
          [
            4.819,
            52.357376
          ],
          [
            4.819012,
            52.357296
          ],
          [
            4.819031,
            52.357231
          ],
          [
            4.819043,
            52.357166
          ],
          [
            4.819053,
            52.357105
          ],
          [
            4.819053,
            52.357044
          ],
          [
            4.819053,
            52.356979
          ],
          [
            4.819053,
            52.356918
          ],
          [
            4.819046,
            52.356853
          ],
          [
            4.819037,
            52.356792
          ],
          [
            4.819026,
            52.356731
          ],
          [
            4.819013,
            52.35667
          ],
          [
            4.818997,
            52.356609
          ],
          [
            4.81898,
            52.356548
          ],
          [
            4.818964,
            52.356487
          ],
          [
            4.818954,
            52.35643
          ],
          [
            4.818946,
            52.356369
          ],
          [
            4.818944,
            52.356308
          ],
          [
            4.818961,
            52.356243
          ],
          [
            4.818981,
            52.356186
          ],
          [
            4.818999,
            52.356129
          ],
          [
            4.818997,
            52.356079
          ],
          [
            4.818981,
            52.356033
          ],
          [
            4.818931,
            52.355999
          ],
          [
            4.818872,
            52.355976
          ],
          [
            4.818788,
            52.355946
          ],
          [
            4.818735,
            52.355934
          ],
          [
            4.818622,
            52.355907
          ],
          [
            4.818533,
            52.355892
          ],
          [
            4.818442,
            52.355873
          ],
          [
            4.818349,
            52.355854
          ],
          [
            4.818277,
            52.355839
          ],
          [
            4.818155,
            52.355812
          ],
          [
            4.818058,
            52.355789
          ],
          [
            4.817956,
            52.355766
          ],
          [
            4.817872,
            52.355751
          ],
          [
            4.817749,
            52.355724
          ],
          [
            4.817696,
            52.355713
          ],
          [
            4.817536,
            52.355679
          ],
          [
            4.817428,
            52.355656
          ],
          [
            4.817352,
            52.35564
          ],
          [
            4.817211,
            52.355614
          ],
          [
            4.817132,
            52.355598
          ],
          [
            4.816996,
            52.355568
          ],
          [
            4.81691,
            52.355553
          ],
          [
            4.816786,
            52.355526
          ],
          [
            4.81673,
            52.355514
          ],
          [
            4.816583,
            52.355488
          ],
          [
            4.816478,
            52.355461
          ],
          [
            4.81637,
            52.355438
          ],
          [
            4.816269,
            52.355423
          ],
          [
            4.816173,
            52.355408
          ],
          [
            4.816093,
            52.355389
          ],
          [
            4.815972,
            52.35537
          ],
          [
            4.815876,
            52.355351
          ],
          [
            4.815777,
            52.355331
          ],
          [
            4.815681,
            52.355309
          ],
          [
            4.815602,
            52.355293
          ],
          [
            4.81549,
            52.35527
          ],
          [
            4.815395,
            52.355248
          ],
          [
            4.815296,
            52.355228
          ],
          [
            4.815197,
            52.355209
          ],
          [
            4.8151,
            52.355187
          ],
          [
            4.815024,
            52.355171
          ],
          [
            4.814906,
            52.355152
          ],
          [
            4.814807,
            52.355133
          ],
          [
            4.814711,
            52.355114
          ],
          [
            4.814618,
            52.355095
          ],
          [
            4.814536,
            52.355076
          ],
          [
            4.81442,
            52.355053
          ],
          [
            4.814321,
            52.355034
          ],
          [
            4.814222,
            52.355015
          ],
          [
            4.814127,
            52.354996
          ],
          [
            4.814043,
            52.35498
          ],
          [
            4.813928,
            52.354958
          ],
          [
            4.813829,
            52.354938
          ],
          [
            4.813736,
            52.354919
          ],
          [
            4.813639,
            52.354897
          ],
          [
            4.813552,
            52.354877
          ],
          [
            4.813449,
            52.354858
          ],
          [
            4.813353,
            52.354839
          ],
          [
            4.813262,
            52.35482
          ],
          [
            4.813164,
            52.354797
          ],
          [
            4.813072,
            52.354778
          ],
          [
            4.812969,
            52.354759
          ],
          [
            4.812873,
            52.35474
          ],
          [
            4.812779,
            52.354717
          ],
          [
            4.81268,
            52.354698
          ],
          [
            4.8126,
            52.354683
          ],
          [
            4.812482,
            52.35466
          ],
          [
            4.812387,
            52.354649
          ],
          [
            4.812287,
            52.35463
          ],
          [
            4.812189,
            52.354614
          ],
          [
            4.812105,
            52.354607
          ],
          [
            4.811991,
            52.354588
          ],
          [
            4.811899,
            52.354569
          ],
          [
            4.811801,
            52.354549
          ],
          [
            4.811705,
            52.35453
          ],
          [
            4.811619,
            52.354515
          ],
          [
            4.811516,
            52.354496
          ],
          [
            4.811427,
            52.354477
          ],
          [
            4.811337,
            52.354458
          ],
          [
            4.811246,
            52.354435
          ],
          [
            4.811151,
            52.354416
          ],
          [
            4.811067,
            52.354393
          ],
          [
            4.810953,
            52.35437
          ],
          [
            4.81085,
            52.354351
          ],
          [
            4.810757,
            52.354347
          ],
          [
            4.810731,
            52.354351
          ],
          [
            4.81069,
            52.354355
          ],
          [
            4.810596,
            52.354362
          ],
          [
            4.810516,
            52.354366
          ],
          [
            4.810341,
            52.354355
          ],
          [
            4.810244,
            52.354343
          ],
          [
            4.810166,
            52.354324
          ],
          [
            4.810065,
            52.35429
          ],
          [
            4.809978,
            52.354259
          ],
          [
            4.809887,
            52.354237
          ],
          [
            4.809789,
            52.354218
          ],
          [
            4.809701,
            52.354206
          ],
          [
            4.809596,
            52.354187
          ],
          [
            4.809504,
            52.354168
          ],
          [
            4.809419,
            52.354145
          ],
          [
            4.80935,
            52.35413
          ],
          [
            4.80927,
            52.354111
          ],
          [
            4.809234,
            52.354095
          ],
          [
            4.80922,
            52.354076
          ],
          [
            4.809218,
            52.354046
          ],
          [
            4.809232,
            52.354
          ],
          [
            4.809247,
            52.353951
          ],
          [
            4.809258,
            52.353897
          ],
          [
            4.809278,
            52.353844
          ],
          [
            4.809301,
            52.35379
          ],
          [
            4.809328,
            52.353733
          ],
          [
            4.809358,
            52.353676
          ],
          [
            4.809391,
            52.353619
          ],
          [
            4.809427,
            52.353558
          ],
          [
            4.809494,
            52.353508
          ],
          [
            4.809565,
            52.353458
          ],
          [
            4.80962,
            52.353405
          ],
          [
            4.809669,
            52.353355
          ],
          [
            4.809715,
            52.353302
          ],
          [
            4.809752,
            52.353245
          ],
          [
            4.809793,
            52.353184
          ],
          [
            4.809831,
            52.353127
          ],
          [
            4.809873,
            52.353069
          ],
          [
            4.809915,
            52.353012
          ],
          [
            4.80995,
            52.352959
          ],
          [
            4.809989,
            52.352894
          ],
          [
            4.810022,
            52.352837
          ],
          [
            4.810051,
            52.352779
          ],
          [
            4.810083,
            52.352726
          ],
          [
            4.810098,
            52.352699
          ],
          [
            4.810152,
            52.3526
          ],
          [
            4.810171,
            52.352547
          ],
          [
            4.810201,
            52.352489
          ],
          [
            4.810236,
            52.352425
          ],
          [
            4.810275,
            52.352364
          ],
          [
            4.810314,
            52.352303
          ],
          [
            4.810343,
            52.352245
          ],
          [
            4.81037,
            52.352192
          ],
          [
            4.810404,
            52.352131
          ],
          [
            4.810432,
            52.352066
          ],
          [
            4.810454,
            52.352001
          ],
          [
            4.810483,
            52.351948
          ],
          [
            4.8105,
            52.351921
          ],
          [
            4.810553,
            52.351826
          ],
          [
            4.81059,
            52.351769
          ],
          [
            4.810616,
            52.351715
          ],
          [
            4.810647,
            52.351658
          ],
          [
            4.810686,
            52.351608
          ],
          [
            4.810722,
            52.351551
          ],
          [
            4.810748,
            52.351501
          ],
          [
            4.810773,
            52.351456
          ],
          [
            4.810794,
            52.351418
          ],
          [
            4.810816,
            52.351376
          ],
          [
            4.810837,
            52.351341
          ],
          [
            4.810855,
            52.351303
          ],
          [
            4.810869,
            52.351269
          ],
          [
            4.810893,
            52.351227
          ],
          [
            4.810918,
            52.351181
          ],
          [
            4.810928,
            52.351143
          ],
          [
            4.810937,
            52.351101
          ],
          [
            4.810955,
            52.351051
          ],
          [
            4.810967,
            52.351006
          ],
          [
            4.810966,
            52.350964
          ],
          [
            4.810945,
            52.350929
          ],
          [
            4.810916,
            52.350887
          ],
          [
            4.810878,
            52.350841
          ],
          [
            4.810836,
            52.350822
          ],
          [
            4.810757,
            52.3508
          ],
          [
            4.81068,
            52.350788
          ],
          [
            4.810688,
            52.350784
          ],
          [
            4.810608,
            52.350777
          ],
          [
            4.810548,
            52.350769
          ],
          [
            4.810564,
            52.350769
          ],
          [
            4.810394,
            52.350746
          ],
          [
            4.810282,
            52.350727
          ],
          [
            4.810182,
            52.350708
          ],
          [
            4.810082,
            52.350685
          ],
          [
            4.809937,
            52.350624
          ],
          [
            4.809868,
            52.350597
          ],
          [
            4.809819,
            52.350586
          ],
          [
            4.809798,
            52.350578
          ],
          [
            4.809798,
            52.350578
          ],
          [
            4.809798,
            52.350578
          ],
          [
            4.809798,
            52.350578
          ],
          [
            4.809798,
            52.350578
          ],
          [
            4.809798,
            52.350578
          ],
          [
            4.809798,
            52.350578
          ],
          [
            4.809798,
            52.350578
          ],
          [
            4.809753,
            52.350605
          ],
          [
            4.809753,
            52.350605
          ],
          [
            4.809753,
            52.350605
          ],
          [
            4.809708,
            52.35059
          ],
          [
            4.809692,
            52.350586
          ],
          [
            4.809665,
            52.350571
          ],
          [
            4.809612,
            52.350559
          ],
          [
            4.809555,
            52.350552
          ],
          [
            4.80949,
            52.35054
          ],
          [
            4.809412,
            52.350525
          ],
          [
            4.809332,
            52.350513
          ],
          [
            4.809249,
            52.350498
          ],
          [
            4.809159,
            52.350479
          ],
          [
            4.809066,
            52.350464
          ],
          [
            4.80897,
            52.350445
          ],
          [
            4.808872,
            52.350426
          ],
          [
            4.808805,
            52.35041
          ],
          [
            4.808678,
            52.350384
          ],
          [
            4.808579,
            52.350365
          ],
          [
            4.808484,
            52.350346
          ],
          [
            4.808391,
            52.350327
          ],
          [
            4.808303,
            52.350311
          ],
          [
            4.808197,
            52.350288
          ],
          [
            4.808103,
            52.350265
          ],
          [
            4.808006,
            52.35025
          ],
          [
            4.807911,
            52.350231
          ],
          [
            4.807833,
            52.350216
          ],
          [
            4.807712,
            52.350193
          ],
          [
            4.807614,
            52.350174
          ],
          [
            4.807519,
            52.350155
          ],
          [
            4.807425,
            52.35014
          ],
          [
            4.807336,
            52.350121
          ],
          [
            4.807229,
            52.350098
          ],
          [
            4.807132,
            52.350079
          ],
          [
            4.807037,
            52.35006
          ],
          [
            4.806945,
            52.350044
          ],
          [
            4.806862,
            52.350025
          ],
          [
            4.806748,
            52.350002
          ],
          [
            4.806649,
            52.349983
          ],
          [
            4.80658,
            52.349968
          ],
          [
            4.806499,
            52.349949
          ],
          [
            4.806434,
            52.349934
          ],
          [
            4.806329,
            52.349911
          ],
          [
            4.80624,
            52.349892
          ],
          [
            4.806157,
            52.349873
          ],
          [
            4.806064,
            52.349854
          ],
          [
            4.80599,
            52.349838
          ],
          [
            4.805875,
            52.349815
          ],
          [
            4.805778,
            52.349796
          ],
          [
            4.805689,
            52.349777
          ],
          [
            4.805593,
            52.349758
          ],
          [
            4.805533,
            52.349747
          ],
          [
            4.805404,
            52.34972
          ],
          [
            4.805304,
            52.349689
          ],
          [
            4.80521,
            52.349667
          ],
          [
            4.805113,
            52.349636
          ],
          [
            4.805034,
            52.349613
          ],
          [
            4.804923,
            52.349583
          ],
          [
            4.80483,
            52.34956
          ],
          [
            4.80473,
            52.349537
          ],
          [
            4.80463,
            52.349518
          ],
          [
            4.804535,
            52.349495
          ],
          [
            4.804446,
            52.349476
          ],
          [
            4.804342,
            52.349457
          ],
          [
            4.804245,
            52.349438
          ],
          [
            4.804147,
            52.349419
          ],
          [
            4.80405,
            52.349403
          ],
          [
            4.803961,
            52.349388
          ],
          [
            4.803858,
            52.349369
          ],
          [
            4.803759,
            52.349358
          ],
          [
            4.803688,
            52.349342
          ],
          [
            4.803568,
            52.349319
          ],
          [
            4.803488,
            52.349304
          ],
          [
            4.803371,
            52.349281
          ],
          [
            4.80324,
            52.349255
          ],
          [
            4.803108,
            52.349224
          ],
          [
            4.802974,
            52.34919
          ],
          [
            4.802892,
            52.349174
          ],
          [
            4.802768,
            52.349144
          ],
          [
            4.802671,
            52.349125
          ],
          [
            4.802584,
            52.349113
          ],
          [
            4.802488,
            52.349091
          ],
          [
            4.802409,
            52.349079
          ],
          [
            4.802287,
            52.349052
          ],
          [
            4.80219,
            52.349037
          ],
          [
            4.802091,
            52.349018
          ],
          [
            4.801995,
            52.348991
          ],
          [
            4.801915,
            52.34898
          ],
          [
            4.801804,
            52.348961
          ],
          [
            4.801711,
            52.348942
          ],
          [
            4.80161,
            52.348923
          ],
          [
            4.801512,
            52.348904
          ],
          [
            4.801441,
            52.348892
          ],
          [
            4.801313,
            52.348869
          ],
          [
            4.801218,
            52.348854
          ],
          [
            4.801121,
            52.348824
          ],
          [
            4.801024,
            52.348801
          ],
          [
            4.80093,
            52.348778
          ],
          [
            4.800844,
            52.348763
          ],
          [
            4.800741,
            52.348736
          ],
          [
            4.800645,
            52.348721
          ],
          [
            4.800549,
            52.348702
          ],
          [
            4.800455,
            52.348675
          ],
          [
            4.800384,
            52.34866
          ],
          [
            4.800263,
            52.348633
          ],
          [
            4.800168,
            52.34861
          ],
          [
            4.800076,
            52.348587
          ],
          [
            4.799987,
            52.348564
          ],
          [
            4.799916,
            52.34853
          ],
          [
            4.799812,
            52.348503
          ],
          [
            4.799723,
            52.348465
          ],
          [
            4.799632,
            52.348438
          ],
          [
            4.799543,
            52.348404
          ],
          [
            4.799459,
            52.348373
          ],
          [
            4.799365,
            52.348343
          ],
          [
            4.799277,
            52.348316
          ],
          [
            4.799193,
            52.34827
          ],
          [
            4.799109,
            52.348244
          ],
          [
            4.799024,
            52.348209
          ],
          [
            4.798939,
            52.348167
          ],
          [
            4.798854,
            52.348137
          ],
          [
            4.798779,
            52.348095
          ],
          [
            4.7987,
            52.348061
          ],
          [
            4.798619,
            52.348026
          ],
          [
            4.798534,
            52.347988
          ],
          [
            4.798461,
            52.347946
          ],
          [
            4.798372,
            52.347916
          ],
          [
            4.798278,
            52.347904
          ],
          [
            4.798202,
            52.347904
          ],
          [
            4.79809,
            52.347897
          ],
          [
            4.798026,
            52.347889
          ],
          [
            4.79797,
            52.347881
          ],
          [
            4.797925,
            52.347866
          ],
          [
            4.797888,
            52.347847
          ],
          [
            4.797887,
            52.347847
          ],
          [
            4.797818,
            52.34779
          ],
          [
            4.797787,
            52.347748
          ],
          [
            4.797774,
            52.347698
          ],
          [
            4.79777,
            52.347649
          ],
          [
            4.797742,
            52.347599
          ],
          [
            4.79769,
            52.347549
          ],
          [
            4.797622,
            52.3475
          ],
          [
            4.797555,
            52.347454
          ],
          [
            4.797486,
            52.347412
          ],
          [
            4.79742,
            52.347359
          ],
          [
            4.797354,
            52.347305
          ],
          [
            4.797291,
            52.347252
          ],
          [
            4.797234,
            52.347206
          ],
          [
            4.79717,
            52.347157
          ],
          [
            4.797108,
            52.347103
          ],
          [
            4.797042,
            52.347057
          ],
          [
            4.796986,
            52.347008
          ],
          [
            4.796922,
            52.346954
          ],
          [
            4.796866,
            52.346905
          ],
          [
            4.79681,
            52.346855
          ],
          [
            4.796758,
            52.346806
          ],
          [
            4.796705,
            52.346748
          ],
          [
            4.796653,
            52.346695
          ],
          [
            4.796601,
            52.346642
          ],
          [
            4.796548,
            52.346588
          ],
          [
            4.796505,
            52.346531
          ],
          [
            4.796459,
            52.346478
          ],
          [
            4.796417,
            52.34642
          ],
          [
            4.796374,
            52.346363
          ],
          [
            4.796335,
            52.346306
          ],
          [
            4.7963,
            52.346252
          ],
          [
            4.796261,
            52.346191
          ],
          [
            4.796224,
            52.34613
          ],
          [
            4.796189,
            52.346073
          ],
          [
            4.796152,
            52.34602
          ],
          [
            4.796118,
            52.345959
          ],
          [
            4.796075,
            52.345901
          ],
          [
            4.79604,
            52.345844
          ],
          [
            4.796003,
            52.345783
          ],
          [
            4.795974,
            52.34573
          ],
          [
            4.795935,
            52.345673
          ],
          [
            4.795899,
            52.345612
          ],
          [
            4.795861,
            52.345554
          ],
          [
            4.795829,
            52.345497
          ],
          [
            4.795794,
            52.345436
          ],
          [
            4.795754,
            52.345379
          ],
          [
            4.795719,
            52.345318
          ],
          [
            4.795678,
            52.345261
          ],
          [
            4.795647,
            52.345203
          ],
          [
            4.795609,
            52.345146
          ],
          [
            4.795572,
            52.345085
          ],
          [
            4.795539,
            52.345028
          ],
          [
            4.795505,
            52.344971
          ],
          [
            4.795468,
            52.34491
          ],
          [
            4.795434,
            52.344849
          ],
          [
            4.795402,
            52.344795
          ],
          [
            4.795376,
            52.344738
          ],
          [
            4.795349,
            52.344673
          ],
          [
            4.795324,
            52.344612
          ],
          [
            4.795308,
            52.344555
          ],
          [
            4.795293,
            52.344494
          ],
          [
            4.795285,
            52.344437
          ],
          [
            4.795278,
            52.344376
          ],
          [
            4.795267,
            52.344311
          ],
          [
            4.795244,
            52.34425
          ],
          [
            4.795225,
            52.344219
          ],
          [
            4.795198,
            52.34417
          ],
          [
            4.795166,
            52.34412
          ],
          [
            4.795129,
            52.344067
          ],
          [
            4.795095,
            52.344013
          ],
          [
            4.795056,
            52.34396
          ],
          [
            4.795017,
            52.343903
          ],
          [
            4.794979,
            52.343845
          ],
          [
            4.794943,
            52.343796
          ],
          [
            4.794902,
            52.343739
          ],
          [
            4.794862,
            52.343681
          ],
          [
            4.794822,
            52.343624
          ],
          [
            4.794781,
            52.343567
          ],
          [
            4.794743,
            52.34351
          ],
          [
            4.794699,
            52.343445
          ],
          [
            4.794661,
            52.343388
          ],
          [
            4.794622,
            52.343334
          ],
          [
            4.794586,
            52.343285
          ],
          [
            4.794545,
            52.343227
          ],
          [
            4.794503,
            52.343166
          ],
          [
            4.794462,
            52.343105
          ],
          [
            4.794385,
            52.342987
          ],
          [
            4.794347,
            52.34293
          ],
          [
            4.794303,
            52.342869
          ],
          [
            4.79426,
            52.342808
          ],
          [
            4.79422,
            52.342751
          ],
          [
            4.794181,
            52.342693
          ],
          [
            4.794141,
            52.34264
          ],
          [
            4.794098,
            52.342579
          ],
          [
            4.794058,
            52.342522
          ],
          [
            4.79402,
            52.342464
          ],
          [
            4.793982,
            52.342411
          ],
          [
            4.793938,
            52.34235
          ],
          [
            4.793892,
            52.342293
          ],
          [
            4.793839,
            52.342236
          ],
          [
            4.793782,
            52.342186
          ],
          [
            4.79372,
            52.34214
          ],
          [
            4.793649,
            52.342094
          ],
          [
            4.793576,
            52.342049
          ],
          [
            4.793502,
            52.342003
          ],
          [
            4.793431,
            52.341961
          ],
          [
            4.793353,
            52.341923
          ],
          [
            4.793272,
            52.341881
          ],
          [
            4.793194,
            52.341843
          ],
          [
            4.793117,
            52.341801
          ],
          [
            4.793044,
            52.341763
          ],
          [
            4.792979,
            52.341721
          ],
          [
            4.792912,
            52.341675
          ],
          [
            4.79285,
            52.341633
          ],
          [
            4.792796,
            52.341587
          ],
          [
            4.79275,
            52.341537
          ],
          [
            4.792712,
            52.341488
          ],
          [
            4.792672,
            52.341431
          ],
          [
            4.792633,
            52.341377
          ],
          [
            4.792591,
            52.341324
          ],
          [
            4.792545,
            52.341267
          ],
          [
            4.7925,
            52.341206
          ],
          [
            4.792456,
            52.341148
          ],
          [
            4.792419,
            52.341095
          ],
          [
            4.792381,
            52.341038
          ],
          [
            4.792345,
            52.340977
          ],
          [
            4.792301,
            52.340923
          ],
          [
            4.792256,
            52.340874
          ],
          [
            4.792206,
            52.340828
          ],
          [
            4.792152,
            52.340786
          ],
          [
            4.792091,
            52.340752
          ],
          [
            4.792031,
            52.340721
          ],
          [
            4.791972,
            52.340691
          ],
          [
            4.791917,
            52.340664
          ],
          [
            4.791857,
            52.340652
          ],
          [
            4.791786,
            52.340656
          ],
          [
            4.791749,
            52.340668
          ],
          [
            4.791673,
            52.340713
          ],
          [
            4.791625,
            52.340759
          ],
          [
            4.791567,
            52.340797
          ],
          [
            4.791511,
            52.340843
          ],
          [
            4.791461,
            52.340889
          ],
          [
            4.791408,
            52.340939
          ],
          [
            4.791354,
            52.340988
          ],
          [
            4.791298,
            52.341034
          ],
          [
            4.791238,
            52.341072
          ],
          [
            4.791192,
            52.341087
          ],
          [
            4.791187,
            52.341087
          ],
          [
            4.791057,
            52.341099
          ],
          [
            4.790938,
            52.341091
          ],
          [
            4.790816,
            52.341057
          ],
          [
            4.790735,
            52.341019
          ],
          [
            4.790652,
            52.340977
          ],
          [
            4.790571,
            52.340935
          ],
          [
            4.790494,
            52.340889
          ],
          [
            4.790421,
            52.340839
          ],
          [
            4.790351,
            52.340794
          ],
          [
            4.790283,
            52.34074
          ],
          [
            4.790212,
            52.340691
          ],
          [
            4.790149,
            52.340641
          ],
          [
            4.790083,
            52.340599
          ],
          [
            4.790009,
            52.340549
          ],
          [
            4.789937,
            52.3405
          ],
          [
            4.789876,
            52.340454
          ],
          [
            4.789805,
            52.340405
          ],
          [
            4.789733,
            52.340355
          ],
          [
            4.789654,
            52.340301
          ],
          [
            4.789594,
            52.34026
          ],
          [
            4.789527,
            52.340214
          ],
          [
            4.78945,
            52.340164
          ],
          [
            4.789374,
            52.340111
          ],
          [
            4.789306,
            52.340065
          ],
          [
            4.789245,
            52.340023
          ],
          [
            4.789175,
            52.339973
          ],
          [
            4.789107,
            52.339924
          ],
          [
            4.789038,
            52.339874
          ],
          [
            4.788971,
            52.339832
          ],
          [
            4.788902,
            52.339787
          ],
          [
            4.788847,
            52.339741
          ],
          [
            4.788786,
            52.339706
          ],
          [
            4.788727,
            52.33968
          ],
          [
            4.788666,
            52.339676
          ],
          [
            4.788598,
            52.339687
          ],
          [
            4.788538,
            52.33971
          ],
          [
            4.788481,
            52.339737
          ],
          [
            4.788414,
            52.339771
          ],
          [
            4.788346,
            52.339802
          ],
          [
            4.78829,
            52.339855
          ],
          [
            4.788224,
            52.339897
          ],
          [
            4.788145,
            52.339935
          ],
          [
            4.788072,
            52.339981
          ],
          [
            4.787992,
            52.340019
          ],
          [
            4.787919,
            52.340057
          ],
          [
            4.787842,
            52.340096
          ],
          [
            4.787769,
            52.340145
          ],
          [
            4.787689,
            52.340183
          ],
          [
            4.787614,
            52.340221
          ],
          [
            4.787538,
            52.34026
          ],
          [
            4.78746,
            52.340298
          ],
          [
            4.787381,
            52.34034
          ],
          [
            4.787301,
            52.340378
          ],
          [
            4.787227,
            52.34042
          ],
          [
            4.787149,
            52.340454
          ],
          [
            4.787082,
            52.340496
          ],
          [
            4.787009,
            52.340534
          ],
          [
            4.786937,
            52.340569
          ],
          [
            4.786871,
            52.340607
          ],
          [
            4.786812,
            52.340633
          ],
          [
            4.786753,
            52.340664
          ],
          [
            4.786697,
            52.340698
          ],
          [
            4.786637,
            52.340733
          ],
          [
            4.786578,
            52.340771
          ],
          [
            4.786504,
            52.340801
          ],
          [
            4.786437,
            52.340839
          ],
          [
            4.786396,
            52.340858
          ],
          [
            4.786298,
            52.340912
          ],
          [
            4.78623,
            52.340946
          ],
          [
            4.786206,
            52.340954
          ],
          [
            4.786072,
            52.341019
          ],
          [
            4.786004,
            52.341053
          ],
          [
            4.785941,
            52.341087
          ],
          [
            4.785867,
            52.341126
          ],
          [
            4.785792,
            52.341167
          ],
          [
            4.785714,
            52.341206
          ],
          [
            4.78569,
            52.341217
          ],
          [
            4.78556,
            52.341282
          ],
          [
            4.785488,
            52.34132
          ],
          [
            4.785414,
            52.341354
          ],
          [
            4.785373,
            52.341377
          ],
          [
            4.785266,
            52.341427
          ],
          [
            4.785201,
            52.341465
          ],
          [
            4.785131,
            52.341503
          ],
          [
            4.785105,
            52.341515
          ],
          [
            4.784976,
            52.341579
          ],
          [
            4.784909,
            52.341618
          ],
          [
            4.784884,
            52.341633
          ],
          [
            4.784776,
            52.341694
          ],
          [
            4.78471,
            52.341721
          ],
          [
            4.784636,
            52.341732
          ],
          [
            4.784567,
            52.341724
          ],
          [
            4.784508,
            52.341705
          ],
          [
            4.784443,
            52.341671
          ],
          [
            4.78438,
            52.341633
          ],
          [
            4.784324,
            52.341595
          ],
          [
            4.784264,
            52.341553
          ],
          [
            4.784196,
            52.341511
          ],
          [
            4.784134,
            52.341465
          ],
          [
            4.784063,
            52.341419
          ],
          [
            4.78399,
            52.34137
          ],
          [
            4.783921,
            52.341324
          ],
          [
            4.783858,
            52.341278
          ],
          [
            4.783793,
            52.341232
          ],
          [
            4.783721,
            52.341183
          ],
          [
            4.783651,
            52.341137
          ],
          [
            4.783583,
            52.341091
          ],
          [
            4.783535,
            52.341053
          ],
          [
            4.783453,
            52.340996
          ],
          [
            4.783386,
            52.340946
          ],
          [
            4.783319,
            52.3409
          ],
          [
            4.783253,
            52.340855
          ],
          [
            4.783187,
            52.340809
          ],
          [
            4.783119,
            52.340759
          ],
          [
            4.783054,
            52.34071
          ],
          [
            4.782989,
            52.340664
          ],
          [
            4.782923,
            52.340622
          ],
          [
            4.782852,
            52.340572
          ],
          [
            4.782784,
            52.340527
          ],
          [
            4.782717,
            52.340477
          ],
          [
            4.782653,
            52.340431
          ],
          [
            4.782589,
            52.340385
          ],
          [
            4.782519,
            52.340336
          ],
          [
            4.782459,
            52.340286
          ],
          [
            4.782398,
            52.34024
          ],
          [
            4.782335,
            52.340198
          ],
          [
            4.782269,
            52.34016
          ],
          [
            4.782204,
            52.340126
          ],
          [
            4.782137,
            52.340118
          ],
          [
            4.782137,
            52.340118
          ],
          [
            4.781971,
            52.340137
          ],
          [
            4.78191,
            52.340157
          ],
          [
            4.781823,
            52.340202
          ],
          [
            4.781754,
            52.34024
          ],
          [
            4.781679,
            52.340275
          ],
          [
            4.781601,
            52.340321
          ],
          [
            4.781516,
            52.340359
          ],
          [
            4.781431,
            52.340397
          ],
          [
            4.781353,
            52.340443
          ],
          [
            4.781277,
            52.340481
          ],
          [
            4.781196,
            52.340523
          ],
          [
            4.781118,
            52.340565
          ],
          [
            4.781041,
            52.340603
          ],
          [
            4.780968,
            52.340641
          ],
          [
            4.780896,
            52.340675
          ],
          [
            4.780822,
            52.340706
          ],
          [
            4.78074,
            52.340729
          ],
          [
            4.780735,
            52.340721
          ],
          [
            4.780588,
            52.340679
          ],
          [
            4.780517,
            52.340641
          ],
          [
            4.780456,
            52.340595
          ],
          [
            4.780401,
            52.340546
          ],
          [
            4.780339,
            52.340496
          ],
          [
            4.780272,
            52.34045
          ],
          [
            4.780207,
            52.340401
          ],
          [
            4.780149,
            52.340355
          ],
          [
            4.780088,
            52.340309
          ],
          [
            4.78003,
            52.340263
          ],
          [
            4.779971,
            52.340221
          ],
          [
            4.779923,
            52.340179
          ],
          [
            4.779872,
            52.340141
          ],
          [
            4.779816,
            52.340096
          ],
          [
            4.779757,
            52.340042
          ],
          [
            4.779708,
            52.339996
          ],
          [
            4.779656,
            52.339947
          ],
          [
            4.779597,
            52.339893
          ],
          [
            4.779541,
            52.339848
          ],
          [
            4.779497,
            52.339809
          ],
          [
            4.779453,
            52.339764
          ],
          [
            4.779411,
            52.339729
          ],
          [
            4.779368,
            52.339691
          ],
          [
            4.779325,
            52.339653
          ],
          [
            4.779283,
            52.339619
          ],
          [
            4.779244,
            52.339592
          ],
          [
            4.779216,
            52.339558
          ],
          [
            4.779185,
            52.339531
          ],
          [
            4.779158,
            52.339504
          ],
          [
            4.779131,
            52.339481
          ],
          [
            4.779106,
            52.339458
          ],
          [
            4.779077,
            52.339439
          ],
          [
            4.779051,
            52.339432
          ],
          [
            4.779027,
            52.339436
          ],
          [
            4.779006,
            52.339443
          ],
          [
            4.779006,
            52.339443
          ],
          [
            4.779022,
            52.339474
          ],
          [
            4.77903,
            52.339493
          ],
          [
            4.779038,
            52.3395
          ],
          [
            4.77904,
            52.339512
          ],
          [
            4.77904,
            52.339512
          ],
          [
            4.77904,
            52.339512
          ],
          [
            4.778903,
            52.339527
          ],
          [
            4.778903,
            52.339527
          ],
          [
            4.778911,
            52.339531
          ],
          [
            4.77891,
            52.339539
          ],
          [
            4.778916,
            52.339561
          ],
          [
            4.778917,
            52.339565
          ],
          [
            4.778917,
            52.339565
          ],
          [
            4.778917,
            52.339565
          ],
          [
            4.778917,
            52.339565
          ],
          [
            4.778917,
            52.339565
          ],
          [
            4.778917,
            52.339565
          ],
          [
            4.778917,
            52.339565
          ]
        ]
      }
    }
  ]
}