{
  "type": "FeatureCollection",
  "features": [
    {
      "type": "Feature",
      "properties": {
        "id": "amsterdam-to-badhoevedorp-ride-80341c00-7661-11f1-8ad1-a40dbc8fa83a",
        "title": "Amsterdam to Badhoevedorp ride",
        "source": "Amsterdam to Badhoevedorp ride-80341c00-7661-11f1-8ad1-a40dbc8fa83a.fit"
      },
      "geometry": {
        "type": "LineString",
        "coordinates": [
          [
            4.883277,
            52.364117
          ],
          [
            4.883277,
            52.364117
          ],
          [
            4.883262,
            52.364105
          ],
          [
            4.883251,
            52.364101
          ],
          [
            4.883242,
            52.364101
          ],
          [
            4.883224,
            52.364105
          ],
          [
            4.883199,
            52.364109
          ],
          [
            4.883179,
            52.364117
          ],
          [
            4.88317,
            52.364124
          ],
          [
            4.883157,
            52.364136
          ],
          [
            4.88315,
            52.364151
          ],
          [
            4.883152,
            52.364166
          ],
          [
            4.883157,
            52.364182
          ],
          [
            4.883157,
            52.364182
          ],
          [
            4.883157,
            52.364182
          ],
          [
            4.883157,
            52.364182
          ],
          [
            4.883117,
            52.364159
          ],
          [
            4.883117,
            52.364159
          ],
          [
            4.883104,
            52.364189
          ],
          [
            4.883104,
            52.364189
          ],
          [
            4.883116,
            52.36422
          ],
          [
            4.883115,
            52.364227
          ],
          [
            4.883118,
            52.364239
          ],
          [
            4.883112,
            52.364246
          ],
          [
            4.883116,
            52.364262
          ],
          [
            4.883115,
            52.364265
          ],
          [
            4.883114,
            52.364277
          ],
          [
            4.883126,
            52.3643
          ],
          [
            4.88313,
            52.364315
          ],
          [
            4.883147,
            52.364338
          ],
          [
            4.883171,
            52.364357
          ],
          [
            4.883147,
            52.364342
          ],
          [
            4.883223,
            52.364387
          ],
          [
            4.883293,
            52.364433
          ],
          [
            4.883346,
            52.364468
          ],
          [
            4.883403,
            52.364502
          ],
          [
            4.883454,
            52.364532
          ],
          [
            4.883493,
            52.364555
          ],
          [
            4.883542,
            52.364582
          ],
          [
            4.883585,
            52.364601
          ],
          [
            4.883634,
            52.364624
          ],
          [
            4.883682,
            52.364651
          ],
          [
            4.883735,
            52.364674
          ],
          [
            4.883786,
            52.364697
          ],
          [
            4.88384,
            52.364723
          ],
          [
            4.883892,
            52.364746
          ],
          [
            4.883946,
            52.364773
          ],
          [
            4.883997,
            52.364796
          ],
          [
            4.884034,
            52.364803
          ],
          [
            4.884157,
            52.364849
          ],
          [
            4.884244,
            52.364872
          ],
          [
            4.884305,
            52.364891
          ],
          [
            4.884359,
            52.364906
          ],
          [
            4.884405,
            52.364925
          ],
          [
            4.884451,
            52.364941
          ],
          [
            4.884493,
            52.364964
          ],
          [
            4.884531,
            52.364979
          ],
          [
            4.884572,
            52.364998
          ],
          [
            4.884606,
            52.365021
          ],
          [
            4.884641,
            52.36504
          ],
          [
            4.884677,
            52.365051
          ],
          [
            4.884703,
            52.365074
          ],
          [
            4.884725,
            52.365097
          ],
          [
            4.884755,
            52.365124
          ],
          [
            4.8848,
            52.36515
          ],
          [
            4.884845,
            52.365181
          ],
          [
            4.884891,
            52.365204
          ],
          [
            4.884944,
            52.365231
          ],
          [
            4.885018,
            52.365265
          ],
          [
            4.885086,
            52.365292
          ],
          [
            4.885157,
            52.365318
          ],
          [
            4.885234,
            52.365345
          ],
          [
            4.885295,
            52.365376
          ],
          [
            4.885366,
            52.365406
          ],
          [
            4.885422,
            52.36544
          ],
          [
            4.885488,
            52.365471
          ],
          [
            4.885545,
            52.365501
          ],
          [
            4.885603,
            52.365536
          ],
          [
            4.885676,
            52.36557
          ],
          [
            4.885731,
            52.365604
          ],
          [
            4.885791,
            52.365631
          ],
          [
            4.885855,
            52.365669
          ],
          [
            4.885914,
            52.3657
          ],
          [
            4.885981,
            52.365734
          ],
          [
            4.886051,
            52.365757
          ],
          [
            4.886125,
            52.365784
          ],
          [
            4.886178,
            52.365803
          ],
          [
            4.886257,
            52.365826
          ],
          [
            4.886327,
            52.365845
          ],
          [
            4.88639,
            52.365868
          ],
          [
            4.886442,
            52.365887
          ],
          [
            4.886493,
            52.365906
          ],
          [
            4.886541,
            52.365929
          ],
          [
            4.886571,
            52.365944
          ],
          [
            4.886612,
            52.365963
          ],
          [
            4.886648,
            52.365986
          ],
          [
            4.886675,
            52.366001
          ],
          [
            4.88671,
            52.366024
          ],
          [
            4.886746,
            52.366051
          ],
          [
            4.886788,
            52.366081
          ],
          [
            4.886834,
            52.366108
          ],
          [
            4.886885,
            52.366138
          ],
          [
            4.886932,
            52.366169
          ],
          [
            4.886978,
            52.366196
          ],
          [
            4.887038,
            52.366222
          ],
          [
            4.887093,
            52.366249
          ],
          [
            4.887148,
            52.366276
          ],
          [
            4.887212,
            52.366302
          ],
          [
            4.887277,
            52.366333
          ],
          [
            4.887328,
            52.36636
          ],
          [
            4.887389,
            52.36639
          ],
          [
            4.887448,
            52.366421
          ],
          [
            4.887513,
            52.366451
          ],
          [
            4.887571,
            52.366486
          ],
          [
            4.887641,
            52.366516
          ],
          [
            4.887706,
            52.366543
          ],
          [
            4.887769,
            52.366566
          ],
          [
            4.887824,
            52.366585
          ],
          [
            4.887907,
            52.366615
          ],
          [
            4.88797,
            52.366638
          ],
          [
            4.888038,
            52.366653
          ],
          [
            4.888112,
            52.366676
          ],
          [
            4.888178,
            52.366695
          ],
          [
            4.888244,
            52.366718
          ],
          [
            4.888315,
            52.366737
          ],
          [
            4.888385,
            52.36676
          ],
          [
            4.888466,
            52.366787
          ],
          [
            4.888553,
            52.366814
          ],
          [
            4.888648,
            52.366844
          ],
          [
            4.888744,
            52.366882
          ],
          [
            4.888847,
            52.366913
          ],
          [
            4.888941,
            52.366943
          ],
          [
            4.88904,
            52.366982
          ],
          [
            4.889138,
            52.367008
          ],
          [
            4.889233,
            52.367039
          ],
          [
            4.889321,
            52.367065
          ],
          [
            4.889383,
            52.367085
          ],
          [
            4.889495,
            52.367123
          ],
          [
            4.889569,
            52.367157
          ],
          [
            4.889633,
            52.367191
          ],
          [
            4.889688,
            52.367226
          ],
          [
            4.889733,
            52.367256
          ],
          [
            4.889781,
            52.367294
          ],
          [
            4.889822,
            52.367325
          ],
          [
            4.889865,
            52.367351
          ],
          [
            4.88991,
            52.367374
          ],
          [
            4.889969,
            52.367397
          ],
          [
            4.890027,
            52.367416
          ],
          [
            4.890102,
            52.367443
          ],
          [
            4.890167,
            52.367466
          ],
          [
            4.890235,
            52.367489
          ],
          [
            4.890311,
            52.367516
          ],
          [
            4.890377,
            52.36755
          ],
          [
            4.890449,
            52.36758
          ],
          [
            4.890524,
            52.367615
          ],
          [
            4.890607,
            52.367649
          ],
          [
            4.890693,
            52.367683
          ],
          [
            4.890776,
            52.367714
          ],
          [
            4.89082,
            52.367729
          ],
          [
            4.890941,
            52.36776
          ],
          [
            4.891027,
            52.367779
          ],
          [
            4.891096,
            52.367809
          ],
          [
            4.891169,
            52.367836
          ],
          [
            4.891236,
            52.367866
          ],
          [
            4.891275,
            52.367882
          ],
          [
            4.891368,
            52.367928
          ],
          [
            4.891438,
            52.367954
          ],
          [
            4.891507,
            52.367981
          ],
          [
            4.891544,
            52.367977
          ],
          [
            4.891613,
            52.367985
          ],
          [
            4.891662,
            52.367966
          ],
          [
            4.891715,
            52.367943
          ],
          [
            4.891762,
            52.367912
          ],
          [
            4.891816,
            52.367882
          ],
          [
            4.891868,
            52.367847
          ],
          [
            4.891931,
            52.367813
          ],
          [
            4.891988,
            52.367775
          ],
          [
            4.892045,
            52.367737
          ],
          [
            4.8921,
            52.367702
          ],
          [
            4.89216,
            52.367664
          ],
          [
            4.892217,
            52.367626
          ],
          [
            4.892273,
            52.367596
          ],
          [
            4.892325,
            52.367558
          ],
          [
            4.892387,
            52.367527
          ],
          [
            4.89244,
            52.367496
          ],
          [
            4.892502,
            52.367466
          ],
          [
            4.892571,
            52.367432
          ],
          [
            4.892628,
            52.367397
          ],
          [
            4.892696,
            52.367371
          ],
          [
            4.892771,
            52.36734
          ],
          [
            4.892807,
            52.367325
          ],
          [
            4.892906,
            52.367283
          ],
          [
            4.89298,
            52.367256
          ],
          [
            4.893045,
            52.367241
          ],
          [
            4.893097,
            52.367226
          ],
          [
            4.893155,
            52.367222
          ],
          [
            4.893205,
            52.367222
          ],
          [
            4.893266,
            52.367222
          ],
          [
            4.893318,
            52.367222
          ],
          [
            4.893352,
            52.367233
          ],
          [
            4.893363,
            52.367233
          ],
          [
            4.893377,
            52.367229
          ],
          [
            4.893394,
            52.367229
          ],
          [
            4.8934,
            52.36729
          ],
          [
            4.893398,
            52.367325
          ],
          [
            4.893397,
            52.367348
          ],
          [
            4.893404,
            52.367367
          ],
          [
            4.893424,
            52.367386
          ],
          [
            4.893453,
            52.367405
          ],
          [
            4.893487,
            52.367424
          ],
          [
            4.893518,
            52.367443
          ],
          [
            4.893536,
            52.367474
          ],
          [
            4.893529,
            52.367504
          ],
          [
            4.893503,
            52.367538
          ],
          [
            4.893459,
            52.36758
          ],
          [
            4.893413,
            52.367619
          ],
          [
            4.893355,
            52.367661
          ],
          [
            4.893297,
            52.367702
          ],
          [
            4.893243,
            52.367748
          ],
          [
            4.893188,
            52.367794
          ],
          [
            4.893132,
            52.367836
          ],
          [
            4.893068,
            52.367889
          ],
          [
            4.893002,
            52.367943
          ],
          [
            4.892938,
            52.367992
          ],
          [
            4.892878,
            52.368042
          ],
          [
            4.89282,
            52.368088
          ],
          [
            4.892757,
            52.368137
          ],
          [
            4.892693,
            52.368191
          ],
          [
            4.892635,
            52.36824
          ],
          [
            4.892575,
            52.36829
          ],
          [
            4.892522,
            52.36834
          ],
          [
            4.892468,
            52.368389
          ],
          [
            4.892423,
            52.368435
          ],
          [
            4.892382,
            52.368481
          ],
          [
            4.892339,
            52.36853
          ],
          [
            4.8923,
            52.368584
          ],
          [
            4.892261,
            52.368637
          ],
          [
            4.89223,
            52.368683
          ],
          [
            4.892199,
            52.368732
          ],
          [
            4.892175,
            52.368774
          ],
          [
            4.892151,
            52.368832
          ],
          [
            4.892132,
            52.368881
          ],
          [
            4.892119,
            52.368942
          ],
          [
            4.892116,
            52.368988
          ],
          [
            4.892117,
            52.369038
          ],
          [
            4.892124,
            52.369095
          ],
          [
            4.892139,
            52.369152
          ],
          [
            4.892155,
            52.369202
          ],
          [
            4.892175,
            52.369255
          ],
          [
            4.892196,
            52.369305
          ],
          [
            4.892218,
            52.369354
          ],
          [
            4.892243,
            52.369411
          ],
          [
            4.892268,
            52.369469
          ],
          [
            4.892292,
            52.369518
          ],
          [
            4.892318,
            52.369572
          ],
          [
            4.892347,
            52.369633
          ],
          [
            4.892375,
            52.369682
          ],
          [
            4.892405,
            52.369736
          ],
          [
            4.892434,
            52.369785
          ],
          [
            4.892466,
            52.369835
          ],
          [
            4.89249,
            52.369888
          ],
          [
            4.892519,
            52.369942
          ],
          [
            4.892541,
            52.369995
          ],
          [
            4.89256,
            52.370045
          ],
          [
            4.892579,
            52.370098
          ],
          [
            4.892598,
            52.370155
          ],
          [
            4.892619,
            52.370213
          ],
          [
            4.892632,
            52.37027
          ],
          [
            4.89265,
            52.370319
          ],
          [
            4.892667,
            52.370377
          ],
          [
            4.892683,
            52.370434
          ],
          [
            4.8927,
            52.370491
          ],
          [
            4.892716,
            52.370548
          ],
          [
            4.892734,
            52.370605
          ],
          [
            4.892751,
            52.370667
          ],
          [
            4.892766,
            52.370724
          ],
          [
            4.892782,
            52.370785
          ],
          [
            4.892797,
            52.370846
          ],
          [
            4.892813,
            52.370907
          ],
          [
            4.892822,
            52.370941
          ],
          [
            4.892834,
            52.370995
          ],
          [
            4.892846,
            52.371044
          ],
          [
            4.892858,
            52.371109
          ],
          [
            4.892873,
            52.371162
          ],
          [
            4.892873,
            52.371197
          ],
          [
            4.892881,
            52.37125
          ],
          [
            4.89289,
            52.3713
          ],
          [
            4.892896,
            52.371372
          ],
          [
            4.892899,
            52.371445
          ],
          [
            4.892906,
            52.37151
          ],
          [
            4.892906,
            52.371559
          ],
          [
            4.892914,
            52.371624
          ],
          [
            4.89292,
            52.371693
          ],
          [
            4.892922,
            52.371758
          ],
          [
            4.892927,
            52.371822
          ],
          [
            4.89293,
            52.371887
          ],
          [
            4.892934,
            52.371952
          ],
          [
            4.892936,
            52.372013
          ],
          [
            4.892939,
            52.372074
          ],
          [
            4.892941,
            52.372135
          ],
          [
            4.892942,
            52.372185
          ],
          [
            4.892944,
            52.372234
          ],
          [
            4.892947,
            52.372269
          ],
          [
            4.89295,
            52.372307
          ],
          [
            4.892953,
            52.372345
          ],
          [
            4.892961,
            52.372387
          ],
          [
            4.892967,
            52.372417
          ],
          [
            4.892967,
            52.372417
          ],
          [
            4.892983,
            52.372471
          ],
          [
            4.892983,
            52.372471
          ],
          [
            4.892983,
            52.372471
          ],
          [
            4.892983,
            52.372471
          ],
          [
            4.892978,
            52.37254
          ],
          [
            4.892981,
            52.372551
          ],
          [
            4.892987,
            52.372559
          ],
          [
            4.892996,
            52.37257
          ],
          [
            4.893015,
            52.372589
          ],
          [
            4.893044,
            52.372608
          ],
          [
            4.893075,
            52.372627
          ],
          [
            4.893105,
            52.372654
          ],
          [
            4.893134,
            52.372677
          ],
          [
            4.89316,
            52.372707
          ],
          [
            4.893179,
            52.372745
          ],
          [
            4.893197,
            52.372787
          ],
          [
            4.893211,
            52.372822
          ],
          [
            4.89323,
            52.372868
          ],
          [
            4.893251,
            52.372917
          ],
          [
            4.893272,
            52.372963
          ],
          [
            4.893296,
            52.373005
          ],
          [
            4.893324,
            52.373051
          ],
          [
            4.893355,
            52.373089
          ],
          [
            4.893395,
            52.373135
          ],
          [
            4.893428,
            52.373173
          ],
          [
            4.893467,
            52.373215
          ],
          [
            4.893497,
            52.373253
          ],
          [
            4.893527,
            52.373291
          ],
          [
            4.893569,
            52.373322
          ],
          [
            4.893609,
            52.373363
          ],
          [
            4.893662,
            52.373409
          ],
          [
            4.89372,
            52.373451
          ],
          [
            4.893783,
            52.373497
          ],
          [
            4.893849,
            52.373547
          ],
          [
            4.893913,
            52.373589
          ],
          [
            4.893978,
            52.373631
          ],
          [
            4.894035,
            52.373672
          ],
          [
            4.8941,
            52.373722
          ],
          [
            4.89417,
            52.373772
          ],
          [
            4.894238,
            52.373825
          ],
          [
            4.894302,
            52.373867
          ],
          [
            4.894367,
            52.37392
          ],
          [
            4.894441,
            52.37397
          ],
          [
            4.894506,
            52.37402
          ],
          [
            4.894576,
            52.374065
          ],
          [
            4.894638,
            52.374115
          ],
          [
            4.894697,
            52.374157
          ],
          [
            4.894751,
            52.374199
          ],
          [
            4.894811,
            52.374252
          ],
          [
            4.894871,
            52.374306
          ],
          [
            4.894929,
            52.374355
          ],
          [
            4.894983,
            52.374405
          ],
          [
            4.89504,
            52.374458
          ],
          [
            4.8951,
            52.374512
          ],
          [
            4.895155,
            52.374557
          ],
          [
            4.895216,
            52.374611
          ],
          [
            4.895282,
            52.374661
          ],
          [
            4.895347,
            52.37471
          ],
          [
            4.895409,
            52.37476
          ],
          [
            4.895467,
            52.374802
          ],
          [
            4.895531,
            52.374851
          ],
          [
            4.895596,
            52.374901
          ],
          [
            4.89565,
            52.37495
          ],
          [
            4.895714,
            52.375
          ],
          [
            4.89577,
            52.37505
          ],
          [
            4.895825,
            52.375092
          ],
          [
            4.895889,
            52.375141
          ],
          [
            4.895952,
            52.375191
          ],
          [
            4.896013,
            52.375244
          ],
          [
            4.896079,
            52.375286
          ],
          [
            4.896138,
            52.375336
          ],
          [
            4.896199,
            52.375381
          ],
          [
            4.896264,
            52.375435
          ],
          [
            4.896322,
            52.375477
          ],
          [
            4.896384,
            52.375526
          ],
          [
            4.896444,
            52.375576
          ],
          [
            4.896507,
            52.375626
          ],
          [
            4.896569,
            52.375675
          ],
          [
            4.896632,
            52.375725
          ],
          [
            4.896695,
            52.375774
          ],
          [
            4.896757,
            52.375816
          ],
          [
            4.896826,
            52.375866
          ],
          [
            4.896897,
            52.375916
          ],
          [
            4.896947,
            52.375969
          ],
          [
            4.897008,
            52.376015
          ],
          [
            4.897061,
            52.376064
          ],
          [
            4.897121,
            52.376114
          ],
          [
            4.897181,
            52.37616
          ],
          [
            4.897239,
            52.376205
          ],
          [
            4.897299,
            52.376247
          ],
          [
            4.897361,
            52.376293
          ],
          [
            4.897415,
            52.376335
          ],
          [
            4.897463,
            52.376377
          ],
          [
            4.897495,
            52.376404
          ],
          [
            4.897517,
            52.376431
          ],
          [
            4.897531,
            52.376461
          ],
          [
            4.897535,
            52.376488
          ],
          [
            4.897532,
            52.376511
          ],
          [
            4.897525,
            52.376534
          ],
          [
            4.897521,
            52.37656
          ],
          [
            4.897519,
            52.376579
          ],
          [
            4.897525,
            52.37661
          ],
          [
            4.897526,
            52.376621
          ],
          [
            4.897517,
            52.376648
          ],
          [
            4.897503,
            52.376678
          ],
          [
            4.89749,
            52.376705
          ],
          [
            4.897463,
            52.376736
          ],
          [
            4.897439,
            52.376766
          ],
          [
            4.897441,
            52.376762
          ],
          [
            4.897439,
            52.376759
          ],
          [
            4.897434,
            52.37677
          ],
          [
            4.897424,
            52.376781
          ],
          [
            4.897413,
            52.376793
          ],
          [
            4.897406,
            52.376804
          ],
          [
            4.897311,
            52.3769
          ],
          [
            4.897273,
            52.376934
          ],
          [
            4.897241,
            52.376961
          ],
          [
            4.897207,
            52.376984
          ],
          [
            4.897164,
            52.376999
          ],
          [
            4.897118,
            52.377026
          ],
          [
            4.897067,
            52.377049
          ],
          [
            4.89703,
            52.377064
          ],
          [
            4.896983,
            52.377079
          ],
          [
            4.896933,
            52.377094
          ],
          [
            4.896891,
            52.377106
          ],
          [
            4.896873,
            52.377129
          ],
          [
            4.896842,
            52.377125
          ],
          [
            4.896822,
            52.377125
          ],
          [
            4.896797,
            52.377113
          ],
          [
            4.89677,
            52.377094
          ],
          [
            4.896744,
            52.377075
          ],
          [
            4.896717,
            52.377052
          ],
          [
            4.896701,
            52.377014
          ],
          [
            4.896679,
            52.376972
          ],
          [
            4.896656,
            52.376942
          ],
          [
            4.896641,
            52.376907
          ],
          [
            4.896628,
            52.376865
          ],
          [
            4.896608,
            52.376831
          ],
          [
            4.896583,
            52.376797
          ],
          [
            4.896563,
            52.376759
          ],
          [
            4.896543,
            52.37672
          ],
          [
            4.896513,
            52.376686
          ],
          [
            4.896491,
            52.376648
          ],
          [
            4.896463,
            52.37661
          ],
          [
            4.896436,
            52.376572
          ],
          [
            4.896402,
            52.376537
          ],
          [
            4.896369,
            52.376503
          ],
          [
            4.896327,
            52.376476
          ],
          [
            4.896289,
            52.376446
          ],
          [
            4.896255,
            52.376415
          ],
          [
            4.896212,
            52.376389
          ],
          [
            4.896162,
            52.376366
          ],
          [
            4.896114,
            52.376343
          ],
          [
            4.89607,
            52.37632
          ],
          [
            4.89602,
            52.376293
          ],
          [
            4.895979,
            52.37627
          ],
          [
            4.895942,
            52.376247
          ],
          [
            4.8959,
            52.376224
          ],
          [
            4.895867,
            52.376205
          ],
          [
            4.895829,
            52.376183
          ],
          [
            4.895788,
            52.37616
          ],
          [
            4.895758,
            52.376141
          ],
          [
            4.89572,
            52.376125
          ],
          [
            4.895695,
            52.37611
          ],
          [
            4.895682,
            52.376102
          ],
          [
            4.895669,
            52.376091
          ],
          [
            4.895665,
            52.376076
          ],
          [
            4.895675,
            52.376064
          ],
          [
            4.895685,
            52.376049
          ],
          [
            4.895709,
            52.376038
          ],
          [
            4.895747,
            52.376026
          ],
          [
            4.895748,
            52.376026
          ],
          [
            4.895771,
            52.376022
          ],
          [
            4.895797,
            52.376019
          ],
          [
            4.895797,
            52.376019
          ],
          [
            4.89587,
            52.376003
          ],
          [
            4.89587,
            52.376003
          ],
          [
            4.89587,
            52.376003
          ],
          [
            4.895971,
            52.375946
          ],
          [
            4.895971,
            52.375946
          ],
          [
            4.895971,
            52.375946
          ],
          [
            4.895971,
            52.375946
          ],
          [
            4.895991,
            52.375935
          ],
          [
            4.895991,
            52.375935
          ],
          [
            4.895958,
            52.375942
          ],
          [
            4.89596,
            52.375942
          ],
          [
            4.895966,
            52.375938
          ],
          [
            4.895956,
            52.375942
          ],
          [
            4.895972,
            52.375942
          ],
          [
            4.895961,
            52.375942
          ],
          [
            4.895999,
            52.375931
          ],
          [
            4.89602,
            52.375919
          ],
          [
            4.896042,
            52.375908
          ],
          [
            4.896104,
            52.375877
          ],
          [
            4.896139,
            52.375866
          ],
          [
            4.896139,
            52.375866
          ],
          [
            4.896254,
            52.375832
          ],
          [
            4.896289,
            52.375828
          ],
          [
            4.896307,
            52.375824
          ],
          [
            4.896307,
            52.375824
          ],
          [
            4.896307,
            52.375824
          ],
          [
            4.896307,
            52.375824
          ],
          [
            4.896451,
            52.375752
          ],
          [
            4.896451,
            52.375752
          ],
          [
            4.896451,
            52.375752
          ],
          [
            4.896443,
            52.375725
          ],
          [
            4.896435,
            52.375721
          ],
          [
            4.89643,
            52.375717
          ],
          [
            4.896419,
            52.375706
          ],
          [
            4.896402,
            52.375694
          ],
          [
            4.896388,
            52.375687
          ],
          [
            4.896356,
            52.375664
          ],
          [
            4.896327,
            52.375645
          ],
          [
            4.896289,
            52.375618
          ],
          [
            4.896248,
            52.375591
          ],
          [
            4.896203,
            52.375561
          ],
          [
            4.896158,
            52.375534
          ],
          [
            4.896112,
            52.375507
          ],
          [
            4.896064,
            52.375473
          ],
          [
            4.896016,
            52.375443
          ],
          [
            4.89596,
            52.375401
          ],
          [
            4.895913,
            52.375366
          ],
          [
            4.89586,
            52.375332
          ],
          [
            4.8958,
            52.375286
          ],
          [
            4.895749,
            52.375252
          ],
          [
            4.895697,
            52.375214
          ],
          [
            4.895636,
            52.375168
          ],
          [
            4.895583,
            52.37513
          ],
          [
            4.895531,
            52.375088
          ],
          [
            4.895473,
            52.375046
          ],
          [
            4.89542,
            52.375004
          ],
          [
            4.895364,
            52.374962
          ],
          [
            4.895301,
            52.374916
          ],
          [
            4.89525,
            52.374878
          ],
          [
            4.895196,
            52.37484
          ],
          [
            4.895143,
            52.374798
          ],
          [
            4.89508,
            52.374756
          ],
          [
            4.895028,
            52.374718
          ],
          [
            4.894974,
            52.37468
          ],
          [
            4.894913,
            52.374634
          ],
          [
            4.894861,
            52.374596
          ],
          [
            4.894809,
            52.374557
          ],
          [
            4.894753,
            52.374512
          ],
          [
            4.894695,
            52.37447
          ],
          [
            4.894642,
            52.374432
          ],
          [
            4.894588,
            52.37439
          ],
          [
            4.894536,
            52.374348
          ],
          [
            4.89448,
            52.374306
          ],
          [
            4.894418,
            52.374252
          ],
          [
            4.894363,
            52.374214
          ],
          [
            4.894314,
            52.374168
          ],
          [
            4.89426,
            52.374123
          ],
          [
            4.894213,
            52.37405
          ],
          [
            4.894153,
            52.373997
          ],
          [
            4.894112,
            52.37394
          ],
          [
            4.894065,
            52.373886
          ],
          [
            4.894011,
            52.373833
          ],
          [
            4.89396,
            52.373791
          ],
          [
            4.893904,
            52.373745
          ],
          [
            4.893846,
            52.373699
          ],
          [
            4.893797,
            52.373661
          ],
          [
            4.893741,
            52.373619
          ],
          [
            4.893685,
            52.373577
          ],
          [
            4.893621,
            52.373535
          ],
          [
            4.893564,
            52.373493
          ],
          [
            4.893509,
            52.373455
          ],
          [
            4.893456,
            52.373413
          ],
          [
            4.893402,
            52.373371
          ],
          [
            4.893348,
            52.373322
          ],
          [
            4.893305,
            52.373283
          ],
          [
            4.893267,
            52.373238
          ],
          [
            4.893227,
            52.373184
          ],
          [
            4.893196,
            52.373146
          ],
          [
            4.893166,
            52.3731
          ],
          [
            4.893131,
            52.373043
          ],
          [
            4.893101,
            52.373001
          ],
          [
            4.893071,
            52.372955
          ],
          [
            4.89305,
            52.372921
          ],
          [
            4.893029,
            52.372891
          ],
          [
            4.893014,
            52.372864
          ],
          [
            4.892994,
            52.372833
          ],
          [
            4.892972,
            52.372803
          ],
          [
            4.892956,
            52.37278
          ],
          [
            4.892939,
            52.372745
          ],
          [
            4.892921,
            52.372711
          ],
          [
            4.892902,
            52.372669
          ],
          [
            4.892887,
            52.372627
          ],
          [
            4.892878,
            52.372585
          ],
          [
            4.892867,
            52.37254
          ],
          [
            4.892856,
            52.372494
          ],
          [
            4.89285,
            52.372452
          ],
          [
            4.892844,
            52.372395
          ],
          [
            4.892838,
            52.372341
          ],
          [
            4.892832,
            52.372276
          ],
          [
            4.892827,
            52.372204
          ],
          [
            4.892824,
            52.372135
          ],
          [
            4.892819,
            52.372066
          ],
          [
            4.892817,
            52.372013
          ],
          [
            4.892811,
            52.371948
          ],
          [
            4.892807,
            52.371883
          ],
          [
            4.892804,
            52.371819
          ],
          [
            4.892798,
            52.371754
          ],
          [
            4.892792,
            52.3717
          ],
          [
            4.892785,
            52.371639
          ],
          [
            4.892777,
            52.371574
          ],
          [
            4.892767,
            52.371521
          ],
          [
            4.892755,
            52.371456
          ],
          [
            4.892742,
            52.371395
          ],
          [
            4.892729,
            52.371338
          ],
          [
            4.892712,
            52.371277
          ],
          [
            4.892698,
            52.37122
          ],
          [
            4.892684,
            52.371162
          ],
          [
            4.892669,
            52.371105
          ],
          [
            4.892654,
            52.371044
          ],
          [
            4.892637,
            52.370983
          ],
          [
            4.892623,
            52.370922
          ],
          [
            4.892608,
            52.370872
          ],
          [
            4.89259,
            52.370808
          ],
          [
            4.892575,
            52.370747
          ],
          [
            4.892558,
            52.370686
          ],
          [
            4.892542,
            52.370628
          ],
          [
            4.892526,
            52.370571
          ],
          [
            4.892511,
            52.370514
          ],
          [
            4.892495,
            52.370453
          ],
          [
            4.892475,
            52.370396
          ],
          [
            4.892458,
            52.370338
          ],
          [
            4.892437,
            52.370281
          ],
          [
            4.892416,
            52.370224
          ],
          [
            4.892393,
            52.370171
          ],
          [
            4.892369,
            52.370113
          ],
          [
            4.892348,
            52.370064
          ],
          [
            4.892326,
            52.370018
          ],
          [
            4.892302,
            52.369972
          ],
          [
            4.892279,
            52.369919
          ],
          [
            4.892258,
            52.369873
          ],
          [
            4.892241,
            52.369823
          ],
          [
            4.892221,
            52.36977
          ],
          [
            4.892207,
            52.369728
          ],
          [
            4.892189,
            52.369682
          ],
          [
            4.892173,
            52.369637
          ],
          [
            4.892156,
            52.369595
          ],
          [
            4.892135,
            52.369545
          ],
          [
            4.89212,
            52.369499
          ],
          [
            4.892099,
            52.36945
          ],
          [
            4.892083,
            52.369408
          ],
          [
            4.892066,
            52.369366
          ],
          [
            4.892048,
            52.369331
          ],
          [
            4.892035,
            52.369293
          ],
          [
            4.892019,
            52.369255
          ],
          [
            4.892006,
            52.369217
          ],
          [
            4.891996,
            52.369183
          ],
          [
            4.891985,
            52.369148
          ],
          [
            4.891981,
            52.369114
          ],
          [
            4.891974,
            52.369072
          ],
          [
            4.891975,
            52.36903
          ],
          [
            4.891977,
            52.368984
          ],
          [
            4.891993,
            52.368938
          ],
          [
            4.892007,
            52.368889
          ],
          [
            4.892031,
            52.368832
          ],
          [
            4.892058,
            52.368774
          ],
          [
            4.892086,
            52.368717
          ],
          [
            4.892115,
            52.368664
          ],
          [
            4.892149,
            52.368603
          ],
          [
            4.892191,
            52.368542
          ],
          [
            4.892237,
            52.368481
          ],
          [
            4.892277,
            52.368427
          ],
          [
            4.89233,
            52.36837
          ],
          [
            4.892385,
            52.368317
          ],
          [
            4.892442,
            52.368263
          ],
          [
            4.892503,
            52.36821
          ],
          [
            4.89256,
            52.368164
          ],
          [
            4.892623,
            52.368107
          ],
          [
            4.892693,
            52.368053
          ],
          [
            4.892753,
            52.368004
          ],
          [
            4.892814,
            52.367954
          ],
          [
            4.892871,
            52.367908
          ],
          [
            4.892924,
            52.367866
          ],
          [
            4.892981,
            52.367821
          ],
          [
            4.893041,
            52.367771
          ],
          [
            4.893106,
            52.367718
          ],
          [
            4.893165,
            52.367668
          ],
          [
            4.893223,
            52.367619
          ],
          [
            4.893283,
            52.367573
          ],
          [
            4.893345,
            52.367523
          ],
          [
            4.893389,
            52.367481
          ],
          [
            4.893428,
            52.367439
          ],
          [
            4.893458,
            52.367386
          ],
          [
            4.893475,
            52.367344
          ],
          [
            4.893485,
            52.367298
          ],
          [
            4.893487,
            52.367245
          ],
          [
            4.893488,
            52.367199
          ],
          [
            4.893482,
            52.367149
          ],
          [
            4.893471,
            52.367104
          ],
          [
            4.893459,
            52.367054
          ],
          [
            4.893439,
            52.367012
          ],
          [
            4.893412,
            52.366962
          ],
          [
            4.893383,
            52.36692
          ],
          [
            4.893354,
            52.366879
          ],
          [
            4.893336,
            52.36684
          ],
          [
            4.893307,
            52.366798
          ],
          [
            4.893281,
            52.366737
          ],
          [
            4.893262,
            52.366676
          ],
          [
            4.893244,
            52.366623
          ],
          [
            4.893215,
            52.366562
          ],
          [
            4.893193,
            52.366489
          ],
          [
            4.893182,
            52.366447
          ],
          [
            4.893158,
            52.366379
          ],
          [
            4.893136,
            52.366314
          ],
          [
            4.893117,
            52.366241
          ],
          [
            4.893097,
            52.366173
          ],
          [
            4.893081,
            52.366116
          ],
          [
            4.893063,
            52.366051
          ],
          [
            4.893044,
            52.365994
          ],
          [
            4.89302,
            52.36594
          ],
          [
            4.893012,
            52.365898
          ],
          [
            4.892995,
            52.365856
          ],
          [
            4.892981,
            52.365799
          ],
          [
            4.892969,
            52.365761
          ],
          [
            4.892952,
            52.365711
          ],
          [
            4.892939,
            52.365654
          ],
          [
            4.892914,
            52.365585
          ],
          [
            4.892889,
            52.36552
          ],
          [
            4.892865,
            52.365456
          ],
          [
            4.892837,
            52.365383
          ],
          [
            4.892815,
            52.36533
          ],
          [
            4.892796,
            52.365276
          ],
          [
            4.892776,
            52.365223
          ],
          [
            4.892754,
            52.365166
          ],
          [
            4.892734,
            52.365105
          ],
          [
            4.892714,
            52.365044
          ],
          [
            4.892696,
            52.364979
          ],
          [
            4.892679,
            52.364922
          ],
          [
            4.892662,
            52.364872
          ],
          [
            4.892649,
            52.364819
          ],
          [
            4.892637,
            52.364769
          ],
          [
            4.892617,
            52.364716
          ],
          [
            4.892601,
            52.364662
          ],
          [
            4.892586,
            52.364609
          ],
          [
            4.892563,
            52.36454
          ],
          [
            4.892546,
            52.36449
          ],
          [
            4.892528,
            52.364437
          ],
          [
            4.89251,
            52.364387
          ],
          [
            4.892495,
            52.364349
          ],
          [
            4.892476,
            52.364288
          ],
          [
            4.892451,
            52.364223
          ],
          [
            4.89242,
            52.364147
          ],
          [
            4.892395,
            52.364079
          ],
          [
            4.892371,
            52.364021
          ],
          [
            4.89235,
            52.363968
          ],
          [
            4.892328,
            52.363914
          ],
          [
            4.892305,
            52.363853
          ],
          [
            4.892286,
            52.3638
          ],
          [
            4.892268,
            52.363743
          ],
          [
            4.892248,
            52.363686
          ],
          [
            4.892229,
            52.363617
          ],
          [
            4.892211,
            52.363564
          ],
          [
            4.892193,
            52.363499
          ],
          [
            4.892173,
            52.363434
          ],
          [
            4.892156,
            52.363373
          ],
          [
            4.892134,
            52.363308
          ],
          [
            4.892111,
            52.363239
          ],
          [
            4.89209,
            52.363178
          ],
          [
            4.892072,
            52.363125
          ],
          [
            4.892049,
            52.36306
          ],
          [
            4.892026,
            52.362995
          ],
          [
            4.892005,
            52.36293
          ],
          [
            4.891984,
            52.362873
          ],
          [
            4.89197,
            52.362831
          ],
          [
            4.891942,
            52.36277
          ],
          [
            4.891929,
            52.36272
          ],
          [
            4.89191,
            52.362678
          ],
          [
            4.891891,
            52.362629
          ],
          [
            4.891867,
            52.362568
          ],
          [
            4.89184,
            52.362495
          ],
          [
            4.891808,
            52.362431
          ],
          [
            4.891777,
            52.362362
          ],
          [
            4.891748,
            52.362301
          ],
          [
            4.891723,
            52.362248
          ],
          [
            4.891701,
            52.362194
          ],
          [
            4.891684,
            52.362141
          ],
          [
            4.891665,
            52.362083
          ],
          [
            4.891646,
            52.362022
          ],
          [
            4.891626,
            52.361954
          ],
          [
            4.891606,
            52.361893
          ],
          [
            4.891583,
            52.361824
          ],
          [
            4.891563,
            52.361759
          ],
          [
            4.891538,
            52.361691
          ],
          [
            4.891518,
            52.361622
          ],
          [
            4.891497,
            52.361565
          ],
          [
            4.891473,
            52.361496
          ],
          [
            4.891453,
            52.361435
          ],
          [
            4.891433,
            52.361374
          ],
          [
            4.891412,
            52.361317
          ],
          [
            4.89139,
            52.361256
          ],
          [
            4.891369,
            52.361198
          ],
          [
            4.891349,
            52.361141
          ],
          [
            4.891329,
            52.361084
          ],
          [
            4.891309,
            52.361027
          ],
          [
            4.891292,
            52.360977
          ],
          [
            4.891271,
            52.360916
          ],
          [
            4.891252,
            52.360855
          ],
          [
            4.891231,
            52.360794
          ],
          [
            4.891208,
            52.360729
          ],
          [
            4.891187,
            52.360672
          ],
          [
            4.891166,
            52.360619
          ],
          [
            4.891142,
            52.360558
          ],
          [
            4.891112,
            52.360497
          ],
          [
            4.891093,
            52.360458
          ],
          [
            4.891072,
            52.360416
          ],
          [
            4.891043,
            52.360367
          ],
          [
            4.891008,
            52.360298
          ],
          [
            4.890975,
            52.360233
          ],
          [
            4.890948,
            52.360165
          ],
          [
            4.890926,
            52.3601
          ],
          [
            4.890912,
            52.360039
          ],
          [
            4.890898,
            52.359974
          ],
          [
            4.890885,
            52.359909
          ],
          [
            4.890868,
            52.359852
          ],
          [
            4.890844,
            52.359798
          ],
          [
            4.890809,
            52.359745
          ],
          [
            4.890763,
            52.359703
          ],
          [
            4.890714,
            52.359673
          ],
          [
            4.890642,
            52.359657
          ],
          [
            4.890563,
            52.359653
          ],
          [
            4.890481,
            52.359657
          ],
          [
            4.890394,
            52.359665
          ],
          [
            4.890303,
            52.35968
          ],
          [
            4.890252,
            52.359688
          ],
          [
            4.890115,
            52.359711
          ],
          [
            4.890013,
            52.359726
          ],
          [
            4.889912,
            52.359745
          ],
          [
            4.889815,
            52.359772
          ],
          [
            4.889763,
            52.359779
          ],
          [
            4.889633,
            52.359818
          ],
          [
            4.889544,
            52.359852
          ],
          [
            4.889455,
            52.359882
          ],
          [
            4.889372,
            52.359921
          ],
          [
            4.889291,
            52.359959
          ],
          [
            4.889209,
            52.360001
          ],
          [
            4.889132,
            52.360039
          ],
          [
            4.88906,
            52.360077
          ],
          [
            4.888979,
            52.360119
          ],
          [
            4.8889,
            52.360161
          ],
          [
            4.888817,
            52.360203
          ],
          [
            4.888736,
            52.360237
          ],
          [
            4.888663,
            52.360271
          ],
          [
            4.888582,
            52.360306
          ],
          [
            4.8885,
            52.36034
          ],
          [
            4.888398,
            52.360386
          ],
          [
            4.888293,
            52.360439
          ],
          [
            4.888191,
            52.360485
          ],
          [
            4.888106,
            52.360523
          ],
          [
            4.888004,
            52.360577
          ],
          [
            4.887929,
            52.360619
          ],
          [
            4.887845,
            52.360661
          ],
          [
            4.887779,
            52.360691
          ],
          [
            4.887694,
            52.360729
          ],
          [
            4.887612,
            52.36076
          ],
          [
            4.887514,
            52.360802
          ],
          [
            4.887415,
            52.360855
          ],
          [
            4.887332,
            52.360901
          ],
          [
            4.887253,
            52.360939
          ],
          [
            4.887178,
            52.360981
          ],
          [
            4.887104,
            52.361027
          ],
          [
            4.887025,
            52.361065
          ],
          [
            4.886955,
            52.361103
          ],
          [
            4.886886,
            52.361141
          ],
          [
            4.886819,
            52.361179
          ],
          [
            4.88674,
            52.361214
          ],
          [
            4.886653,
            52.361244
          ],
          [
            4.886562,
            52.361271
          ],
          [
            4.886476,
            52.361301
          ],
          [
            4.886384,
            52.36134
          ],
          [
            4.886303,
            52.361374
          ],
          [
            4.886219,
            52.361416
          ],
          [
            4.886138,
            52.361454
          ],
          [
            4.886074,
            52.361484
          ],
          [
            4.885963,
            52.361534
          ],
          [
            4.885882,
            52.361572
          ],
          [
            4.885801,
            52.36161
          ],
          [
            4.885722,
            52.361652
          ],
          [
            4.885643,
            52.361687
          ],
          [
            4.885567,
            52.361725
          ],
          [
            4.885483,
            52.361767
          ],
          [
            4.885411,
            52.361805
          ],
          [
            4.885336,
            52.361843
          ],
          [
            4.88526,
            52.361877
          ],
          [
            4.885191,
            52.361919
          ],
          [
            4.88511,
            52.361961
          ],
          [
            4.885031,
            52.361996
          ],
          [
            4.88495,
            52.362034
          ],
          [
            4.88487,
            52.362068
          ],
          [
            4.884796,
            52.362106
          ],
          [
            4.884711,
            52.362144
          ],
          [
            4.884633,
            52.362186
          ],
          [
            4.884554,
            52.362225
          ],
          [
            4.884476,
            52.362263
          ],
          [
            4.884397,
            52.362301
          ],
          [
            4.884313,
            52.362343
          ],
          [
            4.884234,
            52.362381
          ],
          [
            4.884145,
            52.362412
          ],
          [
            4.884065,
            52.362453
          ],
          [
            4.883988,
            52.362492
          ],
          [
            4.883911,
            52.362534
          ],
          [
            4.883841,
            52.362579
          ],
          [
            4.883771,
            52.362621
          ],
          [
            4.883711,
            52.362663
          ],
          [
            4.883658,
            52.362705
          ],
          [
            4.883623,
            52.362747
          ],
          [
            4.883586,
            52.362797
          ],
          [
            4.883554,
            52.362854
          ],
          [
            4.883533,
            52.362907
          ],
          [
            4.883509,
            52.362961
          ],
          [
            4.883479,
            52.363014
          ],
          [
            4.883449,
            52.363071
          ],
          [
            4.883424,
            52.363117
          ],
          [
            4.88339,
            52.363159
          ],
          [
            4.883355,
            52.363209
          ],
          [
            4.88332,
            52.363251
          ],
          [
            4.883275,
            52.363304
          ],
          [
            4.883233,
            52.363354
          ],
          [
            4.883187,
            52.363403
          ],
          [
            4.883144,
            52.363453
          ],
          [
            4.883096,
            52.363506
          ],
          [
            4.883045,
            52.363552
          ],
          [
            4.882992,
            52.363598
          ],
          [
            4.882938,
            52.363636
          ],
          [
            4.88287,
            52.363678
          ],
          [
            4.882792,
            52.363708
          ],
          [
            4.882708,
            52.363735
          ],
          [
            4.882619,
            52.363754
          ],
          [
            4.882524,
            52.363766
          ],
          [
            4.882436,
            52.363777
          ],
          [
            4.882398,
            52.363781
          ],
          [
            4.882273,
            52.363796
          ],
          [
            4.882192,
            52.363804
          ],
          [
            4.882119,
            52.363804
          ],
          [
            4.882057,
            52.363792
          ],
          [
            4.882002,
            52.363773
          ],
          [
            4.881952,
            52.363747
          ],
          [
            4.881908,
            52.363724
          ],
          [
            4.881856,
            52.363686
          ],
          [
            4.881804,
            52.363655
          ],
          [
            4.881741,
            52.363613
          ],
          [
            4.881674,
            52.363579
          ],
          [
            4.881608,
            52.363544
          ],
          [
            4.881537,
            52.36351
          ],
          [
            4.881463,
            52.363472
          ],
          [
            4.881388,
            52.363438
          ],
          [
            4.881316,
            52.363403
          ],
          [
            4.881244,
            52.363369
          ],
          [
            4.881169,
            52.363335
          ],
          [
            4.881089,
            52.363296
          ],
          [
            4.881012,
            52.363262
          ],
          [
            4.880932,
            52.363224
          ],
          [
            4.880849,
            52.36319
          ],
          [
            4.880772,
            52.363155
          ],
          [
            4.880681,
            52.363117
          ],
          [
            4.880594,
            52.363079
          ],
          [
            4.880503,
            52.363056
          ],
          [
            4.880416,
            52.363045
          ],
          [
            4.880323,
            52.363049
          ],
          [
            4.880236,
            52.363068
          ],
          [
            4.880157,
            52.363094
          ],
          [
            4.880093,
            52.363121
          ],
          [
            4.880023,
            52.363159
          ],
          [
            4.879951,
            52.363201
          ],
          [
            4.879878,
            52.363247
          ],
          [
            4.87981,
            52.363293
          ],
          [
            4.879741,
            52.363338
          ],
          [
            4.879668,
            52.36338
          ],
          [
            4.879606,
            52.363422
          ],
          [
            4.879535,
            52.363464
          ],
          [
            4.879456,
            52.363503
          ],
          [
            4.879381,
            52.363548
          ],
          [
            4.879305,
            52.36359
          ],
          [
            4.879241,
            52.363628
          ],
          [
            4.879185,
            52.36367
          ],
          [
            4.879126,
            52.363705
          ],
          [
            4.879083,
            52.363743
          ],
          [
            4.879037,
            52.363773
          ],
          [
            4.878988,
            52.3638
          ],
          [
            4.878948,
            52.363831
          ],
          [
            4.878908,
            52.363861
          ],
          [
            4.878877,
            52.36388
          ],
          [
            4.878847,
            52.363895
          ],
          [
            4.878819,
            52.363911
          ],
          [
            4.878819,
            52.363911
          ],
          [
            4.878767,
            52.363926
          ],
          [
            4.878767,
            52.363926
          ],
          [
            4.878767,
            52.363926
          ],
          [
            4.878767,
            52.363926
          ],
          [
            4.878715,
            52.363899
          ],
          [
            4.878693,
            52.363892
          ],
          [
            4.878674,
            52.363888
          ],
          [
            4.878648,
            52.36388
          ],
          [
            4.878631,
            52.363869
          ],
          [
            4.878595,
            52.363857
          ],
          [
            4.878554,
            52.363842
          ],
          [
            4.878501,
            52.363819
          ],
          [
            4.878477,
            52.363808
          ],
          [
            4.878388,
            52.363777
          ],
          [
            4.878317,
            52.36375
          ],
          [
            4.878242,
            52.363728
          ],
          [
            4.878165,
            52.363701
          ],
          [
            4.878096,
            52.363678
          ],
          [
            4.878003,
            52.363647
          ],
          [
            4.877915,
            52.363625
          ],
          [
            4.877829,
            52.363598
          ],
          [
            4.877741,
            52.363575
          ],
          [
            4.877654,
            52.363544
          ],
          [
            4.877576,
            52.363522
          ],
          [
            4.87749,
            52.363495
          ],
          [
            4.877401,
            52.363468
          ],
          [
            4.877335,
            52.363442
          ],
          [
            4.877229,
            52.363407
          ],
          [
            4.877141,
            52.363377
          ],
          [
            4.877048,
            52.363346
          ],
          [
            4.876955,
            52.363319
          ],
          [
            4.876864,
            52.363293
          ],
          [
            4.87677,
            52.363266
          ],
          [
            4.87668,
            52.363239
          ],
          [
            4.87659,
            52.363216
          ],
          [
            4.876506,
            52.36319
          ],
          [
            4.876438,
            52.363171
          ],
          [
            4.876323,
            52.36314
          ],
          [
            4.876223,
            52.363113
          ],
          [
            4.876132,
            52.363087
          ],
          [
            4.876046,
            52.363064
          ],
          [
            4.875955,
            52.363037
          ],
          [
            4.875863,
            52.36301
          ],
          [
            4.875778,
            52.362988
          ],
          [
            4.87571,
            52.362968
          ],
          [
            4.875639,
            52.362949
          ],
          [
            4.875573,
            52.362934
          ],
          [
            4.875529,
            52.362923
          ],
          [
            4.875478,
            52.362915
          ],
          [
            4.875428,
            52.362907
          ],
          [
            4.875386,
            52.3629
          ],
          [
            4.875337,
            52.362888
          ],
          [
            4.875284,
            52.362877
          ],
          [
            4.875221,
            52.362858
          ],
          [
            4.875163,
            52.362839
          ],
          [
            4.875092,
            52.362816
          ],
          [
            4.875018,
            52.362797
          ],
          [
            4.874945,
            52.362774
          ],
          [
            4.874869,
            52.362751
          ],
          [
            4.874787,
            52.362728
          ],
          [
            4.874701,
            52.362705
          ],
          [
            4.87462,
            52.362682
          ],
          [
            4.874581,
            52.362675
          ],
          [
            4.874464,
            52.362648
          ],
          [
            4.87438,
            52.362629
          ],
          [
            4.874296,
            52.362614
          ],
          [
            4.874218,
            52.362595
          ],
          [
            4.874151,
            52.362579
          ],
          [
            4.874084,
            52.36256
          ],
          [
            4.874029,
            52.362545
          ],
          [
            4.873952,
            52.362522
          ],
          [
            4.873886,
            52.362503
          ],
          [
            4.873813,
            52.36248
          ],
          [
            4.87374,
            52.362461
          ],
          [
            4.873667,
            52.362438
          ],
          [
            4.873589,
            52.362415
          ],
          [
            4.873504,
            52.362392
          ],
          [
            4.873412,
            52.36237
          ],
          [
            4.873322,
            52.362347
          ],
          [
            4.873238,
            52.362328
          ],
          [
            4.873146,
            52.362301
          ],
          [
            4.873081,
            52.362286
          ],
          [
            4.872968,
            52.362255
          ],
          [
            4.872866,
            52.362232
          ],
          [
            4.872898,
            52.362232
          ],
          [
            4.872722,
            52.36219
          ],
          [
            4.872593,
            52.362171
          ],
          [
            4.872481,
            52.362144
          ],
          [
            4.872388,
            52.362114
          ],
          [
            4.872304,
            52.362087
          ],
          [
            4.872223,
            52.362064
          ],
          [
            4.872135,
            52.362038
          ],
          [
            4.872058,
            52.362019
          ],
          [
            4.871979,
            52.361999
          ],
          [
            4.871893,
            52.361977
          ],
          [
            4.871809,
            52.361954
          ],
          [
            4.871721,
            52.361931
          ],
          [
            4.871634,
            52.361908
          ],
          [
            4.871551,
            52.361885
          ],
          [
            4.871454,
            52.361858
          ],
          [
            4.871362,
            52.361832
          ],
          [
            4.871272,
            52.361805
          ],
          [
            4.871182,
            52.361778
          ],
          [
            4.871092,
            52.361752
          ],
          [
            4.87101,
            52.361729
          ],
          [
            4.870919,
            52.361698
          ],
          [
            4.870827,
            52.361671
          ],
          [
            4.870763,
            52.361649
          ],
          [
            4.870651,
            52.361618
          ],
          [
            4.870561,
            52.361591
          ],
          [
            4.870464,
            52.361565
          ],
          [
            4.870368,
            52.361538
          ],
          [
            4.870315,
            52.361526
          ],
          [
            4.870193,
            52.361496
          ],
          [
            4.870097,
            52.361469
          ],
          [
            4.869998,
            52.361443
          ],
          [
            4.869903,
            52.361416
          ],
          [
            4.869825,
            52.361397
          ],
          [
            4.869716,
            52.36137
          ],
          [
            4.869621,
            52.361343
          ],
          [
            4.869534,
            52.36132
          ],
          [
            4.869438,
            52.361298
          ],
          [
            4.86936,
            52.361279
          ],
          [
            4.869251,
            52.361252
          ],
          [
            4.869154,
            52.361225
          ],
          [
            4.869065,
            52.361206
          ],
          [
            4.868969,
            52.361179
          ],
          [
            4.868896,
            52.361164
          ],
          [
            4.868782,
            52.361134
          ],
          [
            4.868684,
            52.361111
          ],
          [
            4.868595,
            52.361088
          ],
          [
            4.868499,
            52.361065
          ],
          [
            4.868454,
            52.361057
          ],
          [
            4.868322,
            52.361023
          ],
          [
            4.868214,
            52.361
          ],
          [
            4.868122,
            52.360977
          ],
          [
            4.868023,
            52.360954
          ],
          [
            4.867935,
            52.360931
          ],
          [
            4.86783,
            52.360908
          ],
          [
            4.867735,
            52.360882
          ],
          [
            4.867647,
            52.360859
          ],
          [
            4.86755,
            52.360836
          ],
          [
            4.867476,
            52.360817
          ],
          [
            4.867364,
            52.36079
          ],
          [
            4.867266,
            52.360767
          ],
          [
            4.867172,
            52.360744
          ],
          [
            4.867081,
            52.360722
          ],
          [
            4.866989,
            52.360699
          ],
          [
            4.866904,
            52.36068
          ],
          [
            4.866819,
            52.360661
          ],
          [
            4.866733,
            52.360645
          ],
          [
            4.866638,
            52.360622
          ],
          [
            4.866545,
            52.360607
          ],
          [
            4.866454,
            52.360588
          ],
          [
            4.866365,
            52.360573
          ],
          [
            4.866316,
            52.360561
          ],
          [
            4.866185,
            52.360535
          ],
          [
            4.866078,
            52.360508
          ],
          [
            4.865985,
            52.360489
          ],
          [
            4.865886,
            52.360466
          ],
          [
            4.865808,
            52.360447
          ],
          [
            4.865695,
            52.36042
          ],
          [
            4.865594,
            52.360397
          ],
          [
            4.8655,
            52.360378
          ],
          [
            4.865415,
            52.360359
          ],
          [
            4.865335,
            52.36034
          ],
          [
            4.865226,
            52.360317
          ],
          [
            4.865127,
            52.360294
          ],
          [
            4.865034,
            52.360271
          ],
          [
            4.864947,
            52.360252
          ],
          [
            4.864887,
            52.360237
          ],
          [
            4.864763,
            52.360207
          ],
          [
            4.864659,
            52.36018
          ],
          [
            4.864561,
            52.360157
          ],
          [
            4.864467,
            52.360134
          ],
          [
            4.86438,
            52.360111
          ],
          [
            4.86428,
            52.360092
          ],
          [
            4.864186,
            52.360069
          ],
          [
            4.864093,
            52.36005
          ],
          [
            4.864002,
            52.360031
          ],
          [
            4.86391,
            52.360012
          ],
          [
            4.863824,
            52.359989
          ],
          [
            4.86373,
            52.35997
          ],
          [
            4.863646,
            52.359947
          ],
          [
            4.863565,
            52.359928
          ],
          [
            4.863481,
            52.359905
          ],
          [
            4.863395,
            52.359882
          ],
          [
            4.863362,
            52.359875
          ],
          [
            4.863234,
            52.359844
          ],
          [
            4.863125,
            52.359818
          ],
          [
            4.863122,
            52.359814
          ],
          [
            4.862954,
            52.359779
          ],
          [
            4.862913,
            52.359768
          ],
          [
            4.862764,
            52.359737
          ],
          [
            4.862648,
            52.359714
          ],
          [
            4.862551,
            52.359695
          ],
          [
            4.862449,
            52.359673
          ],
          [
            4.862388,
            52.359661
          ],
          [
            4.862262,
            52.359631
          ],
          [
            4.862159,
            52.359604
          ],
          [
            4.86218,
            52.359611
          ],
          [
            4.861998,
            52.359566
          ],
          [
            4.861898,
            52.359539
          ],
          [
            4.861788,
            52.359509
          ],
          [
            4.861689,
            52.359486
          ],
          [
            4.8616,
            52.359463
          ],
          [
            4.861504,
            52.35944
          ],
          [
            4.861408,
            52.359413
          ],
          [
            4.861311,
            52.359386
          ],
          [
            4.861219,
            52.359364
          ],
          [
            4.861129,
            52.359345
          ],
          [
            4.861151,
            52.359348
          ],
          [
            4.860976,
            52.359299
          ],
          [
            4.860875,
            52.359272
          ],
          [
            4.860772,
            52.359241
          ],
          [
            4.860675,
            52.359215
          ],
          [
            4.86058,
            52.359192
          ],
          [
            4.860493,
            52.359169
          ],
          [
            4.860395,
            52.359142
          ],
          [
            4.860301,
            52.359119
          ],
          [
            4.860208,
            52.359093
          ],
          [
            4.860115,
            52.359066
          ],
          [
            4.860018,
            52.359043
          ],
          [
            4.859935,
            52.359016
          ],
          [
            4.859842,
            52.358994
          ],
          [
            4.859828,
            52.35899
          ],
          [
            4.859674,
            52.358952
          ],
          [
            4.859567,
            52.358925
          ],
          [
            4.859477,
            52.358902
          ],
          [
            4.859389,
            52.358875
          ],
          [
            4.859292,
            52.358852
          ],
          [
            4.859238,
            52.358837
          ],
          [
            4.859191,
            52.358826
          ],
          [
            4.859033,
            52.358784
          ],
          [
            4.858933,
            52.358757
          ],
          [
            4.85883,
            52.35873
          ],
          [
            4.85875,
            52.358707
          ],
          [
            4.858638,
            52.358677
          ],
          [
            4.85854,
            52.35865
          ],
          [
            4.858455,
            52.358627
          ],
          [
            4.85836,
            52.358604
          ],
          [
            4.858302,
            52.358589
          ],
          [
            4.858181,
            52.358555
          ],
          [
            4.85808,
            52.358528
          ],
          [
            4.858102,
            52.358536
          ],
          [
            4.857923,
            52.35849
          ],
          [
            4.857931,
            52.35849
          ],
          [
            4.857747,
            52.35844
          ],
          [
            4.857627,
            52.35841
          ],
          [
            4.857537,
            52.358387
          ],
          [
            4.857435,
            52.35836
          ],
          [
            4.857365,
            52.358345
          ],
          [
            4.857324,
            52.358337
          ],
          [
            4.857163,
            52.358299
          ],
          [
            4.857053,
            52.358273
          ],
          [
            4.856968,
            52.35825
          ],
          [
            4.856872,
            52.358227
          ],
          [
            4.856769,
            52.3582
          ],
          [
            4.856734,
            52.358189
          ],
          [
            4.856599,
            52.358154
          ],
          [
            4.856508,
            52.358131
          ],
          [
            4.856516,
            52.358135
          ],
          [
            4.856336,
            52.358086
          ],
          [
            4.856237,
            52.358059
          ],
          [
            4.856145,
            52.358036
          ],
          [
            4.856046,
            52.358013
          ],
          [
            4.855966,
            52.357994
          ],
          [
            4.855958,
            52.35799
          ],
          [
            4.855825,
            52.357956
          ],
          [
            4.855742,
            52.357937
          ],
          [
            4.855676,
            52.357922
          ],
          [
            4.855609,
            52.357906
          ],
          [
            4.855542,
            52.357895
          ],
          [
            4.855479,
            52.357883
          ],
          [
            4.855425,
            52.357876
          ],
          [
            4.855372,
            52.357864
          ],
          [
            4.855336,
            52.357861
          ],
          [
            4.855336,
            52.357861
          ],
          [
            4.855336,
            52.357861
          ],
          [
            4.855336,
            52.357861
          ],
          [
            4.855336,
            52.357861
          ],
          [
            4.855216,
            52.357811
          ],
          [
            4.855207,
            52.357807
          ],
          [
            4.855197,
            52.357803
          ],
          [
            4.85519,
            52.357796
          ],
          [
            4.855167,
            52.35778
          ],
          [
            4.85514,
            52.357754
          ],
          [
            4.855106,
            52.357719
          ],
          [
            4.855078,
            52.357689
          ],
          [
            4.855046,
            52.357655
          ],
          [
            4.855007,
            52.357613
          ],
          [
            4.854965,
            52.357559
          ],
          [
            4.854926,
            52.357506
          ],
          [
            4.854886,
            52.357456
          ],
          [
            4.854838,
            52.357399
          ],
          [
            4.854792,
            52.357342
          ],
          [
            4.85475,
            52.357288
          ],
          [
            4.854702,
            52.357227
          ],
          [
            4.854661,
            52.35717
          ],
          [
            4.854626,
            52.357121
          ],
          [
            4.854585,
            52.357044
          ],
          [
            4.854552,
            52.356957
          ],
          [
            4.854527,
            52.356873
          ],
          [
            4.854518,
            52.3568
          ],
          [
            4.854516,
            52.356728
          ],
          [
            4.854526,
            52.356644
          ],
          [
            4.854542,
            52.356564
          ],
          [
            4.854558,
            52.35651
          ],
          [
            4.854589,
            52.356438
          ],
          [
            4.854622,
            52.356373
          ],
          [
            4.85465,
            52.356312
          ],
          [
            4.854681,
            52.356247
          ],
          [
            4.854711,
            52.356178
          ],
          [
            4.85474,
            52.356106
          ],
          [
            4.854767,
            52.356056
          ],
          [
            4.854783,
            52.356026
          ],
          [
            4.854812,
            52.355961
          ],
          [
            4.85484,
            52.355904
          ],
          [
            4.854869,
            52.355831
          ],
          [
            4.85489,
            52.355782
          ],
          [
            4.854909,
            52.355732
          ],
          [
            4.854934,
            52.355663
          ],
          [
            4.854947,
            52.355614
          ],
          [
            4.85497,
            52.355568
          ],
          [
            4.854996,
            52.355495
          ],
          [
            4.855008,
            52.355453
          ],
          [
            4.855029,
            52.355412
          ],
          [
            4.855042,
            52.355362
          ],
          [
            4.855064,
            52.355324
          ],
          [
            4.855079,
            52.35527
          ],
          [
            4.855095,
            52.355217
          ],
          [
            4.855117,
            52.35516
          ],
          [
            4.855132,
            52.355099
          ],
          [
            4.855155,
            52.355049
          ],
          [
            4.855172,
            52.354988
          ],
          [
            4.855188,
            52.354938
          ],
          [
            4.855195,
            52.3549
          ],
          [
            4.855183,
            52.354851
          ],
          [
            4.855192,
            52.354843
          ],
          [
            4.855144,
            52.354813
          ],
          [
            4.855064,
            52.354782
          ],
          [
            4.854943,
            52.354759
          ],
          [
            4.854895,
            52.354748
          ],
          [
            4.854766,
            52.35474
          ],
          [
            4.854664,
            52.354733
          ],
          [
            4.854599,
            52.354733
          ],
          [
            4.854471,
            52.354729
          ],
          [
            4.854364,
            52.354725
          ],
          [
            4.854268,
            52.354725
          ],
          [
            4.854172,
            52.354729
          ],
          [
            4.854076,
            52.354736
          ],
          [
            4.853988,
            52.35474
          ],
          [
            4.853892,
            52.354748
          ],
          [
            4.853806,
            52.354755
          ],
          [
            4.853721,
            52.354759
          ],
          [
            4.853692,
            52.354763
          ],
          [
            4.853576,
            52.354771
          ],
          [
            4.853491,
            52.354778
          ],
          [
            4.853401,
            52.354786
          ],
          [
            4.85333,
            52.354794
          ],
          [
            4.853249,
            52.354797
          ],
          [
            4.853143,
            52.354805
          ],
          [
            4.853124,
            52.354809
          ],
          [
            4.85297,
            52.354816
          ],
          [
            4.852852,
            52.35482
          ],
          [
            4.852773,
            52.354828
          ],
          [
            4.852653,
            52.354832
          ],
          [
            4.852578,
            52.354832
          ],
          [
            4.852447,
            52.354836
          ],
          [
            4.852337,
            52.354839
          ],
          [
            4.852235,
            52.354843
          ],
          [
            4.852141,
            52.354843
          ],
          [
            4.852084,
            52.354847
          ],
          [
            4.85195,
            52.354858
          ],
          [
            4.851844,
            52.35487
          ],
          [
            4.851748,
            52.354881
          ],
          [
            4.85166,
            52.354897
          ],
          [
            4.85164,
            52.3549
          ],
          [
            4.851526,
            52.354916
          ],
          [
            4.85138,
            52.354931
          ],
          [
            4.851264,
            52.354938
          ],
          [
            4.851165,
            52.354942
          ],
          [
            4.851108,
            52.354942
          ],
          [
            4.850973,
            52.354946
          ],
          [
            4.850888,
            52.354946
          ],
          [
            4.850762,
            52.354946
          ],
          [
            4.850686,
            52.354946
          ],
          [
            4.850561,
            52.354946
          ],
          [
            4.850457,
            52.35495
          ],
          [
            4.850359,
            52.354946
          ],
          [
            4.850268,
            52.354946
          ],
          [
            4.850224,
            52.354946
          ],
          [
            4.850126,
            52.354942
          ],
          [
            4.849983,
            52.354942
          ],
          [
            4.849866,
            52.354942
          ],
          [
            4.849768,
            52.354942
          ],
          [
            4.849727,
            52.354942
          ],
          [
            4.849581,
            52.354946
          ],
          [
            4.849465,
            52.35495
          ],
          [
            4.849359,
            52.35495
          ],
          [
            4.84926,
            52.354954
          ],
          [
            4.849232,
            52.354958
          ],
          [
            4.849087,
            52.354961
          ],
          [
            4.848969,
            52.354965
          ],
          [
            4.848862,
            52.354965
          ],
          [
            4.84876,
            52.354961
          ],
          [
            4.848733,
            52.354961
          ],
          [
            4.848585,
            52.354961
          ],
          [
            4.848492,
            52.354958
          ],
          [
            4.848367,
            52.354958
          ],
          [
            4.848258,
            52.354958
          ],
          [
            4.848215,
            52.354958
          ],
          [
            4.848078,
            52.354954
          ],
          [
            4.847958,
            52.354946
          ],
          [
            4.84785,
            52.354942
          ],
          [
            4.847746,
            52.354942
          ],
          [
            4.847714,
            52.354938
          ],
          [
            4.847569,
            52.354935
          ],
          [
            4.847448,
            52.354931
          ],
          [
            4.847338,
            52.354931
          ],
          [
            4.847234,
            52.354931
          ],
          [
            4.847193,
            52.354931
          ],
          [
            4.847052,
            52.354931
          ],
          [
            4.846936,
            52.354931
          ],
          [
            4.846831,
            52.354927
          ],
          [
            4.846737,
            52.354923
          ],
          [
            4.846662,
            52.354912
          ],
          [
            4.846589,
            52.354908
          ],
          [
            4.84652,
            52.354893
          ],
          [
            4.846462,
            52.354877
          ],
          [
            4.84639,
            52.354862
          ],
          [
            4.846325,
            52.354847
          ],
          [
            4.846251,
            52.354836
          ],
          [
            4.846184,
            52.354824
          ],
          [
            4.84613,
            52.354813
          ],
          [
            4.84608,
            52.35479
          ],
          [
            4.846037,
            52.354763
          ],
          [
            4.846011,
            52.354725
          ],
          [
            4.845996,
            52.354679
          ],
          [
            4.84599,
            52.35463
          ],
          [
            4.845988,
            52.354572
          ],
          [
            4.845988,
            52.354511
          ],
          [
            4.845989,
            52.354454
          ],
          [
            4.84599,
            52.354397
          ],
          [
            4.845988,
            52.35434
          ],
          [
            4.845987,
            52.354282
          ],
          [
            4.845987,
            52.354225
          ],
          [
            4.845989,
            52.354176
          ],
          [
            4.845991,
            52.354111
          ],
          [
            4.845999,
            52.354046
          ],
          [
            4.845998,
            52.353985
          ],
          [
            4.846006,
            52.353916
          ],
          [
            4.846007,
            52.353844
          ],
          [
            4.846013,
            52.353771
          ],
          [
            4.846017,
            52.353706
          ],
          [
            4.846016,
            52.353638
          ],
          [
            4.846015,
            52.353573
          ],
          [
            4.846012,
            52.353497
          ],
          [
            4.846014,
            52.353428
          ],
          [
            4.846017,
            52.353359
          ],
          [
            4.846024,
            52.353291
          ],
          [
            4.846033,
            52.353226
          ],
          [
            4.846028,
            52.353172
          ],
          [
            4.846033,
            52.353115
          ],
          [
            4.846022,
            52.353062
          ],
          [
            4.846019,
            52.353004
          ],
          [
            4.846026,
            52.352943
          ],
          [
            4.846029,
            52.352882
          ],
          [
            4.846033,
            52.352825
          ],
          [
            4.846027,
            52.352764
          ],
          [
            4.846031,
            52.352699
          ],
          [
            4.846031,
            52.352638
          ],
          [
            4.846037,
            52.352585
          ],
          [
            4.846032,
            52.35252
          ],
          [
            4.846036,
            52.352459
          ],
          [
            4.846032,
            52.35239
          ],
          [
            4.846032,
            52.352325
          ],
          [
            4.846035,
            52.352264
          ],
          [
            4.846036,
            52.352203
          ],
          [
            4.846038,
            52.352146
          ],
          [
            4.846035,
            52.352093
          ],
          [
            4.846042,
            52.352035
          ],
          [
            4.846043,
            52.351974
          ],
          [
            4.846041,
            52.351925
          ],
          [
            4.846045,
            52.351875
          ],
          [
            4.84605,
            52.351826
          ],
          [
            4.846048,
            52.351769
          ],
          [
            4.846035,
            52.351723
          ],
          [
            4.846037,
            52.351688
          ],
          [
            4.84598,
            52.351673
          ],
          [
            4.845916,
            52.351666
          ],
          [
            4.845862,
            52.351666
          ],
          [
            4.845768,
            52.351662
          ],
          [
            4.845693,
            52.351658
          ],
          [
            4.845617,
            52.351658
          ],
          [
            4.845538,
            52.351654
          ],
          [
            4.845455,
            52.351635
          ],
          [
            4.845369,
            52.351627
          ],
          [
            4.845285,
            52.351624
          ],
          [
            4.845197,
            52.351624
          ],
          [
            4.845104,
            52.35162
          ],
          [
            4.845042,
            52.35162
          ],
          [
            4.844967,
            52.35162
          ],
          [
            4.844919,
            52.351624
          ],
          [
            4.844792,
            52.351627
          ],
          [
            4.844769,
            52.351627
          ],
          [
            4.844594,
            52.351635
          ],
          [
            4.84454,
            52.351635
          ],
          [
            4.844377,
            52.351627
          ],
          [
            4.844327,
            52.351627
          ],
          [
            4.844158,
            52.35162
          ],
          [
            4.844039,
            52.351612
          ],
          [
            4.844019,
            52.351612
          ],
          [
            4.843822,
            52.351608
          ],
          [
            4.84369,
            52.351604
          ],
          [
            4.843572,
            52.351604
          ],
          [
            4.843556,
            52.351604
          ],
          [
            4.843353,
            52.351608
          ],
          [
            4.843307,
            52.351608
          ],
          [
            4.843119,
            52.351604
          ],
          [
            4.842994,
            52.351601
          ],
          [
            4.842904,
            52.351597
          ],
          [
            4.84284,
            52.351593
          ],
          [
            4.84273,
            52.351589
          ],
          [
            4.842691,
            52.351589
          ],
          [
            4.842561,
            52.351582
          ],
          [
            4.842505,
            52.351566
          ],
          [
            4.84245,
            52.351585
          ],
          [
            4.842388,
            52.351582
          ],
          [
            4.842045,
            52.351585
          ],
          [
            4.841825,
            52.351593
          ],
          [
            4.841724,
            52.351597
          ],
          [
            4.841633,
            52.351593
          ],
          [
            4.841548,
            52.351601
          ],
          [
            4.841443,
            52.351601
          ],
          [
            4.841351,
            52.351604
          ],
          [
            4.841265,
            52.351604
          ],
          [
            4.841186,
            52.351601
          ],
          [
            4.841111,
            52.351604
          ],
          [
            4.841048,
            52.351604
          ],
          [
            4.840986,
            52.351604
          ],
          [
            4.840919,
            52.351604
          ],
          [
            4.840845,
            52.351608
          ],
          [
            4.840766,
            52.351612
          ],
          [
            4.840683,
            52.351616
          ],
          [
            4.840619,
            52.351616
          ],
          [
            4.840502,
            52.35162
          ],
          [
            4.840415,
            52.351624
          ],
          [
            4.840336,
            52.351627
          ],
          [
            4.840265,
            52.351624
          ],
          [
            4.840161,
            52.35162
          ],
          [
            4.840101,
            52.35162
          ],
          [
            4.839988,
            52.351616
          ],
          [
            4.8399,
            52.351616
          ],
          [
            4.839808,
            52.351612
          ],
          [
            4.839711,
            52.351612
          ],
          [
            4.839661,
            52.351612
          ],
          [
            4.839515,
            52.351608
          ],
          [
            4.839431,
            52.351604
          ],
          [
            4.839306,
            52.351601
          ],
          [
            4.839198,
            52.351601
          ],
          [
            4.839138,
            52.351597
          ],
          [
            4.839003,
            52.351593
          ],
          [
            4.838898,
            52.351593
          ],
          [
            4.838804,
            52.351593
          ],
          [
            4.838699,
            52.351593
          ],
          [
            4.838634,
            52.351593
          ],
          [
            4.838504,
            52.351589
          ],
          [
            4.838399,
            52.351589
          ],
          [
            4.838307,
            52.351589
          ],
          [
            4.838213,
            52.351589
          ],
          [
            4.838138,
            52.351589
          ],
          [
            4.838007,
            52.351593
          ],
          [
            4.837901,
            52.351593
          ],
          [
            4.837811,
            52.351593
          ],
          [
            4.837711,
            52.351589
          ],
          [
            4.837665,
            52.351589
          ],
          [
            4.837517,
            52.351585
          ],
          [
            4.837376,
            52.351585
          ],
          [
            4.837245,
            52.351589
          ],
          [
            4.837124,
            52.351589
          ],
          [
            4.837021,
            52.351589
          ],
          [
            4.836882,
            52.351593
          ],
          [
            4.836781,
            52.351593
          ],
          [
            4.836685,
            52.351597
          ],
          [
            4.836582,
            52.351597
          ],
          [
            4.836503,
            52.351593
          ],
          [
            4.836379,
            52.351593
          ],
          [
            4.836279,
            52.351597
          ],
          [
            4.8362,
            52.351597
          ],
          [
            4.836073,
            52.351601
          ],
          [
            4.836002,
            52.351589
          ],
          [
            4.835867,
            52.351589
          ],
          [
            4.835785,
            52.351585
          ],
          [
            4.835655,
            52.351585
          ],
          [
            4.835557,
            52.351589
          ],
          [
            4.835471,
            52.351585
          ],
          [
            4.835358,
            52.351582
          ],
          [
            4.835267,
            52.351585
          ],
          [
            4.835161,
            52.351582
          ],
          [
            4.835063,
            52.351578
          ],
          [
            4.834987,
            52.351578
          ],
          [
            4.834858,
            52.351582
          ],
          [
            4.83476,
            52.351582
          ],
          [
            4.834664,
            52.351582
          ],
          [
            4.834586,
            52.351585
          ],
          [
            4.834452,
            52.351589
          ],
          [
            4.834353,
            52.351589
          ],
          [
            4.834256,
            52.351593
          ],
          [
            4.834163,
            52.351589
          ],
          [
            4.834091,
            52.351582
          ],
          [
            4.833974,
            52.351574
          ],
          [
            4.833901,
            52.35157
          ],
          [
            4.833803,
            52.35157
          ],
          [
            4.833657,
            52.351574
          ],
          [
            4.833567,
            52.35157
          ],
          [
            4.833447,
            52.351574
          ],
          [
            4.833352,
            52.351574
          ],
          [
            4.833242,
            52.351574
          ],
          [
            4.833139,
            52.351578
          ],
          [
            4.833056,
            52.351582
          ],
          [
            4.832943,
            52.351585
          ],
          [
            4.832844,
            52.351585
          ],
          [
            4.832746,
            52.351585
          ],
          [
            4.832643,
            52.351582
          ],
          [
            4.832562,
            52.351582
          ],
          [
            4.832435,
            52.351578
          ],
          [
            4.832337,
            52.351578
          ],
          [
            4.832242,
            52.351578
          ],
          [
            4.832153,
            52.351578
          ],
          [
            4.832043,
            52.351578
          ],
          [
            4.831944,
            52.351578
          ],
          [
            4.831841,
            52.351578
          ],
          [
            4.831738,
            52.351574
          ],
          [
            4.831674,
            52.351559
          ],
          [
            4.831535,
            52.351551
          ],
          [
            4.831435,
            52.35154
          ],
          [
            4.831337,
            52.35154
          ],
          [
            4.831242,
            52.35154
          ],
          [
            4.831135,
            52.351543
          ],
          [
            4.831068,
            52.351532
          ],
          [
            4.830959,
            52.351528
          ],
          [
            4.83083,
            52.351524
          ],
          [
            4.83072,
            52.351517
          ],
          [
            4.830647,
            52.351517
          ],
          [
            4.830517,
            52.351517
          ],
          [
            4.830418,
            52.351521
          ],
          [
            4.83032,
            52.351524
          ],
          [
            4.830211,
            52.351524
          ],
          [
            4.830131,
            52.351528
          ],
          [
            4.830011,
            52.351513
          ],
          [
            4.829912,
            52.351517
          ],
          [
            4.829809,
            52.351513
          ],
          [
            4.829709,
            52.351517
          ],
          [
            4.829615,
            52.351513
          ],
          [
            4.829507,
            52.351513
          ],
          [
            4.829409,
            52.351501
          ],
          [
            4.829306,
            52.351501
          ],
          [
            4.82922,
            52.351498
          ],
          [
            4.829138,
            52.351498
          ],
          [
            4.828993,
            52.351498
          ],
          [
            4.828893,
            52.351501
          ],
          [
            4.828802,
            52.351505
          ],
          [
            4.828702,
            52.351513
          ],
          [
            4.828622,
            52.351521
          ],
          [
            4.828502,
            52.351524
          ],
          [
            4.828425,
            52.351513
          ],
          [
            4.828304,
            52.351513
          ],
          [
            4.828215,
            52.351509
          ],
          [
            4.828139,
            52.351505
          ],
          [
            4.828036,
            52.351509
          ],
          [
            4.827937,
            52.351509
          ],
          [
            4.827865,
            52.351509
          ],
          [
            4.827791,
            52.351513
          ],
          [
            4.827725,
            52.351505
          ],
          [
            4.827661,
            52.351501
          ],
          [
            4.827596,
            52.351501
          ],
          [
            4.827521,
            52.351498
          ],
          [
            4.82745,
            52.351498
          ],
          [
            4.827369,
            52.351501
          ],
          [
            4.827291,
            52.351501
          ],
          [
            4.827199,
            52.351498
          ],
          [
            4.827181,
            52.351498
          ],
          [
            4.827004,
            52.35149
          ],
          [
            4.826909,
            52.351494
          ],
          [
            4.826804,
            52.351494
          ],
          [
            4.826702,
            52.351494
          ],
          [
            4.826614,
            52.35149
          ],
          [
            4.826505,
            52.351486
          ],
          [
            4.826419,
            52.351486
          ],
          [
            4.826319,
            52.351471
          ],
          [
            4.826192,
            52.351463
          ],
          [
            4.826126,
            52.351459
          ],
          [
            4.825993,
            52.351456
          ],
          [
            4.82588,
            52.351452
          ],
          [
            4.825777,
            52.351452
          ],
          [
            4.82568,
            52.351452
          ],
          [
            4.825664,
            52.351452
          ],
          [
            4.825475,
            52.351444
          ],
          [
            4.825381,
            52.351444
          ],
          [
            4.825285,
            52.351444
          ],
          [
            4.82517,
            52.35144
          ],
          [
            4.825109,
            52.35144
          ],
          [
            4.824965,
            52.35144
          ],
          [
            4.824864,
            52.35144
          ],
          [
            4.824762,
            52.351437
          ],
          [
            4.824665,
            52.351433
          ],
          [
            4.82459,
            52.351433
          ],
          [
            4.824458,
            52.351437
          ],
          [
            4.824358,
            52.35144
          ],
          [
            4.824261,
            52.351444
          ],
          [
            4.824159,
            52.351444
          ],
          [
            4.824097,
            52.351444
          ],
          [
            4.823958,
            52.351444
          ],
          [
            4.823858,
            52.351444
          ],
          [
            4.823753,
            52.351448
          ],
          [
            4.82365,
            52.351448
          ],
          [
            4.823642,
            52.351444
          ],
          [
            4.823447,
            52.351437
          ],
          [
            4.82335,
            52.351433
          ],
          [
            4.823266,
            52.351433
          ],
          [
            4.823141,
            52.351429
          ],
          [
            4.823055,
            52.351429
          ],
          [
            4.822941,
            52.351429
          ],
          [
            4.822923,
            52.351429
          ],
          [
            4.822735,
            52.351425
          ],
          [
            4.822683,
            52.351425
          ],
          [
            4.822543,
            52.351429
          ],
          [
            4.822455,
            52.351418
          ],
          [
            4.822425,
            52.351421
          ],
          [
            4.822234,
            52.351421
          ],
          [
            4.822156,
            52.351421
          ],
          [
            4.822088,
            52.351425
          ],
          [
            4.821938,
            52.351414
          ],
          [
            4.821847,
            52.351418
          ],
          [
            4.821743,
            52.351418
          ],
          [
            4.821666,
            52.351418
          ],
          [
            4.821588,
            52.351414
          ],
          [
            4.821437,
            52.351414
          ],
          [
            4.821339,
            52.351418
          ],
          [
            4.821247,
            52.35141
          ],
          [
            4.821156,
            52.351414
          ],
          [
            4.821095,
            52.351414
          ],
          [
            4.820943,
            52.351418
          ],
          [
            4.820848,
            52.351421
          ],
          [
            4.820748,
            52.351421
          ],
          [
            4.820699,
            52.351421
          ],
          [
            4.82056,
            52.351425
          ],
          [
            4.820426,
            52.351418
          ],
          [
            4.820325,
            52.35141
          ],
          [
            4.820222,
            52.351398
          ],
          [
            4.820149,
            52.351398
          ],
          [
            4.820073,
            52.351395
          ],
          [
            4.819917,
            52.351387
          ],
          [
            4.819817,
            52.351391
          ],
          [
            4.819722,
            52.351391
          ],
          [
            4.819642,
            52.351395
          ],
          [
            4.819517,
            52.351398
          ],
          [
            4.819497,
            52.351398
          ],
          [
            4.819332,
            52.351402
          ],
          [
            4.819215,
            52.351398
          ],
          [
            4.819115,
            52.351395
          ],
          [
            4.819013,
            52.351395
          ],
          [
            4.818995,
            52.351395
          ],
          [
            4.818804,
            52.351391
          ],
          [
            4.818779,
            52.351391
          ],
          [
            4.818602,
            52.351391
          ],
          [
            4.818498,
            52.351387
          ],
          [
            4.818398,
            52.351387
          ],
          [
            4.818317,
            52.351383
          ],
          [
            4.818202,
            52.351376
          ],
          [
            4.818133,
            52.351376
          ],
          [
            4.818065,
            52.351376
          ],
          [
            4.817895,
            52.351372
          ],
          [
            4.817893,
            52.351372
          ],
          [
            4.81769,
            52.351379
          ],
          [
            4.817589,
            52.351379
          ],
          [
            4.81749,
            52.351379
          ],
          [
            4.817389,
            52.351376
          ],
          [
            4.817293,
            52.351376
          ],
          [
            4.817187,
            52.351372
          ],
          [
            4.817149,
            52.351372
          ],
          [
            4.816983,
            52.351372
          ],
          [
            4.816881,
            52.351372
          ],
          [
            4.816811,
            52.351368
          ],
          [
            4.816681,
            52.351368
          ],
          [
            4.816664,
            52.351368
          ],
          [
            4.816483,
            52.351372
          ],
          [
            4.816381,
            52.351372
          ],
          [
            4.816287,
            52.351364
          ],
          [
            4.816269,
            52.351364
          ],
          [
            4.816076,
            52.351364
          ],
          [
            4.815984,
            52.35136
          ],
          [
            4.815871,
            52.351364
          ],
          [
            4.815784,
            52.351364
          ],
          [
            4.815671,
            52.35136
          ],
          [
            4.815573,
            52.351356
          ],
          [
            4.815476,
            52.351356
          ],
          [
            4.815431,
            52.351356
          ],
          [
            4.815301,
            52.351356
          ],
          [
            4.815176,
            52.351353
          ],
          [
            4.815082,
            52.351349
          ],
          [
            4.814971,
            52.351345
          ],
          [
            4.814869,
            52.351341
          ],
          [
            4.814843,
            52.351341
          ],
          [
            4.814668,
            52.351334
          ],
          [
            4.814565,
            52.35133
          ],
          [
            4.814464,
            52.351322
          ],
          [
            4.814367,
            52.351318
          ],
          [
            4.814266,
            52.351315
          ],
          [
            4.814268,
            52.351315
          ],
          [
            4.814071,
            52.351295
          ],
          [
            4.814031,
            52.351295
          ],
          [
            4.81387,
            52.351284
          ],
          [
            4.813766,
            52.351276
          ],
          [
            4.813769,
            52.351276
          ],
          [
            4.813569,
            52.351257
          ],
          [
            4.813466,
            52.351246
          ],
          [
            4.813372,
            52.351231
          ],
          [
            4.813295,
            52.351223
          ],
          [
            4.813172,
            52.351208
          ],
          [
            4.813073,
            52.3512
          ],
          [
            4.812977,
            52.351185
          ],
          [
            4.812881,
            52.351173
          ],
          [
            4.812861,
            52.35117
          ],
          [
            4.812688,
            52.351143
          ],
          [
            4.812585,
            52.351128
          ],
          [
            4.812489,
            52.351109
          ],
          [
            4.812392,
            52.351093
          ],
          [
            4.812322,
            52.351078
          ],
          [
            4.8122,
            52.351055
          ],
          [
            4.812092,
            52.351028
          ],
          [
            4.811998,
            52.351009
          ],
          [
            4.811906,
            52.35099
          ],
          [
            4.811816,
            52.350971
          ],
          [
            4.811729,
            52.350948
          ],
          [
            4.811643,
            52.350933
          ],
          [
            4.811553,
            52.350922
          ],
          [
            4.811491,
            52.350929
          ],
          [
            4.811408,
            52.350945
          ],
          [
            4.81133,
            52.350956
          ],
          [
            4.811265,
            52.35096
          ],
          [
            4.811094,
            52.350952
          ],
          [
            4.811058,
            52.350937
          ],
          [
            4.811006,
            52.350906
          ],
          [
            4.810966,
            52.35088
          ],
          [
            4.81083,
            52.350796
          ],
          [
            4.810734,
            52.350769
          ],
          [
            4.810638,
            52.35075
          ],
          [
            4.81054,
            52.350739
          ],
          [
            4.810447,
            52.350723
          ],
          [
            4.81038,
            52.350712
          ],
          [
            4.810247,
            52.350681
          ],
          [
            4.810151,
            52.350655
          ],
          [
            4.810057,
            52.350628
          ],
          [
            4.809968,
            52.350597
          ],
          [
            4.809884,
            52.350578
          ],
          [
            4.809778,
            52.350559
          ],
          [
            4.809681,
            52.35054
          ],
          [
            4.809585,
            52.350525
          ],
          [
            4.80949,
            52.350502
          ],
          [
            4.809404,
            52.350487
          ],
          [
            4.809299,
            52.350464
          ],
          [
            4.809201,
            52.350449
          ],
          [
            4.809104,
            52.35043
          ],
          [
            4.809008,
            52.350407
          ],
          [
            4.808925,
            52.350391
          ],
          [
            4.808816,
            52.350368
          ],
          [
            4.808719,
            52.350342
          ],
          [
            4.808621,
            52.350323
          ],
          [
            4.808526,
            52.350304
          ],
          [
            4.808446,
            52.350288
          ],
          [
            4.808333,
            52.350265
          ],
          [
            4.808238,
            52.35025
          ],
          [
            4.808142,
            52.350231
          ],
          [
            4.808048,
            52.350216
          ],
          [
            4.807975,
            52.350197
          ],
          [
            4.807858,
            52.350174
          ],
          [
            4.807758,
            52.350155
          ],
          [
            4.80766,
            52.350136
          ],
          [
            4.807564,
            52.350117
          ],
          [
            4.807495,
            52.350105
          ],
          [
            4.807373,
            52.350079
          ],
          [
            4.807274,
            52.35006
          ],
          [
            4.807179,
            52.350037
          ],
          [
            4.807086,
            52.350018
          ],
          [
            4.807001,
            52.350002
          ],
          [
            4.80689,
            52.349983
          ],
          [
            4.806794,
            52.34996
          ],
          [
            4.806698,
            52.349941
          ],
          [
            4.806606,
            52.349922
          ],
          [
            4.806551,
            52.349911
          ],
          [
            4.806456,
            52.349888
          ],
          [
            4.806371,
            52.349869
          ],
          [
            4.806287,
            52.34985
          ],
          [
            4.806203,
            52.349831
          ],
          [
            4.806118,
            52.349812
          ],
          [
            4.806013,
            52.349789
          ],
          [
            4.805916,
            52.34977
          ],
          [
            4.805821,
            52.349747
          ],
          [
            4.805732,
            52.349728
          ],
          [
            4.805668,
            52.349716
          ],
          [
            4.805541,
            52.349689
          ],
          [
            4.805438,
            52.349667
          ],
          [
            4.805341,
            52.349647
          ],
          [
            4.80525,
            52.349628
          ],
          [
            4.805182,
            52.349617
          ],
          [
            4.805062,
            52.34959
          ],
          [
            4.804962,
            52.349571
          ],
          [
            4.804866,
            52.349552
          ],
          [
            4.804776,
            52.349533
          ],
          [
            4.804696,
            52.349514
          ],
          [
            4.80458,
            52.349491
          ],
          [
            4.80448,
            52.349472
          ],
          [
            4.804384,
            52.349453
          ],
          [
            4.804293,
            52.349434
          ],
          [
            4.804229,
            52.349419
          ],
          [
            4.804098,
            52.349392
          ],
          [
            4.803996,
            52.349373
          ],
          [
            4.803899,
            52.349354
          ],
          [
            4.803805,
            52.349335
          ],
          [
            4.803731,
            52.349319
          ],
          [
            4.803597,
            52.349297
          ],
          [
            4.803473,
            52.349278
          ],
          [
            4.803368,
            52.349258
          ],
          [
            4.803242,
            52.349236
          ],
          [
            4.803134,
            52.349213
          ],
          [
            4.803032,
            52.34919
          ],
          [
            4.802937,
            52.349174
          ],
          [
            4.80284,
            52.349155
          ],
          [
            4.802743,
            52.349136
          ],
          [
            4.802652,
            52.349121
          ],
          [
            4.802556,
            52.349106
          ],
          [
            4.802462,
            52.349087
          ],
          [
            4.802366,
            52.349071
          ],
          [
            4.802282,
            52.349056
          ],
          [
            4.802175,
            52.349026
          ],
          [
            4.802081,
            52.349007
          ],
          [
            4.801983,
            52.348984
          ],
          [
            4.801886,
            52.348965
          ],
          [
            4.801801,
            52.348949
          ],
          [
            4.801692,
            52.348927
          ],
          [
            4.801596,
            52.348907
          ],
          [
            4.801501,
            52.348888
          ],
          [
            4.801399,
            52.348873
          ],
          [
            4.8013,
            52.348854
          ],
          [
            4.801221,
            52.348839
          ],
          [
            4.801106,
            52.348816
          ],
          [
            4.80101,
            52.348797
          ],
          [
            4.800916,
            52.34877
          ],
          [
            4.800821,
            52.348751
          ],
          [
            4.800748,
            52.348736
          ],
          [
            4.800629,
            52.348717
          ],
          [
            4.800531,
            52.348698
          ],
          [
            4.800439,
            52.348667
          ],
          [
            4.800361,
            52.348652
          ],
          [
            4.800248,
            52.348625
          ],
          [
            4.800158,
            52.348598
          ],
          [
            4.800062,
            52.348568
          ],
          [
            4.799969,
            52.348545
          ],
          [
            4.799883,
            52.348507
          ],
          [
            4.799792,
            52.34848
          ],
          [
            4.799706,
            52.348453
          ],
          [
            4.799613,
            52.348423
          ],
          [
            4.799526,
            52.348385
          ],
          [
            4.79944,
            52.348351
          ],
          [
            4.799355,
            52.34832
          ],
          [
            4.799264,
            52.348289
          ],
          [
            4.799177,
            52.348259
          ],
          [
            4.799093,
            52.348221
          ],
          [
            4.79901,
            52.34819
          ],
          [
            4.798931,
            52.34816
          ],
          [
            4.798846,
            52.348125
          ],
          [
            4.798767,
            52.348084
          ],
          [
            4.798686,
            52.348049
          ],
          [
            4.798608,
            52.348011
          ],
          [
            4.79853,
            52.347977
          ],
          [
            4.798457,
            52.347946
          ],
          [
            4.79837,
            52.347923
          ],
          [
            4.798273,
            52.347912
          ],
          [
            4.798228,
            52.347908
          ],
          [
            4.798079,
            52.347893
          ],
          [
            4.797986,
            52.34787
          ],
          [
            4.797963,
            52.347858
          ],
          [
            4.797856,
            52.34779
          ],
          [
            4.797815,
            52.34774
          ],
          [
            4.7978,
            52.347679
          ],
          [
            4.797782,
            52.347626
          ],
          [
            4.797745,
            52.347569
          ],
          [
            4.797686,
            52.347523
          ],
          [
            4.797615,
            52.347473
          ],
          [
            4.797545,
            52.347424
          ],
          [
            4.797477,
            52.347382
          ],
          [
            4.797412,
            52.347332
          ],
          [
            4.797349,
            52.347282
          ],
          [
            4.797284,
            52.347233
          ],
          [
            4.797218,
            52.347183
          ],
          [
            4.797155,
            52.347137
          ],
          [
            4.797095,
            52.347088
          ],
          [
            4.797036,
            52.347042
          ],
          [
            4.79697,
            52.346993
          ],
          [
            4.796914,
            52.346939
          ],
          [
            4.796857,
            52.34689
          ],
          [
            4.796803,
            52.34684
          ],
          [
            4.79675,
            52.346786
          ],
          [
            4.796695,
            52.346737
          ],
          [
            4.796641,
            52.346683
          ],
          [
            4.79659,
            52.34663
          ],
          [
            4.796545,
            52.346573
          ],
          [
            4.796501,
            52.346519
          ],
          [
            4.796453,
            52.346466
          ],
          [
            4.796409,
            52.346405
          ],
          [
            4.796375,
            52.346352
          ],
          [
            4.796332,
            52.346294
          ],
          [
            4.796291,
            52.346241
          ],
          [
            4.796258,
            52.346184
          ],
          [
            4.796221,
            52.346123
          ],
          [
            4.796184,
            52.346069
          ],
          [
            4.796147,
            52.346012
          ],
          [
            4.796118,
            52.345955
          ],
          [
            4.796081,
            52.345901
          ],
          [
            4.796048,
            52.345848
          ],
          [
            4.796013,
            52.345791
          ],
          [
            4.795977,
            52.345734
          ],
          [
            4.795939,
            52.34568
          ],
          [
            4.795909,
            52.345619
          ],
          [
            4.795875,
            52.345566
          ],
          [
            4.795841,
            52.345512
          ],
          [
            4.795812,
            52.345455
          ],
          [
            4.795773,
            52.345402
          ],
          [
            4.79574,
            52.345352
          ],
          [
            4.795706,
            52.345295
          ],
          [
            4.795674,
            52.345234
          ],
          [
            4.795633,
            52.345181
          ],
          [
            4.795598,
            52.345123
          ],
          [
            4.795568,
            52.345066
          ],
          [
            4.795529,
            52.345009
          ],
          [
            4.795493,
            52.344952
          ],
          [
            4.795456,
            52.344898
          ],
          [
            4.795423,
            52.344845
          ],
          [
            4.795391,
            52.344788
          ],
          [
            4.795361,
            52.34473
          ],
          [
            4.795333,
            52.344673
          ],
          [
            4.795317,
            52.344612
          ],
          [
            4.795301,
            52.344555
          ],
          [
            4.795289,
            52.344494
          ],
          [
            4.79528,
            52.344433
          ],
          [
            4.795277,
            52.344368
          ],
          [
            4.795271,
            52.344307
          ],
          [
            4.795256,
            52.34425
          ],
          [
            4.795236,
            52.344189
          ],
          [
            4.795205,
            52.344131
          ],
          [
            4.795164,
            52.344067
          ],
          [
            4.795126,
            52.344006
          ],
          [
            4.795087,
            52.343952
          ],
          [
            4.795058,
            52.343884
          ],
          [
            4.795019,
            52.343822
          ],
          [
            4.794991,
            52.343754
          ],
          [
            4.794953,
            52.343689
          ],
          [
            4.794914,
            52.343632
          ],
          [
            4.794875,
            52.343575
          ],
          [
            4.794835,
            52.343517
          ],
          [
            4.794792,
            52.343456
          ],
          [
            4.794746,
            52.343399
          ],
          [
            4.794706,
            52.343346
          ],
          [
            4.79466,
            52.343285
          ],
          [
            4.794617,
            52.343224
          ],
          [
            4.794573,
            52.34317
          ],
          [
            4.794528,
            52.343109
          ],
          [
            4.794486,
            52.343052
          ],
          [
            4.794447,
            52.342999
          ],
          [
            4.794406,
            52.342937
          ],
          [
            4.794365,
            52.34288
          ],
          [
            4.794322,
            52.342827
          ],
          [
            4.794284,
            52.34277
          ],
          [
            4.79424,
            52.342709
          ],
          [
            4.7942,
            52.342651
          ],
          [
            4.794163,
            52.342594
          ],
          [
            4.794125,
            52.342541
          ],
          [
            4.794085,
            52.34248
          ],
          [
            4.794044,
            52.342419
          ],
          [
            4.794004,
            52.342365
          ],
          [
            4.793959,
            52.342312
          ],
          [
            4.793904,
            52.342255
          ],
          [
            4.793849,
            52.342201
          ],
          [
            4.793823,
            52.342182
          ],
          [
            4.793803,
            52.342163
          ],
          [
            4.793773,
            52.34214
          ],
          [
            4.793743,
            52.342117
          ],
          [
            4.793699,
            52.342087
          ],
          [
            4.793619,
            52.342037
          ],
          [
            4.79353,
            52.341988
          ],
          [
            4.793444,
            52.341942
          ],
          [
            4.793357,
            52.341896
          ],
          [
            4.793314,
            52.341873
          ],
          [
            4.79323,
            52.341831
          ],
          [
            4.793135,
            52.341778
          ],
          [
            4.793073,
            52.341743
          ],
          [
            4.793003,
            52.341698
          ],
          [
            4.792934,
            52.341648
          ],
          [
            4.792863,
            52.341591
          ],
          [
            4.792807,
            52.341541
          ],
          [
            4.79276,
            52.341496
          ],
          [
            4.792713,
            52.341438
          ],
          [
            4.792662,
            52.341377
          ],
          [
            4.792613,
            52.341312
          ],
          [
            4.792566,
            52.341248
          ],
          [
            4.79252,
            52.341187
          ],
          [
            4.792477,
            52.341126
          ],
          [
            4.792435,
            52.341064
          ],
          [
            4.792392,
            52.341
          ],
          [
            4.792356,
            52.340954
          ],
          [
            4.79231,
            52.340897
          ],
          [
            4.792265,
            52.340851
          ],
          [
            4.792212,
            52.340805
          ],
          [
            4.792144,
            52.340763
          ],
          [
            4.792097,
            52.340736
          ],
          [
            4.792051,
            52.34071
          ],
          [
            4.791988,
            52.340679
          ],
          [
            4.791925,
            52.34066
          ],
          [
            4.791862,
            52.340649
          ],
          [
            4.791802,
            52.340652
          ],
          [
            4.791746,
            52.340672
          ],
          [
            4.7917,
            52.340694
          ],
          [
            4.79166,
            52.340717
          ],
          [
            4.791606,
            52.340759
          ],
          [
            4.791562,
            52.340801
          ],
          [
            4.791504,
            52.340847
          ],
          [
            4.791463,
            52.340881
          ],
          [
            4.791416,
            52.340923
          ],
          [
            4.791358,
            52.340969
          ],
          [
            4.791291,
            52.341015
          ],
          [
            4.791217,
            52.341049
          ],
          [
            4.79113,
            52.341068
          ],
          [
            4.791039,
            52.341076
          ],
          [
            4.790948,
            52.341068
          ],
          [
            4.790871,
            52.341045
          ],
          [
            4.790796,
            52.341015
          ],
          [
            4.790708,
            52.340977
          ],
          [
            4.790637,
            52.340939
          ],
          [
            4.790571,
            52.3409
          ],
          [
            4.790506,
            52.340858
          ],
          [
            4.79044,
            52.340816
          ],
          [
            4.790359,
            52.340763
          ],
          [
            4.790281,
            52.340702
          ],
          [
            4.79021,
            52.340652
          ],
          [
            4.790139,
            52.340607
          ],
          [
            4.790081,
            52.340569
          ],
          [
            4.790007,
            52.340515
          ],
          [
            4.78993,
            52.340466
          ],
          [
            4.789865,
            52.340424
          ],
          [
            4.789808,
            52.340385
          ],
          [
            4.789757,
            52.340347
          ],
          [
            4.789678,
            52.340294
          ],
          [
            4.789597,
            52.340237
          ],
          [
            4.789528,
            52.340191
          ],
          [
            4.789465,
            52.340145
          ],
          [
            4.78939,
            52.340092
          ],
          [
            4.789313,
            52.340042
          ],
          [
            4.789235,
            52.339989
          ],
          [
            4.789186,
            52.339951
          ],
          [
            4.789113,
            52.339901
          ],
          [
            4.789041,
            52.339851
          ],
          [
            4.788985,
            52.339809
          ],
          [
            4.788907,
            52.339756
          ],
          [
            4.788847,
            52.339714
          ],
          [
            4.788775,
            52.339661
          ],
          [
            4.788701,
            52.339607
          ],
          [
            4.788643,
            52.339569
          ],
          [
            4.78858,
            52.339519
          ],
          [
            4.788509,
            52.33947
          ],
          [
            4.788439,
            52.33942
          ],
          [
            4.788371,
            52.339375
          ],
          [
            4.788298,
            52.339329
          ],
          [
            4.788228,
            52.339287
          ],
          [
            4.78819,
            52.339264
          ],
          [
            4.788111,
            52.339226
          ],
          [
            4.788013,
            52.339184
          ],
          [
            4.787907,
            52.339146
          ],
          [
            4.787796,
            52.339111
          ],
          [
            4.787677,
            52.339077
          ],
          [
            4.787594,
            52.339058
          ],
          [
            4.787491,
            52.339031
          ],
          [
            4.787375,
            52.339008
          ],
          [
            4.787276,
            52.338989
          ],
          [
            4.787176,
            52.338966
          ],
          [
            4.78708,
            52.338943
          ],
          [
            4.787038,
            52.338936
          ],
          [
            4.786959,
            52.338921
          ],
          [
            4.78689,
            52.338905
          ],
          [
            4.786755,
            52.338875
          ],
          [
            4.786653,
            52.338856
          ],
          [
            4.78655,
            52.338833
          ],
          [
            4.786448,
            52.33881
          ],
          [
            4.786376,
            52.338795
          ],
          [
            4.786245,
            52.338768
          ],
          [
            4.786129,
            52.338741
          ],
          [
            4.786032,
            52.338722
          ],
          [
            4.785949,
            52.338703
          ],
          [
            4.785873,
            52.338688
          ],
          [
            4.785764,
            52.338665
          ],
          [
            4.78566,
            52.338642
          ],
          [
            4.78556,
            52.338623
          ],
          [
            4.785475,
            52.338604
          ],
          [
            4.785383,
            52.338581
          ],
          [
            4.785288,
            52.338562
          ],
          [
            4.785186,
            52.338539
          ],
          [
            4.785086,
            52.338516
          ],
          [
            4.785006,
            52.338497
          ],
          [
            4.78489,
            52.33847
          ],
          [
            4.784901,
            52.338474
          ],
          [
            4.784835,
            52.338459
          ],
          [
            4.784728,
            52.338436
          ],
          [
            4.784615,
            52.338413
          ],
          [
            4.784495,
            52.33839
          ],
          [
            4.784383,
            52.338367
          ],
          [
            4.784281,
            52.338352
          ],
          [
            4.784195,
            52.338337
          ],
          [
            4.784101,
            52.338314
          ],
          [
            4.783981,
            52.338287
          ],
          [
            4.783889,
            52.338264
          ],
          [
            4.783791,
            52.338234
          ],
          [
            4.783687,
            52.3382
          ],
          [
            4.783589,
            52.338158
          ],
          [
            4.783508,
            52.33812
          ],
          [
            4.783436,
            52.338078
          ],
          [
            4.783364,
            52.338036
          ],
          [
            4.783296,
            52.337997
          ],
          [
            4.783252,
            52.337967
          ],
          [
            4.783173,
            52.337917
          ],
          [
            4.78313,
            52.337887
          ],
          [
            4.783059,
            52.337845
          ],
          [
            4.78304,
            52.33783
          ],
          [
            4.782976,
            52.337784
          ],
          [
            4.782889,
            52.33773
          ],
          [
            4.782785,
            52.337673
          ],
          [
            4.782686,
            52.337627
          ],
          [
            4.782585,
            52.337589
          ],
          [
            4.782463,
            52.337547
          ],
          [
            4.78236,
            52.337521
          ],
          [
            4.782265,
            52.337498
          ],
          [
            4.782166,
            52.337486
          ],
          [
            4.782072,
            52.337471
          ],
          [
            4.781975,
            52.33746
          ],
          [
            4.781873,
            52.337452
          ],
          [
            4.781773,
            52.337448
          ],
          [
            4.781673,
            52.337448
          ],
          [
            4.781596,
            52.337444
          ],
          [
            4.781515,
            52.337452
          ],
          [
            4.781486,
            52.337448
          ],
          [
            4.781375,
            52.33746
          ],
          [
            4.781291,
            52.337467
          ],
          [
            4.781163,
            52.337486
          ],
          [
            4.781057,
            52.337509
          ],
          [
            4.780916,
            52.337544
          ],
          [
            4.780801,
            52.337578
          ],
          [
            4.780707,
            52.337605
          ],
          [
            4.780616,
            52.337635
          ],
          [
            4.780522,
            52.337658
          ],
          [
            4.780439,
            52.337688
          ],
          [
            4.780371,
            52.337704
          ],
          [
            4.780303,
            52.337727
          ],
          [
            4.780198,
            52.337761
          ],
          [
            4.780099,
            52.337791
          ],
          [
            4.780003,
            52.337822
          ],
          [
            4.779931,
            52.337837
          ],
          [
            4.779829,
            52.337868
          ],
          [
            4.779733,
            52.337898
          ],
          [
            4.779647,
            52.337925
          ],
          [
            4.779554,
            52.337955
          ],
          [
            4.779521,
            52.337967
          ],
          [
            4.779439,
            52.338005
          ],
          [
            4.779364,
            52.338039
          ],
          [
            4.779282,
            52.338081
          ],
          [
            4.779202,
            52.338123
          ],
          [
            4.779114,
            52.338169
          ],
          [
            4.779023,
            52.338219
          ],
          [
            4.778984,
            52.338238
          ],
          [
            4.778925,
            52.338268
          ],
          [
            4.778838,
            52.338314
          ],
          [
            4.778747,
            52.33836
          ],
          [
            4.778661,
            52.338398
          ],
          [
            4.778567,
            52.33844
          ],
          [
            4.778467,
            52.338478
          ],
          [
            4.778393,
            52.338509
          ],
          [
            4.778317,
            52.338539
          ],
          [
            4.778243,
            52.33857
          ],
          [
            4.778167,
            52.338596
          ],
          [
            4.778087,
            52.338627
          ],
          [
            4.777997,
            52.338661
          ],
          [
            4.777915,
            52.338699
          ],
          [
            4.777837,
            52.33873
          ],
          [
            4.777742,
            52.338772
          ],
          [
            4.777641,
            52.33881
          ],
          [
            4.777558,
            52.338837
          ],
          [
            4.777474,
            52.338867
          ],
          [
            4.77741,
            52.338902
          ],
          [
            4.777372,
            52.338947
          ],
          [
            4.777349,
            52.338989
          ],
          [
            4.77735,
            52.339035
          ],
          [
            4.777377,
            52.339081
          ],
          [
            4.777417,
            52.339115
          ],
          [
            4.777488,
            52.339165
          ],
          [
            4.77755,
            52.339203
          ],
          [
            4.777613,
            52.339245
          ],
          [
            4.777674,
            52.339291
          ],
          [
            4.77773,
            52.339336
          ],
          [
            4.77778,
            52.339386
          ],
          [
            4.777816,
            52.339428
          ],
          [
            4.777858,
            52.339466
          ],
          [
            4.777913,
            52.339497
          ],
          [
            4.777977,
            52.339516
          ],
          [
            4.778056,
            52.339523
          ],
          [
            4.778136,
            52.339512
          ],
          [
            4.778198,
            52.339489
          ],
          [
            4.77825,
            52.339455
          ],
          [
            4.778307,
            52.339424
          ],
          [
            4.778363,
            52.33939
          ],
          [
            4.778426,
            52.339352
          ],
          [
            4.778491,
            52.339317
          ],
          [
            4.778543,
            52.339287
          ],
          [
            4.778611,
            52.33926
          ],
          [
            4.778679,
            52.339237
          ],
          [
            4.778753,
            52.339233
          ],
          [
            4.778824,
            52.339237
          ],
          [
            4.778882,
            52.339253
          ],
          [
            4.778928,
            52.339272
          ],
          [
            4.778951,
            52.339298
          ],
          [
            4.778952,
            52.339333
          ],
          [
            4.778947,
            52.339359
          ],
          [
            4.778959,
            52.339375
          ],
          [
            4.778973,
            52.339397
          ],
          [
            4.778996,
            52.339417
          ],
          [
            4.779017,
            52.339428
          ],
          [
            4.779034,
            52.339447
          ],
          [
            4.77904,
            52.339455
          ],
          [
            4.77904,
            52.339455
          ],
          [
            4.77904,
            52.339455
          ],
          [
            4.77904,
            52.339455
          ]
        ]
      }
    }
  ]
}