{
  "type": "FeatureCollection",
  "features": [
    {
      "type": "Feature",
      "properties": {
        "id": "badhoevedorp-to-amsterdam-ride-29a33480-8dfd-11f1-8ad1-a40dbc8fa83a",
        "title": "Badhoevedorp to Amsterdam ride",
        "source": "Badhoevedorp to Amsterdam ride-29a33480-8dfd-11f1-8ad1-a40dbc8fa83a.fit"
      },
      "geometry": {
        "type": "LineString",
        "coordinates": [
          [
            4.778873,
            52.339527
          ],
          [
            4.778873,
            52.339527
          ],
          [
            4.778873,
            52.339527
          ],
          [
            4.778873,
            52.339527
          ],
          [
            4.77908,
            52.339519
          ],
          [
            4.779076,
            52.339512
          ],
          [
            4.779062,
            52.3395
          ],
          [
            4.779046,
            52.339485
          ],
          [
            4.779046,
            52.339485
          ],
          [
            4.778994,
            52.339447
          ],
          [
            4.778978,
            52.339432
          ],
          [
            4.778954,
            52.339413
          ],
          [
            4.778935,
            52.33939
          ],
          [
            4.778949,
            52.339363
          ],
          [
            4.77894,
            52.339344
          ],
          [
            4.77895,
            52.339306
          ],
          [
            4.778945,
            52.339275
          ],
          [
            4.778927,
            52.339245
          ],
          [
            4.778896,
            52.339211
          ],
          [
            4.778869,
            52.339188
          ],
          [
            4.778841,
            52.339157
          ],
          [
            4.778828,
            52.339127
          ],
          [
            4.778816,
            52.339096
          ],
          [
            4.7788,
            52.339077
          ],
          [
            4.778795,
            52.339043
          ],
          [
            4.778777,
            52.339008
          ],
          [
            4.778752,
            52.33897
          ],
          [
            4.778715,
            52.338924
          ],
          [
            4.778663,
            52.338894
          ],
          [
            4.778603,
            52.338844
          ],
          [
            4.778604,
            52.338848
          ],
          [
            4.778589,
            52.33884
          ],
          [
            4.778562,
            52.338814
          ],
          [
            4.778514,
            52.338787
          ],
          [
            4.778461,
            52.338749
          ],
          [
            4.778407,
            52.338715
          ],
          [
            4.778351,
            52.33868
          ],
          [
            4.778307,
            52.338657
          ],
          [
            4.778284,
            52.338642
          ],
          [
            4.778284,
            52.338642
          ],
          [
            4.778284,
            52.338642
          ],
          [
            4.778277,
            52.338619
          ],
          [
            4.778277,
            52.338619
          ],
          [
            4.778296,
            52.3386
          ],
          [
            4.778296,
            52.338593
          ],
          [
            4.778282,
            52.338585
          ],
          [
            4.77825,
            52.33857
          ],
          [
            4.778206,
            52.33857
          ],
          [
            4.778157,
            52.338573
          ],
          [
            4.778106,
            52.338589
          ],
          [
            4.778063,
            52.338604
          ],
          [
            4.778015,
            52.338619
          ],
          [
            4.777969,
            52.338631
          ],
          [
            4.77793,
            52.338638
          ],
          [
            4.777888,
            52.338642
          ],
          [
            4.777861,
            52.338638
          ],
          [
            4.777838,
            52.338638
          ],
          [
            4.777838,
            52.338638
          ],
          [
            4.777794,
            52.338604
          ],
          [
            4.777794,
            52.338604
          ],
          [
            4.777794,
            52.338604
          ],
          [
            4.777794,
            52.338589
          ],
          [
            4.777794,
            52.338589
          ],
          [
            4.777794,
            52.338589
          ],
          [
            4.77791,
            52.33868
          ],
          [
            4.77791,
            52.33868
          ],
          [
            4.777991,
            52.338715
          ],
          [
            4.778017,
            52.338753
          ],
          [
            4.778043,
            52.338795
          ],
          [
            4.778074,
            52.338837
          ],
          [
            4.778104,
            52.338863
          ],
          [
            4.778192,
            52.338921
          ],
          [
            4.778238,
            52.338959
          ],
          [
            4.77828,
            52.338989
          ],
          [
            4.778329,
            52.339016
          ],
          [
            4.778369,
            52.339024
          ],
          [
            4.778421,
            52.33905
          ],
          [
            4.778469,
            52.339062
          ],
          [
            4.778501,
            52.339096
          ],
          [
            4.778553,
            52.339111
          ],
          [
            4.778576,
            52.339161
          ],
          [
            4.7786,
            52.339195
          ],
          [
            4.778635,
            52.339222
          ],
          [
            4.778683,
            52.339268
          ],
          [
            4.778753,
            52.339283
          ],
          [
            4.778831,
            52.339283
          ],
          [
            4.778886,
            52.339294
          ],
          [
            4.778932,
            52.339321
          ],
          [
            4.778965,
            52.339344
          ],
          [
            4.778969,
            52.339359
          ],
          [
            4.778942,
            52.339378
          ],
          [
            4.778971,
            52.339413
          ],
          [
            4.778996,
            52.339439
          ],
          [
            4.779033,
            52.339466
          ],
          [
            4.779054,
            52.339485
          ],
          [
            4.779081,
            52.339508
          ],
          [
            4.779093,
            52.339519
          ],
          [
            4.779093,
            52.339519
          ],
          [
            4.779093,
            52.339519
          ],
          [
            4.779093,
            52.339519
          ],
          [
            4.779093,
            52.339519
          ],
          [
            4.779116,
            52.339466
          ],
          [
            4.779116,
            52.339466
          ],
          [
            4.779137,
            52.339516
          ],
          [
            4.779177,
            52.339519
          ],
          [
            4.779195,
            52.339535
          ],
          [
            4.779236,
            52.339554
          ],
          [
            4.779274,
            52.339573
          ],
          [
            4.779319,
            52.339603
          ],
          [
            4.779352,
            52.33963
          ],
          [
            4.779385,
            52.339661
          ],
          [
            4.779421,
            52.339695
          ],
          [
            4.779448,
            52.339733
          ],
          [
            4.779517,
            52.339787
          ],
          [
            4.779616,
            52.339874
          ],
          [
            4.779666,
            52.33992
          ],
          [
            4.779724,
            52.339958
          ],
          [
            4.779771,
            52.340008
          ],
          [
            4.779877,
            52.340092
          ],
          [
            4.77993,
            52.340134
          ],
          [
            4.780036,
            52.340221
          ],
          [
            4.780095,
            52.340275
          ],
          [
            4.780144,
            52.340324
          ],
          [
            4.780202,
            52.34037
          ],
          [
            4.780259,
            52.34042
          ],
          [
            4.780308,
            52.340466
          ],
          [
            4.780355,
            52.340519
          ],
          [
            4.780415,
            52.340561
          ],
          [
            4.780465,
            52.340607
          ],
          [
            4.780503,
            52.340633
          ],
          [
            4.780532,
            52.340672
          ],
          [
            4.780564,
            52.340725
          ],
          [
            4.780549,
            52.340805
          ],
          [
            4.780505,
            52.3409
          ],
          [
            4.780505,
            52.340942
          ],
          [
            4.780558,
            52.341045
          ],
          [
            4.780663,
            52.341137
          ],
          [
            4.78072,
            52.341183
          ],
          [
            4.780781,
            52.341228
          ],
          [
            4.780847,
            52.341274
          ],
          [
            4.780914,
            52.34132
          ],
          [
            4.780987,
            52.34137
          ],
          [
            4.78106,
            52.341415
          ],
          [
            4.781206,
            52.341507
          ],
          [
            4.781353,
            52.341602
          ],
          [
            4.781414,
            52.341644
          ],
          [
            4.781469,
            52.341682
          ],
          [
            4.78152,
            52.341717
          ],
          [
            4.781646,
            52.341808
          ],
          [
            4.781715,
            52.341858
          ],
          [
            4.781773,
            52.3419
          ],
          [
            4.781832,
            52.341942
          ],
          [
            4.781895,
            52.341988
          ],
          [
            4.782022,
            52.342075
          ],
          [
            4.782079,
            52.342113
          ],
          [
            4.782133,
            52.342148
          ],
          [
            4.782194,
            52.342186
          ],
          [
            4.782262,
            52.342228
          ],
          [
            4.782325,
            52.342266
          ],
          [
            4.78239,
            52.342304
          ],
          [
            4.782457,
            52.342342
          ],
          [
            4.78252,
            52.342384
          ],
          [
            4.782587,
            52.34243
          ],
          [
            4.782643,
            52.342472
          ],
          [
            4.782697,
            52.342514
          ],
          [
            4.782753,
            52.342556
          ],
          [
            4.78287,
            52.34264
          ],
          [
            4.782918,
            52.342678
          ],
          [
            4.782961,
            52.342728
          ],
          [
            4.782997,
            52.342762
          ],
          [
            4.78303,
            52.3428
          ],
          [
            4.783078,
            52.342838
          ],
          [
            4.783128,
            52.34285
          ],
          [
            4.783207,
            52.342854
          ],
          [
            4.783334,
            52.342838
          ],
          [
            4.783429,
            52.342815
          ],
          [
            4.783505,
            52.342796
          ],
          [
            4.783583,
            52.342773
          ],
          [
            4.783755,
            52.342724
          ],
          [
            4.783835,
            52.342705
          ],
          [
            4.783921,
            52.342682
          ],
          [
            4.784005,
            52.342659
          ],
          [
            4.784144,
            52.342617
          ],
          [
            4.784257,
            52.342586
          ],
          [
            4.784342,
            52.342567
          ],
          [
            4.784426,
            52.342545
          ],
          [
            4.784588,
            52.342503
          ],
          [
            4.784676,
            52.34248
          ],
          [
            4.784754,
            52.342457
          ],
          [
            4.784828,
            52.342438
          ],
          [
            4.784887,
            52.342422
          ],
          [
            4.784988,
            52.342396
          ],
          [
            4.785061,
            52.342377
          ],
          [
            4.78514,
            52.342354
          ],
          [
            4.785203,
            52.342335
          ],
          [
            4.785262,
            52.342316
          ],
          [
            4.785386,
            52.342281
          ],
          [
            4.785451,
            52.342266
          ],
          [
            4.785528,
            52.342251
          ],
          [
            4.785601,
            52.342232
          ],
          [
            4.785749,
            52.342201
          ],
          [
            4.785813,
            52.342186
          ],
          [
            4.785897,
            52.342167
          ],
          [
            4.785968,
            52.342152
          ],
          [
            4.786046,
            52.342133
          ],
          [
            4.786117,
            52.342113
          ],
          [
            4.786193,
            52.342094
          ],
          [
            4.786338,
            52.342056
          ],
          [
            4.786417,
            52.342037
          ],
          [
            4.786494,
            52.342018
          ],
          [
            4.786575,
            52.341999
          ],
          [
            4.786652,
            52.341976
          ],
          [
            4.786812,
            52.341938
          ],
          [
            4.786973,
            52.341892
          ],
          [
            4.787056,
            52.341873
          ],
          [
            4.787136,
            52.34185
          ],
          [
            4.787221,
            52.341827
          ],
          [
            4.787309,
            52.341808
          ],
          [
            4.787392,
            52.341789
          ],
          [
            4.787558,
            52.341747
          ],
          [
            4.787607,
            52.341736
          ],
          [
            4.787813,
            52.341686
          ],
          [
            4.787899,
            52.341663
          ],
          [
            4.787983,
            52.341644
          ],
          [
            4.788142,
            52.341599
          ],
          [
            4.7883,
            52.341553
          ],
          [
            4.788376,
            52.34153
          ],
          [
            4.788535,
            52.341476
          ],
          [
            4.788613,
            52.341454
          ],
          [
            4.788695,
            52.341434
          ],
          [
            4.78878,
            52.341419
          ],
          [
            4.788862,
            52.341396
          ],
          [
            4.789024,
            52.341358
          ],
          [
            4.789105,
            52.341339
          ],
          [
            4.789187,
            52.341316
          ],
          [
            4.789265,
            52.341297
          ],
          [
            4.789429,
            52.341255
          ],
          [
            4.789485,
            52.341244
          ],
          [
            4.789603,
            52.341217
          ],
          [
            4.789757,
            52.341171
          ],
          [
            4.789838,
            52.341145
          ],
          [
            4.789912,
            52.34111
          ],
          [
            4.78998,
            52.341076
          ],
          [
            4.790117,
            52.341003
          ],
          [
            4.790184,
            52.340969
          ],
          [
            4.790246,
            52.340935
          ],
          [
            4.7903,
            52.340897
          ],
          [
            4.790404,
            52.340847
          ],
          [
            4.790526,
            52.340839
          ],
          [
            4.790591,
            52.340866
          ],
          [
            4.79071,
            52.340916
          ],
          [
            4.790843,
            52.340954
          ],
          [
            4.790916,
            52.340969
          ],
          [
            4.790982,
            52.340969
          ],
          [
            4.791029,
            52.340942
          ],
          [
            4.791082,
            52.340923
          ],
          [
            4.791144,
            52.340904
          ],
          [
            4.79126,
            52.340851
          ],
          [
            4.791317,
            52.340813
          ],
          [
            4.791362,
            52.340775
          ],
          [
            4.79141,
            52.340729
          ],
          [
            4.791452,
            52.340687
          ],
          [
            4.79155,
            52.340607
          ],
          [
            4.791592,
            52.340569
          ],
          [
            4.791636,
            52.340534
          ],
          [
            4.791667,
            52.340511
          ],
          [
            4.791698,
            52.340492
          ],
          [
            4.791723,
            52.340485
          ],
          [
            4.791723,
            52.340485
          ],
          [
            4.791723,
            52.340485
          ],
          [
            4.791723,
            52.340485
          ],
          [
            4.791771,
            52.340481
          ],
          [
            4.791792,
            52.340492
          ],
          [
            4.791839,
            52.340508
          ],
          [
            4.791864,
            52.340519
          ],
          [
            4.791864,
            52.340519
          ],
          [
            4.791864,
            52.340519
          ],
          [
            4.791878,
            52.340546
          ],
          [
            4.791877,
            52.340553
          ],
          [
            4.791877,
            52.340557
          ],
          [
            4.791875,
            52.340569
          ],
          [
            4.791877,
            52.340584
          ],
          [
            4.791889,
            52.340607
          ],
          [
            4.791921,
            52.34063
          ],
          [
            4.791966,
            52.340652
          ],
          [
            4.792091,
            52.340706
          ],
          [
            4.792217,
            52.340767
          ],
          [
            4.792264,
            52.340805
          ],
          [
            4.792316,
            52.340847
          ],
          [
            4.792363,
            52.340889
          ],
          [
            4.792419,
            52.340923
          ],
          [
            4.792476,
            52.340931
          ],
          [
            4.792538,
            52.340923
          ],
          [
            4.792579,
            52.340897
          ],
          [
            4.792608,
            52.340862
          ],
          [
            4.792643,
            52.340824
          ],
          [
            4.792683,
            52.340782
          ],
          [
            4.792727,
            52.340736
          ],
          [
            4.792772,
            52.340691
          ],
          [
            4.792824,
            52.340637
          ],
          [
            4.792873,
            52.340588
          ],
          [
            4.792927,
            52.340534
          ],
          [
            4.79299,
            52.340481
          ],
          [
            4.793066,
            52.340435
          ],
          [
            4.793139,
            52.340405
          ],
          [
            4.793201,
            52.340359
          ],
          [
            4.79324,
            52.340256
          ],
          [
            4.793268,
            52.340202
          ],
          [
            4.793307,
            52.340153
          ],
          [
            4.793357,
            52.340099
          ],
          [
            4.793406,
            52.340046
          ],
          [
            4.793464,
            52.339993
          ],
          [
            4.793524,
            52.339939
          ],
          [
            4.793578,
            52.339886
          ],
          [
            4.793683,
            52.339783
          ],
          [
            4.793738,
            52.339725
          ],
          [
            4.793794,
            52.339672
          ],
          [
            4.793905,
            52.339565
          ],
          [
            4.793954,
            52.339516
          ],
          [
            4.794058,
            52.339413
          ],
          [
            4.794111,
            52.339359
          ],
          [
            4.794164,
            52.339306
          ],
          [
            4.794218,
            52.339253
          ],
          [
            4.79427,
            52.339203
          ],
          [
            4.79438,
            52.339096
          ],
          [
            4.794437,
            52.339043
          ],
          [
            4.79449,
            52.338989
          ],
          [
            4.794538,
            52.33894
          ],
          [
            4.794641,
            52.338837
          ],
          [
            4.794683,
            52.338795
          ],
          [
            4.794739,
            52.338741
          ],
          [
            4.794794,
            52.338688
          ],
          [
            4.794841,
            52.338642
          ],
          [
            4.794899,
            52.338589
          ],
          [
            4.795012,
            52.338482
          ],
          [
            4.795062,
            52.338436
          ],
          [
            4.795116,
            52.338387
          ],
          [
            4.795227,
            52.338276
          ],
          [
            4.795324,
            52.338177
          ],
          [
            4.795381,
            52.338116
          ],
          [
            4.795494,
            52.338009
          ],
          [
            4.79555,
            52.337955
          ],
          [
            4.795597,
            52.337906
          ],
          [
            4.795635,
            52.337856
          ],
          [
            4.795672,
            52.337807
          ],
          [
            4.795693,
            52.337795
          ],
          [
            4.795693,
            52.337795
          ],
          [
            4.795715,
            52.337807
          ],
          [
            4.795657,
            52.337837
          ],
          [
            4.795599,
            52.337894
          ],
          [
            4.79559,
            52.337917
          ],
          [
            4.795617,
            52.33794
          ],
          [
            4.795663,
            52.337967
          ],
          [
            4.795725,
            52.337994
          ],
          [
            4.795789,
            52.338017
          ],
          [
            4.795861,
            52.338028
          ],
          [
            4.795902,
            52.338036
          ],
          [
            4.796015,
            52.338051
          ],
          [
            4.796101,
            52.33807
          ],
          [
            4.796183,
            52.338074
          ],
          [
            4.796239,
            52.338081
          ],
          [
            4.79634,
            52.338093
          ],
          [
            4.796429,
            52.338108
          ],
          [
            4.796461,
            52.33812
          ],
          [
            4.796602,
            52.338165
          ],
          [
            4.796681,
            52.338196
          ],
          [
            4.796758,
            52.338234
          ],
          [
            4.796803,
            52.33828
          ],
          [
            4.796832,
            52.338329
          ],
          [
            4.796851,
            52.338379
          ],
          [
            4.796863,
            52.338428
          ],
          [
            4.796872,
            52.338493
          ],
          [
            4.796881,
            52.338566
          ],
          [
            4.796887,
            52.338623
          ],
          [
            4.796894,
            52.338676
          ],
          [
            4.796905,
            52.338734
          ],
          [
            4.796911,
            52.338772
          ],
          [
            4.796937,
            52.33884
          ],
          [
            4.796937,
            52.33884
          ],
          [
            4.796948,
            52.338879
          ],
          [
            4.796935,
            52.338879
          ],
          [
            4.796923,
            52.338879
          ],
          [
            4.796908,
            52.338875
          ],
          [
            4.796904,
            52.338833
          ],
          [
            4.796903,
            52.338802
          ],
          [
            4.796901,
            52.338772
          ],
          [
            4.796896,
            52.338734
          ],
          [
            4.796891,
            52.338696
          ],
          [
            4.796887,
            52.338646
          ],
          [
            4.796879,
            52.338596
          ],
          [
            4.796872,
            52.338554
          ],
          [
            4.796865,
            52.338505
          ],
          [
            4.796856,
            52.338444
          ],
          [
            4.796846,
            52.338394
          ],
          [
            4.79683,
            52.338345
          ],
          [
            4.796796,
            52.338295
          ],
          [
            4.796758,
            52.338257
          ],
          [
            4.796677,
            52.338207
          ],
          [
            4.796603,
            52.338169
          ],
          [
            4.796532,
            52.338142
          ],
          [
            4.796444,
            52.33812
          ],
          [
            4.796365,
            52.338104
          ],
          [
            4.796272,
            52.338093
          ],
          [
            4.796183,
            52.338078
          ],
          [
            4.796092,
            52.338066
          ],
          [
            4.796016,
            52.338059
          ],
          [
            4.795936,
            52.338051
          ],
          [
            4.795851,
            52.338036
          ],
          [
            4.795784,
            52.338017
          ],
          [
            4.795705,
            52.337994
          ],
          [
            4.795655,
            52.337975
          ],
          [
            4.795624,
            52.337959
          ],
          [
            4.795608,
            52.337936
          ],
          [
            4.795611,
            52.337906
          ],
          [
            4.795634,
            52.337872
          ],
          [
            4.795665,
            52.33783
          ],
          [
            4.7957,
            52.337791
          ],
          [
            4.795788,
            52.337704
          ],
          [
            4.795835,
            52.337658
          ],
          [
            4.795857,
            52.337635
          ],
          [
            4.795965,
            52.337532
          ],
          [
            4.796024,
            52.337475
          ],
          [
            4.796074,
            52.337425
          ],
          [
            4.796187,
            52.337315
          ],
          [
            4.796236,
            52.337261
          ],
          [
            4.796286,
            52.337212
          ],
          [
            4.796337,
            52.337162
          ],
          [
            4.796452,
            52.337051
          ],
          [
            4.796569,
            52.336956
          ],
          [
            4.796616,
            52.33691
          ],
          [
            4.796667,
            52.336853
          ],
          [
            4.796717,
            52.336792
          ],
          [
            4.796761,
            52.336739
          ],
          [
            4.796808,
            52.336685
          ],
          [
            4.796911,
            52.336586
          ],
          [
            4.796974,
            52.336533
          ],
          [
            4.797089,
            52.336426
          ],
          [
            4.797144,
            52.336372
          ],
          [
            4.797195,
            52.336323
          ],
          [
            4.797248,
            52.336269
          ],
          [
            4.797297,
            52.33622
          ],
          [
            4.797408,
            52.336109
          ],
          [
            4.79746,
            52.33606
          ],
          [
            4.797511,
            52.33601
          ],
          [
            4.797565,
            52.33596
          ],
          [
            4.797675,
            52.335857
          ],
          [
            4.797726,
            52.335812
          ],
          [
            4.797782,
            52.335762
          ],
          [
            4.797909,
            52.335667
          ],
          [
            4.798031,
            52.335587
          ],
          [
            4.798105,
            52.335541
          ],
          [
            4.798115,
            52.335533
          ],
          [
            4.798249,
            52.335449
          ],
          [
            4.798321,
            52.335407
          ],
          [
            4.798399,
            52.335369
          ],
          [
            4.798563,
            52.335293
          ],
          [
            4.798624,
            52.335266
          ],
          [
            4.798734,
            52.335217
          ],
          [
            4.798974,
            52.335117
          ],
          [
            4.799062,
            52.335083
          ],
          [
            4.799146,
            52.335049
          ],
          [
            4.799292,
            52.334984
          ],
          [
            4.799281,
            52.334991
          ],
          [
            4.799451,
            52.334923
          ],
          [
            4.799627,
            52.33485
          ],
          [
            4.799706,
            52.334812
          ],
          [
            4.799788,
            52.334782
          ],
          [
            4.799782,
            52.334782
          ],
          [
            4.799952,
            52.334717
          ],
          [
            4.800131,
            52.334641
          ],
          [
            4.800215,
            52.334606
          ],
          [
            4.800302,
            52.334576
          ],
          [
            4.800388,
            52.334545
          ],
          [
            4.800473,
            52.334511
          ],
          [
            4.800557,
            52.334476
          ],
          [
            4.800641,
            52.334442
          ],
          [
            4.800801,
            52.334373
          ],
          [
            4.800883,
            52.334335
          ],
          [
            4.800965,
            52.334297
          ],
          [
            4.801043,
            52.334259
          ],
          [
            4.80112,
            52.334228
          ],
          [
            4.801246,
            52.334171
          ],
          [
            4.801371,
            52.334118
          ],
          [
            4.801453,
            52.334087
          ],
          [
            4.801621,
            52.334023
          ],
          [
            4.801699,
            52.333984
          ],
          [
            4.801782,
            52.333958
          ],
          [
            4.80186,
            52.333923
          ],
          [
            4.801938,
            52.333889
          ],
          [
            4.802108,
            52.333817
          ],
          [
            4.802188,
            52.333782
          ],
          [
            4.80227,
            52.333752
          ],
          [
            4.802354,
            52.333717
          ],
          [
            4.802435,
            52.333683
          ],
          [
            4.80252,
            52.333652
          ],
          [
            4.802688,
            52.333611
          ],
          [
            4.802803,
            52.333591
          ],
          [
            4.802892,
            52.333569
          ],
          [
            4.802974,
            52.333534
          ],
          [
            4.803128,
            52.333473
          ],
          [
            4.803197,
            52.333443
          ],
          [
            4.803266,
            52.33342
          ],
          [
            4.803333,
            52.333412
          ],
          [
            4.803531,
            52.333351
          ],
          [
            4.803594,
            52.333309
          ],
          [
            4.803684,
            52.333267
          ],
          [
            4.803839,
            52.333202
          ],
          [
            4.803898,
            52.333195
          ],
          [
            4.803913,
            52.333176
          ],
          [
            4.804093,
            52.333107
          ],
          [
            4.804144,
            52.333057
          ],
          [
            4.804167,
            52.333012
          ],
          [
            4.804207,
            52.332958
          ],
          [
            4.804266,
            52.332905
          ],
          [
            4.804409,
            52.332848
          ],
          [
            4.804471,
            52.332829
          ],
          [
            4.804568,
            52.332794
          ],
          [
            4.804719,
            52.332726
          ],
          [
            4.8048,
            52.332691
          ],
          [
            4.804957,
            52.332626
          ],
          [
            4.805041,
            52.332592
          ],
          [
            4.805118,
            52.33255
          ],
          [
            4.805199,
            52.332516
          ],
          [
            4.805278,
            52.332478
          ],
          [
            4.805363,
            52.332443
          ],
          [
            4.805525,
            52.332371
          ],
          [
            4.805607,
            52.332336
          ],
          [
            4.805691,
            52.332306
          ],
          [
            4.805858,
            52.332241
          ],
          [
            4.806018,
            52.332172
          ],
          [
            4.806103,
            52.332138
          ],
          [
            4.806188,
            52.332108
          ],
          [
            4.806276,
            52.332073
          ],
          [
            4.806361,
            52.332043
          ],
          [
            4.806444,
            52.332012
          ],
          [
            4.806613,
            52.331963
          ],
          [
            4.80673,
            52.331886
          ],
          [
            4.806788,
            52.331844
          ],
          [
            4.806851,
            52.331799
          ],
          [
            4.806909,
            52.331757
          ],
          [
            4.806973,
            52.331711
          ],
          [
            4.807045,
            52.331673
          ],
          [
            4.807138,
            52.331631
          ],
          [
            4.807217,
            52.331589
          ],
          [
            4.807301,
            52.331554
          ],
          [
            4.807383,
            52.331516
          ],
          [
            4.807458,
            52.331482
          ],
          [
            4.807633,
            52.331421
          ],
          [
            4.807803,
            52.331352
          ],
          [
            4.807885,
            52.331322
          ],
          [
            4.807971,
            52.331291
          ],
          [
            4.808144,
            52.331242
          ],
          [
            4.80823,
            52.33123
          ],
          [
            4.808334,
            52.331219
          ],
          [
            4.808515,
            52.331192
          ],
          [
            4.808607,
            52.331181
          ],
          [
            4.808775,
            52.331177
          ],
          [
            4.808843,
            52.331184
          ],
          [
            4.808887,
            52.331192
          ],
          [
            4.808899,
            52.331203
          ],
          [
            4.808878,
            52.331223
          ],
          [
            4.808857,
            52.331219
          ],
          [
            4.808817,
            52.331181
          ],
          [
            4.808813,
            52.331158
          ],
          [
            4.808823,
            52.331123
          ],
          [
            4.808862,
            52.331093
          ],
          [
            4.808887,
            52.331078
          ],
          [
            4.809011,
            52.331017
          ],
          [
            4.809037,
            52.331001
          ],
          [
            4.809226,
            52.330879
          ],
          [
            4.809298,
            52.330841
          ],
          [
            4.809372,
            52.330803
          ],
          [
            4.809449,
            52.330769
          ],
          [
            4.809524,
            52.330742
          ],
          [
            4.809679,
            52.330662
          ],
          [
            4.809831,
            52.330601
          ],
          [
            4.809912,
            52.330563
          ],
          [
            4.809992,
            52.330536
          ],
          [
            4.810065,
            52.330502
          ],
          [
            4.810129,
            52.330471
          ],
          [
            4.810198,
            52.330441
          ],
          [
            4.810268,
            52.330414
          ],
          [
            4.810333,
            52.330387
          ],
          [
            4.810404,
            52.33036
          ],
          [
            4.810465,
            52.330341
          ],
          [
            4.810523,
            52.330318
          ],
          [
            4.810588,
            52.330296
          ],
          [
            4.810655,
            52.330273
          ],
          [
            4.810788,
            52.330219
          ],
          [
            4.810922,
            52.330166
          ],
          [
            4.810981,
            52.330135
          ],
          [
            4.811046,
            52.330112
          ],
          [
            4.811117,
            52.330082
          ],
          [
            4.811244,
            52.330025
          ],
          [
            4.811307,
            52.330002
          ],
          [
            4.811375,
            52.329971
          ],
          [
            4.811494,
            52.329918
          ],
          [
            4.811545,
            52.329887
          ],
          [
            4.811589,
            52.329861
          ],
          [
            4.811632,
            52.329834
          ],
          [
            4.81168,
            52.329811
          ],
          [
            4.811734,
            52.329781
          ],
          [
            4.811787,
            52.329754
          ],
          [
            4.811843,
            52.329727
          ],
          [
            4.811953,
            52.329674
          ],
          [
            4.812015,
            52.329647
          ],
          [
            4.812139,
            52.329601
          ],
          [
            4.812202,
            52.329578
          ],
          [
            4.812264,
            52.329555
          ],
          [
            4.812322,
            52.329529
          ],
          [
            4.812442,
            52.329483
          ],
          [
            4.812507,
            52.329464
          ],
          [
            4.812571,
            52.329441
          ],
          [
            4.812626,
            52.329414
          ],
          [
            4.812757,
            52.329365
          ],
          [
            4.812894,
            52.329315
          ],
          [
            4.812962,
            52.329292
          ],
          [
            4.813034,
            52.329266
          ],
          [
            4.813162,
            52.329208
          ],
          [
            4.813225,
            52.329182
          ],
          [
            4.813289,
            52.329151
          ],
          [
            4.813354,
            52.329128
          ],
          [
            4.813431,
            52.329113
          ],
          [
            4.813495,
            52.329094
          ],
          [
            4.813568,
            52.329075
          ],
          [
            4.813631,
            52.32906
          ],
          [
            4.813757,
            52.329033
          ],
          [
            4.813807,
            52.329021
          ],
          [
            4.813845,
            52.329014
          ],
          [
            4.813883,
            52.329002
          ],
          [
            4.81392,
            52.328999
          ],
          [
            4.813937,
            52.328995
          ],
          [
            4.813963,
            52.328987
          ],
          [
            4.813996,
            52.328999
          ],
          [
            4.814033,
            52.329006
          ],
          [
            4.81405,
            52.329006
          ],
          [
            4.814059,
            52.329021
          ],
          [
            4.814095,
            52.329121
          ],
          [
            4.814095,
            52.329121
          ],
          [
            4.81408,
            52.329128
          ],
          [
            4.814075,
            52.329105
          ],
          [
            4.814061,
            52.329079
          ],
          [
            4.814044,
            52.32906
          ],
          [
            4.814014,
            52.329044
          ],
          [
            4.813987,
            52.329029
          ],
          [
            4.813987,
            52.329029
          ],
          [
            4.813902,
            52.329006
          ],
          [
            4.813869,
            52.329014
          ],
          [
            4.813829,
            52.329021
          ],
          [
            4.813776,
            52.329037
          ],
          [
            4.81373,
            52.329044
          ],
          [
            4.813667,
            52.329056
          ],
          [
            4.813592,
            52.329071
          ],
          [
            4.813556,
            52.329071
          ],
          [
            4.813524,
            52.329086
          ],
          [
            4.813436,
            52.329109
          ],
          [
            4.813357,
            52.329132
          ],
          [
            4.813308,
            52.329147
          ],
          [
            4.813255,
            52.329163
          ],
          [
            4.813197,
            52.329182
          ],
          [
            4.813136,
            52.329201
          ],
          [
            4.813084,
            52.329227
          ],
          [
            4.813029,
            52.329247
          ],
          [
            4.812973,
            52.329273
          ],
          [
            4.812915,
            52.329296
          ],
          [
            4.812856,
            52.329319
          ],
          [
            4.8128,
            52.329342
          ],
          [
            4.812745,
            52.329365
          ],
          [
            4.812694,
            52.329388
          ],
          [
            4.81267,
            52.329414
          ],
          [
            4.812671,
            52.329437
          ],
          [
            4.812691,
            52.329464
          ],
          [
            4.812722,
            52.329491
          ],
          [
            4.812808,
            52.329525
          ],
          [
            4.812854,
            52.329536
          ],
          [
            4.81295,
            52.329521
          ],
          [
            4.812999,
            52.329506
          ],
          [
            4.813097,
            52.329468
          ],
          [
            4.813137,
            52.329449
          ],
          [
            4.813166,
            52.329445
          ],
          [
            4.813166,
            52.329445
          ],
          [
            4.813158,
            52.329487
          ],
          [
            4.813138,
            52.329491
          ],
          [
            4.813103,
            52.329502
          ],
          [
            4.813049,
            52.32951
          ],
          [
            4.812936,
            52.329529
          ],
          [
            4.812887,
            52.329536
          ],
          [
            4.812833,
            52.329544
          ],
          [
            4.812788,
            52.329555
          ],
          [
            4.812745,
            52.329571
          ],
          [
            4.812695,
            52.329601
          ],
          [
            4.812704,
            52.329594
          ],
          [
            4.8127,
            52.329594
          ],
          [
            4.812691,
            52.329685
          ],
          [
            4.812746,
            52.329746
          ],
          [
            4.812777,
            52.329773
          ],
          [
            4.812804,
            52.3298
          ],
          [
            4.812829,
            52.329823
          ],
          [
            4.812852,
            52.329845
          ],
          [
            4.812911,
            52.329887
          ],
          [
            4.812911,
            52.329887
          ],
          [
            4.812927,
            52.329899
          ],
          [
            4.812927,
            52.329899
          ],
          [
            4.812927,
            52.329899
          ],
          [
            4.812896,
            52.329899
          ],
          [
            4.81289,
            52.32988
          ],
          [
            4.812878,
            52.329868
          ],
          [
            4.812862,
            52.329853
          ],
          [
            4.812822,
            52.329811
          ],
          [
            4.812803,
            52.329788
          ],
          [
            4.812785,
            52.329765
          ],
          [
            4.812764,
            52.329742
          ],
          [
            4.812743,
            52.329723
          ],
          [
            4.812698,
            52.329678
          ],
          [
            4.812651,
            52.329632
          ],
          [
            4.812581,
            52.329563
          ],
          [
            4.812543,
            52.32954
          ],
          [
            4.812506,
            52.329517
          ],
          [
            4.812472,
            52.329502
          ],
          [
            4.812458,
            52.329502
          ],
          [
            4.812453,
            52.329502
          ],
          [
            4.812388,
            52.32951
          ],
          [
            4.812351,
            52.329517
          ],
          [
            4.812264,
            52.329544
          ],
          [
            4.812213,
            52.329563
          ],
          [
            4.812165,
            52.329582
          ],
          [
            4.812111,
            52.329605
          ],
          [
            4.812059,
            52.329628
          ],
          [
            4.812005,
            52.329651
          ],
          [
            4.811956,
            52.329678
          ],
          [
            4.811673,
            52.329815
          ],
          [
            4.811623,
            52.32983
          ],
          [
            4.811548,
            52.329876
          ],
          [
            4.81154,
            52.329906
          ],
          [
            4.811559,
            52.329937
          ],
          [
            4.811625,
            52.329983
          ],
          [
            4.811661,
            52.330009
          ],
          [
            4.811687,
            52.330036
          ],
          [
            4.811707,
            52.330055
          ],
          [
            4.811733,
            52.330078
          ],
          [
            4.811818,
            52.33009
          ],
          [
            4.811858,
            52.330078
          ],
          [
            4.811927,
            52.33004
          ],
          [
            4.811957,
            52.330025
          ],
          [
            4.811983,
            52.330013
          ],
          [
            4.812004,
            52.330002
          ],
          [
            4.812019,
            52.329994
          ],
          [
            4.812023,
            52.329994
          ],
          [
            4.812108,
            52.329971
          ],
          [
            4.812137,
            52.329979
          ],
          [
            4.812144,
            52.330017
          ],
          [
            4.812118,
            52.330036
          ],
          [
            4.812077,
            52.330055
          ],
          [
            4.811983,
            52.330074
          ],
          [
            4.811932,
            52.330082
          ],
          [
            4.81188,
            52.330093
          ],
          [
            4.811839,
            52.330109
          ],
          [
            4.811794,
            52.33012
          ],
          [
            4.811752,
            52.330135
          ],
          [
            4.811707,
            52.330147
          ],
          [
            4.811669,
            52.330158
          ],
          [
            4.811629,
            52.330173
          ],
          [
            4.811585,
            52.3302
          ],
          [
            4.811533,
            52.330223
          ],
          [
            4.811481,
            52.330246
          ],
          [
            4.811431,
            52.330265
          ],
          [
            4.811378,
            52.330288
          ],
          [
            4.811318,
            52.330307
          ],
          [
            4.811265,
            52.33033
          ],
          [
            4.811215,
            52.330353
          ],
          [
            4.811159,
            52.330372
          ],
          [
            4.811105,
            52.330391
          ],
          [
            4.81105,
            52.330414
          ],
          [
            4.810998,
            52.330437
          ],
          [
            4.810944,
            52.33046
          ],
          [
            4.810892,
            52.330483
          ],
          [
            4.81084,
            52.330502
          ],
          [
            4.810795,
            52.330521
          ],
          [
            4.810753,
            52.330536
          ],
          [
            4.810726,
            52.330551
          ],
          [
            4.810702,
            52.330566
          ],
          [
            4.810702,
            52.330566
          ],
          [
            4.810662,
            52.330559
          ],
          [
            4.810652,
            52.330555
          ],
          [
            4.8106,
            52.330524
          ],
          [
            4.810571,
            52.330498
          ],
          [
            4.810552,
            52.330467
          ],
          [
            4.810494,
            52.330414
          ],
          [
            4.810424,
            52.330391
          ],
          [
            4.810334,
            52.330391
          ],
          [
            4.81027,
            52.330406
          ],
          [
            4.810159,
            52.330463
          ],
          [
            4.810113,
            52.330494
          ],
          [
            4.810056,
            52.330521
          ],
          [
            4.809993,
            52.330544
          ],
          [
            4.809867,
            52.330597
          ],
          [
            4.809802,
            52.330627
          ],
          [
            4.80974,
            52.330654
          ],
          [
            4.809701,
            52.330673
          ],
          [
            4.809658,
            52.330685
          ],
          [
            4.809658,
            52.330685
          ],
          [
            4.809658,
            52.330685
          ],
          [
            4.809658,
            52.330685
          ],
          [
            4.809649,
            52.330719
          ],
          [
            4.809634,
            52.330727
          ],
          [
            4.809606,
            52.330734
          ],
          [
            4.809575,
            52.330746
          ],
          [
            4.809374,
            52.330811
          ],
          [
            4.809392,
            52.330803
          ],
          [
            4.809007,
            52.33099
          ],
          [
            4.809007,
            52.33099
          ],
          [
            4.808875,
            52.331051
          ],
          [
            4.808854,
            52.331066
          ],
          [
            4.80883,
            52.331078
          ],
          [
            4.808795,
            52.331097
          ],
          [
            4.808782,
            52.33112
          ],
          [
            4.808793,
            52.331142
          ],
          [
            4.808827,
            52.331177
          ],
          [
            4.808874,
            52.331207
          ],
          [
            4.808934,
            52.331234
          ],
          [
            4.808999,
            52.331261
          ],
          [
            4.809052,
            52.331295
          ],
          [
            4.809103,
            52.331329
          ],
          [
            4.809161,
            52.331367
          ],
          [
            4.809309,
            52.331417
          ],
          [
            4.809392,
            52.331428
          ],
          [
            4.809476,
            52.331428
          ],
          [
            4.809531,
            52.331428
          ],
          [
            4.809663,
            52.331428
          ],
          [
            4.809825,
            52.331451
          ],
          [
            4.80986,
            52.331482
          ],
          [
            4.809872,
            52.331516
          ],
          [
            4.809854,
            52.3316
          ],
          [
            4.809859,
            52.331638
          ],
          [
            4.809863,
            52.331673
          ],
          [
            4.809884,
            52.331707
          ],
          [
            4.809913,
            52.331745
          ],
          [
            4.80995,
            52.331787
          ],
          [
            4.809973,
            52.331825
          ],
          [
            4.809992,
            52.331871
          ],
          [
            4.810004,
            52.331924
          ],
          [
            4.810013,
            52.33197
          ],
          [
            4.810016,
            52.332024
          ],
          [
            4.810019,
            52.332081
          ],
          [
            4.810019,
            52.33213
          ],
          [
            4.810026,
            52.332241
          ],
          [
            4.810022,
            52.332298
          ],
          [
            4.810021,
            52.332359
          ],
          [
            4.810019,
            52.332417
          ],
          [
            4.810014,
            52.332474
          ],
          [
            4.810016,
            52.332531
          ],
          [
            4.810021,
            52.332581
          ],
          [
            4.810019,
            52.332638
          ],
          [
            4.810026,
            52.332706
          ],
          [
            4.810034,
            52.332771
          ],
          [
            4.810044,
            52.332829
          ],
          [
            4.81006,
            52.332893
          ],
          [
            4.810081,
            52.332966
          ],
          [
            4.810096,
            52.333027
          ],
          [
            4.810121,
            52.333137
          ],
          [
            4.810145,
            52.333172
          ],
          [
            4.810237,
            52.333271
          ],
          [
            4.8103,
            52.333313
          ],
          [
            4.810389,
            52.333359
          ],
          [
            4.810439,
            52.333382
          ],
          [
            4.810627,
            52.333469
          ],
          [
            4.810706,
            52.333504
          ],
          [
            4.810781,
            52.333538
          ],
          [
            4.810863,
            52.333576
          ],
          [
            4.81093,
            52.333607
          ],
          [
            4.811004,
            52.333641
          ],
          [
            4.81107,
            52.333672
          ],
          [
            4.811149,
            52.33371
          ],
          [
            4.811234,
            52.333748
          ],
          [
            4.811331,
            52.333786
          ],
          [
            4.811409,
            52.333809
          ],
          [
            4.811554,
            52.33382
          ],
          [
            4.81161,
            52.33382
          ],
          [
            4.81167,
            52.33382
          ],
          [
            4.811725,
            52.33382
          ],
          [
            4.811777,
            52.33382
          ],
          [
            4.811825,
            52.333824
          ],
          [
            4.811863,
            52.33382
          ],
          [
            4.811891,
            52.333813
          ],
          [
            4.811909,
            52.333801
          ],
          [
            4.811937,
            52.333786
          ],
          [
            4.81196,
            52.333767
          ],
          [
            4.811976,
            52.333744
          ],
          [
            4.811994,
            52.333721
          ],
          [
            4.812009,
            52.33371
          ],
          [
            4.812031,
            52.333691
          ],
          [
            4.812053,
            52.333668
          ],
          [
            4.812074,
            52.333656
          ],
          [
            4.812134,
            52.333652
          ],
          [
            4.812145,
            52.333668
          ],
          [
            4.81214,
            52.333679
          ],
          [
            4.812113,
            52.333706
          ],
          [
            4.812078,
            52.333713
          ],
          [
            4.812037,
            52.333713
          ],
          [
            4.81199,
            52.333698
          ],
          [
            4.811937,
            52.333675
          ],
          [
            4.811879,
            52.333649
          ],
          [
            4.811817,
            52.333622
          ],
          [
            4.811752,
            52.333591
          ],
          [
            4.811695,
            52.333569
          ],
          [
            4.811631,
            52.333534
          ],
          [
            4.811565,
            52.333504
          ],
          [
            4.8115,
            52.333473
          ],
          [
            4.811427,
            52.333435
          ],
          [
            4.81136,
            52.333405
          ],
          [
            4.81129,
            52.333374
          ],
          [
            4.81122,
            52.333344
          ],
          [
            4.811155,
            52.333305
          ],
          [
            4.811072,
            52.333263
          ],
          [
            4.811003,
            52.333233
          ],
          [
            4.810933,
            52.333199
          ],
          [
            4.810858,
            52.33316
          ],
          [
            4.810787,
            52.333126
          ],
          [
            4.810726,
            52.333096
          ],
          [
            4.810643,
            52.333057
          ],
          [
            4.810579,
            52.333027
          ],
          [
            4.810516,
            52.332996
          ],
          [
            4.810448,
            52.332962
          ],
          [
            4.810387,
            52.332935
          ],
          [
            4.810323,
            52.332912
          ],
          [
            4.810259,
            52.332886
          ],
          [
            4.810194,
            52.332859
          ],
          [
            4.810129,
            52.332829
          ],
          [
            4.810069,
            52.332798
          ],
          [
            4.810022,
            52.332768
          ],
          [
            4.810002,
            52.332733
          ],
          [
            4.810007,
            52.332703
          ],
          [
            4.810009,
            52.33268
          ],
          [
            4.810005,
            52.332661
          ],
          [
            4.810005,
            52.332661
          ],
          [
            4.810028,
            52.332653
          ],
          [
            4.810028,
            52.332653
          ],
          [
            4.810024,
            52.332661
          ],
          [
            4.810024,
            52.332661
          ],
          [
            4.810019,
            52.332691
          ],
          [
            4.810022,
            52.332703
          ],
          [
            4.810026,
            52.332718
          ],
          [
            4.810046,
            52.332745
          ],
          [
            4.81008,
            52.332771
          ],
          [
            4.810133,
            52.332802
          ],
          [
            4.810187,
            52.332825
          ],
          [
            4.810255,
            52.332855
          ],
          [
            4.810309,
            52.332874
          ],
          [
            4.810364,
            52.332897
          ],
          [
            4.810463,
            52.332939
          ],
          [
            4.810528,
            52.332973
          ],
          [
            4.810583,
            52.333004
          ],
          [
            4.810645,
            52.333035
          ],
          [
            4.81071,
            52.333069
          ],
          [
            4.810771,
            52.333099
          ],
          [
            4.810837,
            52.333134
          ],
          [
            4.810909,
            52.333168
          ],
          [
            4.810981,
            52.333202
          ],
          [
            4.811053,
            52.333233
          ],
          [
            4.811126,
            52.333267
          ],
          [
            4.811197,
            52.333302
          ],
          [
            4.811261,
            52.333332
          ],
          [
            4.811341,
            52.333374
          ],
          [
            4.811409,
            52.333408
          ],
          [
            4.811478,
            52.333443
          ],
          [
            4.811546,
            52.333477
          ],
          [
            4.811617,
            52.333515
          ],
          [
            4.811688,
            52.33355
          ],
          [
            4.811754,
            52.333584
          ],
          [
            4.811837,
            52.333622
          ],
          [
            4.811902,
            52.333656
          ],
          [
            4.811964,
            52.333691
          ],
          [
            4.812018,
            52.333721
          ],
          [
            4.812064,
            52.33374
          ],
          [
            4.812103,
            52.333733
          ],
          [
            4.812145,
            52.333721
          ],
          [
            4.812197,
            52.333713
          ],
          [
            4.812253,
            52.333721
          ],
          [
            4.81231,
            52.333736
          ],
          [
            4.812368,
            52.333755
          ],
          [
            4.812426,
            52.333782
          ],
          [
            4.812483,
            52.333813
          ],
          [
            4.812543,
            52.333843
          ],
          [
            4.812601,
            52.333874
          ],
          [
            4.812666,
            52.333908
          ],
          [
            4.81273,
            52.333939
          ],
          [
            4.812796,
            52.333969
          ],
          [
            4.812862,
            52.334
          ],
          [
            4.812923,
            52.334034
          ],
          [
            4.812985,
            52.334065
          ],
          [
            4.813054,
            52.334103
          ],
          [
            4.813123,
            52.334133
          ],
          [
            4.81319,
            52.334164
          ],
          [
            4.813255,
            52.334194
          ],
          [
            4.813314,
            52.334221
          ],
          [
            4.813369,
            52.334251
          ],
          [
            4.813425,
            52.334282
          ],
          [
            4.813481,
            52.334305
          ],
          [
            4.813533,
            52.334331
          ],
          [
            4.813591,
            52.334354
          ],
          [
            4.81365,
            52.334385
          ],
          [
            4.813701,
            52.334415
          ],
          [
            4.813752,
            52.334442
          ],
          [
            4.813815,
            52.334473
          ],
          [
            4.813874,
            52.334503
          ],
          [
            4.81394,
            52.334538
          ],
          [
            4.814,
            52.334568
          ],
          [
            4.814064,
            52.334599
          ],
          [
            4.814128,
            52.334629
          ],
          [
            4.814185,
            52.334656
          ],
          [
            4.814246,
            52.334686
          ],
          [
            4.814297,
            52.334709
          ],
          [
            4.814343,
            52.334732
          ],
          [
            4.81438,
            52.334755
          ],
          [
            4.814399,
            52.334774
          ],
          [
            4.814401,
            52.334801
          ],
          [
            4.814376,
            52.334835
          ],
          [
            4.814333,
            52.334866
          ],
          [
            4.81429,
            52.3349
          ],
          [
            4.814245,
            52.33493
          ],
          [
            4.814214,
            52.334965
          ],
          [
            4.814211,
            52.334999
          ],
          [
            4.81423,
            52.335026
          ],
          [
            4.814276,
            52.335052
          ],
          [
            4.814345,
            52.335064
          ],
          [
            4.814417,
            52.33506
          ],
          [
            4.814491,
            52.33506
          ],
          [
            4.814564,
            52.33506
          ],
          [
            4.814644,
            52.33506
          ],
          [
            4.814725,
            52.335064
          ],
          [
            4.814805,
            52.335068
          ],
          [
            4.814878,
            52.335068
          ],
          [
            4.814959,
            52.335087
          ],
          [
            4.815021,
            52.335117
          ],
          [
            4.815087,
            52.335148
          ],
          [
            4.815147,
            52.335178
          ],
          [
            4.81521,
            52.335213
          ],
          [
            4.81528,
            52.335251
          ],
          [
            4.815343,
            52.335285
          ],
          [
            4.815404,
            52.335312
          ],
          [
            4.815487,
            52.335354
          ],
          [
            4.815556,
            52.335388
          ],
          [
            4.815627,
            52.335422
          ],
          [
            4.815696,
            52.335457
          ],
          [
            4.815767,
            52.335491
          ],
          [
            4.815833,
            52.335525
          ],
          [
            4.8159,
            52.33556
          ],
          [
            4.815971,
            52.335594
          ],
          [
            4.816036,
            52.335625
          ],
          [
            4.816102,
            52.335651
          ],
          [
            4.816183,
            52.335678
          ],
          [
            4.816256,
            52.335701
          ],
          [
            4.816314,
            52.335716
          ],
          [
            4.81642,
            52.335739
          ],
          [
            4.816504,
            52.335758
          ],
          [
            4.816589,
            52.335777
          ],
          [
            4.816674,
            52.335796
          ],
          [
            4.816761,
            52.335819
          ],
          [
            4.816847,
            52.335842
          ],
          [
            4.816937,
            52.335865
          ],
          [
            4.817014,
            52.335884
          ],
          [
            4.817129,
            52.335907
          ],
          [
            4.817227,
            52.335922
          ],
          [
            4.817324,
            52.335937
          ],
          [
            4.81742,
            52.335953
          ],
          [
            4.817495,
            52.335964
          ],
          [
            4.817614,
            52.335976
          ],
          [
            4.817709,
            52.335987
          ],
          [
            4.8178,
            52.335995
          ],
          [
            4.817883,
            52.336014
          ],
          [
            4.817955,
            52.33604
          ],
          [
            4.818018,
            52.336075
          ],
          [
            4.818061,
            52.336113
          ],
          [
            4.818097,
            52.336163
          ],
          [
            4.818127,
            52.336212
          ],
          [
            4.818154,
            52.336262
          ],
          [
            4.818174,
            52.336311
          ],
          [
            4.81818,
            52.336361
          ],
          [
            4.818175,
            52.336391
          ],
          [
            4.818177,
            52.33643
          ],
          [
            4.818154,
            52.336468
          ],
          [
            4.818137,
            52.336506
          ],
          [
            4.818129,
            52.336548
          ],
          [
            4.818117,
            52.336594
          ],
          [
            4.818111,
            52.336632
          ],
          [
            4.818102,
            52.336658
          ],
          [
            4.818082,
            52.33667
          ],
          [
            4.818061,
            52.336678
          ],
          [
            4.818031,
            52.336666
          ],
          [
            4.818019,
            52.336643
          ],
          [
            4.818034,
            52.336628
          ],
          [
            4.818071,
            52.336601
          ],
          [
            4.818115,
            52.336578
          ],
          [
            4.818131,
            52.336552
          ],
          [
            4.818148,
            52.336517
          ],
          [
            4.818166,
            52.336483
          ],
          [
            4.818182,
            52.336452
          ],
          [
            4.818193,
            52.336437
          ],
          [
            4.818198,
            52.336418
          ],
          [
            4.818199,
            52.336391
          ],
          [
            4.818193,
            52.336365
          ],
          [
            4.818186,
            52.336338
          ],
          [
            4.818182,
            52.336308
          ],
          [
            4.818164,
            52.336277
          ],
          [
            4.818141,
            52.336239
          ],
          [
            4.818119,
            52.336205
          ],
          [
            4.818096,
            52.33617
          ],
          [
            4.818079,
            52.336132
          ],
          [
            4.818076,
            52.336101
          ],
          [
            4.818089,
            52.336079
          ],
          [
            4.818132,
            52.336052
          ],
          [
            4.818182,
            52.336033
          ],
          [
            4.818246,
            52.33601
          ],
          [
            4.8183,
            52.335991
          ],
          [
            4.818365,
            52.335979
          ],
          [
            4.818433,
            52.335979
          ],
          [
            4.818504,
            52.335976
          ],
          [
            4.81857,
            52.335972
          ],
          [
            4.818642,
            52.335968
          ],
          [
            4.818682,
            52.335968
          ],
          [
            4.818789,
            52.335964
          ],
          [
            4.818874,
            52.33596
          ],
          [
            4.818937,
            52.33596
          ],
          [
            4.819031,
            52.33596
          ],
          [
            4.819111,
            52.33596
          ],
          [
            4.819194,
            52.335949
          ],
          [
            4.819273,
            52.335937
          ],
          [
            4.819366,
            52.335926
          ],
          [
            4.819452,
            52.335918
          ],
          [
            4.819555,
            52.335911
          ],
          [
            4.819651,
            52.335903
          ],
          [
            4.819746,
            52.335896
          ],
          [
            4.819825,
            52.335888
          ],
          [
            4.819942,
            52.335876
          ],
          [
            4.820038,
            52.335869
          ],
          [
            4.82013,
            52.335861
          ],
          [
            4.820231,
            52.335854
          ],
          [
            4.820314,
            52.33585
          ],
          [
            4.820429,
            52.335838
          ],
          [
            4.820525,
            52.335827
          ],
          [
            4.82062,
            52.335819
          ],
          [
            4.820701,
            52.335812
          ],
          [
            4.82081,
            52.3358
          ],
          [
            4.820903,
            52.335789
          ],
          [
            4.820995,
            52.335781
          ],
          [
            4.821085,
            52.33577
          ],
          [
            4.821181,
            52.335754
          ],
          [
            4.821273,
            52.335739
          ],
          [
            4.821366,
            52.335728
          ],
          [
            4.821451,
            52.335716
          ],
          [
            4.821558,
            52.335693
          ],
          [
            4.821651,
            52.33567
          ],
          [
            4.821746,
            52.335648
          ],
          [
            4.82184,
            52.335629
          ],
          [
            4.821934,
            52.335606
          ],
          [
            4.82203,
            52.335583
          ],
          [
            4.822122,
            52.33556
          ],
          [
            4.822217,
            52.335541
          ],
          [
            4.822309,
            52.335525
          ],
          [
            4.822391,
            52.33551
          ],
          [
            4.822507,
            52.335491
          ],
          [
            4.822606,
            52.335476
          ],
          [
            4.822703,
            52.335468
          ],
          [
            4.822785,
            52.335461
          ],
          [
            4.822902,
            52.335449
          ],
          [
            4.822996,
            52.335442
          ],
          [
            4.823098,
            52.33543
          ],
          [
            4.823199,
            52.335422
          ],
          [
            4.823295,
            52.335419
          ],
          [
            4.823392,
            52.335411
          ],
          [
            4.823492,
            52.335411
          ],
          [
            4.82359,
            52.335407
          ],
          [
            4.823688,
            52.3354
          ],
          [
            4.82376,
            52.3354
          ],
          [
            4.823888,
            52.335392
          ],
          [
            4.82399,
            52.335388
          ],
          [
            4.824089,
            52.335381
          ],
          [
            4.824161,
            52.335381
          ],
          [
            4.824288,
            52.335381
          ],
          [
            4.824385,
            52.335377
          ],
          [
            4.824481,
            52.335373
          ],
          [
            4.824585,
            52.335369
          ],
          [
            4.824659,
            52.335365
          ],
          [
            4.824788,
            52.335358
          ],
          [
            4.824889,
            52.335354
          ],
          [
            4.824986,
            52.335346
          ],
          [
            4.825083,
            52.335342
          ],
          [
            4.825151,
            52.335339
          ],
          [
            4.825283,
            52.335331
          ],
          [
            4.825385,
            52.335323
          ],
          [
            4.825484,
            52.33532
          ],
          [
            4.825561,
            52.33532
          ],
          [
            4.825686,
            52.335312
          ],
          [
            4.825784,
            52.335316
          ],
          [
            4.825885,
            52.33532
          ],
          [
            4.825986,
            52.33532
          ],
          [
            4.826063,
            52.33532
          ],
          [
            4.826187,
            52.335323
          ],
          [
            4.826286,
            52.335323
          ],
          [
            4.826385,
            52.335327
          ],
          [
            4.826483,
            52.335327
          ],
          [
            4.826564,
            52.335331
          ],
          [
            4.826687,
            52.335335
          ],
          [
            4.826788,
            52.335335
          ],
          [
            4.826888,
            52.335339
          ],
          [
            4.826985,
            52.335342
          ],
          [
            4.827078,
            52.33535
          ],
          [
            4.827183,
            52.335361
          ],
          [
            4.827283,
            52.335373
          ],
          [
            4.827377,
            52.335384
          ],
          [
            4.827468,
            52.335403
          ],
          [
            4.827564,
            52.335426
          ],
          [
            4.827648,
            52.335445
          ],
          [
            4.827728,
            52.335476
          ],
          [
            4.827879,
            52.335548
          ],
          [
            4.827944,
            52.335583
          ],
          [
            4.828018,
            52.335621
          ],
          [
            4.828079,
            52.335655
          ],
          [
            4.82812,
            52.335693
          ],
          [
            4.828155,
            52.335739
          ],
          [
            4.828183,
            52.335789
          ],
          [
            4.828218,
            52.335835
          ],
          [
            4.828257,
            52.33588
          ],
          [
            4.828313,
            52.335926
          ],
          [
            4.828376,
            52.335964
          ],
          [
            4.828443,
            52.336006
          ],
          [
            4.82852,
            52.336037
          ],
          [
            4.828603,
            52.336063
          ],
          [
            4.828691,
            52.336086
          ],
          [
            4.828783,
            52.336105
          ],
          [
            4.828875,
            52.336128
          ],
          [
            4.829024,
            52.336174
          ],
          [
            4.829093,
            52.336193
          ],
          [
            4.829183,
            52.336216
          ],
          [
            4.82925,
            52.336235
          ],
          [
            4.829333,
            52.336258
          ],
          [
            4.829431,
            52.336285
          ],
          [
            4.829531,
            52.336311
          ],
          [
            4.829636,
            52.336338
          ],
          [
            4.829731,
            52.336361
          ],
          [
            4.82985,
            52.336391
          ],
          [
            4.829966,
            52.336418
          ],
          [
            4.830062,
            52.336437
          ],
          [
            4.830153,
            52.33646
          ],
          [
            4.830229,
            52.336479
          ],
          [
            4.830337,
            52.336506
          ],
          [
            4.830428,
            52.336533
          ],
          [
            4.830527,
            52.336544
          ],
          [
            4.830699,
            52.336586
          ],
          [
            4.830776,
            52.336605
          ],
          [
            4.830856,
            52.336628
          ],
          [
            4.83092,
            52.336643
          ],
          [
            4.831014,
            52.336662
          ],
          [
            4.8311,
            52.336655
          ],
          [
            4.831189,
            52.336601
          ],
          [
            4.831303,
            52.336521
          ],
          [
            4.831362,
            52.336491
          ],
          [
            4.831431,
            52.33646
          ],
          [
            4.831499,
            52.336433
          ],
          [
            4.831564,
            52.336403
          ],
          [
            4.831637,
            52.336369
          ],
          [
            4.831698,
            52.336342
          ],
          [
            4.831757,
            52.336308
          ],
          [
            4.83186,
            52.336235
          ],
          [
            4.831902,
            52.336197
          ],
          [
            4.831955,
            52.336117
          ],
          [
            4.831966,
            52.336075
          ],
          [
            4.831977,
            52.335999
          ],
          [
            4.831978,
            52.335964
          ],
          [
            4.831977,
            52.335926
          ],
          [
            4.831977,
            52.335888
          ],
          [
            4.831974,
            52.335865
          ],
          [
            4.831974,
            52.335865
          ],
          [
            4.831974,
            52.335865
          ],
          [
            4.831974,
            52.335865
          ],
          [
            4.831974,
            52.335865
          ],
          [
            4.831984,
            52.335804
          ],
          [
            4.831994,
            52.335781
          ],
          [
            4.832004,
            52.335743
          ],
          [
            4.832005,
            52.335701
          ],
          [
            4.832003,
            52.335655
          ],
          [
            4.832003,
            52.335606
          ],
          [
            4.832008,
            52.33556
          ],
          [
            4.832013,
            52.335503
          ],
          [
            4.832016,
            52.335449
          ],
          [
            4.832017,
            52.335392
          ],
          [
            4.832021,
            52.335331
          ],
          [
            4.832032,
            52.33527
          ],
          [
            4.83204,
            52.335209
          ],
          [
            4.832046,
            52.335148
          ],
          [
            4.832053,
            52.335087
          ],
          [
            4.832052,
            52.334965
          ],
          [
            4.832049,
            52.334904
          ],
          [
            4.83205,
            52.334843
          ],
          [
            4.832054,
            52.334785
          ],
          [
            4.832059,
            52.334728
          ],
          [
            4.832069,
            52.334663
          ],
          [
            4.832073,
            52.334538
          ],
          [
            4.832073,
            52.33448
          ],
          [
            4.832083,
            52.334419
          ],
          [
            4.83209,
            52.334358
          ],
          [
            4.832088,
            52.334236
          ],
          [
            4.832089,
            52.334175
          ],
          [
            4.832094,
            52.334114
          ],
          [
            4.832099,
            52.334053
          ],
          [
            4.832109,
            52.333935
          ],
          [
            4.832109,
            52.333878
          ],
          [
            4.832111,
            52.333813
          ],
          [
            4.832113,
            52.333683
          ],
          [
            4.832113,
            52.333622
          ],
          [
            4.832114,
            52.333504
          ],
          [
            4.832115,
            52.333435
          ],
          [
            4.832125,
            52.333313
          ],
          [
            4.832131,
            52.333252
          ],
          [
            4.832132,
            52.333191
          ],
          [
            4.832135,
            52.333134
          ],
          [
            4.832136,
            52.333073
          ],
          [
            4.83214,
            52.333012
          ],
          [
            4.832146,
            52.332886
          ],
          [
            4.832147,
            52.332825
          ],
          [
            4.83216,
            52.332703
          ],
          [
            4.832166,
            52.332642
          ],
          [
            4.832187,
            52.332581
          ],
          [
            4.832282,
            52.332493
          ],
          [
            4.832373,
            52.332451
          ],
          [
            4.832435,
            52.332436
          ],
          [
            4.832517,
            52.332413
          ],
          [
            4.832627,
            52.332382
          ],
          [
            4.832725,
            52.332356
          ],
          [
            4.832809,
            52.332317
          ],
          [
            4.832902,
            52.332302
          ],
          [
            4.832993,
            52.332279
          ],
          [
            4.833174,
            52.332237
          ],
          [
            4.833265,
            52.332214
          ],
          [
            4.833349,
            52.332195
          ],
          [
            4.833436,
            52.33218
          ],
          [
            4.83349,
            52.332176
          ],
          [
            4.833699,
            52.332176
          ],
          [
            4.833787,
            52.332176
          ],
          [
            4.833952,
            52.332195
          ],
          [
            4.834157,
            52.332222
          ],
          [
            4.834249,
            52.332237
          ],
          [
            4.834341,
            52.332256
          ],
          [
            4.834433,
            52.332275
          ],
          [
            4.83462,
            52.332314
          ],
          [
            4.834712,
            52.332333
          ],
          [
            4.834817,
            52.332352
          ],
          [
            4.835002,
            52.332386
          ],
          [
            4.835106,
            52.332394
          ],
          [
            4.835202,
            52.332409
          ],
          [
            4.835298,
            52.332428
          ],
          [
            4.835493,
            52.332458
          ],
          [
            4.83568,
            52.3325
          ],
          [
            4.835775,
            52.332523
          ],
          [
            4.835955,
            52.332565
          ],
          [
            4.836042,
            52.332592
          ],
          [
            4.83622,
            52.332642
          ],
          [
            4.836319,
            52.332664
          ],
          [
            4.836407,
            52.332691
          ],
          [
            4.836499,
            52.332722
          ],
          [
            4.836595,
            52.332745
          ],
          [
            4.836782,
            52.332798
          ],
          [
            4.836874,
            52.332821
          ],
          [
            4.836962,
            52.332844
          ],
          [
            4.837054,
            52.332874
          ],
          [
            4.837233,
            52.332935
          ],
          [
            4.837324,
            52.332962
          ],
          [
            4.837414,
            52.332989
          ],
          [
            4.837502,
            52.333015
          ],
          [
            4.837591,
            52.333042
          ],
          [
            4.837689,
            52.333069
          ],
          [
            4.837773,
            52.333103
          ],
          [
            4.837857,
            52.333134
          ],
          [
            4.838029,
            52.333191
          ],
          [
            4.838132,
            52.333221
          ],
          [
            4.838223,
            52.333244
          ],
          [
            4.838412,
            52.333282
          ],
          [
            4.838498,
            52.333302
          ],
          [
            4.838601,
            52.333324
          ],
          [
            4.838691,
            52.333347
          ],
          [
            4.838864,
            52.333393
          ],
          [
            4.838953,
            52.333412
          ],
          [
            4.839115,
            52.333466
          ],
          [
            4.839201,
            52.333492
          ],
          [
            4.839291,
            52.333519
          ],
          [
            4.839376,
            52.33355
          ],
          [
            4.839468,
            52.333572
          ],
          [
            4.839644,
            52.33363
          ],
          [
            4.839819,
            52.333687
          ],
          [
            4.839904,
            52.333717
          ],
          [
            4.839996,
            52.333744
          ],
          [
            4.840085,
            52.333775
          ],
          [
            4.840267,
            52.333828
          ],
          [
            4.840353,
            52.333855
          ],
          [
            4.84044,
            52.333885
          ],
          [
            4.840607,
            52.333942
          ],
          [
            4.840696,
            52.333969
          ],
          [
            4.840785,
            52.334
          ],
          [
            4.840873,
            52.33403
          ],
          [
            4.840958,
            52.334061
          ],
          [
            4.84104,
            52.334091
          ],
          [
            4.841127,
            52.334118
          ],
          [
            4.841214,
            52.334141
          ],
          [
            4.841302,
            52.33416
          ],
          [
            4.841397,
            52.334171
          ],
          [
            4.841479,
            52.334179
          ],
          [
            4.841591,
            52.334187
          ],
          [
            4.841687,
            52.334187
          ],
          [
            4.841786,
            52.33419
          ],
          [
            4.841881,
            52.334194
          ],
          [
            4.842082,
            52.334198
          ],
          [
            4.84218,
            52.334206
          ],
          [
            4.84227,
            52.334225
          ],
          [
            4.842352,
            52.334255
          ],
          [
            4.842432,
            52.334286
          ],
          [
            4.842498,
            52.334324
          ],
          [
            4.842564,
            52.334362
          ],
          [
            4.842683,
            52.334446
          ],
          [
            4.842741,
            52.334488
          ],
          [
            4.842797,
            52.334526
          ],
          [
            4.84286,
            52.334568
          ],
          [
            4.842979,
            52.334641
          ],
          [
            4.843044,
            52.334679
          ],
          [
            4.843108,
            52.334721
          ],
          [
            4.84325,
            52.334805
          ],
          [
            4.843322,
            52.334846
          ],
          [
            4.843387,
            52.334888
          ],
          [
            4.843451,
            52.334934
          ],
          [
            4.843583,
            52.335018
          ],
          [
            4.843652,
            52.335064
          ],
          [
            4.843788,
            52.335152
          ],
          [
            4.843856,
            52.335194
          ],
          [
            4.843991,
            52.335278
          ],
          [
            4.844056,
            52.33532
          ],
          [
            4.844181,
            52.335407
          ],
          [
            4.844241,
            52.335449
          ],
          [
            4.844306,
            52.335491
          ],
          [
            4.844433,
            52.335571
          ],
          [
            4.844493,
            52.335613
          ],
          [
            4.844556,
            52.335655
          ],
          [
            4.84462,
            52.335693
          ],
          [
            4.844753,
            52.335781
          ],
          [
            4.844829,
            52.335819
          ],
          [
            4.844907,
            52.335854
          ],
          [
            4.84498,
            52.335892
          ],
          [
            4.845056,
            52.33593
          ],
          [
            4.845133,
            52.335972
          ],
          [
            4.845212,
            52.336014
          ],
          [
            4.845286,
            52.336056
          ],
          [
            4.845426,
            52.336143
          ],
          [
            4.845495,
            52.336185
          ],
          [
            4.845644,
            52.336277
          ],
          [
            4.845715,
            52.336319
          ],
          [
            4.845787,
            52.336361
          ],
          [
            4.84586,
            52.336403
          ],
          [
            4.845939,
            52.336445
          ],
          [
            4.846087,
            52.336529
          ],
          [
            4.846159,
            52.336575
          ],
          [
            4.846233,
            52.336616
          ],
          [
            4.846303,
            52.336658
          ],
          [
            4.846426,
            52.336758
          ],
          [
            4.846469,
            52.336807
          ],
          [
            4.846498,
            52.336864
          ],
          [
            4.846519,
            52.336967
          ],
          [
            4.846515,
            52.337021
          ],
          [
            4.846518,
            52.337086
          ],
          [
            4.846509,
            52.337128
          ],
          [
            4.846497,
            52.337238
          ],
          [
            4.846479,
            52.337318
          ],
          [
            4.846472,
            52.337387
          ],
          [
            4.846458,
            52.337456
          ],
          [
            4.846448,
            52.337517
          ],
          [
            4.84644,
            52.337574
          ],
          [
            4.846439,
            52.33762
          ],
          [
            4.846427,
            52.337681
          ],
          [
            4.846411,
            52.337791
          ],
          [
            4.846381,
            52.33786
          ],
          [
            4.846361,
            52.337971
          ],
          [
            4.846357,
            52.33802
          ],
          [
            4.846357,
            52.338074
          ],
          [
            4.846333,
            52.338139
          ],
          [
            4.846341,
            52.338192
          ],
          [
            4.846334,
            52.33823
          ],
          [
            4.846328,
            52.338375
          ],
          [
            4.846324,
            52.33844
          ],
          [
            4.846309,
            52.338497
          ],
          [
            4.846296,
            52.338558
          ],
          [
            4.846267,
            52.338676
          ],
          [
            4.846263,
            52.338734
          ],
          [
            4.846255,
            52.338795
          ],
          [
            4.84625,
            52.338856
          ],
          [
            4.846241,
            52.338917
          ],
          [
            4.846224,
            52.339031
          ],
          [
            4.846222,
            52.339085
          ],
          [
            4.84622,
            52.339142
          ],
          [
            4.846213,
            52.339188
          ],
          [
            4.846199,
            52.339249
          ],
          [
            4.846219,
            52.339294
          ],
          [
            4.846219,
            52.339294
          ],
          [
            4.846219,
            52.339294
          ],
          [
            4.846219,
            52.339294
          ],
          [
            4.846219,
            52.339294
          ],
          [
            4.846275,
            52.339348
          ],
          [
            4.846277,
            52.339352
          ],
          [
            4.846277,
            52.339352
          ],
          [
            4.846308,
            52.339375
          ],
          [
            4.846314,
            52.339378
          ],
          [
            4.846353,
            52.339382
          ],
          [
            4.846353,
            52.339382
          ],
          [
            4.846386,
            52.33939
          ],
          [
            4.846386,
            52.33939
          ],
          [
            4.846425,
            52.339394
          ],
          [
            4.846425,
            52.339394
          ],
          [
            4.846476,
            52.339394
          ],
          [
            4.846476,
            52.339394
          ],
          [
            4.846497,
            52.339394
          ],
          [
            4.846497,
            52.339394
          ],
          [
            4.846541,
            52.339397
          ],
          [
            4.846541,
            52.339397
          ],
          [
            4.84658,
            52.339401
          ],
          [
            4.846597,
            52.339401
          ],
          [
            4.846617,
            52.339401
          ],
          [
            4.846641,
            52.339401
          ],
          [
            4.846641,
            52.339401
          ],
          [
            4.846783,
            52.339405
          ],
          [
            4.846797,
            52.339405
          ],
          [
            4.846851,
            52.339409
          ],
          [
            4.846851,
            52.339409
          ],
          [
            4.84693,
            52.339409
          ],
          [
            4.84695,
            52.339405
          ],
          [
            4.846974,
            52.339397
          ],
          [
            4.847024,
            52.339363
          ],
          [
            4.847054,
            52.33934
          ],
          [
            4.847101,
            52.339329
          ],
          [
            4.847153,
            52.339325
          ],
          [
            4.847209,
            52.339329
          ],
          [
            4.847272,
            52.33934
          ],
          [
            4.847333,
            52.339352
          ],
          [
            4.847407,
            52.339405
          ],
          [
            4.847421,
            52.339439
          ],
          [
            4.847428,
            52.339478
          ],
          [
            4.847429,
            52.339516
          ],
          [
            4.847428,
            52.339561
          ],
          [
            4.847429,
            52.339607
          ],
          [
            4.847432,
            52.339653
          ],
          [
            4.847434,
            52.339691
          ],
          [
            4.847437,
            52.339733
          ],
          [
            4.847435,
            52.339771
          ],
          [
            4.847433,
            52.339813
          ],
          [
            4.847433,
            52.339851
          ],
          [
            4.847437,
            52.339886
          ],
          [
            4.84744,
            52.33992
          ],
          [
            4.847447,
            52.339958
          ],
          [
            4.847453,
            52.339989
          ],
          [
            4.847456,
            52.340023
          ],
          [
            4.84746,
            52.340057
          ],
          [
            4.847458,
            52.340096
          ],
          [
            4.84746,
            52.34013
          ],
          [
            4.847465,
            52.340168
          ],
          [
            4.847468,
            52.340202
          ],
          [
            4.847473,
            52.340233
          ],
          [
            4.847476,
            52.340263
          ],
          [
            4.847494,
            52.340298
          ],
          [
            4.847556,
            52.340347
          ],
          [
            4.847665,
            52.34037
          ],
          [
            4.847796,
            52.340385
          ],
          [
            4.847867,
            52.340385
          ],
          [
            4.84794,
            52.340393
          ],
          [
            4.848011,
            52.340397
          ],
          [
            4.848149,
            52.340405
          ],
          [
            4.848224,
            52.340405
          ],
          [
            4.848301,
            52.340412
          ],
          [
            4.848374,
            52.340412
          ],
          [
            4.84845,
            52.340412
          ],
          [
            4.848583,
            52.340405
          ],
          [
            4.848646,
            52.340405
          ],
          [
            4.848706,
            52.340416
          ],
          [
            4.848755,
            52.340427
          ],
          [
            4.848802,
            52.340435
          ],
          [
            4.848887,
            52.340458
          ],
          [
            4.848994,
            52.340485
          ],
          [
            4.849053,
            52.340496
          ],
          [
            4.849106,
            52.340508
          ],
          [
            4.849161,
            52.340519
          ],
          [
            4.849213,
            52.34053
          ],
          [
            4.84927,
            52.340542
          ],
          [
            4.849333,
            52.340557
          ],
          [
            4.849395,
            52.340572
          ],
          [
            4.849458,
            52.340588
          ],
          [
            4.849516,
            52.340599
          ],
          [
            4.849576,
            52.340611
          ],
          [
            4.849631,
            52.340618
          ],
          [
            4.84975,
            52.34063
          ],
          [
            4.849878,
            52.340649
          ],
          [
            4.849932,
            52.340656
          ],
          [
            4.849992,
            52.340664
          ],
          [
            4.850049,
            52.340672
          ],
          [
            4.850164,
            52.340691
          ],
          [
            4.850221,
            52.340698
          ],
          [
            4.850278,
            52.34071
          ],
          [
            4.85039,
            52.340721
          ],
          [
            4.850449,
            52.340725
          ],
          [
            4.850558,
            52.34074
          ],
          [
            4.850618,
            52.340748
          ],
          [
            4.850676,
            52.340752
          ],
          [
            4.850803,
            52.340771
          ],
          [
            4.850866,
            52.340775
          ],
          [
            4.850931,
            52.340782
          ],
          [
            4.851001,
            52.34079
          ],
          [
            4.85114,
            52.340809
          ],
          [
            4.851275,
            52.340828
          ],
          [
            4.85134,
            52.340839
          ],
          [
            4.851497,
            52.340862
          ],
          [
            4.851596,
            52.340878
          ],
          [
            4.851672,
            52.340885
          ],
          [
            4.851892,
            52.340916
          ],
          [
            4.851981,
            52.340927
          ],
          [
            4.852066,
            52.340939
          ],
          [
            4.852142,
            52.340954
          ],
          [
            4.85221,
            52.340965
          ],
          [
            4.852283,
            52.340977
          ],
          [
            4.852351,
            52.340984
          ],
          [
            4.852397,
            52.340992
          ],
          [
            4.852511,
            52.341003
          ],
          [
            4.852586,
            52.341011
          ],
          [
            4.852612,
            52.341011
          ],
          [
            4.852746,
            52.341026
          ],
          [
            4.852901,
            52.341049
          ],
          [
            4.852981,
            52.341061
          ],
          [
            4.853072,
            52.341072
          ],
          [
            4.853074,
            52.341072
          ],
          [
            4.853276,
            52.341099
          ],
          [
            4.853297,
            52.341103
          ],
          [
            4.853416,
            52.341118
          ],
          [
            4.853417,
            52.341118
          ],
          [
            4.853655,
            52.341118
          ],
          [
            4.853724,
            52.341122
          ],
          [
            4.853779,
            52.341133
          ],
          [
            4.853838,
            52.341152
          ],
          [
            4.853903,
            52.341175
          ],
          [
            4.854018,
            52.341194
          ],
          [
            4.85409,
            52.341206
          ],
          [
            4.854167,
            52.341217
          ],
          [
            4.854301,
            52.341232
          ],
          [
            4.854376,
            52.341244
          ],
          [
            4.854533,
            52.341255
          ],
          [
            4.85461,
            52.341259
          ],
          [
            4.854683,
            52.341263
          ],
          [
            4.854753,
            52.341267
          ],
          [
            4.854812,
            52.341267
          ],
          [
            4.854936,
            52.341263
          ],
          [
            4.855045,
            52.341259
          ],
          [
            4.855089,
            52.341259
          ],
          [
            4.855187,
            52.341251
          ],
          [
            4.855261,
            52.341248
          ],
          [
            4.855396,
            52.341232
          ],
          [
            4.855454,
            52.341228
          ],
          [
            4.855619,
            52.341213
          ],
          [
            4.855698,
            52.341209
          ],
          [
            4.855782,
            52.341202
          ],
          [
            4.855859,
            52.341202
          ],
          [
            4.855945,
            52.341198
          ],
          [
            4.856028,
            52.341194
          ],
          [
            4.856189,
            52.341187
          ],
          [
            4.856322,
            52.341171
          ],
          [
            4.856417,
            52.341164
          ],
          [
            4.856614,
            52.341137
          ],
          [
            4.856805,
            52.341118
          ],
          [
            4.856906,
            52.341118
          ],
          [
            4.856995,
            52.34111
          ],
          [
            4.857082,
            52.341099
          ],
          [
            4.857172,
            52.341099
          ],
          [
            4.857255,
            52.341087
          ],
          [
            4.85731,
            52.341072
          ],
          [
            4.857479,
            52.341038
          ],
          [
            4.857628,
            52.34103
          ],
          [
            4.857704,
            52.341023
          ],
          [
            4.857781,
            52.341019
          ],
          [
            4.857856,
            52.341011
          ],
          [
            4.857872,
            52.341011
          ],
          [
            4.858091,
            52.341007
          ],
          [
            4.858177,
            52.341011
          ],
          [
            4.858261,
            52.341011
          ],
          [
            4.858438,
            52.341007
          ],
          [
            4.85853,
            52.341003
          ],
          [
            4.858607,
            52.341
          ],
          [
            4.858714,
            52.340992
          ],
          [
            4.8589,
            52.340973
          ],
          [
            4.858989,
            52.340969
          ],
          [
            4.859173,
            52.340958
          ],
          [
            4.859267,
            52.340958
          ],
          [
            4.85936,
            52.340958
          ],
          [
            4.859459,
            52.340958
          ],
          [
            4.85965,
            52.340958
          ],
          [
            4.859757,
            52.340954
          ],
          [
            4.859808,
            52.340958
          ],
          [
            4.859989,
            52.340965
          ],
          [
            4.860155,
            52.340977
          ],
          [
            4.860258,
            52.340981
          ],
          [
            4.860344,
            52.340988
          ],
          [
            4.860456,
            52.340996
          ],
          [
            4.860659,
            52.341011
          ],
          [
            4.86076,
            52.341015
          ],
          [
            4.86083,
            52.341019
          ],
          [
            4.860964,
            52.34103
          ],
          [
            4.861063,
            52.341038
          ],
          [
            4.861261,
            52.341049
          ],
          [
            4.861349,
            52.341053
          ],
          [
            4.861457,
            52.341061
          ],
          [
            4.861555,
            52.341068
          ],
          [
            4.861659,
            52.341076
          ],
          [
            4.861818,
            52.341087
          ],
          [
            4.862061,
            52.341099
          ],
          [
            4.862159,
            52.341106
          ],
          [
            4.862228,
            52.341114
          ],
          [
            4.862459,
            52.341129
          ],
          [
            4.862557,
            52.341133
          ],
          [
            4.862661,
            52.341137
          ],
          [
            4.862735,
            52.341145
          ],
          [
            4.862862,
            52.341152
          ],
          [
            4.863058,
            52.341167
          ],
          [
            4.863151,
            52.341175
          ],
          [
            4.863249,
            52.341179
          ],
          [
            4.86344,
            52.34119
          ],
          [
            4.863537,
            52.341198
          ],
          [
            4.863616,
            52.341202
          ],
          [
            4.863729,
            52.341209
          ],
          [
            4.863918,
            52.341217
          ],
          [
            4.864008,
            52.341221
          ],
          [
            4.864193,
            52.34124
          ],
          [
            4.864288,
            52.341244
          ],
          [
            4.864338,
            52.341248
          ],
          [
            4.864553,
            52.341263
          ],
          [
            4.864715,
            52.34127
          ],
          [
            4.86481,
            52.341274
          ],
          [
            4.86498,
            52.341282
          ],
          [
            4.865064,
            52.341301
          ],
          [
            4.865137,
            52.34132
          ],
          [
            4.865208,
            52.341347
          ],
          [
            4.865281,
            52.341373
          ],
          [
            4.865353,
            52.341396
          ],
          [
            4.865366,
            52.341396
          ],
          [
            4.865517,
            52.341412
          ],
          [
            4.865612,
            52.341419
          ],
          [
            4.865706,
            52.341423
          ],
          [
            4.865802,
            52.341427
          ],
          [
            4.865895,
            52.341431
          ],
          [
            4.865999,
            52.341434
          ],
          [
            4.866091,
            52.341434
          ],
          [
            4.866181,
            52.341438
          ],
          [
            4.866368,
            52.341446
          ],
          [
            4.866471,
            52.341454
          ],
          [
            4.866563,
            52.341457
          ],
          [
            4.866602,
            52.341457
          ],
          [
            4.866744,
            52.341465
          ],
          [
            4.86685,
            52.341469
          ],
          [
            4.866945,
            52.341473
          ],
          [
            4.867045,
            52.341476
          ],
          [
            4.867104,
            52.34148
          ],
          [
            4.867243,
            52.341488
          ],
          [
            4.867563,
            52.341499
          ],
          [
            4.867664,
            52.341503
          ],
          [
            4.867732,
            52.341507
          ],
          [
            4.867793,
            52.341507
          ],
          [
            4.867885,
            52.341511
          ],
          [
            4.86795,
            52.341515
          ],
          [
            4.868068,
            52.341534
          ],
          [
            4.868115,
            52.341553
          ],
          [
            4.868142,
            52.341572
          ],
          [
            4.868158,
            52.341595
          ],
          [
            4.868172,
            52.341625
          ],
          [
            4.868174,
            52.341656
          ],
          [
            4.868186,
            52.341679
          ],
          [
            4.868205,
            52.341705
          ],
          [
            4.868241,
            52.341724
          ],
          [
            4.868262,
            52.341732
          ],
          [
            4.868361,
            52.341751
          ],
          [
            4.868406,
            52.34177
          ],
          [
            4.868435,
            52.341782
          ],
          [
            4.868435,
            52.341782
          ],
          [
            4.868471,
            52.34182
          ],
          [
            4.868488,
            52.341839
          ],
          [
            4.868495,
            52.34185
          ],
          [
            4.868505,
            52.341862
          ],
          [
            4.868518,
            52.341915
          ],
          [
            4.868518,
            52.341946
          ],
          [
            4.868514,
            52.342037
          ],
          [
            4.86851,
            52.342079
          ],
          [
            4.868504,
            52.342129
          ],
          [
            4.868493,
            52.342243
          ],
          [
            4.868484,
            52.342339
          ],
          [
            4.868478,
            52.342392
          ],
          [
            4.868468,
            52.342503
          ],
          [
            4.868462,
            52.34256
          ],
          [
            4.86845,
            52.342674
          ],
          [
            4.868441,
            52.342731
          ],
          [
            4.868438,
            52.342789
          ],
          [
            4.868432,
            52.34285
          ],
          [
            4.868418,
            52.34296
          ],
          [
            4.868407,
            52.343021
          ],
          [
            4.868405,
            52.343067
          ],
          [
            4.868392,
            52.343113
          ],
          [
            4.86839,
            52.34317
          ],
          [
            4.868381,
            52.343243
          ],
          [
            4.868369,
            52.343395
          ],
          [
            4.86836,
            52.34346
          ],
          [
            4.868319,
            52.343582
          ],
          [
            4.868288,
            52.343643
          ],
          [
            4.868245,
            52.3437
          ],
          [
            4.868206,
            52.343758
          ],
          [
            4.86817,
            52.343815
          ],
          [
            4.868125,
            52.343918
          ],
          [
            4.868104,
            52.343967
          ],
          [
            4.868084,
            52.344021
          ],
          [
            4.868063,
            52.344078
          ],
          [
            4.868045,
            52.344135
          ],
          [
            4.86802,
            52.344189
          ],
          [
            4.868001,
            52.34425
          ],
          [
            4.867982,
            52.344311
          ],
          [
            4.867957,
            52.34444
          ],
          [
            4.867945,
            52.344505
          ],
          [
            4.86792,
            52.34457
          ],
          [
            4.867891,
            52.344639
          ],
          [
            4.867869,
            52.344708
          ],
          [
            4.867832,
            52.344772
          ],
          [
            4.8678,
            52.344837
          ],
          [
            4.867741,
            52.344971
          ],
          [
            4.867717,
            52.345039
          ],
          [
            4.867663,
            52.345169
          ],
          [
            4.867622,
            52.345291
          ],
          [
            4.86757,
            52.345409
          ],
          [
            4.867535,
            52.345486
          ],
          [
            4.867517,
            52.345531
          ],
          [
            4.867496,
            52.345585
          ],
          [
            4.867476,
            52.345634
          ],
          [
            4.867458,
            52.345688
          ],
          [
            4.867436,
            52.345737
          ],
          [
            4.867416,
            52.345799
          ],
          [
            4.867378,
            52.345905
          ],
          [
            4.867358,
            52.345959
          ],
          [
            4.867341,
            52.346008
          ],
          [
            4.867324,
            52.346058
          ],
          [
            4.867304,
            52.346107
          ],
          [
            4.867293,
            52.346207
          ],
          [
            4.867336,
            52.346272
          ],
          [
            4.867409,
            52.346294
          ],
          [
            4.867477,
            52.34631
          ],
          [
            4.86755,
            52.346321
          ],
          [
            4.867686,
            52.34634
          ],
          [
            4.867842,
            52.346355
          ],
          [
            4.867911,
            52.346367
          ],
          [
            4.867986,
            52.346378
          ],
          [
            4.868061,
            52.34639
          ],
          [
            4.868125,
            52.346397
          ],
          [
            4.868196,
            52.346409
          ],
          [
            4.868268,
            52.34642
          ],
          [
            4.868336,
            52.346428
          ],
          [
            4.868403,
            52.346439
          ],
          [
            4.868461,
            52.346447
          ],
          [
            4.86851,
            52.346455
          ],
          [
            4.86851,
            52.346455
          ],
          [
            4.86851,
            52.346455
          ],
          [
            4.86851,
            52.346455
          ],
          [
            4.868634,
            52.346485
          ],
          [
            4.868654,
            52.346493
          ],
          [
            4.868676,
            52.3465
          ],
          [
            4.868702,
            52.346512
          ],
          [
            4.86875,
            52.346519
          ],
          [
            4.868809,
            52.346527
          ],
          [
            4.868877,
            52.346535
          ],
          [
            4.868947,
            52.346542
          ],
          [
            4.869021,
            52.34655
          ],
          [
            4.869102,
            52.346558
          ],
          [
            4.869182,
            52.346561
          ],
          [
            4.869269,
            52.346565
          ],
          [
            4.869306,
            52.346565
          ],
          [
            4.869442,
            52.346573
          ],
          [
            4.869545,
            52.346577
          ],
          [
            4.869637,
            52.34658
          ],
          [
            4.869731,
            52.34658
          ],
          [
            4.869803,
            52.346584
          ],
          [
            4.869918,
            52.346592
          ],
          [
            4.870018,
            52.346596
          ],
          [
            4.870113,
            52.3466
          ],
          [
            4.870208,
            52.346603
          ],
          [
            4.870259,
            52.346603
          ],
          [
            4.870395,
            52.346611
          ],
          [
            4.870605,
            52.346619
          ],
          [
            4.870665,
            52.346622
          ],
          [
            4.870805,
            52.346626
          ],
          [
            4.870909,
            52.346626
          ],
          [
            4.871015,
            52.346626
          ],
          [
            4.87118,
            52.346622
          ],
          [
            4.871313,
            52.346622
          ],
          [
            4.871414,
            52.346626
          ],
          [
            4.871519,
            52.346626
          ],
          [
            4.871609,
            52.34663
          ],
          [
            4.871682,
            52.346634
          ],
          [
            4.87182,
            52.346642
          ],
          [
            4.871922,
            52.346645
          ],
          [
            4.872025,
            52.346653
          ],
          [
            4.872107,
            52.346657
          ],
          [
            4.872168,
            52.346661
          ],
          [
            4.872324,
            52.346672
          ],
          [
            4.872412,
            52.34668
          ],
          [
            4.872508,
            52.346683
          ],
          [
            4.87264,
            52.346691
          ],
          [
            4.872743,
            52.346695
          ],
          [
            4.872814,
            52.346695
          ],
          [
            4.872952,
            52.346699
          ],
          [
            4.873042,
            52.346703
          ],
          [
            4.873143,
            52.346706
          ],
          [
            4.873267,
            52.34671
          ],
          [
            4.873374,
            52.346714
          ],
          [
            4.873418,
            52.346714
          ],
          [
            4.873539,
            52.346725
          ],
          [
            4.87363,
            52.346733
          ],
          [
            4.873716,
            52.346741
          ],
          [
            4.873803,
            52.346748
          ],
          [
            4.873834,
            52.346752
          ],
          [
            4.873964,
            52.34676
          ],
          [
            4.874065,
            52.346764
          ],
          [
            4.874173,
            52.346771
          ],
          [
            4.874274,
            52.346775
          ],
          [
            4.87432,
            52.346775
          ],
          [
            4.874454,
            52.346783
          ],
          [
            4.874566,
            52.346786
          ],
          [
            4.874671,
            52.34679
          ],
          [
            4.874772,
            52.346798
          ],
          [
            4.874807,
            52.346802
          ],
          [
            4.87495,
            52.346802
          ],
          [
            4.875067,
            52.346806
          ],
          [
            4.875175,
            52.346806
          ],
          [
            4.875258,
            52.346806
          ],
          [
            4.875374,
            52.346806
          ],
          [
            4.875471,
            52.346806
          ],
          [
            4.875573,
            52.346806
          ],
          [
            4.875679,
            52.346802
          ],
          [
            4.875729,
            52.346802
          ],
          [
            4.875867,
            52.346802
          ],
          [
            4.875964,
            52.346802
          ],
          [
            4.876077,
            52.346806
          ],
          [
            4.876176,
            52.346806
          ],
          [
            4.876264,
            52.346806
          ],
          [
            4.876334,
            52.346809
          ],
          [
            4.876403,
            52.346813
          ],
          [
            4.876458,
            52.346813
          ],
          [
            4.876538,
            52.346813
          ],
          [
            4.876538,
            52.346813
          ],
          [
            4.876625,
            52.346802
          ],
          [
            4.876654,
            52.346794
          ],
          [
            4.876654,
            52.346794
          ],
          [
            4.876654,
            52.346794
          ],
          [
            4.876654,
            52.346794
          ],
          [
            4.876654,
            52.346794
          ],
          [
            4.876654,
            52.346794
          ],
          [
            4.876738,
            52.346771
          ],
          [
            4.876752,
            52.346764
          ],
          [
            4.876761,
            52.346764
          ],
          [
            4.876779,
            52.346764
          ],
          [
            4.876772,
            52.346764
          ],
          [
            4.876838,
            52.346771
          ],
          [
            4.876884,
            52.346775
          ],
          [
            4.876903,
            52.346779
          ],
          [
            4.877006,
            52.346794
          ],
          [
            4.877083,
            52.346806
          ],
          [
            4.877148,
            52.346817
          ],
          [
            4.877212,
            52.346817
          ],
          [
            4.877304,
            52.346825
          ],
          [
            4.877387,
            52.346825
          ],
          [
            4.877401,
            52.346828
          ],
          [
            4.877535,
            52.346836
          ],
          [
            4.877546,
            52.346832
          ],
          [
            4.877691,
            52.346836
          ],
          [
            4.877788,
            52.34684
          ],
          [
            4.877864,
            52.34684
          ],
          [
            4.877958,
            52.34684
          ],
          [
            4.878032,
            52.346844
          ],
          [
            4.878113,
            52.346848
          ],
          [
            4.878191,
            52.346844
          ],
          [
            4.878268,
            52.346844
          ],
          [
            4.878338,
            52.346848
          ],
          [
            4.878413,
            52.346851
          ],
          [
            4.878484,
            52.346855
          ],
          [
            4.878558,
            52.346859
          ],
          [
            4.87863,
            52.346863
          ],
          [
            4.878698,
            52.346863
          ],
          [
            4.878797,
            52.346863
          ],
          [
            4.878914,
            52.34687
          ],
          [
            4.879003,
            52.346874
          ],
          [
            4.879161,
            52.346882
          ],
          [
            4.879348,
            52.346897
          ],
          [
            4.879435,
            52.346909
          ],
          [
            4.879599,
            52.346943
          ],
          [
            4.879672,
            52.346962
          ],
          [
            4.879741,
            52.346981
          ],
          [
            4.879858,
            52.347012
          ],
          [
            4.879937,
            52.347019
          ],
          [
            4.88005,
            52.347008
          ],
          [
            4.880108,
            52.346985
          ],
          [
            4.88017,
            52.346947
          ],
          [
            4.880222,
            52.346912
          ],
          [
            4.880275,
            52.346874
          ],
          [
            4.880391,
            52.346794
          ],
          [
            4.880445,
            52.346756
          ],
          [
            4.880507,
            52.34671
          ],
          [
            4.880571,
            52.346661
          ],
          [
            4.880638,
            52.346611
          ],
          [
            4.880698,
            52.346565
          ],
          [
            4.880759,
            52.346519
          ],
          [
            4.880815,
            52.346478
          ],
          [
            4.880943,
            52.346375
          ],
          [
            4.881005,
            52.346329
          ],
          [
            4.881065,
            52.346283
          ],
          [
            4.881127,
            52.346233
          ],
          [
            4.881252,
            52.346138
          ],
          [
            4.881314,
            52.346092
          ],
          [
            4.881445,
            52.345993
          ],
          [
            4.881504,
            52.345951
          ],
          [
            4.881569,
            52.345901
          ],
          [
            4.881635,
            52.345852
          ],
          [
            4.881696,
            52.345806
          ],
          [
            4.881827,
            52.345703
          ],
          [
            4.881903,
            52.345646
          ],
          [
            4.881974,
            52.345592
          ],
          [
            4.882061,
            52.345528
          ],
          [
            4.88216,
            52.345455
          ],
          [
            4.882367,
            52.345306
          ],
          [
            4.882465,
            52.345234
          ],
          [
            4.882631,
            52.345104
          ],
          [
            4.882675,
            52.345074
          ],
          [
            4.88274,
            52.34502
          ],
          [
            4.882821,
            52.344963
          ],
          [
            4.882942,
            52.344887
          ],
          [
            4.883002,
            52.344852
          ],
          [
            4.883191,
            52.344761
          ],
          [
            4.883275,
            52.34473
          ],
          [
            4.883379,
            52.344692
          ],
          [
            4.883476,
            52.344658
          ],
          [
            4.883543,
            52.344639
          ],
          [
            4.883665,
            52.344612
          ],
          [
            4.883765,
            52.344593
          ],
          [
            4.883829,
            52.344582
          ],
          [
            4.883961,
            52.344563
          ],
          [
            4.884063,
            52.344547
          ],
          [
            4.884151,
            52.344536
          ],
          [
            4.884217,
            52.344524
          ],
          [
            4.884246,
            52.34449
          ],
          [
            4.88424,
            52.344463
          ],
          [
            4.884219,
            52.344433
          ],
          [
            4.884208,
            52.344406
          ],
          [
            4.884185,
            52.344345
          ],
          [
            4.884182,
            52.344311
          ],
          [
            4.884177,
            52.34428
          ],
          [
            4.884172,
            52.344254
          ],
          [
            4.88418,
            52.344227
          ],
          [
            4.884192,
            52.344215
          ],
          [
            4.884207,
            52.344223
          ],
          [
            4.88421,
            52.344242
          ],
          [
            4.884216,
            52.344292
          ],
          [
            4.884208,
            52.344322
          ],
          [
            4.884194,
            52.344353
          ],
          [
            4.884197,
            52.344391
          ],
          [
            4.88422,
            52.344421
          ],
          [
            4.88427,
            52.344444
          ],
          [
            4.88433,
            52.344444
          ],
          [
            4.884397,
            52.344448
          ],
          [
            4.884466,
            52.344444
          ],
          [
            4.884536,
            52.344437
          ],
          [
            4.884593,
            52.344433
          ],
          [
            4.884633,
            52.344425
          ],
          [
            4.884677,
            52.344418
          ],
          [
            4.884708,
            52.34441
          ],
          [
            4.884744,
            52.344387
          ],
          [
            4.884771,
            52.344372
          ],
          [
            4.884809,
            52.344364
          ],
          [
            4.884845,
            52.344364
          ],
          [
            4.884845,
            52.344364
          ],
          [
            4.884889,
            52.344356
          ],
          [
            4.884889,
            52.344356
          ],
          [
            4.884919,
            52.344353
          ],
          [
            4.884942,
            52.344356
          ],
          [
            4.884957,
            52.344372
          ],
          [
            4.884979,
            52.344395
          ],
          [
            4.885014,
            52.34441
          ],
          [
            4.885067,
            52.344418
          ],
          [
            4.885117,
            52.344418
          ],
          [
            4.885177,
            52.344414
          ],
          [
            4.885237,
            52.344414
          ],
          [
            4.885294,
            52.34441
          ],
          [
            4.885351,
            52.34441
          ],
          [
            4.88541,
            52.344406
          ],
          [
            4.885461,
            52.344402
          ],
          [
            4.885511,
            52.344402
          ],
          [
            4.885555,
            52.344406
          ],
          [
            4.885594,
            52.344402
          ],
          [
            4.885643,
            52.344398
          ],
          [
            4.885694,
            52.344391
          ],
          [
            4.885745,
            52.344391
          ],
          [
            4.885794,
            52.344391
          ],
          [
            4.885845,
            52.344387
          ],
          [
            4.885891,
            52.344383
          ],
          [
            4.885944,
            52.344383
          ],
          [
            4.886003,
            52.344379
          ],
          [
            4.886064,
            52.344379
          ],
          [
            4.88613,
            52.344383
          ],
          [
            4.886206,
            52.344383
          ],
          [
            4.886288,
            52.344379
          ],
          [
            4.886353,
            52.344376
          ],
          [
            4.886466,
            52.344372
          ],
          [
            4.886538,
            52.344368
          ],
          [
            4.886659,
            52.344364
          ],
          [
            4.886758,
            52.34436
          ],
          [
            4.886854,
            52.344353
          ],
          [
            4.886953,
            52.344345
          ],
          [
            4.88703,
            52.344341
          ],
          [
            4.887149,
            52.344337
          ],
          [
            4.887267,
            52.34433
          ],
          [
            4.887358,
            52.344322
          ],
          [
            4.887413,
            52.344322
          ],
          [
            4.887433,
            52.344322
          ],
          [
            4.88753,
            52.344315
          ],
          [
            4.887605,
            52.344311
          ],
          [
            4.887689,
            52.344311
          ],
          [
            4.887778,
            52.344307
          ],
          [
            4.887841,
            52.344303
          ],
          [
            4.887955,
            52.344295
          ],
          [
            4.888055,
            52.344288
          ],
          [
            4.888144,
            52.34428
          ],
          [
            4.888198,
            52.344276
          ],
          [
            4.888322,
            52.344273
          ],
          [
            4.888375,
            52.344269
          ],
          [
            4.888517,
            52.344265
          ],
          [
            4.88863,
            52.344257
          ],
          [
            4.888728,
            52.344254
          ],
          [
            4.888825,
            52.34425
          ],
          [
            4.888934,
            52.344242
          ],
          [
            4.889034,
            52.344234
          ],
          [
            4.889132,
            52.344231
          ],
          [
            4.889192,
            52.344227
          ],
          [
            4.889315,
            52.344219
          ],
          [
            4.889417,
            52.344215
          ],
          [
            4.889507,
            52.344212
          ],
          [
            4.889551,
            52.344212
          ],
          [
            4.889649,
            52.344208
          ],
          [
            4.88977,
            52.3442
          ],
          [
            4.889861,
            52.3442
          ],
          [
            4.889949,
            52.344193
          ],
          [
            4.890026,
            52.344185
          ],
          [
            4.890082,
            52.344181
          ],
          [
            4.89011,
            52.344189
          ],
          [
            4.890189,
            52.344162
          ],
          [
            4.890249,
            52.344135
          ],
          [
            4.890296,
            52.344109
          ],
          [
            4.890342,
            52.344086
          ],
          [
            4.890386,
            52.344044
          ],
          [
            4.890422,
            52.344006
          ],
          [
            4.89046,
            52.34396
          ],
          [
            4.890501,
            52.343922
          ],
          [
            4.890537,
            52.343884
          ],
          [
            4.890579,
            52.343853
          ],
          [
            4.890611,
            52.34383
          ],
          [
            4.890635,
            52.343815
          ],
          [
            4.890648,
            52.343811
          ],
          [
            4.890647,
            52.343819
          ],
          [
            4.890635,
            52.34383
          ],
          [
            4.890624,
            52.343845
          ],
          [
            4.890599,
            52.343864
          ],
          [
            4.89058,
            52.343884
          ],
          [
            4.89058,
            52.343884
          ],
          [
            4.89054,
            52.343925
          ],
          [
            4.89054,
            52.343925
          ],
          [
            4.89054,
            52.343925
          ],
          [
            4.89054,
            52.343925
          ],
          [
            4.890548,
            52.343975
          ],
          [
            4.890557,
            52.343987
          ],
          [
            4.890568,
            52.343994
          ],
          [
            4.890579,
            52.344002
          ],
          [
            4.890604,
            52.344017
          ],
          [
            4.890639,
            52.34404
          ],
          [
            4.890688,
            52.344067
          ],
          [
            4.890738,
            52.344086
          ],
          [
            4.8908,
            52.344097
          ],
          [
            4.890868,
            52.344105
          ],
          [
            4.890942,
            52.344105
          ],
          [
            4.890999,
            52.344101
          ],
          [
            4.891084,
            52.34409
          ],
          [
            4.891153,
            52.344078
          ],
          [
            4.891159,
            52.344074
          ],
          [
            4.891291,
            52.344063
          ],
          [
            4.891386,
            52.344055
          ],
          [
            4.891475,
            52.344055
          ],
          [
            4.891483,
            52.344051
          ],
          [
            4.891633,
            52.344067
          ],
          [
            4.891722,
            52.344074
          ],
          [
            4.89182,
            52.344086
          ],
          [
            4.89192,
            52.344101
          ],
          [
            4.892012,
            52.344112
          ],
          [
            4.892,
            52.344109
          ],
          [
            4.892174,
            52.344139
          ],
          [
            4.892273,
            52.344154
          ],
          [
            4.892376,
            52.34417
          ],
          [
            4.892476,
            52.344185
          ],
          [
            4.892531,
            52.344193
          ],
          [
            4.892657,
            52.344212
          ],
          [
            4.892762,
            52.344227
          ],
          [
            4.892862,
            52.344242
          ],
          [
            4.892956,
            52.344257
          ],
          [
            4.89305,
            52.344273
          ],
          [
            4.89314,
            52.344284
          ],
          [
            4.893154,
            52.344288
          ],
          [
            4.893305,
            52.344311
          ],
          [
            4.893407,
            52.344326
          ],
          [
            4.893507,
            52.344341
          ],
          [
            4.893595,
            52.344356
          ],
          [
            4.893693,
            52.344372
          ],
          [
            4.893688,
            52.344372
          ],
          [
            4.893861,
            52.344395
          ],
          [
            4.893965,
            52.344414
          ],
          [
            4.894061,
            52.344425
          ],
          [
            4.894156,
            52.34444
          ],
          [
            4.89415,
            52.34444
          ],
          [
            4.894312,
            52.344467
          ],
          [
            4.894414,
            52.344482
          ],
          [
            4.894497,
            52.344494
          ],
          [
            4.894587,
            52.344505
          ],
          [
            4.894677,
            52.344517
          ],
          [
            4.89474,
            52.344524
          ],
          [
            4.894826,
            52.34454
          ],
          [
            4.894924,
            52.344555
          ],
          [
            4.894997,
            52.344566
          ],
          [
            4.895068,
            52.344578
          ],
          [
            4.895148,
            52.344582
          ],
          [
            4.895164,
            52.344582
          ],
          [
            4.895283,
            52.344578
          ],
          [
            4.895355,
            52.344582
          ],
          [
            4.895438,
            52.344585
          ],
          [
            4.895512,
            52.344585
          ],
          [
            4.895574,
            52.344597
          ],
          [
            4.895618,
            52.344605
          ],
          [
            4.895662,
            52.34462
          ],
          [
            4.895682,
            52.344639
          ],
          [
            4.895697,
            52.344669
          ],
          [
            4.895704,
            52.344696
          ],
          [
            4.895696,
            52.344742
          ],
          [
            4.895685,
            52.344772
          ],
          [
            4.895682,
            52.344799
          ],
          [
            4.895675,
            52.344841
          ],
          [
            4.895678,
            52.344871
          ],
          [
            4.89569,
            52.344894
          ],
          [
            4.895732,
            52.344921
          ],
          [
            4.895751,
            52.344933
          ],
          [
            4.895836,
            52.344952
          ],
          [
            4.895902,
            52.344967
          ],
          [
            4.895983,
            52.344978
          ],
          [
            4.89606,
            52.34499
          ],
          [
            4.896092,
            52.344997
          ],
          [
            4.896208,
            52.345016
          ],
          [
            4.896305,
            52.345032
          ],
          [
            4.896393,
            52.345043
          ],
          [
            4.89648,
            52.345058
          ],
          [
            4.896569,
            52.345074
          ],
          [
            4.89666,
            52.345089
          ],
          [
            4.896749,
            52.3451
          ],
          [
            4.896837,
            52.345116
          ],
          [
            4.896928,
            52.345131
          ],
          [
            4.896993,
            52.345142
          ],
          [
            4.897106,
            52.345161
          ],
          [
            4.897191,
            52.345177
          ],
          [
            4.89729,
            52.345192
          ],
          [
            4.897379,
            52.345207
          ],
          [
            4.897464,
            52.345219
          ],
          [
            4.897507,
            52.345226
          ],
          [
            4.897627,
            52.345249
          ],
          [
            4.897687,
            52.345257
          ],
          [
            4.897799,
            52.345276
          ],
          [
            4.897882,
            52.345291
          ],
          [
            4.897922,
            52.345299
          ],
          [
            4.898037,
            52.345318
          ],
          [
            4.898125,
            52.345329
          ],
          [
            4.898172,
            52.345337
          ],
          [
            4.898285,
            52.345356
          ],
          [
            4.89837,
            52.345367
          ],
          [
            4.898437,
            52.345379
          ],
          [
            4.898534,
            52.345394
          ],
          [
            4.898612,
            52.345406
          ],
          [
            4.898694,
            52.345421
          ],
          [
            4.898772,
            52.345432
          ],
          [
            4.898836,
            52.345444
          ],
          [
            4.89891,
            52.345455
          ],
          [
            4.898978,
            52.345467
          ],
          [
            4.899046,
            52.345478
          ],
          [
            4.89911,
            52.345489
          ],
          [
            4.899179,
            52.345497
          ],
          [
            4.899245,
            52.345505
          ],
          [
            4.899315,
            52.345512
          ],
          [
            4.899375,
            52.345524
          ],
          [
            4.89952,
            52.345543
          ],
          [
            4.899589,
            52.34555
          ],
          [
            4.899654,
            52.345562
          ],
          [
            4.899724,
            52.345573
          ],
          [
            4.899796,
            52.345581
          ],
          [
            4.899859,
            52.345589
          ],
          [
            4.899909,
            52.345596
          ],
          [
            4.899945,
            52.345604
          ],
          [
            4.899983,
            52.345615
          ],
          [
            4.900012,
            52.345634
          ],
          [
            4.900026,
            52.345665
          ],
          [
            4.900034,
            52.345696
          ],
          [
            4.900037,
            52.34573
          ],
          [
            4.900041,
            52.345764
          ],
          [
            4.900043,
            52.345802
          ],
          [
            4.90005,
            52.345837
          ],
          [
            4.900066,
            52.345871
          ],
          [
            4.900095,
            52.345901
          ],
          [
            4.900127,
            52.345924
          ],
          [
            4.900166,
            52.34594
          ],
          [
            4.900215,
            52.345943
          ],
          [
            4.900267,
            52.345943
          ],
          [
            4.900329,
            52.345943
          ],
          [
            4.90036,
            52.345943
          ],
          [
            4.900453,
            52.34594
          ],
          [
            4.900503,
            52.34594
          ],
          [
            4.900599,
            52.345932
          ],
          [
            4.900676,
            52.345924
          ],
          [
            4.900761,
            52.345921
          ],
          [
            4.900839,
            52.345917
          ],
          [
            4.900893,
            52.345917
          ],
          [
            4.900994,
            52.345909
          ],
          [
            4.901083,
            52.345909
          ],
          [
            4.90117,
            52.345901
          ],
          [
            4.901249,
            52.345898
          ],
          [
            4.901414,
            52.34589
          ],
          [
            4.901487,
            52.345886
          ],
          [
            4.901566,
            52.345875
          ],
          [
            4.901642,
            52.345871
          ],
          [
            4.901717,
            52.345863
          ],
          [
            4.90178,
            52.34586
          ],
          [
            4.901857,
            52.34586
          ],
          [
            4.901927,
            52.345863
          ],
          [
            4.901991,
            52.345867
          ],
          [
            4.902065,
            52.345879
          ],
          [
            4.902134,
            52.34589
          ],
          [
            4.902202,
            52.345898
          ],
          [
            4.902252,
            52.345909
          ],
          [
            4.902295,
            52.345924
          ],
          [
            4.902331,
            52.345947
          ],
          [
            4.902362,
            52.345959
          ],
          [
            4.90239,
            52.345978
          ],
          [
            4.902454,
            52.346027
          ],
          [
            4.902496,
            52.346046
          ],
          [
            4.902546,
            52.346062
          ],
          [
            4.9026,
            52.346065
          ],
          [
            4.902711,
            52.346077
          ],
          [
            4.902761,
            52.346065
          ],
          [
            4.90281,
            52.346058
          ],
          [
            4.902864,
            52.346016
          ],
          [
            4.902882,
            52.345989
          ],
          [
            4.90291,
            52.345913
          ],
          [
            4.902922,
            52.345871
          ],
          [
            4.902943,
            52.345791
          ],
          [
            4.902959,
            52.345745
          ],
          [
            4.902972,
            52.345711
          ],
          [
            4.902994,
            52.345669
          ],
          [
            4.903018,
            52.345631
          ],
          [
            4.903052,
            52.3456
          ],
          [
            4.903088,
            52.345577
          ],
          [
            4.903132,
            52.34557
          ],
          [
            4.90317,
            52.34557
          ],
          [
            4.90321,
            52.345585
          ],
          [
            4.903247,
            52.345604
          ],
          [
            4.903286,
            52.345634
          ],
          [
            4.903323,
            52.345665
          ],
          [
            4.903363,
            52.345699
          ],
          [
            4.903395,
            52.34573
          ],
          [
            4.90343,
            52.345768
          ],
          [
            4.903469,
            52.345799
          ],
          [
            4.903501,
            52.34584
          ],
          [
            4.903531,
            52.345879
          ],
          [
            4.903557,
            52.345909
          ],
          [
            4.903583,
            52.345947
          ],
          [
            4.903606,
            52.345978
          ],
          [
            4.903628,
            52.346001
          ],
          [
            4.90365,
            52.346016
          ],
          [
            4.90365,
            52.346016
          ],
          [
            4.90365,
            52.346016
          ],
          [
            4.90365,
            52.346016
          ],
          [
            4.90372,
            52.346027
          ],
          [
            4.903716,
            52.346024
          ],
          [
            4.903716,
            52.346024
          ],
          [
            4.903716,
            52.346024
          ],
          [
            4.90366,
            52.346008
          ],
          [
            4.90366,
            52.346008
          ],
          [
            4.90366,
            52.346008
          ],
          [
            4.903651,
            52.346004
          ],
          [
            4.903651,
            52.346004
          ],
          [
            4.903646,
            52.34602
          ],
          [
            4.903647,
            52.346024
          ],
          [
            4.903647,
            52.346024
          ],
          [
            4.903677,
            52.346039
          ],
          [
            4.903677,
            52.346039
          ],
          [
            4.903677,
            52.346039
          ],
          [
            4.903738,
            52.346031
          ],
          [
            4.903749,
            52.346027
          ],
          [
            4.903779,
            52.346016
          ],
          [
            4.903789,
            52.346012
          ],
          [
            4.903859,
            52.345985
          ],
          [
            4.903913,
            52.34597
          ],
          [
            4.90397,
            52.345959
          ],
          [
            4.904024,
            52.345955
          ],
          [
            4.904083,
            52.345955
          ],
          [
            4.904137,
            52.345955
          ],
          [
            4.904191,
            52.345955
          ],
          [
            4.904271,
            52.345943
          ],
          [
            4.904311,
            52.345932
          ],
          [
            4.904334,
            52.345917
          ],
          [
            4.904353,
            52.345886
          ],
          [
            4.904367,
            52.345852
          ],
          [
            4.904394,
            52.345779
          ],
          [
            4.904403,
            52.345699
          ],
          [
            4.904388,
            52.345654
          ],
          [
            4.904361,
            52.345608
          ],
          [
            4.904327,
            52.34557
          ],
          [
            4.904284,
            52.345539
          ],
          [
            4.904241,
            52.345512
          ],
          [
            4.904187,
            52.345493
          ],
          [
            4.904133,
            52.345474
          ],
          [
            4.904024,
            52.345451
          ],
          [
            4.90397,
            52.345444
          ],
          [
            4.903839,
            52.345417
          ],
          [
            4.903812,
            52.345409
          ],
          [
            4.903801,
            52.345402
          ],
          [
            4.903817,
            52.345398
          ],
          [
            4.90383,
            52.345402
          ],
          [
            4.90393,
            52.345413
          ],
          [
            4.903986,
            52.345421
          ],
          [
            4.90404,
            52.345428
          ],
          [
            4.904099,
            52.345444
          ],
          [
            4.904154,
            52.345459
          ],
          [
            4.904209,
            52.345478
          ],
          [
            4.904254,
            52.345497
          ],
          [
            4.904294,
            52.345516
          ],
          [
            4.904335,
            52.34555
          ],
          [
            4.904364,
            52.345581
          ],
          [
            4.904389,
            52.345612
          ],
          [
            4.904409,
            52.345646
          ],
          [
            4.904414,
            52.345722
          ],
          [
            4.904409,
            52.345757
          ],
          [
            4.904398,
            52.345833
          ],
          [
            4.904416,
            52.345901
          ],
          [
            4.904448,
            52.345932
          ],
          [
            4.904494,
            52.345955
          ],
          [
            4.904597,
            52.345982
          ],
          [
            4.904649,
            52.345993
          ],
          [
            4.904704,
            52.346001
          ],
          [
            4.904754,
            52.346008
          ],
          [
            4.904809,
            52.346016
          ],
          [
            4.904867,
            52.346024
          ],
          [
            4.904912,
            52.346031
          ],
          [
            4.904965,
            52.346039
          ],
          [
            4.905046,
            52.346046
          ],
          [
            4.905092,
            52.346039
          ],
          [
            4.905126,
            52.346031
          ],
          [
            4.905192,
            52.345993
          ],
          [
            4.905223,
            52.345959
          ],
          [
            4.905246,
            52.345924
          ],
          [
            4.905272,
            52.34589
          ],
          [
            4.90531,
            52.345795
          ],
          [
            4.90533,
            52.345745
          ],
          [
            4.905371,
            52.345642
          ],
          [
            4.905414,
            52.345528
          ],
          [
            4.905453,
            52.345425
          ],
          [
            4.905473,
            52.345371
          ],
          [
            4.905491,
            52.345318
          ],
          [
            4.905513,
            52.345264
          ],
          [
            4.905533,
            52.345207
          ],
          [
            4.905571,
            52.345112
          ],
          [
            4.905571,
            52.345112
          ],
          [
            4.905648,
            52.344982
          ],
          [
            4.905663,
            52.344967
          ],
          [
            4.905677,
            52.344955
          ],
          [
            4.905694,
            52.344948
          ],
          [
            4.905717,
            52.344944
          ],
          [
            4.905746,
            52.344944
          ],
          [
            4.905776,
            52.344948
          ],
          [
            4.905811,
            52.344955
          ],
          [
            4.905859,
            52.344967
          ],
          [
            4.905896,
            52.344978
          ],
          [
            4.905973,
            52.344997
          ],
          [
            4.9061,
            52.34502
          ],
          [
            4.906186,
            52.345036
          ],
          [
            4.906268,
            52.345047
          ],
          [
            4.906351,
            52.345058
          ],
          [
            4.906518,
            52.345089
          ],
          [
            4.906609,
            52.345104
          ],
          [
            4.9067,
            52.34512
          ],
          [
            4.906786,
            52.345135
          ],
          [
            4.906873,
            52.345146
          ],
          [
            4.907055,
            52.345177
          ],
          [
            4.907232,
            52.345203
          ],
          [
            4.907406,
            52.34523
          ],
          [
            4.907505,
            52.345242
          ],
          [
            4.907524,
            52.345249
          ],
          [
            4.907671,
            52.345272
          ],
          [
            4.907774,
            52.345287
          ],
          [
            4.907865,
            52.345299
          ],
          [
            4.908039,
            52.345322
          ],
          [
            4.908132,
            52.345337
          ],
          [
            4.908213,
            52.345345
          ],
          [
            4.908296,
            52.34536
          ],
          [
            4.908379,
            52.345371
          ],
          [
            4.908451,
            52.345383
          ],
          [
            4.9086,
            52.345398
          ],
          [
            4.908661,
            52.345402
          ],
          [
            4.908765,
            52.345409
          ],
          [
            4.908796,
            52.345413
          ],
          [
            4.908825,
            52.345417
          ],
          [
            4.908841,
            52.345428
          ],
          [
            4.90884,
            52.345451
          ],
          [
            4.908805,
            52.345467
          ],
          [
            4.908791,
            52.34547
          ],
          [
            4.908774,
            52.345463
          ],
          [
            4.908762,
            52.345455
          ],
          [
            4.908764,
            52.345436
          ],
          [
            4.908772,
            52.345409
          ],
          [
            4.908784,
            52.345383
          ],
          [
            4.908805,
            52.345356
          ],
          [
            4.908828,
            52.345329
          ],
          [
            4.908846,
            52.345295
          ],
          [
            4.908865,
            52.345261
          ],
          [
            4.908891,
            52.345226
          ],
          [
            4.908922,
            52.345188
          ],
          [
            4.908963,
            52.345158
          ],
          [
            4.909019,
            52.345131
          ],
          [
            4.909082,
            52.345108
          ],
          [
            4.90914,
            52.3451
          ],
          [
            4.90921,
            52.345089
          ],
          [
            4.909284,
            52.345081
          ],
          [
            4.909363,
            52.345074
          ],
          [
            4.909405,
            52.345066
          ],
          [
            4.909509,
            52.345062
          ],
          [
            4.909592,
            52.345055
          ],
          [
            4.909615,
            52.345055
          ],
          [
            4.909742,
            52.345043
          ],
          [
            4.909836,
            52.345036
          ],
          [
            4.909891,
            52.345032
          ],
          [
            4.91,
            52.345016
          ],
          [
            4.910102,
            52.345013
          ],
          [
            4.910192,
            52.345005
          ],
          [
            4.910285,
            52.344997
          ],
          [
            4.910369,
            52.34499
          ],
          [
            4.910452,
            52.344982
          ],
          [
            4.910548,
            52.344971
          ],
          [
            4.91063,
            52.344963
          ],
          [
            4.910686,
            52.344955
          ],
          [
            4.910795,
            52.344944
          ],
          [
            4.910882,
            52.344933
          ],
          [
            4.910922,
            52.344929
          ],
          [
            4.91104,
            52.34491
          ],
          [
            4.911133,
            52.344902
          ],
          [
            4.911161,
            52.344894
          ],
          [
            4.911289,
            52.344883
          ],
          [
            4.911381,
            52.344875
          ],
          [
            4.91141,
            52.344871
          ],
          [
            4.91154,
            52.344864
          ],
          [
            4.911633,
            52.344856
          ],
          [
            4.911701,
            52.344856
          ],
          [
            4.911805,
            52.344852
          ],
          [
            4.911888,
            52.344849
          ],
          [
            4.911968,
            52.344845
          ],
          [
            4.912058,
            52.344841
          ],
          [
            4.912136,
            52.344841
          ],
          [
            4.912203,
            52.344837
          ],
          [
            4.912252,
            52.344845
          ],
          [
            4.912304,
            52.344849
          ],
          [
            4.912341,
            52.344856
          ],
          [
            4.912368,
            52.34486
          ],
          [
            4.912387,
            52.344875
          ],
          [
            4.912393,
            52.344898
          ],
          [
            4.91239,
            52.344967
          ],
          [
            4.91238,
            52.345001
          ],
          [
            4.912372,
            52.345032
          ],
          [
            4.912363,
            52.345074
          ],
          [
            4.91234,
            52.345165
          ],
          [
            4.912325,
            52.345215
          ],
          [
            4.912311,
            52.345253
          ],
          [
            4.912295,
            52.345299
          ],
          [
            4.912284,
            52.345345
          ],
          [
            4.912264,
            52.34539
          ],
          [
            4.912246,
            52.34544
          ],
          [
            4.912235,
            52.345474
          ],
          [
            4.912219,
            52.34552
          ],
          [
            4.912197,
            52.345566
          ],
          [
            4.912182,
            52.345612
          ],
          [
            4.912168,
            52.345654
          ],
          [
            4.912151,
            52.345696
          ],
          [
            4.912137,
            52.345737
          ],
          [
            4.912123,
            52.345787
          ],
          [
            4.912107,
            52.345825
          ],
          [
            4.912091,
            52.345879
          ],
          [
            4.912074,
            52.345921
          ],
          [
            4.912061,
            52.34597
          ],
          [
            4.912044,
            52.346012
          ],
          [
            4.912024,
            52.346062
          ],
          [
            4.912014,
            52.346107
          ],
          [
            4.911988,
            52.346165
          ],
          [
            4.911972,
            52.34621
          ],
          [
            4.911928,
            52.346314
          ],
          [
            4.9119,
            52.346367
          ],
          [
            4.911878,
            52.346413
          ],
          [
            4.911852,
            52.346462
          ],
          [
            4.9118,
            52.346558
          ],
          [
            4.911776,
            52.346603
          ],
          [
            4.911724,
            52.346706
          ],
          [
            4.911703,
            52.346748
          ],
          [
            4.911685,
            52.346779
          ],
          [
            4.911665,
            52.346821
          ],
          [
            4.911638,
            52.346863
          ],
          [
            4.911617,
            52.346893
          ],
          [
            4.911563,
            52.346966
          ],
          [
            4.911563,
            52.346966
          ],
          [
            4.911563,
            52.346966
          ],
          [
            4.911563,
            52.346966
          ],
          [
            4.911555,
            52.347004
          ],
          [
            4.911555,
            52.347004
          ],
          [
            4.911608,
            52.347019
          ],
          [
            4.911625,
            52.347023
          ],
          [
            4.911645,
            52.347023
          ],
          [
            4.911703,
            52.347034
          ],
          [
            4.911737,
            52.347042
          ],
          [
            4.911826,
            52.347065
          ],
          [
            4.911877,
            52.34708
          ],
          [
            4.911925,
            52.347095
          ],
          [
            4.911977,
            52.347118
          ],
          [
            4.912036,
            52.347137
          ],
          [
            4.912142,
            52.347172
          ],
          [
            4.912195,
            52.347183
          ],
          [
            4.912311,
            52.347206
          ],
          [
            4.912371,
            52.347218
          ],
          [
            4.912427,
            52.347225
          ],
          [
            4.912486,
            52.347233
          ],
          [
            4.912543,
            52.34724
          ],
          [
            4.912606,
            52.347252
          ],
          [
            4.912665,
            52.347259
          ],
          [
            4.91273,
            52.347267
          ],
          [
            4.912794,
            52.347279
          ],
          [
            4.912865,
            52.347286
          ],
          [
            4.912933,
            52.347298
          ],
          [
            4.912996,
            52.347305
          ],
          [
            4.913073,
            52.347317
          ],
          [
            4.913145,
            52.347324
          ],
          [
            4.913216,
            52.347332
          ],
          [
            4.91329,
            52.347336
          ],
          [
            4.913315,
            52.34734
          ],
          [
            4.913431,
            52.347336
          ],
          [
            4.913521,
            52.347336
          ],
          [
            4.913606,
            52.34734
          ],
          [
            4.913695,
            52.347343
          ],
          [
            4.913753,
            52.347347
          ],
          [
            4.913863,
            52.347359
          ],
          [
            4.913954,
            52.347374
          ],
          [
            4.914033,
            52.347385
          ],
          [
            4.914116,
            52.347401
          ],
          [
            4.914198,
            52.347416
          ],
          [
            4.914281,
            52.347431
          ],
          [
            4.914369,
            52.347446
          ],
          [
            4.914423,
            52.347454
          ],
          [
            4.914493,
            52.347469
          ],
          [
            4.914639,
            52.347492
          ],
          [
            4.914682,
            52.3475
          ],
          [
            4.914838,
            52.347523
          ],
          [
            4.914955,
            52.347538
          ],
          [
            4.915058,
            52.347553
          ],
          [
            4.915175,
            52.347569
          ],
          [
            4.915237,
            52.347576
          ],
          [
            4.915368,
            52.347591
          ],
          [
            4.915477,
            52.347607
          ],
          [
            4.915583,
            52.347626
          ],
          [
            4.915678,
            52.347637
          ],
          [
            4.915707,
            52.347641
          ],
          [
            4.915848,
            52.347664
          ],
          [
            4.915973,
            52.347683
          ],
          [
            4.916074,
            52.347698
          ],
          [
            4.916175,
            52.34771
          ],
          [
            4.916248,
            52.347721
          ],
          [
            4.916333,
            52.347733
          ],
          [
            4.916455,
            52.347748
          ],
          [
            4.916559,
            52.347759
          ],
          [
            4.91665,
            52.347774
          ],
          [
            4.916748,
            52.347786
          ],
          [
            4.916831,
            52.347794
          ],
          [
            4.916919,
            52.347805
          ],
          [
            4.916929,
            52.347805
          ],
          [
            4.917078,
            52.347816
          ],
          [
            4.917194,
            52.34782
          ],
          [
            4.917285,
            52.347824
          ],
          [
            4.917384,
            52.347824
          ],
          [
            4.917472,
            52.347824
          ],
          [
            4.917487,
            52.347824
          ],
          [
            4.917631,
            52.347809
          ],
          [
            4.917735,
            52.347801
          ],
          [
            4.917827,
            52.34779
          ],
          [
            4.917917,
            52.347782
          ],
          [
            4.918009,
            52.347774
          ],
          [
            4.918098,
            52.347767
          ],
          [
            4.91814,
            52.347763
          ],
          [
            4.918251,
            52.347748
          ],
          [
            4.918334,
            52.34774
          ],
          [
            4.91846,
            52.347733
          ],
          [
            4.91846,
            52.347733
          ],
          [
            4.91846,
            52.347733
          ],
          [
            4.918603,
            52.347736
          ],
          [
            4.918648,
            52.347744
          ],
          [
            4.918671,
            52.347755
          ],
          [
            4.918715,
            52.347771
          ],
          [
            4.918766,
            52.347786
          ],
          [
            4.918835,
            52.347805
          ],
          [
            4.918869,
            52.347816
          ],
          [
            4.918974,
            52.347843
          ],
          [
            4.919053,
            52.347862
          ],
          [
            4.919114,
            52.347881
          ],
          [
            4.919204,
            52.347912
          ],
          [
            4.919267,
            52.347942
          ],
          [
            4.919333,
            52.347969
          ],
          [
            4.9194,
            52.348007
          ],
          [
            4.919458,
            52.348042
          ],
          [
            4.919517,
            52.34808
          ],
          [
            4.919572,
            52.348103
          ],
          [
            4.919627,
            52.348129
          ],
          [
            4.919682,
            52.348145
          ],
          [
            4.919715,
            52.348148
          ],
          [
            4.919735,
            52.348148
          ],
          [
            4.919745,
            52.348145
          ],
          [
            4.919739,
            52.348133
          ],
          [
            4.919687,
            52.348103
          ],
          [
            4.919663,
            52.34808
          ],
          [
            4.919645,
            52.348057
          ],
          [
            4.919623,
            52.348034
          ],
          [
            4.919604,
            52.348
          ],
          [
            4.919584,
            52.347973
          ],
          [
            4.919527,
            52.3479
          ],
          [
            4.919494,
            52.347866
          ],
          [
            4.919444,
            52.347832
          ],
          [
            4.91938,
            52.347797
          ],
          [
            4.919339,
            52.34779
          ],
          [
            4.919162,
            52.347782
          ],
          [
            4.919092,
            52.347782
          ],
          [
            4.918944,
            52.347782
          ],
          [
            4.918865,
            52.347771
          ],
          [
            4.918792,
            52.347759
          ],
          [
            4.91871,
            52.347744
          ],
          [
            4.918676,
            52.347744
          ],
          [
            4.918541,
            52.34774
          ],
          [
            4.918448,
            52.347744
          ],
          [
            4.918356,
            52.347755
          ],
          [
            4.918268,
            52.347767
          ],
          [
            4.918158,
            52.347782
          ],
          [
            4.918055,
            52.347794
          ],
          [
            4.917965,
            52.347805
          ],
          [
            4.917926,
            52.34782
          ],
          [
            4.91786,
            52.347866
          ],
          [
            4.917831,
            52.347893
          ],
          [
            4.917779,
            52.347969
          ],
          [
            4.917751,
            52.348015
          ],
          [
            4.917728,
            52.348053
          ],
          [
            4.917704,
            52.348095
          ],
          [
            4.917684,
            52.348129
          ],
          [
            4.917664,
            52.348171
          ],
          [
            4.917653,
            52.348213
          ],
          [
            4.917655,
            52.348255
          ],
          [
            4.91771,
            52.348331
          ],
          [
            4.917748,
            52.348366
          ],
          [
            4.917795,
            52.348408
          ],
          [
            4.91783,
            52.348438
          ],
          [
            4.917864,
            52.34848
          ],
          [
            4.91788,
            52.348515
          ],
          [
            4.917881,
            52.34856
          ],
          [
            4.917861,
            52.348614
          ],
          [
            4.917827,
            52.348671
          ],
          [
            4.917778,
            52.348728
          ],
          [
            4.917738,
            52.348778
          ],
          [
            4.917707,
            52.348812
          ],
          [
            4.917672,
            52.348854
          ],
          [
            4.917631,
            52.348911
          ],
          [
            4.917585,
            52.348972
          ],
          [
            4.917534,
            52.349033
          ],
          [
            4.917497,
            52.349071
          ],
          [
            4.917438,
            52.349133
          ],
          [
            4.917389,
            52.349174
          ],
          [
            4.917327,
            52.349228
          ],
          [
            4.917247,
            52.349293
          ],
          [
            4.917169,
            52.349354
          ],
          [
            4.917096,
            52.349407
          ],
          [
            4.91709,
            52.349411
          ],
          [
            4.917062,
            52.34943
          ],
          [
            4.917013,
            52.349468
          ],
          [
            4.916955,
            52.34951
          ],
          [
            4.916895,
            52.349552
          ],
          [
            4.916838,
            52.349594
          ],
          [
            4.916718,
            52.349689
          ],
          [
            4.916654,
            52.349735
          ],
          [
            4.916586,
            52.349781
          ],
          [
            4.916519,
            52.349831
          ],
          [
            4.916454,
            52.34988
          ],
          [
            4.916398,
            52.349922
          ],
          [
            4.916336,
            52.349964
          ],
          [
            4.916275,
            52.350002
          ],
          [
            4.916214,
            52.350044
          ],
          [
            4.91615,
            52.350082
          ],
          [
            4.916022,
            52.350159
          ],
          [
            4.915952,
            52.350201
          ],
          [
            4.91588,
            52.350243
          ],
          [
            4.915808,
            52.350285
          ],
          [
            4.915676,
            52.350357
          ],
          [
            4.915507,
            52.350449
          ],
          [
            4.915424,
            52.350494
          ],
          [
            4.915346,
            52.350544
          ],
          [
            4.915278,
            52.350594
          ],
          [
            4.915215,
            52.350636
          ],
          [
            4.91514,
            52.350681
          ],
          [
            4.914984,
            52.350773
          ],
          [
            4.914914,
            52.350815
          ],
          [
            4.914775,
            52.350899
          ],
          [
            4.914766,
            52.350956
          ],
          [
            4.914607,
            52.351177
          ],
          [
            4.914554,
            52.351238
          ],
          [
            4.914551,
            52.351246
          ],
          [
            4.914415,
            52.351356
          ],
          [
            4.914361,
            52.351402
          ],
          [
            4.914305,
            52.351452
          ],
          [
            4.914302,
            52.351459
          ],
          [
            4.914242,
            52.351467
          ],
          [
            4.914121,
            52.351482
          ],
          [
            4.913987,
            52.351501
          ],
          [
            4.913893,
            52.351524
          ],
          [
            4.913736,
            52.351559
          ],
          [
            4.913464,
            52.351715
          ],
          [
            4.913415,
            52.351753
          ],
          [
            4.913381,
            52.351791
          ],
          [
            4.913348,
            52.35183
          ],
          [
            4.91333,
            52.351868
          ],
          [
            4.913296,
            52.351917
          ],
          [
            4.913267,
            52.351971
          ],
          [
            4.913238,
            52.352024
          ],
          [
            4.913209,
            52.352074
          ],
          [
            4.913172,
            52.352135
          ],
          [
            4.913102,
            52.352253
          ],
          [
            4.913064,
            52.352314
          ],
          [
            4.913028,
            52.352367
          ],
          [
            4.912987,
            52.352428
          ],
          [
            4.912909,
            52.352539
          ],
          [
            4.912882,
            52.352596
          ],
          [
            4.912852,
            52.352638
          ],
          [
            4.912819,
            52.352695
          ],
          [
            4.912785,
            52.352757
          ],
          [
            4.912752,
            52.352814
          ],
          [
            4.912722,
            52.352871
          ],
          [
            4.912662,
            52.352982
          ],
          [
            4.912633,
            52.353035
          ],
          [
            4.912606,
            52.353092
          ],
          [
            4.912577,
            52.353149
          ],
          [
            4.912547,
            52.353207
          ],
          [
            4.912467,
            52.353317
          ],
          [
            4.91243,
            52.353359
          ],
          [
            4.912364,
            52.353455
          ],
          [
            4.912333,
            52.353508
          ],
          [
            4.912303,
            52.353558
          ],
          [
            4.912275,
            52.353603
          ],
          [
            4.912244,
            52.353653
          ],
          [
            4.912244,
            52.353653
          ],
          [
            4.912203,
            52.353737
          ],
          [
            4.912203,
            52.353737
          ],
          [
            4.912203,
            52.353737
          ],
          [
            4.911996,
            52.353737
          ],
          [
            4.911996,
            52.353737
          ],
          [
            4.912001,
            52.353767
          ],
          [
            4.911993,
            52.353786
          ],
          [
            4.911987,
            52.353809
          ],
          [
            4.911972,
            52.35384
          ],
          [
            4.911959,
            52.353874
          ],
          [
            4.911937,
            52.353947
          ],
          [
            4.91192,
            52.353989
          ],
          [
            4.911907,
            52.354023
          ],
          [
            4.91189,
            52.354069
          ],
          [
            4.911878,
            52.354111
          ],
          [
            4.911864,
            52.35416
          ],
          [
            4.911855,
            52.354206
          ],
          [
            4.911838,
            52.354259
          ],
          [
            4.911801,
            52.354362
          ],
          [
            4.91178,
            52.35442
          ],
          [
            4.911719,
            52.354534
          ],
          [
            4.911687,
            52.354591
          ],
          [
            4.911617,
            52.354713
          ],
          [
            4.911587,
            52.354763
          ],
          [
            4.911561,
            52.35482
          ],
          [
            4.911531,
            52.354881
          ],
          [
            4.911482,
            52.354984
          ],
          [
            4.911462,
            52.355041
          ],
          [
            4.911438,
            52.355095
          ],
          [
            4.911408,
            52.355145
          ],
          [
            4.911376,
            52.35519
          ],
          [
            4.911338,
            52.35524
          ],
          [
            4.911309,
            52.355286
          ],
          [
            4.911232,
            52.355366
          ],
          [
            4.9112,
            52.355412
          ],
          [
            4.911143,
            52.355495
          ],
          [
            4.911115,
            52.355541
          ],
          [
            4.911055,
            52.355633
          ],
          [
            4.910999,
            52.355728
          ],
          [
            4.91097,
            52.355782
          ],
          [
            4.910911,
            52.355869
          ],
          [
            4.910836,
            52.355995
          ],
          [
            4.910802,
            52.356045
          ],
          [
            4.910756,
            52.35614
          ],
          [
            4.91075,
            52.356182
          ],
          [
            4.910767,
            52.356216
          ],
          [
            4.91079,
            52.356243
          ],
          [
            4.910823,
            52.356262
          ],
          [
            4.910855,
            52.356277
          ],
          [
            4.910928,
            52.356312
          ],
          [
            4.910957,
            52.356331
          ],
          [
            4.910989,
            52.356354
          ],
          [
            4.911031,
            52.356419
          ],
          [
            4.911044,
            52.356449
          ],
          [
            4.911046,
            52.356491
          ],
          [
            4.911033,
            52.356537
          ],
          [
            4.911006,
            52.356594
          ],
          [
            4.910959,
            52.356682
          ],
          [
            4.91093,
            52.356731
          ],
          [
            4.910906,
            52.356781
          ],
          [
            4.91088,
            52.356827
          ],
          [
            4.910852,
            52.356873
          ],
          [
            4.910797,
            52.356972
          ],
          [
            4.910761,
            52.357033
          ],
          [
            4.910732,
            52.357082
          ],
          [
            4.910701,
            52.357132
          ],
          [
            4.910668,
            52.357185
          ],
          [
            4.910635,
            52.357243
          ],
          [
            4.910603,
            52.357296
          ],
          [
            4.910571,
            52.357346
          ],
          [
            4.910509,
            52.357449
          ],
          [
            4.910472,
            52.35751
          ],
          [
            4.910439,
            52.357567
          ],
          [
            4.9104,
            52.357624
          ],
          [
            4.910365,
            52.357685
          ],
          [
            4.910292,
            52.3578
          ],
          [
            4.910258,
            52.357845
          ],
          [
            4.910194,
            52.357967
          ],
          [
            4.910131,
            52.358086
          ],
          [
            4.910068,
            52.358196
          ],
          [
            4.910031,
            52.358257
          ],
          [
            4.909994,
            52.358322
          ],
          [
            4.909957,
            52.358379
          ],
          [
            4.909926,
            52.358429
          ],
          [
            4.909888,
            52.358486
          ],
          [
            4.909853,
            52.358547
          ],
          [
            4.909817,
            52.358608
          ],
          [
            4.90978,
            52.358662
          ],
          [
            4.909711,
            52.358776
          ],
          [
            4.909677,
            52.358833
          ],
          [
            4.909642,
            52.358887
          ],
          [
            4.909607,
            52.358944
          ],
          [
            4.909577,
            52.359001
          ],
          [
            4.909539,
            52.359058
          ],
          [
            4.909507,
            52.359112
          ],
          [
            4.909479,
            52.359158
          ],
          [
            4.909444,
            52.359215
          ],
          [
            4.909411,
            52.359272
          ],
          [
            4.909375,
            52.359333
          ],
          [
            4.909341,
            52.359394
          ],
          [
            4.909278,
            52.359505
          ],
          [
            4.90925,
            52.359558
          ],
          [
            4.909221,
            52.359608
          ],
          [
            4.90919,
            52.359661
          ],
          [
            4.909127,
            52.359776
          ],
          [
            4.909093,
            52.359833
          ],
          [
            4.909056,
            52.35989
          ],
          [
            4.90902,
            52.359947
          ],
          [
            4.908941,
            52.360054
          ],
          [
            4.908895,
            52.360111
          ],
          [
            4.908854,
            52.360161
          ],
          [
            4.908814,
            52.360207
          ],
          [
            4.908776,
            52.360256
          ],
          [
            4.908739,
            52.360306
          ],
          [
            4.908666,
            52.360416
          ],
          [
            4.908635,
            52.36047
          ],
          [
            4.9086,
            52.360527
          ],
          [
            4.908566,
            52.360584
          ],
          [
            4.908536,
            52.36063
          ],
          [
            4.908502,
            52.360687
          ],
          [
            4.908459,
            52.36076
          ],
          [
            4.908422,
            52.360825
          ],
          [
            4.908389,
            52.360882
          ],
          [
            4.908358,
            52.360935
          ],
          [
            4.90833,
            52.360989
          ],
          [
            4.908308,
            52.361031
          ],
          [
            4.908287,
            52.361069
          ],
          [
            4.908268,
            52.361107
          ],
          [
            4.908245,
            52.361149
          ],
          [
            4.908191,
            52.361233
          ],
          [
            4.908153,
            52.361279
          ],
          [
            4.908113,
            52.361332
          ],
          [
            4.908072,
            52.361389
          ],
          [
            4.90803,
            52.361454
          ],
          [
            4.907992,
            52.361526
          ],
          [
            4.907953,
            52.361607
          ],
          [
            4.90792,
            52.361671
          ],
          [
            4.907887,
            52.36174
          ],
          [
            4.907842,
            52.361816
          ],
          [
            4.90781,
            52.361877
          ],
          [
            4.907778,
            52.361938
          ],
          [
            4.907745,
            52.361999
          ],
          [
            4.907717,
            52.362049
          ],
          [
            4.907677,
            52.362118
          ],
          [
            4.907654,
            52.36216
          ],
          [
            4.907629,
            52.362194
          ],
          [
            4.907602,
            52.362236
          ],
          [
            4.907546,
            52.362324
          ],
          [
            4.90751,
            52.36237
          ],
          [
            4.907473,
            52.362423
          ],
          [
            4.907436,
            52.362473
          ],
          [
            4.907365,
            52.362572
          ],
          [
            4.907326,
            52.362629
          ],
          [
            4.907256,
            52.362732
          ],
          [
            4.907218,
            52.362785
          ],
          [
            4.907182,
            52.362835
          ],
          [
            4.907156,
            52.362896
          ],
          [
            4.907113,
            52.362946
          ],
          [
            4.907049,
            52.363037
          ],
          [
            4.907009,
            52.363094
          ],
          [
            4.906982,
            52.363159
          ],
          [
            4.906949,
            52.36322
          ],
          [
            4.906917,
            52.363274
          ],
          [
            4.906887,
            52.363331
          ],
          [
            4.906857,
            52.363388
          ],
          [
            4.906821,
            52.363449
          ],
          [
            4.906756,
            52.363564
          ],
          [
            4.906716,
            52.363628
          ],
          [
            4.906679,
            52.363693
          ],
          [
            4.906641,
            52.36375
          ],
          [
            4.906604,
            52.363815
          ],
          [
            4.906569,
            52.363873
          ],
          [
            4.906534,
            52.363934
          ],
          [
            4.906497,
            52.363995
          ],
          [
            4.906463,
            52.364056
          ],
          [
            4.906394,
            52.364182
          ],
          [
            4.906359,
            52.364235
          ],
          [
            4.906324,
            52.364292
          ],
          [
            4.906289,
            52.364353
          ],
          [
            4.906256,
            52.364403
          ],
          [
            4.906225,
            52.364464
          ],
          [
            4.90619,
            52.364521
          ],
          [
            4.906158,
            52.364582
          ],
          [
            4.906125,
            52.364647
          ],
          [
            4.906099,
            52.364697
          ],
          [
            4.906067,
            52.364754
          ],
          [
            4.906034,
            52.364815
          ],
          [
            4.906002,
            52.364876
          ],
          [
            4.905964,
            52.364941
          ],
          [
            4.905931,
            52.364998
          ],
          [
            4.905894,
            52.365051
          ],
          [
            4.905855,
            52.365108
          ],
          [
            4.905814,
            52.365166
          ],
          [
            4.905778,
            52.365219
          ],
          [
            4.905739,
            52.365276
          ],
          [
            4.905694,
            52.365337
          ],
          [
            4.905654,
            52.365398
          ],
          [
            4.905618,
            52.365452
          ],
          [
            4.905533,
            52.365574
          ],
          [
            4.905492,
            52.365635
          ],
          [
            4.905451,
            52.365688
          ],
          [
            4.905416,
            52.365738
          ],
          [
            4.905373,
            52.365799
          ],
          [
            4.905331,
            52.365856
          ],
          [
            4.905292,
            52.365913
          ],
          [
            4.905255,
            52.365971
          ],
          [
            4.905215,
            52.366028
          ],
          [
            4.905182,
            52.366077
          ],
          [
            4.905148,
            52.366131
          ],
          [
            4.905109,
            52.366192
          ],
          [
            4.905077,
            52.366238
          ],
          [
            4.905049,
            52.366291
          ],
          [
            4.905021,
            52.366341
          ],
          [
            4.904994,
            52.366394
          ],
          [
            4.904966,
            52.366447
          ],
          [
            4.904946,
            52.366501
          ],
          [
            4.904923,
            52.366562
          ],
          [
            4.904899,
            52.366627
          ],
          [
            4.904875,
            52.36668
          ],
          [
            4.90484,
            52.366741
          ],
          [
            4.904805,
            52.366795
          ],
          [
            4.904767,
            52.366859
          ],
          [
            4.904716,
            52.36694
          ],
          [
            4.904669,
            52.36702
          ],
          [
            4.904625,
            52.367092
          ],
          [
            4.904582,
            52.367172
          ],
          [
            4.904543,
            52.367241
          ],
          [
            4.904501,
            52.367313
          ],
          [
            4.904461,
            52.367382
          ],
          [
            4.904417,
            52.367447
          ],
          [
            4.904374,
            52.367504
          ],
          [
            4.904327,
            52.367561
          ],
          [
            4.904304,
            52.3676
          ],
          [
            4.904302,
            52.36763
          ],
          [
            4.904308,
            52.367664
          ],
          [
            4.904332,
            52.367702
          ],
          [
            4.904369,
            52.367741
          ],
          [
            4.904407,
            52.367771
          ],
          [
            4.904455,
            52.367809
          ],
          [
            4.904499,
            52.36784
          ],
          [
            4.904553,
            52.367878
          ],
          [
            4.904604,
            52.367908
          ],
          [
            4.904668,
            52.367939
          ],
          [
            4.904735,
            52.367962
          ],
          [
            4.904804,
            52.367981
          ],
          [
            4.904882,
            52.367996
          ],
          [
            4.904953,
            52.368011
          ],
          [
            4.90503,
            52.368023
          ],
          [
            4.905107,
            52.368038
          ],
          [
            4.905169,
            52.368053
          ],
          [
            4.905228,
            52.368069
          ],
          [
            4.905315,
            52.368095
          ],
          [
            4.905384,
            52.368122
          ],
          [
            4.905456,
            52.368145
          ],
          [
            4.905532,
            52.368176
          ],
          [
            4.90561,
            52.36821
          ],
          [
            4.905683,
            52.368237
          ],
          [
            4.905755,
            52.368263
          ],
          [
            4.905831,
            52.368294
          ],
          [
            4.90591,
            52.368328
          ],
          [
            4.905988,
            52.368362
          ],
          [
            4.906069,
            52.368393
          ],
          [
            4.906143,
            52.368427
          ],
          [
            4.906229,
            52.368454
          ],
          [
            4.906307,
            52.368488
          ],
          [
            4.906383,
            52.368519
          ],
          [
            4.906462,
            52.368553
          ],
          [
            4.906542,
            52.368587
          ],
          [
            4.906596,
            52.36861
          ],
          [
            4.906696,
            52.368649
          ],
          [
            4.906781,
            52.368683
          ],
          [
            4.906858,
            52.368713
          ],
          [
            4.906934,
            52.368744
          ],
          [
            4.907011,
            52.368767
          ],
          [
            4.907095,
            52.368805
          ],
          [
            4.907176,
            52.368832
          ],
          [
            4.907256,
            52.368862
          ],
          [
            4.907337,
            52.368896
          ],
          [
            4.907416,
            52.368931
          ],
          [
            4.907492,
            52.368961
          ],
          [
            4.907575,
            52.368996
          ],
          [
            4.907657,
            52.36903
          ],
          [
            4.907742,
            52.36906
          ],
          [
            4.907829,
            52.369099
          ],
          [
            4.907913,
            52.369129
          ],
          [
            4.908007,
            52.369163
          ],
          [
            4.908105,
            52.369202
          ],
          [
            4.908196,
            52.369236
          ],
          [
            4.908295,
            52.369278
          ],
          [
            4.908385,
            52.369316
          ],
          [
            4.908474,
            52.369354
          ],
          [
            4.908564,
            52.369392
          ],
          [
            4.908654,
            52.369427
          ],
          [
            4.908734,
            52.369465
          ],
          [
            4.908799,
            52.369492
          ],
          [
            4.908886,
            52.369526
          ],
          [
            4.909005,
            52.369568
          ],
          [
            4.909049,
            52.369579
          ],
          [
            4.909101,
            52.369583
          ],
          [
            4.909158,
            52.369583
          ],
          [
            4.909224,
            52.369579
          ],
          [
            4.909348,
            52.369579
          ],
          [
            4.909389,
            52.369587
          ],
          [
            4.909424,
            52.369598
          ],
          [
            4.909434,
            52.369602
          ],
          [
            4.909433,
            52.369606
          ],
          [
            4.9094,
            52.369587
          ],
          [
            4.909402,
            52.369553
          ],
          [
            4.909451,
            52.369507
          ],
          [
            4.909525,
            52.369465
          ],
          [
            4.909566,
            52.369446
          ],
          [
            4.909625,
            52.369419
          ],
          [
            4.909683,
            52.369408
          ],
          [
            4.909784,
            52.369423
          ],
          [
            4.909845,
            52.369446
          ],
          [
            4.909896,
            52.369469
          ],
          [
            4.909949,
            52.369503
          ],
          [
            4.91,
            52.369534
          ],
          [
            4.91012,
            52.36961
          ],
          [
            4.910176,
            52.369644
          ],
          [
            4.910234,
            52.369682
          ],
          [
            4.910354,
            52.369762
          ],
          [
            4.91041,
            52.369801
          ],
          [
            4.910473,
            52.369843
          ],
          [
            4.910523,
            52.369877
          ],
          [
            4.910636,
            52.369949
          ],
          [
            4.910687,
            52.369984
          ],
          [
            4.910785,
            52.370052
          ],
          [
            4.910834,
            52.37009
          ],
          [
            4.910881,
            52.370121
          ],
          [
            4.91099,
            52.370186
          ],
          [
            4.911041,
            52.370216
          ],
          [
            4.911087,
            52.370243
          ],
          [
            4.911189,
            52.370304
          ],
          [
            4.91124,
            52.370335
          ],
          [
            4.911293,
            52.370361
          ],
          [
            4.911355,
            52.37038
          ],
          [
            4.911422,
            52.370388
          ],
          [
            4.911486,
            52.37038
          ],
          [
            4.911592,
            52.370342
          ],
          [
            4.911641,
            52.370319
          ],
          [
            4.911685,
            52.370293
          ],
          [
            4.911728,
            52.370258
          ],
          [
            4.911781,
            52.370224
          ],
          [
            4.911834,
            52.37019
          ],
          [
            4.911893,
            52.370155
          ],
          [
            4.911953,
            52.370121
          ],
          [
            4.912028,
            52.370087
          ],
          [
            4.912098,
            52.37006
          ],
          [
            4.91218,
            52.370022
          ],
          [
            4.912259,
            52.369968
          ],
          [
            4.912329,
            52.369915
          ],
          [
            4.912405,
            52.369854
          ],
          [
            4.912502,
            52.369789
          ],
          [
            4.912566,
            52.36977
          ],
          [
            4.91269,
            52.369736
          ],
          [
            4.912859,
            52.369682
          ],
          [
            4.912955,
            52.369656
          ],
          [
            4.913044,
            52.369625
          ],
          [
            4.913136,
            52.369595
          ],
          [
            4.913224,
            52.369572
          ],
          [
            4.913302,
            52.369537
          ],
          [
            4.913394,
            52.369514
          ],
          [
            4.913474,
            52.369473
          ],
          [
            4.913607,
            52.369419
          ],
          [
            4.913679,
            52.369392
          ],
          [
            4.913757,
            52.369362
          ],
          [
            4.913835,
            52.369335
          ],
          [
            4.91399,
            52.369282
          ],
          [
            4.914012,
            52.369274
          ],
          [
            4.914149,
            52.369232
          ],
          [
            4.914242,
            52.369205
          ],
          [
            4.914324,
            52.369179
          ],
          [
            4.914402,
            52.369156
          ],
          [
            4.914582,
            52.369095
          ],
          [
            4.914754,
            52.369038
          ],
          [
            4.914841,
            52.369007
          ],
          [
            4.914928,
            52.368977
          ],
          [
            4.915011,
            52.368946
          ],
          [
            4.915094,
            52.368916
          ],
          [
            4.915177,
            52.368889
          ],
          [
            4.915261,
            52.368858
          ],
          [
            4.915342,
            52.368832
          ],
          [
            4.915422,
            52.368801
          ],
          [
            4.915497,
            52.368786
          ],
          [
            4.915585,
            52.368774
          ],
          [
            4.915671,
            52.368759
          ],
          [
            4.915717,
            52.368748
          ],
          [
            4.915916,
            52.36871
          ],
          [
            4.915987,
            52.368687
          ],
          [
            4.916028,
            52.368675
          ],
          [
            4.916142,
            52.368641
          ],
          [
            4.916222,
            52.36861
          ],
          [
            4.916299,
            52.368587
          ],
          [
            4.916379,
            52.368561
          ],
          [
            4.916461,
            52.368534
          ],
          [
            4.916538,
            52.368511
          ],
          [
            4.916618,
            52.368484
          ],
          [
            4.916694,
            52.368458
          ],
          [
            4.916774,
            52.368431
          ],
          [
            4.916928,
            52.368374
          ],
          [
            4.917003,
            52.368347
          ],
          [
            4.91708,
            52.36832
          ],
          [
            4.917161,
            52.36829
          ],
          [
            4.917282,
            52.368248
          ],
          [
            4.917386,
            52.368214
          ],
          [
            4.917531,
            52.36816
          ],
          [
            4.917604,
            52.368134
          ],
          [
            4.917666,
            52.368107
          ],
          [
            4.917713,
            52.36808
          ],
          [
            4.917763,
            52.368042
          ],
          [
            4.917856,
            52.367977
          ],
          [
            4.917912,
            52.367943
          ],
          [
            4.917971,
            52.367916
          ],
          [
            4.918027,
            52.367893
          ],
          [
            4.918077,
            52.367866
          ],
          [
            4.918112,
            52.36784
          ],
          [
            4.918118,
            52.367817
          ],
          [
            4.918101,
            52.367729
          ],
          [
            4.918072,
            52.367691
          ],
          [
            4.918042,
            52.367657
          ],
          [
            4.918026,
            52.367615
          ],
          [
            4.918019,
            52.36758
          ],
          [
            4.918036,
            52.36755
          ],
          [
            4.91807,
            52.367531
          ],
          [
            4.918118,
            52.367516
          ],
          [
            4.918173,
            52.367508
          ],
          [
            4.918236,
            52.367504
          ],
          [
            4.918296,
            52.3675
          ],
          [
            4.918353,
            52.367493
          ],
          [
            4.918415,
            52.367481
          ],
          [
            4.918471,
            52.36747
          ],
          [
            4.918572,
            52.367443
          ],
          [
            4.918628,
            52.367428
          ],
          [
            4.918686,
            52.367409
          ],
          [
            4.918784,
            52.367374
          ],
          [
            4.918828,
            52.367359
          ],
          [
            4.918872,
            52.367336
          ],
          [
            4.91892,
            52.36731
          ],
          [
            4.919018,
            52.367237
          ],
          [
            4.919073,
            52.367195
          ],
          [
            4.919134,
            52.367146
          ],
          [
            4.919188,
            52.3671
          ],
          [
            4.919241,
            52.367062
          ],
          [
            4.919312,
            52.367024
          ],
          [
            4.919384,
            52.366982
          ],
          [
            4.919463,
            52.366947
          ],
          [
            4.919641,
            52.366879
          ],
          [
            4.919712,
            52.366844
          ],
          [
            4.919775,
            52.366821
          ],
          [
            4.919862,
            52.366787
          ],
          [
            4.92002,
            52.366726
          ],
          [
            4.920098,
            52.366699
          ],
          [
            4.920189,
            52.366669
          ],
          [
            4.920271,
            52.366646
          ],
          [
            4.920313,
            52.366631
          ],
          [
            4.920431,
            52.366592
          ],
          [
            4.920512,
            52.366562
          ],
          [
            4.920585,
            52.366528
          ],
          [
            4.920654,
            52.366501
          ],
          [
            4.92069,
            52.366486
          ],
          [
            4.920799,
            52.36644
          ],
          [
            4.920873,
            52.366402
          ],
          [
            4.920941,
            52.366371
          ],
          [
            4.921021,
            52.366337
          ],
          [
            4.921094,
            52.36631
          ],
          [
            4.921166,
            52.366283
          ],
          [
            4.921239,
            52.366257
          ],
          [
            4.921309,
            52.366234
          ],
          [
            4.921385,
            52.366203
          ],
          [
            4.921456,
            52.366173
          ],
          [
            4.921531,
            52.366146
          ],
          [
            4.921603,
            52.366116
          ],
          [
            4.921679,
            52.366081
          ],
          [
            4.921756,
            52.366039
          ],
          [
            4.921814,
            52.366005
          ],
          [
            4.921871,
            52.365971
          ],
          [
            4.92192,
            52.365932
          ],
          [
            4.921956,
            52.365898
          ],
          [
            4.921991,
            52.365864
          ],
          [
            4.92202,
            52.36583
          ],
          [
            4.922049,
            52.36578
          ],
          [
            4.922072,
            52.365738
          ],
          [
            4.92209,
            52.365707
          ],
          [
            4.922107,
            52.365673
          ],
          [
            4.922121,
            52.365635
          ],
          [
            4.922135,
            52.365608
          ],
          [
            4.922152,
            52.365581
          ],
          [
            4.922167,
            52.365559
          ],
          [
            4.922173,
            52.36554
          ],
          [
            4.922173,
            52.365505
          ],
          [
            4.922153,
            52.365475
          ],
          [
            4.922125,
            52.365448
          ],
          [
            4.922067,
            52.365402
          ],
          [
            4.922012,
            52.365364
          ],
          [
            4.92195,
            52.365326
          ],
          [
            4.921881,
            52.365284
          ],
          [
            4.921806,
            52.365238
          ],
          [
            4.921741,
            52.365196
          ],
          [
            4.921667,
            52.365154
          ],
          [
            4.921593,
            52.365108
          ],
          [
            4.92152,
            52.365063
          ],
          [
            4.921445,
            52.365017
          ],
          [
            4.92138,
            52.364975
          ],
          [
            4.921306,
            52.364929
          ],
          [
            4.921232,
            52.364883
          ],
          [
            4.921159,
            52.364841
          ],
          [
            4.921085,
            52.364796
          ],
          [
            4.921015,
            52.364754
          ],
          [
            4.920947,
            52.364708
          ],
          [
            4.920881,
            52.36467
          ],
          [
            4.920809,
            52.364624
          ],
          [
            4.920732,
            52.364578
          ],
          [
            4.920658,
            52.364532
          ],
          [
            4.920583,
            52.36449
          ],
          [
            4.92051,
            52.364452
          ],
          [
            4.920425,
            52.364414
          ],
          [
            4.920339,
            52.364372
          ],
          [
            4.920257,
            52.364338
          ],
          [
            4.920176,
            52.364304
          ],
          [
            4.920098,
            52.364269
          ],
          [
            4.920012,
            52.364235
          ],
          [
            4.919925,
            52.364201
          ],
          [
            4.919841,
            52.364166
          ],
          [
            4.919756,
            52.364136
          ],
          [
            4.919673,
            52.364105
          ],
          [
            4.919589,
            52.364079
          ],
          [
            4.919514,
            52.364052
          ],
          [
            4.919443,
            52.364021
          ],
          [
            4.919368,
            52.363991
          ],
          [
            4.919297,
            52.36396
          ],
          [
            4.919222,
            52.363926
          ],
          [
            4.919149,
            52.363895
          ],
          [
            4.919093,
            52.363869
          ],
          [
            4.919029,
            52.363846
          ],
          [
            4.918974,
            52.363834
          ],
          [
            4.918923,
            52.363831
          ],
          [
            4.918895,
            52.363834
          ],
          [
            4.91888,
            52.363842
          ],
          [
            4.91888,
            52.363842
          ],
          [
            4.91888,
            52.363842
          ],
          [
            4.91888,
            52.363842
          ],
          [
            4.91888,
            52.363842
          ],
          [
            4.91888,
            52.363842
          ],
          [
            4.918825,
            52.363857
          ],
          [
            4.918817,
            52.36385
          ],
          [
            4.918805,
            52.363838
          ],
          [
            4.91879,
            52.363819
          ],
          [
            4.918771,
            52.363796
          ],
          [
            4.91875,
            52.36377
          ],
          [
            4.918726,
            52.363743
          ],
          [
            4.918699,
            52.363693
          ],
          [
            4.918687,
            52.363659
          ],
          [
            4.918702,
            52.363625
          ],
          [
            4.918725,
            52.363606
          ],
          [
            4.918785,
            52.363567
          ],
          [
            4.91884,
            52.363544
          ],
          [
            4.918898,
            52.363518
          ],
          [
            4.918951,
            52.363495
          ],
          [
            4.919005,
            52.363483
          ],
          [
            4.919073,
            52.363476
          ],
          [
            4.919142,
            52.363461
          ],
          [
            4.919213,
            52.363434
          ],
          [
            4.919288,
            52.363419
          ],
          [
            4.919369,
            52.363411
          ],
          [
            4.919455,
            52.3634
          ],
          [
            4.919536,
            52.363388
          ],
          [
            4.919624,
            52.363373
          ],
          [
            4.919702,
            52.363358
          ],
          [
            4.919768,
            52.363335
          ],
          [
            4.919827,
            52.3633
          ],
          [
            4.919874,
            52.363266
          ],
          [
            4.919918,
            52.363232
          ],
          [
            4.919959,
            52.363197
          ],
          [
            4.919994,
            52.363163
          ],
          [
            4.920023,
            52.363129
          ],
          [
            4.920045,
            52.363091
          ],
          [
            4.92006,
            52.363064
          ],
          [
            4.920075,
            52.363045
          ],
          [
            4.920103,
            52.363018
          ],
          [
            4.920143,
            52.362991
          ],
          [
            4.92019,
            52.362965
          ],
          [
            4.920226,
            52.362942
          ],
          [
            4.920253,
            52.362927
          ],
          [
            4.920264,
            52.362919
          ],
          [
            4.920287,
            52.362911
          ],
          [
            4.920313,
            52.362888
          ],
          [
            4.920331,
            52.362869
          ],
          [
            4.920345,
            52.362858
          ],
          [
            4.920385,
            52.362835
          ],
          [
            4.920435,
            52.36282
          ],
          [
            4.920608,
            52.362835
          ],
          [
            4.920663,
            52.362854
          ],
          [
            4.920714,
            52.362881
          ],
          [
            4.920774,
            52.362904
          ],
          [
            4.920839,
            52.362927
          ],
          [
            4.92089,
            52.362942
          ],
          [
            4.921005,
            52.362965
          ],
          [
            4.921096,
            52.362972
          ],
          [
            4.921175,
            52.362984
          ],
          [
            4.921291,
            52.362991
          ],
          [
            4.921391,
            52.362999
          ],
          [
            4.921588,
            52.363003
          ],
          [
            4.921677,
            52.363007
          ],
          [
            4.921782,
            52.36301
          ],
          [
            4.921853,
            52.363014
          ],
          [
            4.921966,
            52.363018
          ],
          [
            4.922054,
            52.363022
          ],
          [
            4.922137,
            52.363022
          ],
          [
            4.922311,
            52.363026
          ],
          [
            4.9224,
            52.363029
          ],
          [
            4.922487,
            52.363029
          ],
          [
            4.922576,
            52.363033
          ],
          [
            4.922651,
            52.363033
          ],
          [
            4.922759,
            52.363029
          ],
          [
            4.922845,
            52.363018
          ],
          [
            4.922933,
            52.36301
          ],
          [
            4.923019,
            52.362995
          ],
          [
            4.923109,
            52.362984
          ],
          [
            4.923197,
            52.362957
          ],
          [
            4.923272,
            52.362919
          ],
          [
            4.923332,
            52.362881
          ],
          [
            4.923377,
            52.362835
          ],
          [
            4.923406,
            52.362793
          ],
          [
            4.923436,
            52.362747
          ],
          [
            4.92346,
            52.362701
          ],
          [
            4.923486,
            52.362656
          ],
          [
            4.923507,
            52.362606
          ],
          [
            4.923531,
            52.362549
          ],
          [
            4.923557,
            52.362488
          ],
          [
            4.923581,
            52.362431
          ],
          [
            4.923602,
            52.362377
          ],
          [
            4.92365,
            52.362259
          ],
          [
            4.923674,
            52.362194
          ],
          [
            4.923696,
            52.362141
          ],
          [
            4.923718,
            52.362087
          ],
          [
            4.923741,
            52.362049
          ],
          [
            4.923765,
            52.362011
          ],
          [
            4.923793,
            52.36198
          ],
          [
            4.923821,
            52.361965
          ],
          [
            4.923862,
            52.361958
          ],
          [
            4.923892,
            52.361961
          ],
          [
            4.923976,
            52.361973
          ],
          [
            4.924048,
            52.36198
          ],
          [
            4.924121,
            52.361988
          ],
          [
            4.924181,
            52.361996
          ],
          [
            4.924344,
            52.362011
          ],
          [
            4.92437,
            52.362015
          ],
          [
            4.924506,
            52.362038
          ],
          [
            4.924697,
            52.362068
          ],
          [
            4.92479,
            52.362083
          ],
          [
            4.924843,
            52.362091
          ],
          [
            4.924974,
            52.362118
          ],
          [
            4.925079,
            52.362137
          ],
          [
            4.925176,
            52.362156
          ],
          [
            4.925269,
            52.362175
          ],
          [
            4.925365,
            52.362198
          ],
          [
            4.925454,
            52.362217
          ],
          [
            4.92555,
            52.362236
          ],
          [
            4.925741,
            52.362274
          ],
          [
            4.925838,
            52.362293
          ],
          [
            4.925928,
            52.362312
          ],
          [
            4.926086,
            52.36235
          ],
          [
            4.926295,
            52.362392
          ],
          [
            4.926383,
            52.362412
          ],
          [
            4.926478,
            52.362431
          ],
          [
            4.92656,
            52.362446
          ],
          [
            4.926669,
            52.362469
          ],
          [
            4.926857,
            52.362507
          ],
          [
            4.926949,
            52.362526
          ],
          [
            4.927044,
            52.362545
          ],
          [
            4.927131,
            52.362568
          ],
          [
            4.927215,
            52.362587
          ],
          [
            4.927296,
            52.362602
          ],
          [
            4.927379,
            52.362614
          ],
          [
            4.927444,
            52.362606
          ],
          [
            4.927533,
            52.362564
          ],
          [
            4.927572,
            52.362526
          ],
          [
            4.927635,
            52.362446
          ],
          [
            4.927665,
            52.3624
          ],
          [
            4.927692,
            52.362343
          ],
          [
            4.927715,
            52.362301
          ],
          [
            4.927741,
            52.362251
          ],
          [
            4.927791,
            52.362144
          ],
          [
            4.927824,
            52.362095
          ],
          [
            4.927862,
            52.362041
          ],
          [
            4.9279,
            52.361988
          ],
          [
            4.92794,
            52.361935
          ],
          [
            4.928019,
            52.361828
          ],
          [
            4.928061,
            52.361767
          ],
          [
            4.928136,
            52.36166
          ],
          [
            4.928168,
            52.36161
          ],
          [
            4.928242,
            52.361492
          ],
          [
            4.928285,
            52.361454
          ],
          [
            4.928351,
            52.361359
          ],
          [
            4.92841,
            52.361271
          ],
          [
            4.928428,
            52.361229
          ],
          [
            4.928451,
            52.361187
          ],
          [
            4.92851,
            52.361092
          ],
          [
            4.928537,
            52.361046
          ],
          [
            4.928563,
            52.361008
          ],
          [
            4.928601,
            52.360947
          ],
          [
            4.928656,
            52.360893
          ],
          [
            4.928688,
            52.36087
          ],
          [
            4.928736,
            52.360855
          ],
          [
            4.928858,
            52.360847
          ],
          [
            4.928992,
            52.36087
          ],
          [
            4.929056,
            52.360886
          ],
          [
            4.929133,
            52.360905
          ],
          [
            4.929209,
            52.360924
          ],
          [
            4.929286,
            52.360943
          ],
          [
            4.929367,
            52.360962
          ],
          [
            4.929523,
            52.361
          ],
          [
            4.929708,
            52.361042
          ],
          [
            4.929793,
            52.361065
          ],
          [
            4.929877,
            52.361088
          ],
          [
            4.929966,
            52.361107
          ],
          [
            4.930053,
            52.361122
          ],
          [
            4.930148,
            52.361134
          ],
          [
            4.930235,
            52.361141
          ],
          [
            4.930322,
            52.361141
          ],
          [
            4.930364,
            52.361145
          ],
          [
            4.930497,
            52.361137
          ],
          [
            4.930586,
            52.361134
          ],
          [
            4.93074,
            52.361126
          ],
          [
            4.930868,
            52.361122
          ],
          [
            4.930851,
            52.361122
          ],
          [
            4.930906,
            52.361122
          ],
          [
            4.931303,
            52.361126
          ],
          [
            4.931369,
            52.361126
          ],
          [
            4.931407,
            52.361122
          ],
          [
            4.931399,
            52.361122
          ],
          [
            4.931406,
            52.361118
          ],
          [
            4.931483,
            52.361122
          ],
          [
            4.931944,
            52.361126
          ],
          [
            4.932122,
            52.361115
          ],
          [
            4.932315,
            52.361095
          ],
          [
            4.932541,
            52.361053
          ],
          [
            4.932633,
            52.361042
          ],
          [
            4.932712,
            52.361034
          ],
          [
            4.932813,
            52.361027
          ],
          [
            4.932906,
            52.361027
          ],
          [
            4.932996,
            52.361023
          ],
          [
            4.933084,
            52.361023
          ],
          [
            4.933267,
            52.361019
          ],
          [
            4.933453,
            52.361012
          ],
          [
            4.933551,
            52.361015
          ],
          [
            4.933621,
            52.361012
          ],
          [
            4.933655,
            52.361012
          ],
          [
            4.933829,
            52.361012
          ],
          [
            4.934025,
            52.361023
          ],
          [
            4.934128,
            52.361038
          ],
          [
            4.934229,
            52.361053
          ],
          [
            4.934297,
            52.361065
          ],
          [
            4.934423,
            52.361076
          ],
          [
            4.934452,
            52.36108
          ],
          [
            4.934716,
            52.361084
          ],
          [
            4.934915,
            52.361084
          ],
          [
            4.934959,
            52.36108
          ],
          [
            4.935218,
            52.36108
          ],
          [
            4.935329,
            52.36108
          ],
          [
            4.935341,
            52.361076
          ],
          [
            4.93562,
            52.36108
          ],
          [
            4.935722,
            52.36108
          ],
          [
            4.935714,
            52.36108
          ],
          [
            4.935924,
            52.361076
          ],
          [
            4.936079,
            52.361069
          ],
          [
            4.936203,
            52.361065
          ],
          [
            4.936422,
            52.361088
          ],
          [
            4.936535,
            52.361103
          ],
          [
            4.936617,
            52.361115
          ],
          [
            4.936834,
            52.361145
          ],
          [
            4.936932,
            52.361156
          ],
          [
            4.936996,
            52.361168
          ],
          [
            4.937119,
            52.361187
          ],
          [
            4.937109,
            52.361183
          ],
          [
            4.9373,
            52.361206
          ],
          [
            4.937416,
            52.361225
          ],
          [
            4.937487,
            52.361237
          ],
          [
            4.937612,
            52.361256
          ],
          [
            4.93771,
            52.361271
          ],
          [
            4.937886,
            52.361298
          ],
          [
            4.937973,
            52.361313
          ],
          [
            4.938099,
            52.361332
          ],
          [
            4.938201,
            52.361347
          ],
          [
            4.938299,
            52.361359
          ],
          [
            4.93849,
            52.361374
          ],
          [
            4.938587,
            52.361382
          ],
          [
            4.938566,
            52.361382
          ],
          [
            4.938761,
            52.361393
          ],
          [
            4.938842,
            52.361401
          ],
          [
            4.939,
            52.361416
          ],
          [
            4.939134,
            52.361431
          ],
          [
            4.939256,
            52.361446
          ],
          [
            4.939369,
            52.361465
          ],
          [
            4.93947,
            52.361484
          ],
          [
            4.939547,
            52.361488
          ],
          [
            4.93961,
            52.361492
          ],
          [
            4.93966,
            52.361496
          ],
          [
            4.939692,
            52.361496
          ],
          [
            4.939712,
            52.3615
          ],
          [
            4.939712,
            52.3615
          ],
          [
            4.939712,
            52.3615
          ],
          [
            4.939712,
            52.3615
          ],
          [
            4.939712,
            52.3615
          ],
          [
            4.939712,
            52.3615
          ],
          [
            4.939712,
            52.3615
          ],
          [
            4.93974,
            52.361507
          ],
          [
            4.939758,
            52.361511
          ],
          [
            4.939791,
            52.361515
          ],
          [
            4.939839,
            52.361526
          ],
          [
            4.939893,
            52.361538
          ],
          [
            4.939969,
            52.361557
          ],
          [
            4.940041,
            52.361568
          ],
          [
            4.940207,
            52.361591
          ],
          [
            4.940296,
            52.361603
          ],
          [
            4.940386,
            52.36161
          ],
          [
            4.940475,
            52.361626
          ],
          [
            4.940668,
            52.361652
          ],
          [
            4.940763,
            52.361671
          ],
          [
            4.940858,
            52.361691
          ],
          [
            4.940937,
            52.36171
          ],
          [
            4.941143,
            52.361755
          ],
          [
            4.941242,
            52.361771
          ],
          [
            4.941322,
            52.361782
          ],
          [
            4.9414,
            52.361794
          ],
          [
            4.941532,
            52.361813
          ],
          [
            4.941638,
            52.361828
          ],
          [
            4.941831,
            52.361855
          ],
          [
            4.94191,
            52.361866
          ],
          [
            4.942031,
            52.361881
          ],
          [
            4.942134,
            52.361897
          ],
          [
            4.942234,
            52.361908
          ],
          [
            4.942413,
            52.361931
          ],
          [
            4.942527,
            52.361946
          ],
          [
            4.942629,
            52.361958
          ],
          [
            4.942729,
            52.361973
          ],
          [
            4.942886,
            52.361996
          ],
          [
            4.943012,
            52.362015
          ],
          [
            4.943117,
            52.36203
          ],
          [
            4.943218,
            52.362041
          ],
          [
            4.943279,
            52.362049
          ],
          [
            4.943517,
            52.362072
          ],
          [
            4.943611,
            52.36208
          ],
          [
            4.943775,
            52.362099
          ],
          [
            4.94391,
            52.362118
          ],
          [
            4.944012,
            52.362129
          ],
          [
            4.944115,
            52.362141
          ],
          [
            4.944293,
            52.362167
          ],
          [
            4.944408,
            52.362183
          ],
          [
            4.944509,
            52.362194
          ],
          [
            4.944571,
            52.362202
          ],
          [
            4.944697,
            52.362221
          ],
          [
            4.944709,
            52.362221
          ],
          [
            4.94489,
            52.362248
          ],
          [
            4.945004,
            52.362259
          ],
          [
            4.945196,
            52.362286
          ],
          [
            4.945291,
            52.362301
          ],
          [
            4.945386,
            52.36232
          ],
          [
            4.945402,
            52.36232
          ],
          [
            4.94555,
            52.362343
          ],
          [
            4.945694,
            52.362354
          ],
          [
            4.945779,
            52.362328
          ],
          [
            4.945825,
            52.362301
          ],
          [
            4.945838,
            52.36227
          ],
          [
            4.945851,
            52.362248
          ],
          [
            4.945878,
            52.36219
          ],
          [
            4.945884,
            52.36216
          ],
          [
            4.945886,
            52.362129
          ],
          [
            4.945885,
            52.362095
          ],
          [
            4.945877,
            52.362057
          ],
          [
            4.945864,
            52.362022
          ],
          [
            4.945863,
            52.36198
          ],
          [
            4.945835,
            52.36195
          ],
          [
            4.94583,
            52.361904
          ],
          [
            4.945821,
            52.361874
          ],
          [
            4.945803,
            52.361839
          ],
          [
            4.945796,
            52.361809
          ],
          [
            4.945785,
            52.361774
          ],
          [
            4.945771,
            52.36174
          ],
          [
            4.945768,
            52.361713
          ],
          [
            4.945756,
            52.361679
          ],
          [
            4.945735,
            52.36163
          ],
          [
            4.945728,
            52.36158
          ],
          [
            4.945734,
            52.361565
          ],
          [
            4.94575,
            52.361546
          ],
          [
            4.945781,
            52.361534
          ],
          [
            4.945824,
            52.361519
          ],
          [
            4.945859,
            52.361511
          ],
          [
            4.945893,
            52.361496
          ],
          [
            4.945907,
            52.361481
          ],
          [
            4.945926,
            52.361454
          ],
          [
            4.945944,
            52.361408
          ],
          [
            4.945944,
            52.361385
          ],
          [
            4.945931,
            52.361351
          ],
          [
            4.945932,
            52.36132
          ],
          [
            4.945921,
            52.361267
          ],
          [
            4.94592,
            52.361187
          ],
          [
            4.945913,
            52.361164
          ],
          [
            4.945905,
            52.36113
          ],
          [
            4.945892,
            52.361088
          ],
          [
            4.945876,
            52.361053
          ],
          [
            4.945858,
            52.361027
          ],
          [
            4.945823,
            52.36097
          ],
          [
            4.945813,
            52.360935
          ],
          [
            4.945811,
            52.360893
          ],
          [
            4.945805,
            52.360867
          ],
          [
            4.945808,
            52.360828
          ],
          [
            4.945816,
            52.360805
          ],
          [
            4.945811,
            52.360775
          ],
          [
            4.9458,
            52.360741
          ],
          [
            4.945791,
            52.360714
          ],
          [
            4.945767,
            52.360653
          ],
          [
            4.945736,
            52.360596
          ],
          [
            4.94573,
            52.360565
          ],
          [
            4.945714,
            52.360542
          ],
          [
            4.945703,
            52.360519
          ],
          [
            4.945694,
            52.360489
          ],
          [
            4.9457,
            52.360451
          ],
          [
            4.945696,
            52.36042
          ],
          [
            4.945703,
            52.36039
          ],
          [
            4.945702,
            52.360359
          ],
          [
            4.945692,
            52.360325
          ],
          [
            4.945683,
            52.360287
          ],
          [
            4.945658,
            52.360256
          ],
          [
            4.945631,
            52.360233
          ],
          [
            4.945585,
            52.360172
          ],
          [
            4.945564,
            52.360134
          ],
          [
            4.945546,
            52.360104
          ],
          [
            4.945522,
            52.360065
          ],
          [
            4.945489,
            52.359989
          ],
          [
            4.945475,
            52.359951
          ],
          [
            4.945466,
            52.359909
          ],
          [
            4.945456,
            52.359863
          ],
          [
            4.945457,
            52.359821
          ],
          [
            4.945457,
            52.359772
          ],
          [
            4.945461,
            52.35973
          ],
          [
            4.945457,
            52.359688
          ],
          [
            4.945454,
            52.359646
          ],
          [
            4.945433,
            52.359604
          ],
          [
            4.945413,
            52.35957
          ],
          [
            4.945382,
            52.359516
          ],
          [
            4.94537,
            52.359493
          ],
          [
            4.94536,
            52.359459
          ],
          [
            4.94535,
            52.359425
          ],
          [
            4.945343,
            52.359386
          ],
          [
            4.945351,
            52.359348
          ],
          [
            4.94533,
            52.359276
          ],
          [
            4.945327,
            52.359238
          ],
          [
            4.945307,
            52.359207
          ],
          [
            4.945294,
            52.359184
          ],
          [
            4.945277,
            52.359161
          ],
          [
            4.945261,
            52.359127
          ],
          [
            4.945245,
            52.359096
          ],
          [
            4.94524,
            52.359062
          ],
          [
            4.945241,
            52.359024
          ],
          [
            4.945249,
            52.358948
          ],
          [
            4.945267,
            52.358906
          ],
          [
            4.945283,
            52.35886
          ],
          [
            4.945309,
            52.358818
          ],
          [
            4.945334,
            52.358788
          ],
          [
            4.945395,
            52.358727
          ],
          [
            4.945422,
            52.358707
          ],
          [
            4.945458,
            52.358696
          ],
          [
            4.945494,
            52.358688
          ],
          [
            4.945535,
            52.358685
          ],
          [
            4.945571,
            52.358685
          ],
          [
            4.945622,
            52.358685
          ],
          [
            4.94567,
            52.358685
          ],
          [
            4.945709,
            52.358685
          ],
          [
            4.945807,
            52.358688
          ],
          [
            4.945863,
            52.358688
          ],
          [
            4.945926,
            52.358688
          ],
          [
            4.946012,
            52.358669
          ],
          [
            4.946051,
            52.358662
          ],
          [
            4.946079,
            52.358635
          ],
          [
            4.946124,
            52.358574
          ],
          [
            4.946141,
            52.358509
          ],
          [
            4.946141,
            52.358471
          ],
          [
            4.946139,
            52.358433
          ],
          [
            4.946143,
            52.358383
          ],
          [
            4.946164,
            52.358356
          ],
          [
            4.946253,
            52.35833
          ],
          [
            4.946304,
            52.358322
          ],
          [
            4.946363,
            52.358318
          ],
          [
            4.946497,
            52.358311
          ],
          [
            4.946649,
            52.358311
          ],
          [
            4.946724,
            52.358307
          ],
          [
            4.946811,
            52.358303
          ],
          [
            4.946894,
            52.358299
          ],
          [
            4.946978,
            52.358295
          ],
          [
            4.94716,
            52.358288
          ],
          [
            4.947351,
            52.358284
          ],
          [
            4.947446,
            52.358284
          ],
          [
            4.947601,
            52.358295
          ],
          [
            4.947657,
            52.358315
          ],
          [
            4.947707,
            52.35833
          ],
          [
            4.947765,
            52.358356
          ],
          [
            4.947871,
            52.358421
          ],
          [
            4.947991,
            52.358494
          ],
          [
            4.948131,
            52.358562
          ],
          [
            4.948204,
            52.358593
          ],
          [
            4.94828,
            52.358624
          ],
          [
            4.948356,
            52.358662
          ],
          [
            4.948427,
            52.358696
          ],
          [
            4.948491,
            52.358727
          ],
          [
            4.948557,
            52.358757
          ],
          [
            4.948669,
            52.358826
          ],
          [
            4.94874,
            52.358849
          ],
          [
            4.948796,
            52.358875
          ],
          [
            4.948856,
            52.358902
          ],
          [
            4.948908,
            52.358917
          ],
          [
            4.948967,
            52.358921
          ],
          [
            4.94903,
            52.358906
          ],
          [
            4.949146,
            52.358841
          ],
          [
            4.949296,
            52.358784
          ],
          [
            4.949476,
            52.35878
          ],
          [
            4.949649,
            52.358822
          ],
          [
            4.949729,
            52.358856
          ],
          [
            4.949884,
            52.358929
          ],
          [
            4.949963,
            52.358967
          ],
          [
            4.950038,
            52.359005
          ],
          [
            4.950115,
            52.359043
          ],
          [
            4.950285,
            52.359112
          ],
          [
            4.950326,
            52.359131
          ],
          [
            4.95037,
            52.359154
          ],
          [
            4.950481,
            52.359207
          ],
          [
            4.950539,
            52.359238
          ],
          [
            4.950659,
            52.359299
          ],
          [
            4.950731,
            52.359333
          ],
          [
            4.950807,
            52.359367
          ],
          [
            4.950883,
            52.359402
          ],
          [
            4.951017,
            52.359467
          ],
          [
            4.951084,
            52.359501
          ],
          [
            4.951144,
            52.359524
          ],
          [
            4.951214,
            52.359547
          ],
          [
            4.95128,
            52.359562
          ],
          [
            4.95135,
            52.35957
          ],
          [
            4.951412,
            52.359573
          ],
          [
            4.951489,
            52.359573
          ],
          [
            4.951636,
            52.35957
          ],
          [
            4.951714,
            52.35957
          ],
          [
            4.951793,
            52.359573
          ],
          [
            4.951865,
            52.359577
          ],
          [
            4.952017,
            52.359589
          ],
          [
            4.952021,
            52.359589
          ],
          [
            4.952233,
            52.359581
          ],
          [
            4.952296,
            52.359566
          ],
          [
            4.95236,
            52.359539
          ],
          [
            4.952408,
            52.359509
          ],
          [
            4.952476,
            52.359421
          ],
          [
            4.952499,
            52.359364
          ],
          [
            4.952523,
            52.359249
          ],
          [
            4.952525,
            52.359184
          ],
          [
            4.952498,
            52.359055
          ],
          [
            4.952467,
            52.358986
          ],
          [
            4.952439,
            52.35894
          ],
          [
            4.952404,
            52.358894
          ],
          [
            4.952318,
            52.358803
          ],
          [
            4.952269,
            52.358768
          ],
          [
            4.952213,
            52.358727
          ],
          [
            4.952154,
            52.358685
          ],
          [
            4.952083,
            52.358643
          ],
          [
            4.952019,
            52.358612
          ],
          [
            4.951914,
            52.35854
          ],
          [
            4.951879,
            52.358517
          ],
          [
            4.951859,
            52.358486
          ],
          [
            4.95186,
            52.358463
          ],
          [
            4.951886,
            52.358437
          ],
          [
            4.951906,
            52.358417
          ],
          [
            4.951938,
            52.358398
          ],
          [
            4.951977,
            52.358372
          ],
          [
            4.952003,
            52.358353
          ],
          [
            4.952026,
            52.358334
          ],
          [
            4.952051,
            52.358292
          ],
          [
            4.952068,
            52.358257
          ],
          [
            4.952066,
            52.358223
          ],
          [
            4.952048,
            52.358196
          ],
          [
            4.951999,
            52.358166
          ],
          [
            4.95187,
            52.358143
          ],
          [
            4.95171,
            52.358135
          ],
          [
            4.951533,
            52.358139
          ],
          [
            4.951461,
            52.358143
          ],
          [
            4.951348,
            52.358147
          ],
          [
            4.951259,
            52.358151
          ],
          [
            4.951274,
            52.358151
          ],
          [
            4.950996,
            52.358158
          ],
          [
            4.951031,
            52.358158
          ],
          [
            4.950829,
            52.358162
          ],
          [
            4.950709,
            52.358166
          ],
          [
            4.950679,
            52.35817
          ],
          [
            4.950625,
            52.35817
          ],
          [
            4.950437,
            52.358181
          ],
          [
            4.950376,
            52.358185
          ],
          [
            4.950337,
            52.358185
          ],
          [
            4.950137,
            52.358192
          ],
          [
            4.950038,
            52.358196
          ],
          [
            4.949927,
            52.3582
          ],
          [
            4.9498,
            52.358204
          ],
          [
            4.949707,
            52.358208
          ],
          [
            4.949653,
            52.358212
          ],
          [
            4.949467,
            52.358219
          ],
          [
            4.949361,
            52.358223
          ],
          [
            4.949069,
            52.358238
          ],
          [
            4.948944,
            52.358242
          ],
          [
            4.948873,
            52.358246
          ],
          [
            4.948735,
            52.35825
          ],
          [
            4.948485,
            52.358261
          ],
          [
            4.948381,
            52.358265
          ],
          [
            4.948298,
            52.358273
          ],
          [
            4.948074,
            52.358288
          ],
          [
            4.948081,
            52.358288
          ],
          [
            4.947871,
            52.358292
          ],
          [
            4.947798,
            52.358292
          ],
          [
            4.94765,
            52.358295
          ],
          [
            4.947548,
            52.358295
          ],
          [
            4.94739,
            52.358299
          ],
          [
            4.947264,
            52.358299
          ],
          [
            4.947158,
            52.358299
          ],
          [
            4.947073,
            52.358299
          ],
          [
            4.946973,
            52.358303
          ],
          [
            4.946921,
            52.358299
          ],
          [
            4.946784,
            52.358303
          ],
          [
            4.946669,
            52.358307
          ],
          [
            4.946549,
            52.358315
          ],
          [
            4.946453,
            52.358322
          ],
          [
            4.946375,
            52.358326
          ],
          [
            4.946145,
            52.358337
          ],
          [
            4.945948,
            52.358349
          ],
          [
            4.945741,
            52.35836
          ],
          [
            4.945542,
            52.358364
          ],
          [
            4.945438,
            52.358368
          ],
          [
            4.945241,
            52.358376
          ],
          [
            4.945161,
            52.358379
          ],
          [
            4.945091,
            52.358387
          ],
          [
            4.944971,
            52.358383
          ],
          [
            4.944941,
            52.358376
          ],
          [
            4.944918,
            52.35836
          ],
          [
            4.944899,
            52.358345
          ],
          [
            4.944892,
            52.358315
          ],
          [
            4.944889,
            52.358288
          ],
          [
            4.944888,
            52.358257
          ],
          [
            4.944882,
            52.358231
          ],
          [
            4.944902,
            52.358162
          ],
          [
            4.94492,
            52.358131
          ],
          [
            4.945002,
            52.358063
          ],
          [
            4.945143,
            52.357998
          ],
          [
            4.945222,
            52.357964
          ],
          [
            4.945317,
            52.357925
          ],
          [
            4.945355,
            52.35791
          ],
          [
            4.945631,
            52.357811
          ],
          [
            4.945746,
            52.357765
          ],
          [
            4.94581,
            52.357738
          ],
          [
            4.945945,
            52.357677
          ],
          [
            4.946008,
            52.357647
          ],
          [
            4.946125,
            52.357582
          ],
          [
            4.946171,
            52.357555
          ],
          [
            4.94621,
            52.357536
          ],
          [
            4.946254,
            52.357513
          ],
          [
            4.946301,
            52.357487
          ],
          [
            4.946398,
            52.357429
          ],
          [
            4.946484,
            52.357376
          ],
          [
            4.946569,
            52.357323
          ],
          [
            4.946635,
            52.357285
          ],
          [
            4.946694,
            52.35725
          ],
          [
            4.946765,
            52.357204
          ],
          [
            4.946911,
            52.357117
          ],
          [
            4.946979,
            52.357075
          ],
          [
            4.947044,
            52.357037
          ],
          [
            4.94712,
            52.356991
          ],
          [
            4.947197,
            52.356941
          ],
          [
            4.947342,
            52.356857
          ],
          [
            4.947407,
            52.356815
          ],
          [
            4.94748,
            52.35677
          ],
          [
            4.947627,
            52.356682
          ],
          [
            4.947696,
            52.356636
          ],
          [
            4.947766,
            52.356594
          ],
          [
            4.947827,
            52.356556
          ],
          [
            4.947942,
            52.356487
          ],
          [
            4.948119,
            52.356373
          ],
          [
            4.948249,
            52.356293
          ],
          [
            4.94835,
            52.356224
          ],
          [
            4.948414,
            52.35619
          ],
          [
            4.948481,
            52.356152
          ],
          [
            4.948551,
            52.35611
          ],
          [
            4.948617,
            52.356071
          ],
          [
            4.948684,
            52.356033
          ],
          [
            4.948822,
            52.355961
          ],
          [
            4.948886,
            52.355923
          ],
          [
            4.948944,
            52.355892
          ],
          [
            4.949003,
            52.355858
          ],
          [
            4.949055,
            52.355824
          ],
          [
            4.949113,
            52.355785
          ],
          [
            4.949173,
            52.355747
          ],
          [
            4.949224,
            52.355713
          ],
          [
            4.949335,
            52.355637
          ],
          [
            4.949398,
            52.355595
          ],
          [
            4.949458,
            52.355549
          ],
          [
            4.94952,
            52.355511
          ],
          [
            4.949582,
            52.355469
          ],
          [
            4.949643,
            52.355434
          ],
          [
            4.949782,
            52.355343
          ],
          [
            4.94992,
            52.355255
          ],
          [
            4.949992,
            52.355209
          ],
          [
            4.950061,
            52.355167
          ],
          [
            4.950122,
            52.355129
          ],
          [
            4.950185,
            52.355091
          ],
          [
            4.950324,
            52.355007
          ],
          [
            4.950449,
            52.354935
          ],
          [
            4.950514,
            52.354897
          ],
          [
            4.950643,
            52.35482
          ],
          [
            4.950781,
            52.35474
          ],
          [
            4.95085,
            52.354698
          ],
          [
            4.950912,
            52.35466
          ],
          [
            4.950971,
            52.354622
          ],
          [
            4.951092,
            52.354546
          ],
          [
            4.951149,
            52.354507
          ],
          [
            4.951261,
            52.354435
          ],
          [
            4.951327,
            52.354401
          ],
          [
            4.951349,
            52.354393
          ],
          [
            4.951522,
            52.354359
          ],
          [
            4.951593,
            52.354359
          ],
          [
            4.951747,
            52.354382
          ],
          [
            4.951824,
            52.354393
          ],
          [
            4.951857,
            52.354401
          ],
          [
            4.951976,
            52.354408
          ],
          [
            4.952064,
            52.354412
          ],
          [
            4.952154,
            52.354412
          ],
          [
            4.952211,
            52.354412
          ],
          [
            4.9524,
            52.354397
          ],
          [
            4.952502,
            52.354385
          ],
          [
            4.952598,
            52.354366
          ],
          [
            4.952703,
            52.354343
          ],
          [
            4.952808,
            52.354317
          ],
          [
            4.953017,
            52.354267
          ],
          [
            4.953042,
            52.354259
          ],
          [
            4.953182,
            52.354237
          ],
          [
            4.953285,
            52.354237
          ],
          [
            4.953295,
            52.35424
          ],
          [
            4.953276,
            52.354252
          ],
          [
            4.953186,
            52.354271
          ],
          [
            4.953097,
            52.354267
          ],
          [
            4.953072,
            52.354259
          ],
          [
            4.953066,
            52.35424
          ],
          [
            4.953066,
            52.35424
          ],
          [
            4.953066,
            52.35424
          ],
          [
            4.953066,
            52.35424
          ],
          [
            4.95309,
            52.35421
          ],
          [
            4.9531,
            52.35421
          ],
          [
            4.953115,
            52.35421
          ],
          [
            4.953152,
            52.35421
          ],
          [
            4.953196,
            52.35421
          ],
          [
            4.953249,
            52.35421
          ],
          [
            4.953316,
            52.354206
          ],
          [
            4.953384,
            52.354206
          ],
          [
            4.953456,
            52.354206
          ],
          [
            4.953521,
            52.35421
          ],
          [
            4.953663,
            52.354218
          ],
          [
            4.953742,
            52.354221
          ],
          [
            4.953821,
            52.354225
          ],
          [
            4.953907,
            52.354229
          ],
          [
            4.95399,
            52.354229
          ],
          [
            4.954167,
            52.354233
          ],
          [
            4.954263,
            52.354237
          ],
          [
            4.954359,
            52.35424
          ],
          [
            4.95445,
            52.354244
          ],
          [
            4.954527,
            52.354252
          ],
          [
            4.95461,
            52.354252
          ],
          [
            4.954696,
            52.354259
          ],
          [
            4.954777,
            52.354256
          ],
          [
            4.954858,
            52.354248
          ],
          [
            4.954936,
            52.354248
          ],
          [
            4.955048,
            52.354225
          ],
          [
            4.955073,
            52.35421
          ],
          [
            4.955108,
            52.354183
          ],
          [
            4.955132,
            52.354157
          ],
          [
            4.955159,
            52.35413
          ],
          [
            4.955191,
            52.354095
          ],
          [
            4.955237,
            52.354061
          ],
          [
            4.955285,
            52.354027
          ],
          [
            4.955327,
            52.353996
          ],
          [
            4.955366,
            52.353962
          ],
          [
            4.955428,
            52.353924
          ],
          [
            4.955491,
            52.353882
          ],
          [
            4.955566,
            52.353832
          ],
          [
            4.955641,
            52.35379
          ],
          [
            4.955706,
            52.353752
          ],
          [
            4.955767,
            52.353722
          ],
          [
            4.95583,
            52.353718
          ],
          [
            4.955888,
            52.353729
          ],
          [
            4.955937,
            52.353756
          ],
          [
            4.955987,
            52.35379
          ],
          [
            4.95604,
            52.353825
          ],
          [
            4.956099,
            52.353863
          ],
          [
            4.95616,
            52.353897
          ],
          [
            4.956223,
            52.353931
          ],
          [
            4.956281,
            52.353962
          ],
          [
            4.956348,
            52.353992
          ],
          [
            4.956408,
            52.354027
          ],
          [
            4.956462,
            52.354061
          ],
          [
            4.956519,
            52.354095
          ],
          [
            4.95658,
            52.354126
          ],
          [
            4.956637,
            52.35416
          ],
          [
            4.956692,
            52.354191
          ],
          [
            4.956796,
            52.354256
          ],
          [
            4.956837,
            52.354286
          ],
          [
            4.956881,
            52.354321
          ],
          [
            4.956925,
            52.354355
          ],
          [
            4.956973,
            52.354385
          ],
          [
            4.957025,
            52.354416
          ],
          [
            4.957068,
            52.354443
          ],
          [
            4.957107,
            52.354469
          ],
          [
            4.957149,
            52.354496
          ],
          [
            4.957203,
            52.354511
          ],
          [
            4.957253,
            52.354507
          ],
          [
            4.957313,
            52.354488
          ],
          [
            4.957358,
            52.354454
          ],
          [
            4.957396,
            52.354416
          ],
          [
            4.957439,
            52.354378
          ],
          [
            4.957489,
            52.354343
          ],
          [
            4.95752,
            52.354324
          ],
          [
            4.957678,
            52.35424
          ],
          [
            4.957751,
            52.354214
          ],
          [
            4.957802,
            52.354195
          ],
          [
            4.957847,
            52.354164
          ],
          [
            4.957875,
            52.35413
          ],
          [
            4.957914,
            52.354095
          ],
          [
            4.958021,
            52.354023
          ],
          [
            4.958075,
            52.353985
          ],
          [
            4.958131,
            52.353947
          ],
          [
            4.958186,
            52.353909
          ],
          [
            4.958226,
            52.353859
          ],
          [
            4.95827,
            52.353832
          ],
          [
            4.958369,
            52.353771
          ],
          [
            4.958442,
            52.353733
          ],
          [
            4.958576,
            52.353657
          ],
          [
            4.958644,
            52.353619
          ],
          [
            4.958718,
            52.353573
          ],
          [
            4.958786,
            52.353531
          ],
          [
            4.958857,
            52.353489
          ],
          [
            4.958991,
            52.353405
          ],
          [
            4.959063,
            52.353363
          ],
          [
            4.959109,
            52.353333
          ],
          [
            4.95916,
            52.353302
          ],
          [
            4.959209,
            52.353271
          ],
          [
            4.959333,
            52.353199
          ],
          [
            4.959339,
            52.353203
          ],
          [
            4.959497,
            52.353184
          ],
          [
            4.959577,
            52.353195
          ],
          [
            4.959733,
            52.353249
          ],
          [
            4.95981,
            52.353287
          ],
          [
            4.95989,
            52.353325
          ],
          [
            4.959969,
            52.353359
          ],
          [
            4.960125,
            52.353413
          ],
          [
            4.960212,
            52.353432
          ],
          [
            4.960294,
            52.353458
          ],
          [
            4.960376,
            52.353489
          ],
          [
            4.960451,
            52.353516
          ],
          [
            4.960601,
            52.353584
          ],
          [
            4.960666,
            52.353607
          ],
          [
            4.960752,
            52.353645
          ],
          [
            4.960817,
            52.353676
          ],
          [
            4.960918,
            52.353737
          ],
          [
            4.96091,
            52.353771
          ],
          [
            4.960875,
            52.353802
          ],
          [
            4.96083,
            52.35384
          ],
          [
            4.960721,
            52.353893
          ],
          [
            4.960664,
            52.35392
          ],
          [
            4.960609,
            52.353951
          ],
          [
            4.960516,
            52.354019
          ],
          [
            4.96045,
            52.354046
          ],
          [
            4.960396,
            52.354084
          ],
          [
            4.960363,
            52.354118
          ],
          [
            4.960363,
            52.354183
          ],
          [
            4.960374,
            52.354214
          ],
          [
            4.96038,
            52.354225
          ],
          [
            4.960392,
            52.354248
          ],
          [
            4.960399,
            52.354259
          ],
          [
            4.960374,
            52.354359
          ],
          [
            4.960337,
            52.354374
          ],
          [
            4.960284,
            52.354397
          ],
          [
            4.960239,
            52.354423
          ],
          [
            4.960189,
            52.35445
          ],
          [
            4.960086,
            52.354511
          ],
          [
            4.960035,
            52.354546
          ],
          [
            4.959991,
            52.35458
          ],
          [
            4.959976,
            52.35466
          ],
          [
            4.96002,
            52.35474
          ],
          [
            4.960024,
            52.354782
          ],
          [
            4.960013,
            52.35482
          ],
          [
            4.960012,
            52.354843
          ],
          [
            4.960025,
            52.354912
          ],
          [
            4.960064,
            52.354946
          ],
          [
            4.960175,
            52.355015
          ],
          [
            4.960234,
            52.355045
          ],
          [
            4.960342,
            52.355114
          ],
          [
            4.960399,
            52.355152
          ],
          [
            4.960452,
            52.355187
          ],
          [
            4.96051,
            52.355217
          ],
          [
            4.960624,
            52.355255
          ],
          [
            4.960676,
            52.355267
          ],
          [
            4.960713,
            52.355274
          ],
          [
            4.960931,
            52.355335
          ],
          [
            4.960999,
            52.355362
          ],
          [
            4.961063,
            52.355392
          ],
          [
            4.961116,
            52.355415
          ],
          [
            4.961228,
            52.355457
          ],
          [
            4.961277,
            52.355461
          ],
          [
            4.961325,
            52.35545
          ],
          [
            4.961363,
            52.355427
          ],
          [
            4.961443,
            52.355362
          ],
          [
            4.96149,
            52.355339
          ],
          [
            4.961541,
            52.355305
          ],
          [
            4.961588,
            52.355274
          ],
          [
            4.961698,
            52.355213
          ],
          [
            4.961807,
            52.355141
          ],
          [
            4.961867,
            52.35511
          ],
          [
            4.961919,
            52.355076
          ],
          [
            4.961976,
            52.355041
          ],
          [
            4.962029,
            52.355011
          ],
          [
            4.962087,
            52.354973
          ],
          [
            4.962135,
            52.354946
          ],
          [
            4.962184,
            52.354919
          ],
          [
            4.962222,
            52.354919
          ],
          [
            4.962233,
            52.354919
          ],
          [
            4.962253,
            52.354923
          ],
          [
            4.962369,
            52.354961
          ],
          [
            4.962413,
            52.35498
          ],
          [
            4.962448,
            52.355
          ],
          [
            4.962484,
            52.355026
          ],
          [
            4.962524,
            52.355057
          ],
          [
            4.962598,
            52.355099
          ],
          [
            4.962645,
            52.35511
          ],
          [
            4.9627,
            52.355114
          ],
          [
            4.962709,
            52.35511
          ],
          [
            4.962772,
            52.355068
          ],
          [
            4.962808,
            52.355038
          ],
          [
            4.962828,
            52.355007
          ],
          [
            4.962853,
            52.354984
          ],
          [
            4.962874,
            52.354961
          ],
          [
            4.962894,
            52.354938
          ],
          [
            4.962918,
            52.354919
          ],
          [
            4.962918,
            52.354919
          ],
          [
            4.962918,
            52.354919
          ],
          [
            4.962918,
            52.354919
          ],
          [
            4.962918,
            52.354919
          ],
          [
            4.962983,
            52.354897
          ],
          [
            4.963015,
            52.354881
          ],
          [
            4.963016,
            52.354877
          ],
          [
            4.963016,
            52.354877
          ],
          [
            4.963016,
            52.354877
          ],
          [
            4.963087,
            52.354877
          ],
          [
            4.963096,
            52.354874
          ],
          [
            4.963096,
            52.354874
          ],
          [
            4.963096,
            52.354874
          ],
          [
            4.963096,
            52.354874
          ],
          [
            4.963096,
            52.354874
          ],
          [
            4.963096,
            52.354874
          ],
          [
            4.963096,
            52.354874
          ],
          [
            4.963114,
            52.354847
          ],
          [
            4.963121,
            52.354851
          ],
          [
            4.963118,
            52.354862
          ],
          [
            4.963098,
            52.354874
          ],
          [
            4.963043,
            52.354912
          ],
          [
            4.962997,
            52.354923
          ],
          [
            4.962911,
            52.354961
          ],
          [
            4.962875,
            52.354984
          ],
          [
            4.962837,
            52.355011
          ],
          [
            4.962795,
            52.355026
          ],
          [
            4.962724,
            52.355049
          ],
          [
            4.962657,
            52.355038
          ],
          [
            4.962648,
            52.355034
          ],
          [
            4.962635,
            52.35503
          ],
          [
            4.962613,
            52.355019
          ],
          [
            4.962482,
            52.354954
          ],
          [
            4.962442,
            52.354935
          ],
          [
            4.962404,
            52.354904
          ],
          [
            4.962391,
            52.354885
          ],
          [
            4.9624,
            52.354855
          ],
          [
            4.962422,
            52.354828
          ],
          [
            4.962462,
            52.354801
          ],
          [
            4.96251,
            52.354786
          ],
          [
            4.962552,
            52.354771
          ],
          [
            4.962585,
            52.354759
          ],
          [
            4.962673,
            52.354706
          ],
          [
            4.962721,
            52.354656
          ],
          [
            4.962739,
            52.354599
          ],
          [
            4.962775,
            52.35458
          ],
          [
            4.962817,
            52.354553
          ],
          [
            4.962862,
            52.354523
          ],
          [
            4.962911,
            52.354496
          ],
          [
            4.962964,
            52.354465
          ],
          [
            4.963016,
            52.354435
          ],
          [
            4.963068,
            52.354404
          ],
          [
            4.963166,
            52.35437
          ],
          [
            4.963268,
            52.354389
          ],
          [
            4.963316,
            52.354412
          ],
          [
            4.963368,
            52.354443
          ],
          [
            4.963422,
            52.354469
          ],
          [
            4.963479,
            52.3545
          ],
          [
            4.963534,
            52.354534
          ],
          [
            4.963592,
            52.354569
          ],
          [
            4.963647,
            52.354607
          ],
          [
            4.963704,
            52.354649
          ],
          [
            4.963756,
            52.354691
          ],
          [
            4.963799,
            52.35474
          ],
          [
            4.963833,
            52.35479
          ],
          [
            4.963853,
            52.354839
          ],
          [
            4.963861,
            52.354893
          ],
          [
            4.96386,
            52.354946
          ],
          [
            4.963844,
            52.354992
          ],
          [
            4.963814,
            52.355038
          ],
          [
            4.963772,
            52.355076
          ],
          [
            4.963719,
            52.355118
          ],
          [
            4.963655,
            52.355156
          ],
          [
            4.963592,
            52.355187
          ],
          [
            4.963523,
            52.355221
          ],
          [
            4.963461,
            52.355255
          ],
          [
            4.963396,
            52.355286
          ],
          [
            4.963329,
            52.35532
          ],
          [
            4.963268,
            52.355354
          ],
          [
            4.963205,
            52.355385
          ],
          [
            4.963141,
            52.355415
          ],
          [
            4.963104,
            52.355434
          ],
          [
            4.96302,
            52.355473
          ],
          [
            4.962973,
            52.355503
          ],
          [
            4.962929,
            52.355526
          ],
          [
            4.962879,
            52.355545
          ],
          [
            4.962827,
            52.35556
          ],
          [
            4.962775,
            52.355583
          ],
          [
            4.962716,
            52.355606
          ],
          [
            4.962655,
            52.355629
          ],
          [
            4.962592,
            52.355656
          ],
          [
            4.962521,
            52.35569
          ],
          [
            4.962451,
            52.355721
          ],
          [
            4.962374,
            52.355751
          ],
          [
            4.962247,
            52.355801
          ],
          [
            4.962197,
            52.35582
          ],
          [
            4.962163,
            52.355831
          ],
          [
            4.962124,
            52.355843
          ],
          [
            4.962089,
            52.355854
          ],
          [
            4.96206,
            52.355866
          ],
          [
            4.962027,
            52.355877
          ],
          [
            4.961977,
            52.3559
          ],
          [
            4.96193,
            52.355919
          ],
          [
            4.961871,
            52.355942
          ],
          [
            4.961809,
            52.355968
          ],
          [
            4.961747,
            52.355991
          ],
          [
            4.961675,
            52.356014
          ],
          [
            4.961603,
            52.356037
          ],
          [
            4.96152,
            52.356068
          ],
          [
            4.961437,
            52.356098
          ],
          [
            4.961351,
            52.356125
          ],
          [
            4.961263,
            52.356159
          ],
          [
            4.961177,
            52.35619
          ],
          [
            4.961096,
            52.356216
          ],
          [
            4.961006,
            52.356247
          ],
          [
            4.960914,
            52.356274
          ],
          [
            4.960844,
            52.356297
          ],
          [
            4.960758,
            52.356319
          ],
          [
            4.960674,
            52.356342
          ],
          [
            4.960588,
            52.356365
          ],
          [
            4.960513,
            52.356381
          ],
          [
            4.960438,
            52.356392
          ],
          [
            4.960364,
            52.356403
          ],
          [
            4.960306,
            52.356422
          ],
          [
            4.960263,
            52.356449
          ],
          [
            4.960224,
            52.356476
          ],
          [
            4.960178,
            52.356499
          ],
          [
            4.96012,
            52.356533
          ],
          [
            4.960063,
            52.356564
          ],
          [
            4.959919,
            52.356625
          ],
          [
            4.959851,
            52.356644
          ],
          [
            4.959774,
            52.356663
          ],
          [
            4.959614,
            52.356693
          ],
          [
            4.959555,
            52.356705
          ],
          [
            4.959449,
            52.356728
          ],
          [
            4.959303,
            52.356758
          ],
          [
            4.959218,
            52.356777
          ],
          [
            4.959145,
            52.356792
          ],
          [
            4.959063,
            52.356808
          ],
          [
            4.95899,
            52.356823
          ],
          [
            4.958927,
            52.356834
          ],
          [
            4.958852,
            52.35685
          ],
          [
            4.958781,
            52.356861
          ],
          [
            4.958713,
            52.356873
          ],
          [
            4.958656,
            52.35688
          ],
          [
            4.958584,
            52.356892
          ],
          [
            4.958522,
            52.356899
          ],
          [
            4.95846,
            52.356907
          ],
          [
            4.958404,
            52.356915
          ],
          [
            4.958341,
            52.356922
          ],
          [
            4.958274,
            52.356934
          ],
          [
            4.958203,
            52.356945
          ],
          [
            4.958134,
            52.356957
          ],
          [
            4.958085,
            52.356964
          ],
          [
            4.95799,
            52.356979
          ],
          [
            4.957911,
            52.356987
          ],
          [
            4.957871,
            52.356991
          ],
          [
            4.957747,
            52.357006
          ],
          [
            4.957675,
            52.357014
          ],
          [
            4.957576,
            52.357025
          ],
          [
            4.957501,
            52.357033
          ],
          [
            4.957422,
            52.357044
          ],
          [
            4.957346,
            52.357056
          ],
          [
            4.957272,
            52.357067
          ],
          [
            4.957193,
            52.357075
          ],
          [
            4.957119,
            52.357082
          ],
          [
            4.957033,
            52.35709
          ],
          [
            4.95695,
            52.357098
          ],
          [
            4.956865,
            52.357105
          ],
          [
            4.956845,
            52.357105
          ],
          [
            4.956689,
            52.357113
          ],
          [
            4.956588,
            52.357117
          ],
          [
            4.956498,
            52.357121
          ],
          [
            4.956413,
            52.357128
          ],
          [
            4.956328,
            52.357132
          ],
          [
            4.95625,
            52.35714
          ],
          [
            4.956193,
            52.357155
          ],
          [
            4.956166,
            52.35717
          ],
          [
            4.956162,
            52.357231
          ],
          [
            4.956197,
            52.357265
          ],
          [
            4.956248,
            52.357296
          ],
          [
            4.956295,
            52.357323
          ],
          [
            4.956372,
            52.357361
          ],
          [
            4.956442,
            52.357388
          ],
          [
            4.956489,
            52.357403
          ],
          [
            4.9566,
            52.357433
          ],
          [
            4.95665,
            52.357449
          ],
          [
            4.95675,
            52.357471
          ],
          [
            4.956827,
            52.357487
          ],
          [
            4.9569,
            52.357502
          ],
          [
            4.956982,
            52.357517
          ],
          [
            4.957054,
            52.357529
          ],
          [
            4.957102,
            52.357548
          ],
          [
            4.95713,
            52.357571
          ],
          [
            4.957136,
            52.35759
          ],
          [
            4.957124,
            52.357605
          ],
          [
            4.957085,
            52.357613
          ],
          [
            4.957033,
            52.35762
          ],
          [
            4.956962,
            52.357624
          ],
          [
            4.956887,
            52.357628
          ],
          [
            4.956811,
            52.357632
          ],
          [
            4.956722,
            52.357636
          ],
          [
            4.956638,
            52.357636
          ],
          [
            4.956545,
            52.357639
          ],
          [
            4.956452,
            52.357643
          ],
          [
            4.956353,
            52.357647
          ],
          [
            4.95627,
            52.357651
          ],
          [
            4.956246,
            52.357651
          ],
          [
            4.956079,
            52.357662
          ],
          [
            4.955938,
            52.35767
          ],
          [
            4.955827,
            52.357674
          ],
          [
            4.955835,
            52.357677
          ],
          [
            4.955659,
            52.357689
          ],
          [
            4.95555,
            52.357693
          ],
          [
            4.95544,
            52.357697
          ],
          [
            4.955421,
            52.357697
          ],
          [
            4.955227,
            52.357704
          ],
          [
            4.955132,
            52.357708
          ],
          [
            4.95503,
            52.357712
          ],
          [
            4.955037,
            52.357708
          ],
          [
            4.954858,
            52.357719
          ],
          [
            4.954743,
            52.357727
          ],
          [
            4.954753,
            52.357727
          ],
          [
            4.954538,
            52.357731
          ],
          [
            4.954434,
            52.357735
          ],
          [
            4.954437,
            52.357735
          ],
          [
            4.954248,
            52.357742
          ],
          [
            4.954201,
            52.357742
          ],
          [
            4.954056,
            52.35775
          ],
          [
            4.953941,
            52.357754
          ],
          [
            4.953921,
            52.357754
          ],
          [
            4.953716,
            52.357758
          ],
          [
            4.953614,
            52.357761
          ],
          [
            4.95351,
            52.357765
          ],
          [
            4.953495,
            52.357765
          ],
          [
            4.953425,
            52.357765
          ],
          [
            4.953248,
            52.357777
          ],
          [
            4.953253,
            52.357777
          ],
          [
            4.953097,
            52.357803
          ],
          [
            4.952976,
            52.357853
          ],
          [
            4.95295,
            52.357876
          ],
          [
            4.952943,
            52.357906
          ],
          [
            4.95295,
            52.357933
          ],
          [
            4.952963,
            52.357967
          ],
          [
            4.95298,
            52.358002
          ],
          [
            4.953004,
            52.35804
          ],
          [
            4.953022,
            52.358067
          ],
          [
            4.95303,
            52.358082
          ],
          [
            4.953027,
            52.358101
          ],
          [
            4.95301,
            52.358109
          ],
          [
            4.952984,
            52.358109
          ],
          [
            4.952949,
            52.358101
          ],
          [
            4.952902,
            52.358093
          ],
          [
            4.952857,
            52.358093
          ],
          [
            4.952777,
            52.358089
          ],
          [
            4.952698,
            52.358089
          ],
          [
            4.952616,
            52.358093
          ],
          [
            4.952559,
            52.358093
          ],
          [
            4.952445,
            52.358089
          ],
          [
            4.952356,
            52.358089
          ],
          [
            4.952282,
            52.358093
          ],
          [
            4.952219,
            52.358109
          ],
          [
            4.952179,
            52.358131
          ],
          [
            4.952157,
            52.358154
          ],
          [
            4.952142,
            52.358192
          ],
          [
            4.952126,
            52.358227
          ],
          [
            4.952111,
            52.358269
          ],
          [
            4.95208,
            52.358307
          ],
          [
            4.952034,
            52.358349
          ],
          [
            4.951984,
            52.358376
          ],
          [
            4.951932,
            52.358406
          ],
          [
            4.951893,
            52.358437
          ],
          [
            4.951873,
            52.358459
          ],
          [
            4.951875,
            52.35849
          ],
          [
            4.951895,
            52.358524
          ],
          [
            4.951939,
            52.358562
          ],
          [
            4.95199,
            52.358593
          ],
          [
            4.952046,
            52.358616
          ],
          [
            4.952107,
            52.358643
          ],
          [
            4.95216,
            52.358665
          ],
          [
            4.952223,
            52.358696
          ],
          [
            4.952272,
            52.358727
          ],
          [
            4.952324,
            52.358765
          ],
          [
            4.952373,
            52.358807
          ],
          [
            4.952417,
            52.358845
          ],
          [
            4.952455,
            52.358891
          ],
          [
            4.952493,
            52.358948
          ],
          [
            4.952521,
            52.35899
          ],
          [
            4.952538,
            52.359039
          ],
          [
            4.952557,
            52.359089
          ],
          [
            4.952565,
            52.359146
          ],
          [
            4.952571,
            52.359192
          ],
          [
            4.952569,
            52.359238
          ],
          [
            4.952561,
            52.359291
          ],
          [
            4.952548,
            52.359341
          ],
          [
            4.952529,
            52.359394
          ],
          [
            4.952495,
            52.359447
          ],
          [
            4.952464,
            52.359501
          ],
          [
            4.95243,
            52.35955
          ],
          [
            4.952372,
            52.3596
          ],
          [
            4.952328,
            52.359646
          ],
          [
            4.952271,
            52.359692
          ],
          [
            4.952213,
            52.359737
          ],
          [
            4.95215,
            52.359787
          ],
          [
            4.952082,
            52.359833
          ],
          [
            4.952007,
            52.359886
          ],
          [
            4.951927,
            52.359947
          ],
          [
            4.951851,
            52.360008
          ],
          [
            4.951784,
            52.360058
          ],
          [
            4.951723,
            52.360111
          ],
          [
            4.951661,
            52.360161
          ],
          [
            4.951603,
            52.36021
          ],
          [
            4.951542,
            52.360264
          ],
          [
            4.951489,
            52.360317
          ],
          [
            4.951445,
            52.360371
          ],
          [
            4.951409,
            52.360432
          ],
          [
            4.951383,
            52.360489
          ],
          [
            4.951365,
            52.360546
          ],
          [
            4.951354,
            52.360611
          ],
          [
            4.95135,
            52.360672
          ],
          [
            4.95135,
            52.360737
          ],
          [
            4.95135,
            52.360798
          ],
          [
            4.951347,
            52.360859
          ],
          [
            4.951356,
            52.360924
          ],
          [
            4.951362,
            52.360985
          ],
          [
            4.951363,
            52.361042
          ],
          [
            4.95136,
            52.361103
          ],
          [
            4.951355,
            52.361153
          ],
          [
            4.951328,
            52.361202
          ],
          [
            4.951284,
            52.361248
          ],
          [
            4.951242,
            52.361282
          ],
          [
            4.95119,
            52.361305
          ],
          [
            4.951145,
            52.36134
          ],
          [
            4.951111,
            52.361374
          ],
          [
            4.951078,
            52.361412
          ],
          [
            4.951072,
            52.361458
          ],
          [
            4.951083,
            52.3615
          ],
          [
            4.9511,
            52.361523
          ],
          [
            4.95112,
            52.361553
          ],
          [
            4.95114,
            52.36158
          ],
          [
            4.951155,
            52.36161
          ],
          [
            4.951163,
            52.361637
          ],
          [
            4.951163,
            52.361664
          ],
          [
            4.951164,
            52.361694
          ],
          [
            4.951158,
            52.361713
          ],
          [
            4.951148,
            52.361729
          ],
          [
            4.951148,
            52.361729
          ],
          [
            4.95113,
            52.36174
          ],
          [
            4.95113,
            52.36174
          ],
          [
            4.95113,
            52.36174
          ],
          [
            4.95113,
            52.36174
          ],
          [
            4.95113,
            52.36174
          ],
          [
            4.95113,
            52.36174
          ],
          [
            4.951094,
            52.361763
          ],
          [
            4.951094,
            52.361763
          ],
          [
            4.951094,
            52.361763
          ],
          [
            4.951094,
            52.361763
          ],
          [
            4.951073,
            52.361771
          ],
          [
            4.951073,
            52.361771
          ],
          [
            4.951073,
            52.361771
          ],
          [
            4.951045,
            52.361778
          ],
          [
            4.951031,
            52.361782
          ],
          [
            4.951011,
            52.361794
          ],
          [
            4.950943,
            52.361813
          ],
          [
            4.950913,
            52.361824
          ],
          [
            4.950869,
            52.361843
          ],
          [
            4.950825,
            52.361862
          ],
          [
            4.950778,
            52.361874
          ],
          [
            4.950726,
            52.361885
          ],
          [
            4.950643,
            52.361912
          ],
          [
            4.950605,
            52.361927
          ],
          [
            4.950574,
            52.361935
          ],
          [
            4.950547,
            52.361938
          ],
          [
            4.950506,
            52.36195
          ],
          [
            4.950449,
            52.361977
          ],
          [
            4.950449,
            52.361977
          ],
          [
            4.950429,
            52.362003
          ],
          [
            4.950429,
            52.362003
          ],
          [
            4.950429,
            52.362003
          ],
          [
            4.950429,
            52.362003
          ],
          [
            4.950427,
            52.362026
          ],
          [
            4.950433,
            52.362038
          ],
          [
            4.95044,
            52.362045
          ],
          [
            4.950453,
            52.362076
          ],
          [
            4.950463,
            52.362095
          ],
          [
            4.950464,
            52.362152
          ],
          [
            4.950456,
            52.362194
          ],
          [
            4.9505,
            52.362263
          ],
          [
            4.950535,
            52.362286
          ],
          [
            4.950583,
            52.362297
          ],
          [
            4.950637,
            52.362309
          ],
          [
            4.9507,
            52.362324
          ],
          [
            4.950756,
            52.362335
          ],
          [
            4.950818,
            52.36235
          ],
          [
            4.950883,
            52.36237
          ],
          [
            4.950942,
            52.362392
          ],
          [
            4.951006,
            52.362419
          ],
          [
            4.951064,
            52.362442
          ],
          [
            4.951129,
            52.362476
          ],
          [
            4.951187,
            52.362503
          ],
          [
            4.951236,
            52.36253
          ],
          [
            4.951307,
            52.362576
          ],
          [
            4.951335,
            52.362598
          ],
          [
            4.951354,
            52.362617
          ],
          [
            4.951385,
            52.362663
          ],
          [
            4.951396,
            52.362686
          ],
          [
            4.951406,
            52.362709
          ],
          [
            4.951419,
            52.362736
          ],
          [
            4.951431,
            52.362755
          ],
          [
            4.951439,
            52.362778
          ],
          [
            4.951452,
            52.362801
          ],
          [
            4.951459,
            52.362827
          ],
          [
            4.951463,
            52.362858
          ],
          [
            4.951472,
            52.362892
          ],
          [
            4.951479,
            52.362961
          ],
          [
            4.95148,
            52.362999
          ],
          [
            4.951488,
            52.363029
          ],
          [
            4.951501,
            52.363075
          ],
          [
            4.951555,
            52.36314
          ],
          [
            4.951594,
            52.363171
          ],
          [
            4.95165,
            52.363193
          ],
          [
            4.951706,
            52.36322
          ],
          [
            4.951767,
            52.363239
          ],
          [
            4.951825,
            52.363255
          ],
          [
            4.951888,
            52.363274
          ],
          [
            4.951954,
            52.363293
          ],
          [
            4.952024,
            52.363308
          ],
          [
            4.952085,
            52.363319
          ],
          [
            4.952137,
            52.363327
          ],
          [
            4.952206,
            52.363338
          ],
          [
            4.952271,
            52.363346
          ],
          [
            4.952408,
            52.363358
          ],
          [
            4.952484,
            52.363365
          ],
          [
            4.952632,
            52.363377
          ],
          [
            4.952707,
            52.363384
          ],
          [
            4.952762,
            52.363392
          ],
          [
            4.952856,
            52.363415
          ],
          [
            4.95293,
            52.363438
          ],
          [
            4.952995,
            52.363461
          ],
          [
            4.953055,
            52.363483
          ],
          [
            4.953168,
            52.363537
          ],
          [
            4.953263,
            52.363594
          ],
          [
            4.953358,
            52.363678
          ],
          [
            4.953406,
            52.36372
          ],
          [
            4.953454,
            52.363758
          ],
          [
            4.95356,
            52.363846
          ],
          [
            4.95361,
            52.363884
          ],
          [
            4.953661,
            52.36393
          ],
          [
            4.953711,
            52.363972
          ],
          [
            4.953753,
            52.364014
          ],
          [
            4.953836,
            52.364094
          ],
          [
            4.95388,
            52.364132
          ],
          [
            4.953928,
            52.364182
          ],
          [
            4.954016,
            52.364262
          ],
          [
            4.954065,
            52.364307
          ],
          [
            4.954117,
            52.364353
          ],
          [
            4.954165,
            52.364395
          ],
          [
            4.954217,
            52.364441
          ],
          [
            4.954268,
            52.364483
          ],
          [
            4.954319,
            52.364532
          ],
          [
            4.954428,
            52.364628
          ],
          [
            4.954482,
            52.364677
          ],
          [
            4.954533,
            52.364723
          ],
          [
            4.954586,
            52.364773
          ],
          [
            4.954638,
            52.364819
          ],
          [
            4.954743,
            52.36491
          ],
          [
            4.954794,
            52.364952
          ],
          [
            4.954841,
            52.36499
          ],
          [
            4.954947,
            52.365063
          ],
          [
            4.955008,
            52.365089
          ],
          [
            4.955073,
            52.365112
          ],
          [
            4.955119,
            52.365128
          ],
          [
            4.955171,
            52.365135
          ],
          [
            4.955224,
            52.365143
          ],
          [
            4.955282,
            52.365154
          ],
          [
            4.955344,
            52.365162
          ],
          [
            4.955406,
            52.365166
          ],
          [
            4.95547,
            52.36517
          ],
          [
            4.955537,
            52.365173
          ],
          [
            4.955598,
            52.365173
          ],
          [
            4.955662,
            52.365177
          ],
          [
            4.95572,
            52.365177
          ],
          [
            4.955781,
            52.365181
          ],
          [
            4.955839,
            52.365185
          ],
          [
            4.955903,
            52.365189
          ],
          [
            4.955954,
            52.365192
          ],
          [
            4.955999,
            52.365196
          ],
          [
            4.956074,
            52.365215
          ],
          [
            4.956093,
            52.365227
          ],
          [
            4.95613,
            52.365269
          ],
          [
            4.956151,
            52.365299
          ],
          [
            4.956179,
            52.365337
          ],
          [
            4.956208,
            52.365395
          ],
          [
            4.956239,
            52.365482
          ],
          [
            4.956249,
            52.36552
          ],
          [
            4.956257,
            52.365551
          ],
          [
            4.956268,
            52.365608
          ],
          [
            4.956273,
            52.365623
          ],
          [
            4.95627,
            52.365658
          ],
          [
            4.956261,
            52.365704
          ],
          [
            4.956255,
            52.365719
          ],
          [
            4.95625,
            52.365768
          ],
          [
            4.956254,
            52.365791
          ],
          [
            4.956256,
            52.365822
          ],
          [
            4.956253,
            52.365826
          ],
          [
            4.956225,
            52.36586
          ],
          [
            4.956174,
            52.365891
          ],
          [
            4.956174,
            52.365891
          ],
          [
            4.956082,
            52.365898
          ],
          [
            4.956038,
            52.365898
          ],
          [
            4.956027,
            52.365902
          ],
          [
            4.956027,
            52.365902
          ],
          [
            4.95598,
            52.365913
          ],
          [
            4.95598,
            52.365913
          ],
          [
            4.95598,
            52.365913
          ],
          [
            4.95598,
            52.365913
          ],
          [
            4.95598,
            52.365913
          ],
          [
            4.956086,
            52.365906
          ],
          [
            4.95611,
            52.36591
          ],
          [
            4.956125,
            52.365913
          ],
          [
            4.956128,
            52.365921
          ],
          [
            4.956124,
            52.365929
          ],
          [
            4.956068,
            52.365952
          ],
          [
            4.95603,
            52.365963
          ],
          [
            4.955998,
            52.365971
          ],
          [
            4.95595,
            52.365974
          ],
          [
            4.955866,
            52.36599
          ],
          [
            4.955771,
            52.366001
          ],
          [
            4.955749,
            52.366009
          ],
          [
            4.955725,
            52.36602
          ],
          [
            4.955718,
            52.366032
          ],
          [
            4.955726,
            52.366043
          ],
          [
            4.955781,
            52.366066
          ],
          [
            4.95586,
            52.366081
          ],
          [
            4.955898,
            52.366096
          ],
          [
            4.955922,
            52.366108
          ],
          [
            4.955938,
            52.366123
          ],
          [
            4.955939,
            52.366131
          ],
          [
            4.955891,
            52.366154
          ],
          [
            4.955848,
            52.366161
          ],
          [
            4.95574,
            52.366173
          ],
          [
            4.955684,
            52.366177
          ],
          [
            4.955617,
            52.366184
          ],
          [
            4.95555,
            52.366192
          ],
          [
            4.955475,
            52.366192
          ],
          [
            4.955401,
            52.366192
          ],
          [
            4.955328,
            52.366196
          ],
          [
            4.955287,
            52.366196
          ],
          [
            4.955069,
            52.366203
          ],
          [
            4.954975,
            52.366207
          ],
          [
            4.954881,
            52.366207
          ],
          [
            4.954805,
            52.366211
          ],
          [
            4.954618,
            52.366219
          ],
          [
            4.954514,
            52.366222
          ],
          [
            4.954425,
            52.366226
          ],
          [
            4.954339,
            52.366226
          ],
          [
            4.954251,
            52.36623
          ],
          [
            4.954167,
            52.366234
          ],
          [
            4.954085,
            52.366238
          ],
          [
            4.954003,
            52.366238
          ],
          [
            4.953919,
            52.366241
          ],
          [
            4.953841,
            52.366245
          ],
          [
            4.953765,
            52.366245
          ],
          [
            4.953703,
            52.366249
          ],
          [
            4.953562,
            52.366257
          ],
          [
            4.953496,
            52.366261
          ],
          [
            4.953431,
            52.366264
          ],
          [
            4.953312,
            52.366261
          ],
          [
            4.953257,
            52.366257
          ],
          [
            4.953196,
            52.366253
          ],
          [
            4.953135,
            52.366253
          ],
          [
            4.953066,
            52.366253
          ],
          [
            4.952995,
            52.366257
          ],
          [
            4.952924,
            52.366257
          ],
          [
            4.952894,
            52.366261
          ],
          [
            4.952787,
            52.366264
          ],
          [
            4.952709,
            52.366264
          ],
          [
            4.95263,
            52.366264
          ],
          [
            4.95256,
            52.366264
          ],
          [
            4.952484,
            52.366264
          ],
          [
            4.952405,
            52.366264
          ],
          [
            4.952272,
            52.366261
          ],
          [
            4.952183,
            52.366257
          ],
          [
            4.952159,
            52.366261
          ],
          [
            4.952029,
            52.366264
          ],
          [
            4.951853,
            52.366264
          ],
          [
            4.95167,
            52.366264
          ],
          [
            4.951572,
            52.366264
          ],
          [
            4.951491,
            52.366268
          ],
          [
            4.951424,
            52.366272
          ],
          [
            4.951218,
            52.366272
          ],
          [
            4.951107,
            52.366272
          ],
          [
            4.951024,
            52.366272
          ],
          [
            4.950881,
            52.366272
          ],
          [
            4.950773,
            52.366272
          ],
          [
            4.950605,
            52.366272
          ],
          [
            4.950488,
            52.366276
          ],
          [
            4.950386,
            52.366276
          ],
          [
            4.950197,
            52.36628
          ],
          [
            4.950181,
            52.36628
          ],
          [
            4.950131,
            52.36628
          ],
          [
            4.950094,
            52.36628
          ],
          [
            4.949997,
            52.36628
          ],
          [
            4.949916,
            52.36628
          ],
          [
            4.949829,
            52.36628
          ],
          [
            4.949759,
            52.36628
          ],
          [
            4.949682,
            52.366283
          ],
          [
            4.949601,
            52.366283
          ],
          [
            4.949527,
            52.366283
          ],
          [
            4.949464,
            52.366283
          ],
          [
            4.949369,
            52.366283
          ],
          [
            4.949308,
            52.366283
          ],
          [
            4.949258,
            52.366287
          ],
          [
            4.949204,
            52.366287
          ],
          [
            4.949154,
            52.366287
          ],
          [
            4.949098,
            52.366283
          ],
          [
            4.94899,
            52.366283
          ],
          [
            4.94895,
            52.366283
          ],
          [
            4.948849,
            52.366291
          ],
          [
            4.948732,
            52.366306
          ],
          [
            4.948679,
            52.36631
          ],
          [
            4.948604,
            52.366318
          ],
          [
            4.948539,
            52.366325
          ],
          [
            4.948378,
            52.366325
          ],
          [
            4.948306,
            52.366325
          ],
          [
            4.948237,
            52.366322
          ],
          [
            4.948177,
            52.366314
          ],
          [
            4.948111,
            52.366306
          ],
          [
            4.948048,
            52.366302
          ],
          [
            4.947834,
            52.36628
          ],
          [
            4.947694,
            52.366268
          ],
          [
            4.947596,
            52.366264
          ],
          [
            4.947517,
            52.366264
          ],
          [
            4.947434,
            52.366264
          ],
          [
            4.947299,
            52.366268
          ],
          [
            4.947156,
            52.366268
          ],
          [
            4.946982,
            52.366268
          ],
          [
            4.946899,
            52.366249
          ],
          [
            4.946818,
            52.366238
          ],
          [
            4.946668,
            52.36623
          ],
          [
            4.946521,
            52.36623
          ],
          [
            4.946454,
            52.366238
          ],
          [
            4.946374,
            52.366268
          ],
          [
            4.946321,
            52.366329
          ],
          [
            4.946289,
            52.366409
          ],
          [
            4.946286,
            52.366447
          ],
          [
            4.946285,
            52.366501
          ],
          [
            4.946281,
            52.366547
          ],
          [
            4.946281,
            52.366592
          ],
          [
            4.946278,
            52.366688
          ],
          [
            4.946277,
            52.366745
          ],
          [
            4.946275,
            52.366791
          ],
          [
            4.946272,
            52.366837
          ],
          [
            4.946299,
            52.366871
          ],
          [
            4.946336,
            52.366901
          ],
          [
            4.946392,
            52.36692
          ],
          [
            4.946428,
            52.366924
          ],
          [
            4.946599,
            52.366932
          ],
          [
            4.946742,
            52.366932
          ],
          [
            4.946835,
            52.366932
          ],
          [
            4.946895,
            52.366928
          ],
          [
            4.947145,
            52.366932
          ],
          [
            4.947351,
            52.366932
          ],
          [
            4.947392,
            52.366932
          ],
          [
            4.947543,
            52.366936
          ],
          [
            4.947647,
            52.36694
          ],
          [
            4.947751,
            52.36694
          ],
          [
            4.947855,
            52.36694
          ],
          [
            4.947913,
            52.36694
          ],
          [
            4.948047,
            52.36694
          ],
          [
            4.94825,
            52.366943
          ],
          [
            4.948353,
            52.366943
          ],
          [
            4.94842,
            52.366947
          ],
          [
            4.948549,
            52.366947
          ],
          [
            4.948656,
            52.366947
          ],
          [
            4.948783,
            52.366951
          ],
          [
            4.948919,
            52.366951
          ],
          [
            4.949029,
            52.366955
          ],
          [
            4.949277,
            52.366959
          ],
          [
            4.949473,
            52.366962
          ],
          [
            4.949675,
            52.366974
          ],
          [
            4.949772,
            52.366985
          ],
          [
            4.949937,
            52.367024
          ],
          [
            4.950011,
            52.367046
          ],
          [
            4.950078,
            52.367069
          ],
          [
            4.950134,
            52.367096
          ],
          [
            4.950194,
            52.367123
          ],
          [
            4.950246,
            52.367146
          ],
          [
            4.950291,
            52.367161
          ],
          [
            4.950322,
            52.367176
          ],
          [
            4.950329,
            52.367191
          ],
          [
            4.950312,
            52.367203
          ],
          [
            4.950288,
            52.367207
          ],
          [
            4.95026,
            52.36721
          ],
          [
            4.950225,
            52.367214
          ],
          [
            4.950188,
            52.367218
          ],
          [
            4.950163,
            52.367214
          ],
          [
            4.950124,
            52.36718
          ],
          [
            4.950129,
            52.367168
          ],
          [
            4.950167,
            52.367123
          ],
          [
            4.950167,
            52.367123
          ],
          [
            4.950167,
            52.367123
          ],
          [
            4.950167,
            52.367123
          ],
          [
            4.950223,
            52.367088
          ],
          [
            4.950244,
            52.367088
          ],
          [
            4.950265,
            52.367104
          ],
          [
            4.950267,
            52.367107
          ],
          [
            4.950274,
            52.367115
          ],
          [
            4.950285,
            52.36713
          ],
          [
            4.950299,
            52.367146
          ],
          [
            4.950309,
            52.367161
          ],
          [
            4.950309,
            52.367161
          ],
          [
            4.950287,
            52.367207
          ],
          [
            4.950272,
            52.367207
          ],
          [
            4.950212,
            52.367184
          ],
          [
            4.95018,
            52.367168
          ],
          [
            4.9501,
            52.367115
          ],
          [
            4.95005,
            52.367088
          ],
          [
            4.949998,
            52.367062
          ],
          [
            4.949858,
            52.367024
          ],
          [
            4.949699,
            52.367008
          ],
          [
            4.94951,
            52.367001
          ],
          [
            4.949447,
            52.367001
          ],
          [
            4.949324,
            52.366997
          ],
          [
            4.949276,
            52.366993
          ],
          [
            4.948928,
            52.366982
          ],
          [
            4.948649,
            52.36697
          ],
          [
            4.948437,
            52.36697
          ],
          [
            4.948396,
            52.36697
          ],
          [
            4.948242,
            52.366966
          ],
          [
            4.948133,
            52.36697
          ],
          [
            4.947994,
            52.36697
          ],
          [
            4.947851,
            52.366974
          ],
          [
            4.947743,
            52.366978
          ],
          [
            4.947605,
            52.366978
          ],
          [
            4.947401,
            52.366978
          ],
          [
            4.947298,
            52.366978
          ],
          [
            4.947226,
            52.366978
          ],
          [
            4.94709,
            52.366978
          ],
          [
            4.946891,
            52.36697
          ],
          [
            4.946792,
            52.366966
          ],
          [
            4.946697,
            52.366966
          ],
          [
            4.946576,
            52.366966
          ],
          [
            4.946486,
            52.366966
          ],
          [
            4.946322,
            52.366985
          ],
          [
            4.946275,
            52.367016
          ],
          [
            4.94625,
            52.367054
          ],
          [
            4.946243,
            52.367153
          ],
          [
            4.946242,
            52.367199
          ],
          [
            4.946244,
            52.367252
          ],
          [
            4.946243,
            52.367298
          ],
          [
            4.946242,
            52.367348
          ],
          [
            4.946238,
            52.367447
          ],
          [
            4.946237,
            52.367493
          ],
          [
            4.946235,
            52.367554
          ],
          [
            4.946238,
            52.3676
          ],
          [
            4.946241,
            52.367615
          ],
          [
            4.946246,
            52.36763
          ],
          [
            4.946257,
            52.367676
          ],
          [
            4.946266,
            52.367725
          ],
          [
            4.94628,
            52.367783
          ],
          [
            4.946292,
            52.36784
          ],
          [
            4.946296,
            52.367897
          ],
          [
            4.946299,
            52.367954
          ],
          [
            4.946296,
            52.368019
          ],
          [
            4.946295,
            52.368088
          ],
          [
            4.946292,
            52.368149
          ],
          [
            4.94629,
            52.36821
          ],
          [
            4.946288,
            52.368271
          ],
          [
            4.946292,
            52.368397
          ],
          [
            4.946317,
            52.368469
          ],
          [
            4.946356,
            52.368507
          ],
          [
            4.946503,
            52.368568
          ],
          [
            4.946685,
            52.368576
          ],
          [
            4.946882,
            52.36858
          ],
          [
            4.947088,
            52.368587
          ],
          [
            4.947279,
            52.36858
          ],
          [
            4.947505,
            52.368584
          ],
          [
            4.947607,
            52.368584
          ],
          [
            4.947707,
            52.368587
          ],
          [
            4.947783,
            52.368591
          ],
          [
            4.948014,
            52.368599
          ],
          [
            4.948113,
            52.368599
          ],
          [
            4.948216,
            52.368599
          ],
          [
            4.948305,
            52.368599
          ],
          [
            4.948519,
            52.368599
          ],
          [
            4.94862,
            52.368599
          ],
          [
            4.948718,
            52.368603
          ],
          [
            4.948794,
            52.368603
          ],
          [
            4.949029,
            52.368607
          ],
          [
            4.949128,
            52.368607
          ],
          [
            4.949226,
            52.368603
          ],
          [
            4.949307,
            52.368599
          ],
          [
            4.949526,
            52.368576
          ],
          [
            4.949623,
            52.368565
          ],
          [
            4.949715,
            52.368549
          ],
          [
            4.949811,
            52.36853
          ],
          [
            4.949904,
            52.368515
          ],
          [
            4.949995,
            52.368496
          ],
          [
            4.950089,
            52.368473
          ],
          [
            4.950179,
            52.36845
          ],
          [
            4.950357,
            52.368397
          ],
          [
            4.950419,
            52.368378
          ],
          [
            4.950564,
            52.368332
          ],
          [
            4.950638,
            52.368309
          ],
          [
            4.950716,
            52.368282
          ],
          [
            4.950798,
            52.368256
          ],
          [
            4.950883,
            52.368233
          ],
          [
            4.951055,
            52.368191
          ],
          [
            4.951142,
            52.368176
          ],
          [
            4.951237,
            52.36816
          ],
          [
            4.951336,
            52.368145
          ],
          [
            4.951431,
            52.368134
          ],
          [
            4.951527,
            52.368126
          ],
          [
            4.951583,
            52.368122
          ],
          [
            4.951714,
            52.368114
          ],
          [
            4.951915,
            52.368107
          ],
          [
            4.951978,
            52.368103
          ],
          [
            4.952105,
            52.368099
          ],
          [
            4.952204,
            52.368099
          ],
          [
            4.952308,
            52.368095
          ],
          [
            4.952411,
            52.368095
          ],
          [
            4.952635,
            52.368111
          ],
          [
            4.952771,
            52.368126
          ],
          [
            4.952895,
            52.368145
          ],
          [
            4.953014,
            52.368168
          ],
          [
            4.953095,
            52.368179
          ],
          [
            4.953208,
            52.36821
          ],
          [
            4.953301,
            52.368233
          ],
          [
            4.953385,
            52.368263
          ],
          [
            4.953471,
            52.36829
          ],
          [
            4.953548,
            52.36832
          ],
          [
            4.953695,
            52.368385
          ],
          [
            4.95377,
            52.368423
          ],
          [
            4.953845,
            52.368465
          ],
          [
            4.953914,
            52.368507
          ],
          [
            4.953978,
            52.368553
          ],
          [
            4.954096,
            52.368652
          ],
          [
            4.95415,
            52.36871
          ],
          [
            4.954196,
            52.368752
          ],
          [
            4.954241,
            52.368801
          ],
          [
            4.954285,
            52.368847
          ],
          [
            4.954324,
            52.368896
          ],
          [
            4.95437,
            52.368942
          ],
          [
            4.954404,
            52.368999
          ],
          [
            4.954431,
            52.369049
          ],
          [
            4.954456,
            52.369106
          ],
          [
            4.954471,
            52.369171
          ],
          [
            4.954521,
            52.369274
          ],
          [
            4.954524,
            52.36937
          ],
          [
            4.954535,
            52.369465
          ],
          [
            4.954518,
            52.369518
          ],
          [
            4.954506,
            52.369575
          ],
          [
            4.954496,
            52.369633
          ],
          [
            4.954477,
            52.369705
          ],
          [
            4.954461,
            52.369762
          ],
          [
            4.954442,
            52.369831
          ],
          [
            4.95442,
            52.369888
          ],
          [
            4.954399,
            52.369946
          ],
          [
            4.954348,
            52.370071
          ],
          [
            4.954333,
            52.370136
          ],
          [
            4.954318,
            52.370197
          ],
          [
            4.954306,
            52.370254
          ],
          [
            4.954302,
            52.37027
          ],
          [
            4.954278,
            52.370369
          ],
          [
            4.954263,
            52.370426
          ],
          [
            4.954251,
            52.370476
          ],
          [
            4.95424,
            52.370525
          ],
          [
            4.954228,
            52.370594
          ],
          [
            4.954225,
            52.370625
          ],
          [
            4.954223,
            52.370644
          ],
          [
            4.954223,
            52.370644
          ],
          [
            4.954209,
            52.370678
          ],
          [
            4.954203,
            52.370686
          ],
          [
            4.954195,
            52.370693
          ],
          [
            4.954167,
            52.370701
          ],
          [
            4.954068,
            52.370705
          ],
          [
            4.95403,
            52.370701
          ],
          [
            4.953986,
            52.370697
          ],
          [
            4.953937,
            52.370693
          ],
          [
            4.953881,
            52.370686
          ],
          [
            4.953776,
            52.370682
          ],
          [
            4.953722,
            52.370674
          ],
          [
            4.953666,
            52.370686
          ],
          [
            4.953565,
            52.370674
          ],
          [
            4.953516,
            52.37067
          ],
          [
            4.953465,
            52.370667
          ],
          [
            4.953417,
            52.370663
          ],
          [
            4.953379,
            52.370659
          ],
          [
            4.95332,
            52.370651
          ],
          [
            4.953302,
            52.370655
          ],
          [
            4.953279,
            52.370651
          ],
          [
            4.953243,
            52.370644
          ],
          [
            4.95323,
            52.370647
          ],
          [
            4.95323,
            52.37064
          ],
          [
            4.953231,
            52.370632
          ],
          [
            4.953231,
            52.370632
          ],
          [
            4.953256,
            52.370583
          ],
          [
            4.953289,
            52.370544
          ],
          [
            4.953302,
            52.370537
          ],
          [
            4.953318,
            52.370529
          ],
          [
            4.953321,
            52.370529
          ],
          [
            4.95333,
            52.370525
          ],
          [
            4.953339,
            52.370533
          ],
          [
            4.953499,
            52.370525
          ],
          [
            4.953629,
            52.370487
          ],
          [
            4.953654,
            52.370483
          ],
          [
            4.953803,
            52.370483
          ],
          [
            4.953871,
            52.370495
          ],
          [
            4.953991,
            52.37051
          ],
          [
            4.95405,
            52.370522
          ],
          [
            4.954118,
            52.370533
          ],
          [
            4.954187,
            52.370533
          ],
          [
            4.954249,
            52.370533
          ],
          [
            4.954279,
            52.370522
          ],
          [
            4.954304,
            52.370503
          ],
          [
            4.9543,
            52.370499
          ],
          [
            4.954316,
            52.370441
          ],
          [
            4.954316,
            52.370403
          ],
          [
            4.95432,
            52.370357
          ],
          [
            4.954341,
            52.370274
          ],
          [
            4.954347,
            52.37022
          ],
          [
            4.954353,
            52.370171
          ],
          [
            4.95436,
            52.370129
          ],
          [
            4.954372,
            52.370075
          ],
          [
            4.95439,
            52.370018
          ],
          [
            4.954404,
            52.369968
          ],
          [
            4.954421,
            52.369915
          ],
          [
            4.954445,
            52.369858
          ],
          [
            4.954462,
            52.369797
          ],
          [
            4.954479,
            52.369736
          ],
          [
            4.954498,
            52.369675
          ],
          [
            4.954513,
            52.369617
          ],
          [
            4.954513,
            52.369556
          ],
          [
            4.954517,
            52.369465
          ],
          [
            4.954515,
            52.3694
          ],
          [
            4.954513,
            52.369354
          ],
          [
            4.954509,
            52.369312
          ],
          [
            4.954494,
            52.36924
          ],
          [
            4.95447,
            52.369163
          ],
          [
            4.954446,
            52.369102
          ],
          [
            4.954412,
            52.369041
          ],
          [
            4.954386,
            52.368992
          ],
          [
            4.954352,
            52.368938
          ],
          [
            4.954311,
            52.368885
          ],
          [
            4.954264,
            52.36882
          ],
          [
            4.954236,
            52.368767
          ],
          [
            4.954238,
            52.368759
          ],
          [
            4.954261,
            52.368671
          ],
          [
            4.954388,
            52.368591
          ],
          [
            4.954456,
            52.368565
          ],
          [
            4.954611,
            52.368504
          ],
          [
            4.954693,
            52.368454
          ],
          [
            4.954776,
            52.368427
          ],
          [
            4.954943,
            52.368366
          ],
          [
            4.955019,
            52.368332
          ],
          [
            4.955099,
            52.368309
          ],
          [
            4.95518,
            52.368279
          ],
          [
            4.955256,
            52.368271
          ],
          [
            4.955331,
            52.368244
          ],
          [
            4.955358,
            52.368233
          ],
          [
            4.955397,
            52.368221
          ],
          [
            4.95544,
            52.368198
          ],
          [
            4.955472,
            52.368176
          ],
          [
            4.955498,
            52.368156
          ],
          [
            4.955523,
            52.368126
          ],
          [
            4.955523,
            52.368126
          ],
          [
            4.955523,
            52.368126
          ],
          [
            4.955575,
            52.368065
          ],
          [
            4.955575,
            52.368065
          ],
          [
            4.955557,
            52.368061
          ],
          [
            4.955539,
            52.368069
          ],
          [
            4.955509,
            52.368061
          ],
          [
            4.955487,
            52.36805
          ],
          [
            4.955463,
            52.368038
          ],
          [
            4.955397,
            52.367989
          ],
          [
            4.955364,
            52.367958
          ],
          [
            4.955324,
            52.367928
          ],
          [
            4.955285,
            52.367897
          ],
          [
            4.955188,
            52.367836
          ],
          [
            4.955133,
            52.367805
          ],
          [
            4.955069,
            52.367775
          ],
          [
            4.955036,
            52.367764
          ],
          [
            4.954885,
            52.367714
          ],
          [
            4.95478,
            52.367691
          ],
          [
            4.954629,
            52.367657
          ],
          [
            4.954553,
            52.367645
          ],
          [
            4.954473,
            52.36763
          ],
          [
            4.954398,
            52.367622
          ],
          [
            4.954314,
            52.367615
          ],
          [
            4.954173,
            52.3676
          ],
          [
            4.954114,
            52.367596
          ],
          [
            4.954057,
            52.367592
          ],
          [
            4.953941,
            52.367592
          ],
          [
            4.953846,
            52.367592
          ],
          [
            4.953807,
            52.367592
          ],
          [
            4.953724,
            52.367596
          ],
          [
            4.953639,
            52.367592
          ],
          [
            4.953604,
            52.367588
          ],
          [
            4.953558,
            52.367584
          ],
          [
            4.953471,
            52.367573
          ],
          [
            4.953419,
            52.367569
          ],
          [
            4.953365,
            52.367565
          ],
          [
            4.953303,
            52.367565
          ],
          [
            4.953243,
            52.367561
          ],
          [
            4.953175,
            52.367561
          ],
          [
            4.953108,
            52.367558
          ],
          [
            4.953037,
            52.367558
          ],
          [
            4.952972,
            52.367558
          ],
          [
            4.952902,
            52.367558
          ],
          [
            4.952836,
            52.367558
          ],
          [
            4.95277,
            52.367561
          ],
          [
            4.952707,
            52.367565
          ],
          [
            4.952644,
            52.367569
          ],
          [
            4.952582,
            52.367569
          ],
          [
            4.952514,
            52.367573
          ],
          [
            4.952457,
            52.367573
          ],
          [
            4.952401,
            52.367573
          ],
          [
            4.952286,
            52.367573
          ],
          [
            4.952245,
            52.367573
          ],
          [
            4.952203,
            52.367573
          ],
          [
            4.952162,
            52.367573
          ],
          [
            4.952125,
            52.367573
          ],
          [
            4.952091,
            52.367573
          ],
          [
            4.952063,
            52.367573
          ],
          [
            4.952,
            52.367573
          ],
          [
            4.951963,
            52.367573
          ],
          [
            4.951933,
            52.367573
          ],
          [
            4.95185,
            52.367588
          ],
          [
            4.951825,
            52.367596
          ],
          [
            4.951809,
            52.367603
          ],
          [
            4.951795,
            52.36763
          ],
          [
            4.95181,
            52.367657
          ],
          [
            4.951831,
            52.367676
          ],
          [
            4.95185,
            52.367702
          ],
          [
            4.951892,
            52.367744
          ],
          [
            4.951918,
            52.367779
          ],
          [
            4.95194,
            52.367813
          ],
          [
            4.951992,
            52.367882
          ],
          [
            4.952035,
            52.367947
          ],
          [
            4.952044,
            52.367981
          ],
          [
            4.952045,
            52.368008
          ],
          [
            4.952034,
            52.368042
          ],
          [
            4.952008,
            52.368076
          ],
          [
            4.951962,
            52.368103
          ],
          [
            4.951907,
            52.368122
          ],
          [
            4.951861,
            52.368137
          ],
          [
            4.951777,
            52.368153
          ],
          [
            4.9517,
            52.368164
          ],
          [
            4.951616,
            52.368172
          ],
          [
            4.951532,
            52.368183
          ],
          [
            4.951446,
            52.368191
          ],
          [
            4.951391,
            52.368198
          ],
          [
            4.951273,
            52.368217
          ],
          [
            4.951172,
            52.368237
          ],
          [
            4.951078,
            52.368256
          ],
          [
            4.950992,
            52.368271
          ],
          [
            4.950932,
            52.368286
          ],
          [
            4.950811,
            52.368317
          ],
          [
            4.950712,
            52.368343
          ],
          [
            4.95062,
            52.368366
          ],
          [
            4.950539,
            52.368389
          ],
          [
            4.950448,
            52.368416
          ],
          [
            4.950353,
            52.368446
          ],
          [
            4.950262,
            52.368473
          ],
          [
            4.950171,
            52.3685
          ],
          [
            4.950077,
            52.368523
          ],
          [
            4.950041,
            52.368534
          ],
          [
            4.949904,
            52.368557
          ],
          [
            4.949792,
            52.368576
          ],
          [
            4.949688,
            52.368591
          ],
          [
            4.949617,
            52.368599
          ],
          [
            4.9495,
            52.368614
          ],
          [
            4.949518,
            52.368614
          ],
          [
            4.949329,
            52.368629
          ],
          [
            4.949217,
            52.368637
          ],
          [
            4.949185,
            52.368641
          ],
          [
            4.949021,
            52.368641
          ],
          [
            4.948903,
            52.368641
          ],
          [
            4.948789,
            52.368641
          ],
          [
            4.948681,
            52.368641
          ],
          [
            4.948578,
            52.368641
          ],
          [
            4.948527,
            52.368641
          ],
          [
            4.948393,
            52.368645
          ],
          [
            4.948279,
            52.368645
          ],
          [
            4.948149,
            52.368645
          ],
          [
            4.948056,
            52.368645
          ],
          [
            4.947895,
            52.368641
          ],
          [
            4.947764,
            52.368637
          ],
          [
            4.947651,
            52.368633
          ],
          [
            4.94753,
            52.368629
          ],
          [
            4.947449,
            52.368629
          ],
          [
            4.947296,
            52.368633
          ],
          [
            4.947206,
            52.368637
          ],
          [
            4.94711,
            52.368637
          ],
          [
            4.947014,
            52.368637
          ],
          [
            4.946939,
            52.368641
          ],
          [
            4.946816,
            52.368637
          ],
          [
            4.946726,
            52.368637
          ],
          [
            4.946621,
            52.368633
          ],
          [
            4.946522,
            52.368629
          ],
          [
            4.946448,
            52.368629
          ],
          [
            4.946339,
            52.368629
          ],
          [
            4.946223,
            52.368633
          ],
          [
            4.946115,
            52.368633
          ],
          [
            4.946034,
            52.368622
          ],
          [
            4.945983,
            52.368607
          ],
          [
            4.945941,
            52.368587
          ],
          [
            4.945923,
            52.368576
          ],
          [
            4.9459,
            52.368534
          ],
          [
            4.945891,
            52.368484
          ],
          [
            4.945886,
            52.368443
          ],
          [
            4.94589,
            52.368393
          ],
          [
            4.945891,
            52.368343
          ],
          [
            4.945893,
            52.36829
          ],
          [
            4.945899,
            52.36824
          ],
          [
            4.945902,
            52.368195
          ],
          [
            4.945907,
            52.368149
          ],
          [
            4.945912,
            52.368111
          ],
          [
            4.945919,
            52.368061
          ],
          [
            4.945922,
            52.367996
          ],
          [
            4.945926,
            52.367935
          ],
          [
            4.945924,
            52.367878
          ],
          [
            4.945925,
            52.367825
          ],
          [
            4.945921,
            52.36776
          ],
          [
            4.945928,
            52.367699
          ],
          [
            4.945936,
            52.36763
          ],
          [
            4.945951,
            52.367569
          ],
          [
            4.945968,
            52.367508
          ],
          [
            4.945984,
            52.367439
          ],
          [
            4.945997,
            52.367386
          ],
          [
            4.946005,
            52.367329
          ],
          [
            4.946006,
            52.367268
          ],
          [
            4.946005,
            52.367199
          ],
          [
            4.946007,
            52.367077
          ],
          [
            4.946007,
            52.367035
          ],
          [
            4.94601,
            52.366959
          ],
          [
            4.946014,
            52.36689
          ],
          [
            4.946017,
            52.366833
          ],
          [
            4.94602,
            52.366779
          ],
          [
            4.946023,
            52.366718
          ],
          [
            4.946025,
            52.366669
          ],
          [
            4.946026,
            52.366615
          ],
          [
            4.946028,
            52.366562
          ],
          [
            4.946029,
            52.366516
          ],
          [
            4.946029,
            52.366467
          ],
          [
            4.946023,
            52.366428
          ],
          [
            4.94601,
            52.366383
          ],
          [
            4.946,
            52.366344
          ],
          [
            4.945977,
            52.366287
          ],
          [
            4.945968,
            52.366264
          ],
          [
            4.945968,
            52.366241
          ],
          [
            4.945968,
            52.366207
          ],
          [
            4.94601,
            52.36615
          ],
          [
            4.94602,
            52.366138
          ],
          [
            4.946102,
            52.366104
          ],
          [
            4.946238,
            52.366096
          ],
          [
            4.946316,
            52.366093
          ],
          [
            4.946422,
            52.366089
          ],
          [
            4.946551,
            52.366093
          ],
          [
            4.946646,
            52.366096
          ],
          [
            4.946714,
            52.366096
          ],
          [
            4.946914,
            52.366089
          ],
          [
            4.947052,
            52.366077
          ],
          [
            4.947171,
            52.366058
          ],
          [
            4.947348,
            52.366016
          ],
          [
            4.947434,
            52.36599
          ],
          [
            4.947596,
            52.365929
          ],
          [
            4.94767,
            52.365894
          ],
          [
            4.947734,
            52.36586
          ],
          [
            4.947794,
            52.365822
          ],
          [
            4.947847,
            52.365784
          ],
          [
            4.947902,
            52.365742
          ],
          [
            4.947949,
            52.3657
          ],
          [
            4.947992,
            52.365658
          ],
          [
            4.948026,
            52.36562
          ],
          [
            4.948094,
            52.365543
          ],
          [
            4.948115,
            52.365517
          ],
          [
            4.94813,
            52.365479
          ],
          [
            4.948149,
            52.365425
          ],
          [
            4.948149,
            52.365425
          ],
          [
            4.948174,
            52.365326
          ],
          [
            4.948188,
            52.365315
          ],
          [
            4.948195,
            52.365307
          ],
          [
            4.948234,
            52.365273
          ],
          [
            4.948256,
            52.365253
          ],
          [
            4.94829,
            52.365231
          ],
          [
            4.94833,
            52.365208
          ],
          [
            4.948379,
            52.365185
          ],
          [
            4.948487,
            52.365147
          ],
          [
            4.948545,
            52.365135
          ],
          [
            4.948594,
            52.365135
          ],
          [
            4.948653,
            52.365147
          ],
          [
            4.948771,
            52.365173
          ],
          [
            4.948909,
            52.365215
          ],
          [
            4.948984,
            52.365231
          ],
          [
            4.949109,
            52.36525
          ],
          [
            4.949226,
            52.365261
          ],
          [
            4.949326,
            52.365269
          ],
          [
            4.949519,
            52.36528
          ],
          [
            4.949592,
            52.365284
          ],
          [
            4.949706,
            52.365292
          ],
          [
            4.949809,
            52.365295
          ],
          [
            4.949909,
            52.365303
          ],
          [
            4.950007,
            52.365303
          ],
          [
            4.950079,
            52.365303
          ],
          [
            4.950151,
            52.365303
          ],
          [
            4.950288,
            52.365307
          ],
          [
            4.950509,
            52.365315
          ],
          [
            4.950579,
            52.365315
          ],
          [
            4.950702,
            52.365318
          ],
          [
            4.950909,
            52.365322
          ],
          [
            4.950959,
            52.365322
          ],
          [
            4.951102,
            52.36533
          ],
          [
            4.95121,
            52.365337
          ],
          [
            4.951309,
            52.365345
          ],
          [
            4.951419,
            52.365353
          ],
          [
            4.951521,
            52.36536
          ],
          [
            4.951623,
            52.365364
          ],
          [
            4.951716,
            52.365368
          ],
          [
            4.951809,
            52.365376
          ],
          [
            4.951889,
            52.365379
          ],
          [
            4.951996,
            52.365391
          ],
          [
            4.952095,
            52.365398
          ],
          [
            4.952193,
            52.36541
          ],
          [
            4.952371,
            52.365425
          ],
          [
            4.952476,
            52.365433
          ],
          [
            4.952598,
            52.365444
          ],
          [
            4.952833,
            52.365467
          ],
          [
            4.95297,
            52.365479
          ],
          [
            4.953184,
            52.365498
          ],
          [
            4.953375,
            52.365517
          ],
          [
            4.953472,
            52.365524
          ],
          [
            4.953563,
            52.365532
          ],
          [
            4.953663,
            52.36554
          ],
          [
            4.953723,
            52.365547
          ],
          [
            4.953885,
            52.365562
          ],
          [
            4.954112,
            52.365581
          ],
          [
            4.954196,
            52.365589
          ],
          [
            4.954308,
            52.365597
          ],
          [
            4.954407,
            52.365604
          ],
          [
            4.954611,
            52.365623
          ],
          [
            4.95467,
            52.365627
          ],
          [
            4.954808,
            52.365643
          ],
          [
            4.954913,
            52.365654
          ],
          [
            4.954999,
            52.365662
          ],
          [
            4.955103,
            52.365673
          ],
          [
            4.955185,
            52.365681
          ],
          [
            4.955301,
            52.365692
          ],
          [
            4.955403,
            52.3657
          ],
          [
            4.955504,
            52.365711
          ],
          [
            4.955604,
            52.365719
          ],
          [
            4.9557,
            52.365726
          ],
          [
            4.955773,
            52.365734
          ],
          [
            4.955861,
            52.365742
          ],
          [
            4.955951,
            52.365749
          ],
          [
            4.956051,
            52.365757
          ],
          [
            4.956149,
            52.365765
          ],
          [
            4.956253,
            52.365772
          ],
          [
            4.956299,
            52.365776
          ],
          [
            4.956465,
            52.365791
          ],
          [
            4.956568,
            52.365799
          ],
          [
            4.956697,
            52.36581
          ],
          [
            4.9568,
            52.365822
          ],
          [
            4.956908,
            52.36583
          ],
          [
            4.956949,
            52.365833
          ],
          [
            4.957077,
            52.365841
          ],
          [
            4.957179,
            52.365849
          ],
          [
            4.957286,
            52.365856
          ],
          [
            4.957445,
            52.365871
          ],
          [
            4.957589,
            52.365883
          ],
          [
            4.957697,
            52.365894
          ],
          [
            4.957797,
            52.365906
          ],
          [
            4.957886,
            52.365913
          ],
          [
            4.958002,
            52.365921
          ],
          [
            4.958187,
            52.365936
          ],
          [
            4.958276,
            52.365944
          ],
          [
            4.95837,
            52.365952
          ],
          [
            4.958455,
            52.365959
          ],
          [
            4.958552,
            52.365971
          ],
          [
            4.958647,
            52.365978
          ],
          [
            4.958701,
            52.365982
          ],
          [
            4.958861,
            52.366001
          ],
          [
            4.958962,
            52.366013
          ],
          [
            4.95905,
            52.366028
          ],
          [
            4.959142,
            52.366039
          ],
          [
            4.959331,
            52.36607
          ],
          [
            4.959438,
            52.366089
          ],
          [
            4.959526,
            52.366104
          ],
          [
            4.959614,
            52.366123
          ],
          [
            4.959705,
            52.366142
          ],
          [
            4.959826,
            52.366173
          ],
          [
            4.959926,
            52.366199
          ],
          [
            4.960011,
            52.366222
          ],
          [
            4.960115,
            52.366253
          ],
          [
            4.960218,
            52.366287
          ],
          [
            4.960304,
            52.366318
          ],
          [
            4.960389,
            52.366352
          ],
          [
            4.960483,
            52.36639
          ],
          [
            4.960559,
            52.366421
          ],
          [
            4.960645,
            52.366455
          ],
          [
            4.960732,
            52.366493
          ],
          [
            4.960822,
            52.366535
          ],
          [
            4.960916,
            52.366581
          ],
          [
            4.960986,
            52.366615
          ],
          [
            4.961049,
            52.366653
          ],
          [
            4.961117,
            52.366692
          ],
          [
            4.961183,
            52.36673
          ],
          [
            4.961257,
            52.366779
          ],
          [
            4.961319,
            52.366817
          ],
          [
            4.96138,
            52.366859
          ],
          [
            4.961447,
            52.366909
          ],
          [
            4.961512,
            52.366959
          ],
          [
            4.961577,
            52.367016
          ],
          [
            4.961638,
            52.367065
          ],
          [
            4.9617,
            52.367123
          ],
          [
            4.961768,
            52.367184
          ],
          [
            4.961829,
            52.367237
          ],
          [
            4.961884,
            52.367294
          ],
          [
            4.961937,
            52.367351
          ],
          [
            4.961985,
            52.367405
          ],
          [
            4.962032,
            52.367462
          ],
          [
            4.962071,
            52.367516
          ],
          [
            4.962112,
            52.367577
          ],
          [
            4.962153,
            52.367638
          ],
          [
            4.962182,
            52.367683
          ],
          [
            4.962213,
            52.367741
          ],
          [
            4.962241,
            52.36779
          ],
          [
            4.962273,
            52.367855
          ],
          [
            4.962302,
            52.367928
          ],
          [
            4.962326,
            52.367996
          ],
          [
            4.962346,
            52.368053
          ],
          [
            4.962357,
            52.368092
          ],
          [
            4.962372,
            52.368145
          ],
          [
            4.962389,
            52.36821
          ],
          [
            4.962402,
            52.368279
          ],
          [
            4.962414,
            52.368359
          ],
          [
            4.962423,
            52.36842
          ],
          [
            4.962429,
            52.368477
          ],
          [
            4.962433,
            52.368538
          ],
          [
            4.962437,
            52.368599
          ],
          [
            4.96244,
            52.368668
          ],
          [
            4.962443,
            52.368721
          ],
          [
            4.962445,
            52.368782
          ],
          [
            4.962446,
            52.368847
          ],
          [
            4.962448,
            52.368908
          ],
          [
            4.962452,
            52.369038
          ],
          [
            4.962452,
            52.369099
          ],
          [
            4.962455,
            52.369163
          ],
          [
            4.962459,
            52.369228
          ],
          [
            4.962461,
            52.369293
          ],
          [
            4.962464,
            52.36935
          ],
          [
            4.962467,
            52.369423
          ],
          [
            4.96247,
            52.369488
          ],
          [
            4.962473,
            52.369553
          ],
          [
            4.962475,
            52.369625
          ],
          [
            4.962481,
            52.369698
          ],
          [
            4.962478,
            52.369747
          ],
          [
            4.962479,
            52.369812
          ],
          [
            4.962482,
            52.369877
          ],
          [
            4.962481,
            52.369953
          ],
          [
            4.962482,
            52.370018
          ],
          [
            4.962491,
            52.370079
          ],
          [
            4.9625,
            52.370144
          ],
          [
            4.962512,
            52.370216
          ],
          [
            4.962524,
            52.370251
          ],
          [
            4.96253,
            52.370304
          ],
          [
            4.962548,
            52.370373
          ],
          [
            4.962563,
            52.370434
          ],
          [
            4.96257,
            52.370491
          ],
          [
            4.962576,
            52.370567
          ],
          [
            4.962582,
            52.370647
          ],
          [
            4.962588,
            52.370708
          ],
          [
            4.96259,
            52.370769
          ],
          [
            4.962589,
            52.370842
          ],
          [
            4.96259,
            52.370914
          ],
          [
            4.962592,
            52.370975
          ],
          [
            4.962595,
            52.371124
          ],
          [
            4.962599,
            52.371193
          ],
          [
            4.962605,
            52.371254
          ],
          [
            4.962612,
            52.371315
          ],
          [
            4.962618,
            52.371372
          ],
          [
            4.962619,
            52.371418
          ],
          [
            4.962619,
            52.37146
          ],
          [
            4.962622,
            52.37151
          ],
          [
            4.962623,
            52.371548
          ],
          [
            4.962626,
            52.371586
          ],
          [
            4.962627,
            52.371613
          ],
          [
            4.96263,
            52.371639
          ],
          [
            4.962633,
            52.371662
          ],
          [
            4.962636,
            52.371693
          ],
          [
            4.962637,
            52.371716
          ],
          [
            4.962637,
            52.371716
          ],
          [
            4.962647,
            52.371761
          ],
          [
            4.962656,
            52.371769
          ],
          [
            4.962667,
            52.37178
          ],
          [
            4.962678,
            52.371796
          ],
          [
            4.962678,
            52.371796
          ],
          [
            4.962678,
            52.371796
          ],
          [
            4.962702,
            52.371819
          ],
          [
            4.962711,
            52.371834
          ],
          [
            4.962717,
            52.371857
          ],
          [
            4.962721,
            52.371883
          ],
          [
            4.962717,
            52.37191
          ],
          [
            4.962711,
            52.371948
          ],
          [
            4.962705,
            52.371979
          ],
          [
            4.962707,
            52.371975
          ],
          [
            4.962701,
            52.372005
          ],
          [
            4.962694,
            52.372044
          ],
          [
            4.962691,
            52.372082
          ],
          [
            4.962693,
            52.372093
          ],
          [
            4.962698,
            52.372124
          ],
          [
            4.962862,
            52.372231
          ],
          [
            4.962927,
            52.372231
          ],
          [
            4.96308,
            52.372196
          ],
          [
            4.963164,
            52.372177
          ],
          [
            4.963254,
            52.372158
          ],
          [
            4.963434,
            52.372116
          ],
          [
            4.963611,
            52.37207
          ],
          [
            4.963698,
            52.372051
          ],
          [
            4.963783,
            52.372028
          ],
          [
            4.963839,
            52.372013
          ],
          [
            4.963953,
            52.371983
          ],
          [
            4.96404,
            52.371971
          ],
          [
            4.964124,
            52.371975
          ],
          [
            4.964227,
            52.372036
          ],
          [
            4.964259,
            52.372078
          ],
          [
            4.964289,
            52.372112
          ],
          [
            4.964322,
            52.372162
          ],
          [
            4.964363,
            52.372211
          ],
          [
            4.964413,
            52.372257
          ],
          [
            4.964465,
            52.372299
          ],
          [
            4.964528,
            52.372337
          ],
          [
            4.964649,
            52.372433
          ],
          [
            4.964708,
            52.372475
          ],
          [
            4.964769,
            52.37252
          ],
          [
            4.964886,
            52.372604
          ],
          [
            4.96495,
            52.372646
          ],
          [
            4.965073,
            52.37273
          ],
          [
            4.965127,
            52.372772
          ],
          [
            4.965174,
            52.372814
          ],
          [
            4.965176,
            52.372826
          ],
          [
            4.9652,
            52.372852
          ],
          [
            4.96521,
            52.372879
          ],
          [
            4.965217,
            52.372902
          ],
          [
            4.965211,
            52.373013
          ],
          [
            4.965171,
            52.373051
          ],
          [
            4.965047,
            52.373119
          ],
          [
            4.964986,
            52.373146
          ],
          [
            4.964916,
            52.373177
          ],
          [
            4.964849,
            52.373211
          ],
          [
            4.964734,
            52.373276
          ],
          [
            4.964663,
            52.37331
          ],
          [
            4.964579,
            52.373352
          ],
          [
            4.964504,
            52.373386
          ],
          [
            4.964391,
            52.373444
          ],
          [
            4.964346,
            52.373474
          ],
          [
            4.96433,
            52.373489
          ],
          [
            4.964332,
            52.373489
          ],
          [
            4.964345,
            52.373589
          ],
          [
            4.96437,
            52.373615
          ],
          [
            4.96444,
            52.373669
          ],
          [
            4.964475,
            52.373692
          ],
          [
            4.964501,
            52.373711
          ],
          [
            4.964537,
            52.373734
          ],
          [
            4.96457,
            52.37376
          ],
          [
            4.964634,
            52.37381
          ],
          [
            4.964672,
            52.373844
          ],
          [
            4.96476,
            52.373909
          ],
          [
            4.964858,
            52.373978
          ],
          [
            4.964956,
            52.374039
          ],
          [
            4.965011,
            52.374077
          ],
          [
            4.96507,
            52.374123
          ],
          [
            4.965126,
            52.374165
          ],
          [
            4.965216,
            52.374226
          ],
          [
            4.965264,
            52.374256
          ],
          [
            4.96531,
            52.374287
          ],
          [
            4.96536,
            52.374321
          ],
          [
            4.965406,
            52.374351
          ],
          [
            4.965471,
            52.374367
          ],
          [
            4.965584,
            52.374367
          ],
          [
            4.965633,
            52.374355
          ],
          [
            4.965678,
            52.374344
          ],
          [
            4.965728,
            52.374317
          ],
          [
            4.965788,
            52.374287
          ],
          [
            4.96591,
            52.374226
          ],
          [
            4.965958,
            52.374203
          ],
          [
            4.965999,
            52.37418
          ],
          [
            4.966024,
            52.374165
          ],
          [
            4.966061,
            52.374146
          ],
          [
            4.966104,
            52.374126
          ],
          [
            4.966157,
            52.3741
          ],
          [
            4.966204,
            52.374077
          ],
          [
            4.966251,
            52.374054
          ],
          [
            4.966305,
            52.374027
          ],
          [
            4.966422,
            52.37397
          ],
          [
            4.966476,
            52.373943
          ],
          [
            4.966534,
            52.373913
          ],
          [
            4.966588,
            52.373886
          ],
          [
            4.966648,
            52.373856
          ],
          [
            4.966717,
            52.373825
          ],
          [
            4.966775,
            52.373795
          ],
          [
            4.966836,
            52.373753
          ],
          [
            4.966837,
            52.373745
          ],
          [
            4.96683,
            52.373665
          ],
          [
            4.966793,
            52.373627
          ],
          [
            4.96675,
            52.373596
          ],
          [
            4.9667,
            52.373562
          ],
          [
            4.966652,
            52.373535
          ],
          [
            4.966608,
            52.373505
          ],
          [
            4.96654,
            52.373444
          ],
          [
            4.966495,
            52.373428
          ],
          [
            4.966446,
            52.373428
          ],
          [
            4.966397,
            52.373447
          ],
          [
            4.966351,
            52.37347
          ],
          [
            4.966301,
            52.373497
          ],
          [
            4.966211,
            52.373539
          ],
          [
            4.966131,
            52.373573
          ],
          [
            4.966103,
            52.373585
          ],
          [
            4.966072,
            52.373604
          ],
          [
            4.966035,
            52.373665
          ],
          [
            4.966016,
            52.373699
          ],
          [
            4.965975,
            52.373783
          ],
          [
            4.965972,
            52.373825
          ],
          [
            4.965975,
            52.373901
          ],
          [
            4.965972,
            52.37394
          ],
          [
            4.96595,
            52.374004
          ],
          [
            4.965927,
            52.374069
          ],
          [
            4.965913,
            52.374096
          ],
          [
            4.965846,
            52.374142
          ],
          [
            4.965805,
            52.374153
          ],
          [
            4.965734,
            52.374168
          ],
          [
            4.965635,
            52.374187
          ],
          [
            4.965598,
            52.37421
          ],
          [
            4.965565,
            52.374229
          ],
          [
            4.965528,
            52.374237
          ],
          [
            4.965487,
            52.374233
          ],
          [
            4.96545,
            52.374218
          ],
          [
            4.965424,
            52.374203
          ],
          [
            4.965399,
            52.374184
          ],
          [
            4.965374,
            52.374168
          ],
          [
            4.96531,
            52.374134
          ],
          [
            4.965267,
            52.374115
          ],
          [
            4.965271,
            52.374115
          ],
          [
            4.965232,
            52.3741
          ],
          [
            4.965208,
            52.374088
          ],
          [
            4.96518,
            52.374073
          ],
          [
            4.965127,
            52.374031
          ],
          [
            4.965105,
            52.374001
          ],
          [
            4.965073,
            52.373966
          ],
          [
            4.965037,
            52.373928
          ],
          [
            4.965004,
            52.373898
          ],
          [
            4.96497,
            52.373871
          ],
          [
            4.964878,
            52.373802
          ],
          [
            4.964821,
            52.373768
          ],
          [
            4.964775,
            52.373745
          ],
          [
            4.964689,
            52.373703
          ],
          [
            4.964661,
            52.373688
          ],
          [
            4.964632,
            52.373669
          ],
          [
            4.964581,
            52.373638
          ],
          [
            4.964567,
            52.373615
          ],
          [
            4.964562,
            52.373581
          ],
          [
            4.964565,
            52.373554
          ],
          [
            4.964568,
            52.373531
          ],
          [
            4.964588,
            52.373512
          ],
          [
            4.964602,
            52.373497
          ],
          [
            4.964664,
            52.37347
          ],
          [
            4.964695,
            52.373463
          ],
          [
            4.96476,
            52.373459
          ],
          [
            4.964786,
            52.373455
          ],
          [
            4.964829,
            52.373455
          ],
          [
            4.964862,
            52.373455
          ],
          [
            4.964903,
            52.373451
          ],
          [
            4.964987,
            52.37344
          ],
          [
            4.965034,
            52.373428
          ],
          [
            4.965118,
            52.373409
          ],
          [
            4.965157,
            52.37339
          ],
          [
            4.965189,
            52.373375
          ],
          [
            4.965227,
            52.373341
          ],
          [
            4.965252,
            52.373314
          ],
          [
            4.965268,
            52.373299
          ],
          [
            4.965304,
            52.373238
          ],
          [
            4.965348,
            52.373177
          ],
          [
            4.965348,
            52.373177
          ],
          [
            4.965348,
            52.373177
          ],
          [
            4.965348,
            52.373177
          ],
          [
            4.965348,
            52.373177
          ],
          [
            4.965348,
            52.373177
          ],
          [
            4.96545,
            52.37307
          ],
          [
            4.96548,
            52.37307
          ],
          [
            4.965503,
            52.373074
          ],
          [
            4.965581,
            52.373081
          ],
          [
            4.965621,
            52.373085
          ],
          [
            4.96566,
            52.3731
          ],
          [
            4.96573,
            52.373142
          ],
          [
            4.96579,
            52.373215
          ],
          [
            4.965824,
            52.373253
          ],
          [
            4.965855,
            52.373287
          ],
          [
            4.965895,
            52.373322
          ],
          [
            4.965932,
            52.373352
          ],
          [
            4.966021,
            52.373402
          ],
          [
            4.966072,
            52.373421
          ],
          [
            4.966125,
            52.37344
          ],
          [
            4.966175,
            52.373455
          ],
          [
            4.96619,
            52.373455
          ],
          [
            4.966208,
            52.373459
          ],
          [
            4.966271,
            52.373459
          ],
          [
            4.966341,
            52.373455
          ],
          [
            4.966437,
            52.373436
          ],
          [
            4.966482,
            52.373436
          ],
          [
            4.966528,
            52.373444
          ],
          [
            4.966589,
            52.37347
          ],
          [
            4.966619,
            52.373493
          ],
          [
            4.966697,
            52.37355
          ],
          [
            4.966747,
            52.373581
          ],
          [
            4.966818,
            52.373638
          ],
          [
            4.96686,
            52.373672
          ],
          [
            4.966886,
            52.373695
          ],
          [
            4.966916,
            52.373714
          ],
          [
            4.966961,
            52.373734
          ],
          [
            4.967009,
            52.373741
          ],
          [
            4.967108,
            52.373718
          ],
          [
            4.967216,
            52.373672
          ],
          [
            4.967276,
            52.373646
          ],
          [
            4.967313,
            52.373627
          ],
          [
            4.967408,
            52.373581
          ],
          [
            4.967549,
            52.373505
          ],
          [
            4.967605,
            52.373474
          ],
          [
            4.967658,
            52.373444
          ],
          [
            4.967733,
            52.373402
          ],
          [
            4.967798,
            52.373363
          ],
          [
            4.967877,
            52.373322
          ],
          [
            4.968019,
            52.373241
          ],
          [
            4.968157,
            52.373173
          ],
          [
            4.968231,
            52.373135
          ],
          [
            4.968362,
            52.373062
          ],
          [
            4.968505,
            52.37299
          ],
          [
            4.968671,
            52.372902
          ],
          [
            4.968762,
            52.372852
          ],
          [
            4.96885,
            52.372799
          ],
          [
            4.968937,
            52.372753
          ],
          [
            4.969023,
            52.372707
          ],
          [
            4.969102,
            52.372658
          ],
          [
            4.969261,
            52.372574
          ],
          [
            4.969351,
            52.372517
          ],
          [
            4.96944,
            52.372471
          ],
          [
            4.969518,
            52.372425
          ],
          [
            4.969613,
            52.372376
          ],
          [
            4.969702,
            52.372326
          ],
          [
            4.969773,
            52.372288
          ],
          [
            4.969834,
            52.372253
          ],
          [
            4.969894,
            52.372219
          ],
          [
            4.970018,
            52.372154
          ],
          [
            4.970083,
            52.372124
          ],
          [
            4.970151,
            52.372086
          ],
          [
            4.970212,
            52.372055
          ],
          [
            4.970269,
            52.372028
          ],
          [
            4.970415,
            52.371952
          ],
          [
            4.970482,
            52.371918
          ],
          [
            4.970553,
            52.371876
          ],
          [
            4.970623,
            52.371834
          ],
          [
            4.970679,
            52.371803
          ],
          [
            4.970761,
            52.371758
          ],
          [
            4.970821,
            52.371723
          ],
          [
            4.970879,
            52.371689
          ],
          [
            4.970939,
            52.371655
          ],
          [
            4.970992,
            52.371628
          ],
          [
            4.971108,
            52.371578
          ],
          [
            4.971161,
            52.371555
          ],
          [
            4.971213,
            52.371529
          ],
          [
            4.971319,
            52.371471
          ],
          [
            4.971374,
            52.371441
          ],
          [
            4.971431,
            52.37141
          ],
          [
            4.971497,
            52.37138
          ],
          [
            4.97156,
            52.371349
          ],
          [
            4.971623,
            52.371311
          ],
          [
            4.971682,
            52.371284
          ],
          [
            4.971745,
            52.371246
          ],
          [
            4.971866,
            52.371178
          ],
          [
            4.971929,
            52.37114
          ],
          [
            4.972059,
            52.371075
          ],
          [
            4.972119,
            52.37104
          ],
          [
            4.972255,
            52.370975
          ],
          [
            4.972313,
            52.370941
          ],
          [
            4.972375,
            52.370907
          ],
          [
            4.972492,
            52.370842
          ],
          [
            4.972546,
            52.370819
          ],
          [
            4.97258,
            52.370796
          ],
          [
            4.972608,
            52.370777
          ],
          [
            4.972636,
            52.370762
          ],
          [
            4.972693,
            52.370766
          ],
          [
            4.972714,
            52.370781
          ],
          [
            4.972739,
            52.370815
          ],
          [
            4.972755,
            52.370865
          ],
          [
            4.97277,
            52.370911
          ],
          [
            4.97279,
            52.370956
          ],
          [
            4.972808,
            52.371006
          ],
          [
            4.972827,
            52.371056
          ],
          [
            4.972844,
            52.371105
          ],
          [
            4.972865,
            52.371159
          ],
          [
            4.972885,
            52.371216
          ],
          [
            4.972904,
            52.371265
          ],
          [
            4.972926,
            52.371319
          ],
          [
            4.972946,
            52.371372
          ],
          [
            4.972968,
            52.371433
          ],
          [
            4.972992,
            52.371487
          ],
          [
            4.973012,
            52.371544
          ],
          [
            4.973034,
            52.371597
          ],
          [
            4.973056,
            52.371658
          ],
          [
            4.973075,
            52.371765
          ],
          [
            4.973063,
            52.371822
          ],
          [
            4.973017,
            52.371872
          ],
          [
            4.97295,
            52.371918
          ],
          [
            4.972792,
            52.371994
          ],
          [
            4.97271,
            52.372036
          ],
          [
            4.972633,
            52.372078
          ],
          [
            4.972558,
            52.372116
          ],
          [
            4.972395,
            52.372189
          ],
          [
            4.972315,
            52.372227
          ],
          [
            4.972271,
            52.372269
          ],
          [
            4.972261,
            52.372303
          ],
          [
            4.972306,
            52.372356
          ],
          [
            4.972376,
            52.372402
          ],
          [
            4.972424,
            52.372433
          ],
          [
            4.97251,
            52.372486
          ],
          [
            4.97255,
            52.372513
          ],
          [
            4.972598,
            52.372555
          ],
          [
            4.972599,
            52.372581
          ],
          [
            4.9726,
            52.372581
          ],
          [
            4.972557,
            52.372623
          ],
          [
            4.972539,
            52.372639
          ],
          [
            4.972377,
            52.372726
          ],
          [
            4.972313,
            52.372761
          ],
          [
            4.972251,
            52.372791
          ],
          [
            4.97218,
            52.372829
          ],
          [
            4.97211,
            52.372868
          ],
          [
            4.971962,
            52.37294
          ],
          [
            4.971886,
            52.372982
          ],
          [
            4.971726,
            52.373058
          ],
          [
            4.971649,
            52.3731
          ],
          [
            4.971571,
            52.373138
          ],
          [
            4.971498,
            52.373184
          ],
          [
            4.971425,
            52.373222
          ],
          [
            4.971346,
            52.373264
          ],
          [
            4.971191,
            52.373348
          ],
          [
            4.971115,
            52.373386
          ],
          [
            4.971035,
            52.373428
          ],
          [
            4.970956,
            52.37347
          ],
          [
            4.970881,
            52.373508
          ],
          [
            4.970732,
            52.373592
          ],
          [
            4.970651,
            52.373634
          ],
          [
            4.970568,
            52.373672
          ],
          [
            4.970487,
            52.373707
          ],
          [
            4.970411,
            52.373749
          ],
          [
            4.97034,
            52.373791
          ],
          [
            4.970262,
            52.373833
          ],
          [
            4.970106,
            52.373913
          ],
          [
            4.97003,
            52.373955
          ],
          [
            4.969949,
            52.373993
          ],
          [
            4.96987,
            52.374035
          ],
          [
            4.96979,
            52.374077
          ],
          [
            4.969643,
            52.374157
          ],
          [
            4.969566,
            52.374199
          ],
          [
            4.969488,
            52.374241
          ],
          [
            4.969408,
            52.374283
          ],
          [
            4.969333,
            52.374321
          ],
          [
            4.969181,
            52.374405
          ],
          [
            4.969022,
            52.374489
          ],
          [
            4.968947,
            52.374531
          ],
          [
            4.968797,
            52.374607
          ],
          [
            4.968718,
            52.374649
          ],
          [
            4.968637,
            52.374691
          ],
          [
            4.968563,
            52.374733
          ],
          [
            4.96849,
            52.374771
          ],
          [
            4.968411,
            52.374813
          ],
          [
            4.968333,
            52.374855
          ],
          [
            4.968254,
            52.374897
          ],
          [
            4.968104,
            52.374973
          ],
          [
            4.968023,
            52.375011
          ],
          [
            4.967942,
            52.375053
          ],
          [
            4.967864,
            52.375095
          ],
          [
            4.967792,
            52.375137
          ],
          [
            4.96772,
            52.375179
          ],
          [
            4.967643,
            52.375221
          ],
          [
            4.967563,
            52.375263
          ],
          [
            4.967483,
            52.375301
          ],
          [
            4.967405,
            52.375343
          ],
          [
            4.967331,
            52.375381
          ],
          [
            4.96726,
            52.375423
          ],
          [
            4.967183,
            52.375469
          ],
          [
            4.967105,
            52.375511
          ],
          [
            4.96695,
            52.375591
          ],
          [
            4.966876,
            52.375629
          ],
          [
            4.966796,
            52.375671
          ],
          [
            4.966717,
            52.375713
          ],
          [
            4.966642,
            52.375752
          ],
          [
            4.96657,
            52.375793
          ],
          [
            4.966495,
            52.375835
          ],
          [
            4.966415,
            52.375877
          ],
          [
            4.966256,
            52.375958
          ],
          [
            4.96618,
            52.375996
          ],
          [
            4.966109,
            52.376038
          ],
          [
            4.966032,
            52.37608
          ],
          [
            4.965953,
            52.376122
          ],
          [
            4.965876,
            52.37616
          ],
          [
            4.965799,
            52.376202
          ],
          [
            4.965724,
            52.37624
          ],
          [
            4.965564,
            52.376324
          ],
          [
            4.965489,
            52.376362
          ],
          [
            4.965415,
            52.376404
          ],
          [
            4.965342,
            52.376446
          ],
          [
            4.965263,
            52.376488
          ],
          [
            4.965183,
            52.37653
          ],
          [
            4.965105,
            52.376568
          ],
          [
            4.965024,
            52.376602
          ],
          [
            4.964851,
            52.376671
          ],
          [
            4.964759,
            52.376701
          ],
          [
            4.964683,
            52.376732
          ],
          [
            4.964613,
            52.37677
          ],
          [
            4.964551,
            52.376808
          ],
          [
            4.964489,
            52.376854
          ],
          [
            4.96437,
            52.37693
          ],
          [
            4.964307,
            52.376972
          ],
          [
            4.964249,
            52.37701
          ],
          [
            4.964185,
            52.377052
          ],
          [
            4.964036,
            52.377132
          ],
          [
            4.963958,
            52.377167
          ],
          [
            4.963877,
            52.377205
          ],
          [
            4.963727,
            52.377289
          ],
          [
            4.963651,
            52.377331
          ],
          [
            4.963576,
            52.377369
          ],
          [
            4.963499,
            52.377411
          ],
          [
            4.963421,
            52.377453
          ],
          [
            4.963271,
            52.377533
          ],
          [
            4.963121,
            52.377617
          ],
          [
            4.96305,
            52.377659
          ],
          [
            4.962978,
            52.377705
          ],
          [
            4.962907,
            52.377747
          ],
          [
            4.962841,
            52.377789
          ],
          [
            4.96276,
            52.377834
          ],
          [
            4.962681,
            52.377876
          ],
          [
            4.962603,
            52.377918
          ],
          [
            4.962523,
            52.377956
          ],
          [
            4.962375,
            52.378036
          ],
          [
            4.962296,
            52.378078
          ],
          [
            4.962216,
            52.378117
          ],
          [
            4.962136,
            52.378155
          ],
          [
            4.962057,
            52.378193
          ],
          [
            4.961972,
            52.378227
          ],
          [
            4.9618,
            52.378292
          ],
          [
            4.96171,
            52.378323
          ],
          [
            4.96162,
            52.378353
          ],
          [
            4.961444,
            52.37841
          ],
          [
            4.961351,
            52.378441
          ],
          [
            4.961178,
            52.378506
          ],
          [
            4.961091,
            52.378532
          ],
          [
            4.961006,
            52.378563
          ],
          [
            4.960913,
            52.378593
          ],
          [
            4.960825,
            52.378624
          ],
          [
            4.960737,
            52.378654
          ],
          [
            4.96065,
            52.378685
          ],
          [
            4.960569,
            52.378712
          ],
          [
            4.960375,
            52.378773
          ],
          [
            4.96028,
            52.378792
          ],
          [
            4.960195,
            52.378811
          ],
          [
            4.959992,
            52.378838
          ],
          [
            4.959892,
            52.378849
          ],
          [
            4.959791,
            52.37886
          ],
          [
            4.959713,
            52.378876
          ],
          [
            4.959495,
            52.378906
          ],
          [
            4.959399,
            52.378918
          ],
          [
            4.959297,
            52.378929
          ],
          [
            4.959224,
            52.378937
          ],
          [
            4.959093,
            52.378952
          ],
          [
            4.958997,
            52.378963
          ],
          [
            4.958898,
            52.378979
          ],
          [
            4.958714,
            52.379005
          ],
          [
            4.95861,
            52.379017
          ],
          [
            4.958512,
            52.379028
          ],
          [
            4.958416,
            52.37904
          ],
          [
            4.958322,
            52.379051
          ],
          [
            4.95823,
            52.379063
          ],
          [
            4.95814,
            52.37907
          ],
          [
            4.958056,
            52.379078
          ],
          [
            4.957942,
            52.379131
          ],
          [
            4.957921,
            52.379173
          ],
          [
            4.957905,
            52.379181
          ],
          [
            4.957852,
            52.379204
          ],
          [
            4.957819,
            52.379181
          ],
          [
            4.957797,
            52.379162
          ],
          [
            4.957797,
            52.379162
          ],
          [
            4.957797,
            52.379162
          ],
          [
            4.957767,
            52.379131
          ],
          [
            4.95776,
            52.379127
          ],
          [
            4.957695,
            52.379074
          ],
          [
            4.957652,
            52.379044
          ],
          [
            4.957603,
            52.379005
          ],
          [
            4.957557,
            52.378971
          ],
          [
            4.957462,
            52.378887
          ],
          [
            4.957412,
            52.378845
          ],
          [
            4.957355,
            52.378796
          ],
          [
            4.957239,
            52.378696
          ],
          [
            4.957166,
            52.378651
          ],
          [
            4.9571,
            52.378601
          ],
          [
            4.956947,
            52.378529
          ],
          [
            4.956877,
            52.378498
          ],
          [
            4.956811,
            52.378468
          ],
          [
            4.956755,
            52.378433
          ],
          [
            4.956703,
            52.378395
          ],
          [
            4.956666,
            52.378357
          ],
          [
            4.956638,
            52.378323
          ],
          [
            4.956609,
            52.378277
          ],
          [
            4.956586,
            52.378239
          ],
          [
            4.956563,
            52.378201
          ],
          [
            4.956535,
            52.378162
          ],
          [
            4.956514,
            52.378124
          ],
          [
            4.956495,
            52.378086
          ],
          [
            4.956481,
            52.378052
          ],
          [
            4.956464,
            52.378017
          ],
          [
            4.956452,
            52.377983
          ],
          [
            4.956435,
            52.377949
          ],
          [
            4.956425,
            52.377914
          ],
          [
            4.956415,
            52.37788
          ],
          [
            4.956408,
            52.37785
          ],
          [
            4.956397,
            52.377819
          ],
          [
            4.956388,
            52.377777
          ],
          [
            4.956374,
            52.377739
          ],
          [
            4.956369,
            52.377697
          ],
          [
            4.956368,
            52.377659
          ],
          [
            4.956358,
            52.377594
          ],
          [
            4.956357,
            52.377575
          ],
          [
            4.956361,
            52.37756
          ],
          [
            4.956357,
            52.377537
          ],
          [
            4.956359,
            52.37751
          ],
          [
            4.956358,
            52.37748
          ],
          [
            4.95636,
            52.377453
          ],
          [
            4.956366,
            52.37743
          ],
          [
            4.956367,
            52.377407
          ],
          [
            4.956366,
            52.377384
          ],
          [
            4.956362,
            52.377357
          ],
          [
            4.956359,
            52.377331
          ],
          [
            4.956367,
            52.377319
          ],
          [
            4.956396,
            52.377335
          ],
          [
            4.956395,
            52.377346
          ],
          [
            4.956383,
            52.377392
          ],
          [
            4.95637,
            52.377415
          ],
          [
            4.95636,
            52.377453
          ],
          [
            4.956358,
            52.377483
          ],
          [
            4.956359,
            52.377525
          ],
          [
            4.956364,
            52.377567
          ],
          [
            4.956368,
            52.377602
          ],
          [
            4.95638,
            52.377674
          ],
          [
            4.956389,
            52.377712
          ],
          [
            4.956395,
            52.377758
          ],
          [
            4.956402,
            52.3778
          ],
          [
            4.956415,
            52.377846
          ],
          [
            4.956435,
            52.377888
          ],
          [
            4.956456,
            52.377933
          ],
          [
            4.95647,
            52.377979
          ],
          [
            4.956483,
            52.378021
          ],
          [
            4.956507,
            52.378067
          ],
          [
            4.956526,
            52.378117
          ],
          [
            4.956548,
            52.378159
          ],
          [
            4.956576,
            52.378204
          ],
          [
            4.956603,
            52.37825
          ],
          [
            4.956636,
            52.378296
          ],
          [
            4.956666,
            52.378342
          ],
          [
            4.9567,
            52.378384
          ],
          [
            4.956726,
            52.378418
          ],
          [
            4.95675,
            52.378445
          ],
          [
            4.956781,
            52.378464
          ],
          [
            4.956817,
            52.378483
          ],
          [
            4.956901,
            52.378517
          ],
          [
            4.956944,
            52.37854
          ],
          [
            4.956991,
            52.378563
          ],
          [
            4.957067,
            52.37859
          ],
          [
            4.957094,
            52.378586
          ],
          [
            4.95711,
            52.378571
          ],
          [
            4.957092,
            52.378532
          ],
          [
            4.957058,
            52.378498
          ],
          [
            4.957009,
            52.378468
          ],
          [
            4.956961,
            52.378429
          ],
          [
            4.956914,
            52.378391
          ],
          [
            4.956872,
            52.378345
          ],
          [
            4.956827,
            52.3783
          ],
          [
            4.956783,
            52.378239
          ],
          [
            4.956753,
            52.378178
          ],
          [
            4.956721,
            52.37812
          ],
          [
            4.956652,
            52.378006
          ],
          [
            4.956627,
            52.377941
          ],
          [
            4.956607,
            52.377884
          ],
          [
            4.95659,
            52.377823
          ],
          [
            4.956578,
            52.377758
          ],
          [
            4.956563,
            52.377697
          ],
          [
            4.956551,
            52.377632
          ],
          [
            4.956544,
            52.377564
          ],
          [
            4.956542,
            52.377502
          ],
          [
            4.956547,
            52.377445
          ],
          [
            4.956559,
            52.377377
          ],
          [
            4.956567,
            52.377312
          ],
          [
            4.956587,
            52.37719
          ],
          [
            4.956589,
            52.377167
          ],
          [
            4.956596,
            52.37714
          ],
          [
            4.956629,
            52.377007
          ],
          [
            4.95666,
            52.376877
          ],
          [
            4.956675,
            52.376812
          ],
          [
            4.956696,
            52.37669
          ],
          [
            4.956708,
            52.376629
          ],
          [
            4.956738,
            52.376499
          ],
          [
            4.956751,
            52.376438
          ],
          [
            4.956769,
            52.376377
          ],
          [
            4.956782,
            52.376312
          ],
          [
            4.956792,
            52.376247
          ],
          [
            4.956806,
            52.376186
          ],
          [
            4.956821,
            52.376125
          ],
          [
            4.956836,
            52.37606
          ],
          [
            4.956849,
            52.375999
          ],
          [
            4.95686,
            52.375942
          ],
          [
            4.956895,
            52.375813
          ],
          [
            4.956917,
            52.375752
          ],
          [
            4.956944,
            52.375629
          ],
          [
            4.956974,
            52.3755
          ],
          [
            4.956987,
            52.375439
          ],
          [
            4.956999,
            52.375381
          ],
          [
            4.957016,
            52.37532
          ],
          [
            4.957032,
            52.375256
          ],
          [
            4.957046,
            52.375195
          ],
          [
            4.957073,
            52.375076
          ],
          [
            4.957092,
            52.375015
          ],
          [
            4.957109,
            52.37495
          ],
          [
            4.957119,
            52.374889
          ],
          [
            4.957132,
            52.374828
          ],
          [
            4.957146,
            52.374764
          ],
          [
            4.95718,
            52.374638
          ],
          [
            4.957192,
            52.374577
          ],
          [
            4.957208,
            52.374516
          ],
          [
            4.957216,
            52.374451
          ],
          [
            4.957249,
            52.374325
          ],
          [
            4.957255,
            52.374264
          ],
          [
            4.957269,
            52.374207
          ],
          [
            4.957297,
            52.374077
          ],
          [
            4.957319,
            52.374016
          ],
          [
            4.957336,
            52.373959
          ],
          [
            4.957354,
            52.373894
          ],
          [
            4.957366,
            52.373829
          ],
          [
            4.957395,
            52.373707
          ],
          [
            4.957404,
            52.373592
          ],
          [
            4.957403,
            52.373531
          ],
          [
            4.957409,
            52.37347
          ],
          [
            4.957417,
            52.373413
          ],
          [
            4.957424,
            52.373356
          ],
          [
            4.957434,
            52.373302
          ],
          [
            4.957449,
            52.373249
          ],
          [
            4.957467,
            52.373192
          ],
          [
            4.957494,
            52.373085
          ],
          [
            4.957502,
            52.373028
          ],
          [
            4.957516,
            52.372967
          ],
          [
            4.95753,
            52.372906
          ],
          [
            4.957567,
            52.372784
          ],
          [
            4.957594,
            52.372726
          ],
          [
            4.957624,
            52.372662
          ],
          [
            4.957677,
            52.372543
          ],
          [
            4.957691,
            52.372475
          ],
          [
            4.957717,
            52.37241
          ],
          [
            4.957729,
            52.372349
          ],
          [
            4.957736,
            52.372288
          ],
          [
            4.957749,
            52.372231
          ],
          [
            4.957766,
            52.372166
          ],
          [
            4.957784,
            52.372101
          ],
          [
            4.957813,
            52.371979
          ],
          [
            4.957826,
            52.371918
          ],
          [
            4.957865,
            52.371792
          ],
          [
            4.957887,
            52.371731
          ],
          [
            4.957895,
            52.371666
          ],
          [
            4.957918,
            52.371544
          ],
          [
            4.957936,
            52.371479
          ],
          [
            4.957954,
            52.371418
          ],
          [
            4.957968,
            52.371361
          ],
          [
            4.957989,
            52.3713
          ],
          [
            4.958005,
            52.371235
          ],
          [
            4.958017,
            52.37117
          ],
          [
            4.958033,
            52.371113
          ],
          [
            4.958053,
            52.371052
          ],
          [
            4.958073,
            52.370987
          ],
          [
            4.958087,
            52.370922
          ],
          [
            4.958098,
            52.370861
          ],
          [
            4.958123,
            52.370743
          ],
          [
            4.958136,
            52.370678
          ],
          [
            4.958158,
            52.370552
          ],
          [
            4.958177,
            52.370491
          ],
          [
            4.958194,
            52.370426
          ],
          [
            4.958213,
            52.370365
          ],
          [
            4.958224,
            52.370304
          ],
          [
            4.958229,
            52.370247
          ],
          [
            4.958247,
            52.370125
          ],
          [
            4.958263,
            52.37006
          ],
          [
            4.958283,
            52.369999
          ],
          [
            4.958306,
            52.369934
          ],
          [
            4.958323,
            52.369877
          ],
          [
            4.958344,
            52.369812
          ],
          [
            4.95842,
            52.369694
          ],
          [
            4.958463,
            52.369637
          ],
          [
            4.958511,
            52.369579
          ],
          [
            4.958607,
            52.369465
          ],
          [
            4.958655,
            52.369411
          ],
          [
            4.958755,
            52.369297
          ],
          [
            4.958798,
            52.369244
          ],
          [
            4.95884,
            52.369186
          ],
          [
            4.95888,
            52.369125
          ],
          [
            4.958938,
            52.369007
          ],
          [
            4.958956,
            52.368954
          ],
          [
            4.95897,
            52.368851
          ],
          [
            4.95897,
            52.368763
          ],
          [
            4.958945,
            52.368698
          ],
          [
            4.958863,
            52.368668
          ],
          [
            4.958814,
            52.368656
          ],
          [
            4.958778,
            52.368652
          ],
          [
            4.958629,
            52.368626
          ],
          [
            4.958557,
            52.368618
          ],
          [
            4.958474,
            52.36861
          ],
          [
            4.958405,
            52.36861
          ],
          [
            4.9583,
            52.368614
          ],
          [
            4.958211,
            52.36861
          ],
          [
            4.958122,
            52.368607
          ],
          [
            4.957948,
            52.368584
          ],
          [
            4.957869,
            52.368553
          ],
          [
            4.95781,
            52.368511
          ],
          [
            4.957758,
            52.368462
          ],
          [
            4.957708,
            52.368416
          ],
          [
            4.957657,
            52.368362
          ],
          [
            4.957617,
            52.368309
          ],
          [
            4.95759,
            52.368256
          ],
          [
            4.957572,
            52.368134
          ],
          [
            4.957612,
            52.368073
          ],
          [
            4.957635,
            52.367954
          ],
          [
            4.957649,
            52.367893
          ],
          [
            4.957664,
            52.367832
          ],
          [
            4.957675,
            52.367767
          ],
          [
            4.957703,
            52.367641
          ],
          [
            4.957718,
            52.367584
          ],
          [
            4.957726,
            52.367523
          ],
          [
            4.957753,
            52.367397
          ],
          [
            4.957771,
            52.36734
          ],
          [
            4.957804,
            52.367218
          ],
          [
            4.957833,
            52.367092
          ],
          [
            4.957843,
            52.367031
          ],
          [
            4.957858,
            52.36697
          ],
          [
            4.957887,
            52.366852
          ],
          [
            4.957901,
            52.366787
          ],
          [
            4.957932,
            52.366661
          ],
          [
            4.957946,
            52.3666
          ],
          [
            4.957977,
            52.366474
          ],
          [
            4.957992,
            52.366413
          ],
          [
            4.95802,
            52.366291
          ],
          [
            4.958036,
            52.36623
          ],
          [
            4.958071,
            52.366104
          ],
          [
            4.958085,
            52.366047
          ],
          [
            4.958101,
            52.36599
          ],
          [
            4.958117,
            52.365936
          ],
          [
            4.958158,
            52.365818
          ],
          [
            4.958178,
            52.365768
          ],
          [
            4.958204,
            52.365715
          ],
          [
            4.958225,
            52.365711
          ],
          [
            4.958228,
            52.365719
          ],
          [
            4.958233,
            52.36573
          ],
          [
            4.958229,
            52.365749
          ],
          [
            4.958229,
            52.365749
          ],
          [
            4.958229,
            52.365749
          ],
          [
            4.958229,
            52.365749
          ],
          [
            4.958229,
            52.365749
          ],
          [
            4.958229,
            52.365749
          ],
          [
            4.958192,
            52.365803
          ],
          [
            4.958198,
            52.365818
          ],
          [
            4.958232,
            52.365826
          ],
          [
            4.958232,
            52.365826
          ],
          [
            4.958262,
            52.36583
          ],
          [
            4.958262,
            52.36583
          ],
          [
            4.958295,
            52.365837
          ],
          [
            4.958307,
            52.365841
          ],
          [
            4.958307,
            52.365841
          ],
          [
            4.958354,
            52.365849
          ],
          [
            4.958354,
            52.365849
          ],
          [
            4.958379,
            52.365852
          ],
          [
            4.958379,
            52.365852
          ],
          [
            4.958402,
            52.365852
          ],
          [
            4.958429,
            52.365856
          ],
          [
            4.958429,
            52.365856
          ],
          [
            4.958455,
            52.36586
          ],
          [
            4.958484,
            52.365864
          ],
          [
            4.958509,
            52.365868
          ],
          [
            4.958539,
            52.365875
          ],
          [
            4.95857,
            52.365879
          ],
          [
            4.95857,
            52.365879
          ],
          [
            4.958599,
            52.365887
          ],
          [
            4.958626,
            52.365894
          ],
          [
            4.958647,
            52.365906
          ],
          [
            4.958647,
            52.365906
          ],
          [
            4.95865,
            52.365906
          ],
          [
            4.95865,
            52.365906
          ],
          [
            4.95865,
            52.365906
          ],
          [
            4.958638,
            52.365917
          ],
          [
            4.958638,
            52.365917
          ],
          [
            4.958626,
            52.365917
          ],
          [
            4.958626,
            52.365917
          ],
          [
            4.958626,
            52.365917
          ],
          [
            4.958585,
            52.365917
          ],
          [
            4.958561,
            52.365913
          ],
          [
            4.958538,
            52.365913
          ],
          [
            4.958538,
            52.365913
          ],
          [
            4.958512,
            52.365913
          ],
          [
            4.958512,
            52.365913
          ],
          [
            4.958512,
            52.365913
          ],
          [
            4.958451,
            52.365913
          ],
          [
            4.958451,
            52.365913
          ],
          [
            4.958423,
            52.365913
          ],
          [
            4.958423,
            52.365913
          ],
          [
            4.958395,
            52.36591
          ],
          [
            4.958366,
            52.36591
          ],
          [
            4.958366,
            52.36591
          ],
          [
            4.958333,
            52.365913
          ],
          [
            4.958333,
            52.365913
          ],
          [
            4.958297,
            52.365913
          ],
          [
            4.958297,
            52.365913
          ],
          [
            4.958297,
            52.365913
          ],
          [
            4.95824,
            52.36591
          ],
          [
            4.95821,
            52.36591
          ],
          [
            4.958135,
            52.365898
          ],
          [
            4.95806,
            52.365894
          ],
          [
            4.957941,
            52.365891
          ],
          [
            4.957826,
            52.365887
          ],
          [
            4.957736,
            52.365879
          ],
          [
            4.957651,
            52.365871
          ],
          [
            4.957548,
            52.36586
          ],
          [
            4.957456,
            52.365849
          ],
          [
            4.957365,
            52.365841
          ],
          [
            4.957274,
            52.365833
          ],
          [
            4.957185,
            52.365822
          ],
          [
            4.957012,
            52.365807
          ],
          [
            4.956927,
            52.365803
          ],
          [
            4.956763,
            52.365788
          ],
          [
            4.956599,
            52.365776
          ],
          [
            4.956513,
            52.365768
          ],
          [
            4.956346,
            52.365765
          ],
          [
            4.956262,
            52.365761
          ],
          [
            4.956178,
            52.365757
          ],
          [
            4.956007,
            52.365734
          ],
          [
            4.95592,
            52.365723
          ],
          [
            4.955736,
            52.365704
          ],
          [
            4.955754,
            52.365704
          ],
          [
            4.955593,
            52.365692
          ],
          [
            4.955418,
            52.365681
          ],
          [
            4.955362,
            52.365673
          ],
          [
            4.955033,
            52.36565
          ],
          [
            4.954897,
            52.365643
          ],
          [
            4.954855,
            52.365639
          ],
          [
            4.954535,
            52.365616
          ],
          [
            4.954434,
            52.365608
          ],
          [
            4.954178,
            52.365589
          ],
          [
            4.953997,
            52.365574
          ],
          [
            4.953932,
            52.36557
          ],
          [
            4.953873,
            52.365566
          ],
          [
            4.953808,
            52.365559
          ],
          [
            4.953733,
            52.365551
          ],
          [
            4.953658,
            52.365543
          ],
          [
            4.953467,
            52.365524
          ],
          [
            4.953384,
            52.365517
          ],
          [
            4.953274,
            52.365505
          ],
          [
            4.953254,
            52.365505
          ],
          [
            4.953107,
            52.36549
          ],
          [
            4.952963,
            52.365479
          ],
          [
            4.95274,
            52.365459
          ],
          [
            4.952691,
            52.365456
          ],
          [
            4.952518,
            52.365437
          ],
          [
            4.952405,
            52.365429
          ],
          [
            4.952196,
            52.36541
          ],
          [
            4.952065,
            52.365398
          ],
          [
            4.952023,
            52.365395
          ],
          [
            4.951849,
            52.365379
          ],
          [
            4.951726,
            52.365372
          ],
          [
            4.951691,
            52.365368
          ],
          [
            4.951503,
            52.36536
          ],
          [
            4.951373,
            52.365353
          ],
          [
            4.951229,
            52.365345
          ],
          [
            4.951033,
            52.365337
          ],
          [
            4.950904,
            52.36533
          ],
          [
            4.950778,
            52.365326
          ],
          [
            4.950658,
            52.365322
          ],
          [
            4.950411,
            52.365311
          ],
          [
            4.95019,
            52.365303
          ],
          [
            4.950065,
            52.365299
          ],
          [
            4.95004,
            52.365299
          ],
          [
            4.949869,
            52.365295
          ],
          [
            4.949761,
            52.365292
          ],
          [
            4.9497,
            52.365288
          ],
          [
            4.949501,
            52.36528
          ],
          [
            4.949431,
            52.365276
          ],
          [
            4.949324,
            52.365269
          ],
          [
            4.949242,
            52.365261
          ],
          [
            4.949163,
            52.365257
          ],
          [
            4.949076,
            52.36525
          ],
          [
            4.949,
            52.365242
          ],
          [
            4.948929,
            52.365238
          ],
          [
            4.948857,
            52.365238
          ],
          [
            4.948857,
            52.365238
          ],
          [
            4.948857,
            52.365238
          ],
          [
            4.948857,
            52.365238
          ],
          [
            4.948857,
            52.365238
          ],
          [
            4.948857,
            52.365238
          ],
          [
            4.948739,
            52.365276
          ],
          [
            4.948734,
            52.365295
          ],
          [
            4.948716,
            52.36533
          ],
          [
            4.948696,
            52.365356
          ],
          [
            4.9487,
            52.365349
          ],
          [
            4.948628,
            52.365417
          ],
          [
            4.948553,
            52.365475
          ],
          [
            4.948434,
            52.365551
          ],
          [
            4.94836,
            52.365601
          ],
          [
            4.948304,
            52.36565
          ],
          [
            4.948251,
            52.3657
          ],
          [
            4.948204,
            52.365749
          ],
          [
            4.948124,
            52.365856
          ],
          [
            4.948127,
            52.365871
          ],
          [
            4.948101,
            52.365902
          ],
          [
            4.948052,
            52.365967
          ],
          [
            4.94801,
            52.366013
          ],
          [
            4.947962,
            52.366051
          ],
          [
            4.947901,
            52.366093
          ],
          [
            4.947826,
            52.366131
          ],
          [
            4.947751,
            52.366169
          ],
          [
            4.94766,
            52.366203
          ],
          [
            4.947494,
            52.366245
          ],
          [
            4.947363,
            52.366264
          ],
          [
            4.947281,
            52.366272
          ],
          [
            4.947207,
            52.366272
          ],
          [
            4.947167,
            52.366272
          ],
          [
            4.947056,
            52.366272
          ],
          [
            4.946934,
            52.366272
          ],
          [
            4.946838,
            52.366272
          ],
          [
            4.946745,
            52.366272
          ],
          [
            4.946697,
            52.366272
          ],
          [
            4.94654,
            52.366283
          ],
          [
            4.946452,
            52.366287
          ],
          [
            4.946331,
            52.366291
          ],
          [
            4.946225,
            52.366295
          ],
          [
            4.946124,
            52.366295
          ],
          [
            4.946043,
            52.366287
          ],
          [
            4.945932,
            52.366276
          ],
          [
            4.945829,
            52.366268
          ],
          [
            4.945757,
            52.366261
          ],
          [
            4.945663,
            52.366257
          ],
          [
            4.945604,
            52.366257
          ],
          [
            4.945426,
            52.366257
          ],
          [
            4.945315,
            52.366257
          ],
          [
            4.94528,
            52.366261
          ],
          [
            4.945112,
            52.366264
          ],
          [
            4.945043,
            52.366261
          ],
          [
            4.944893,
            52.366261
          ],
          [
            4.944855,
            52.366261
          ],
          [
            4.944718,
            52.366261
          ],
          [
            4.944569,
            52.366257
          ],
          [
            4.944505,
            52.366253
          ],
          [
            4.944407,
            52.366249
          ],
          [
            4.944248,
            52.366238
          ],
          [
            4.944216,
            52.366234
          ],
          [
            4.944061,
            52.36623
          ],
          [
            4.943919,
            52.366219
          ],
          [
            4.943857,
            52.366219
          ],
          [
            4.943708,
            52.366219
          ],
          [
            4.943603,
            52.366215
          ],
          [
            4.943548,
            52.366215
          ],
          [
            4.943389,
            52.366215
          ],
          [
            4.943303,
            52.366215
          ],
          [
            4.943174,
            52.366215
          ],
          [
            4.943063,
            52.366211
          ],
          [
            4.942958,
            52.366207
          ],
          [
            4.942925,
            52.366207
          ],
          [
            4.942768,
            52.366207
          ],
          [
            4.942648,
            52.366203
          ],
          [
            4.942542,
            52.366203
          ],
          [
            4.942444,
            52.366203
          ],
          [
            4.942406,
            52.366203
          ],
          [
            4.942245,
            52.366203
          ],
          [
            4.942036,
            52.366203
          ],
          [
            4.941925,
            52.366203
          ],
          [
            4.941866,
            52.366199
          ],
          [
            4.94173,
            52.366199
          ],
          [
            4.941615,
            52.366203
          ],
          [
            4.941515,
            52.366203
          ],
          [
            4.941411,
            52.366203
          ],
          [
            4.941364,
            52.366203
          ],
          [
            4.941213,
            52.366199
          ],
          [
            4.941101,
            52.366196
          ],
          [
            4.941005,
            52.366196
          ],
          [
            4.940901,
            52.366192
          ],
          [
            4.940843,
            52.366192
          ],
          [
            4.940596,
            52.366196
          ],
          [
            4.940498,
            52.366196
          ],
          [
            4.940394,
            52.366192
          ],
          [
            4.940342,
            52.366188
          ],
          [
            4.940197,
            52.366188
          ],
          [
            4.940087,
            52.366188
          ],
          [
            4.93999,
            52.366188
          ],
          [
            4.939901,
            52.366188
          ],
          [
            4.93982,
            52.366184
          ],
          [
            4.939748,
            52.366184
          ],
          [
            4.939683,
            52.366188
          ],
          [
            4.939621,
            52.366192
          ],
          [
            4.939555,
            52.366196
          ],
          [
            4.939507,
            52.366196
          ],
          [
            4.939333,
            52.366184
          ],
          [
            4.939249,
            52.36618
          ],
          [
            4.939221,
            52.366177
          ],
          [
            4.939072,
            52.366173
          ],
          [
            4.938954,
            52.366173
          ],
          [
            4.938878,
            52.366173
          ],
          [
            4.938777,
            52.366173
          ],
          [
            4.938646,
            52.366169
          ],
          [
            4.938587,
            52.366169
          ],
          [
            4.938517,
            52.366169
          ],
          [
            4.93834,
            52.366169
          ],
          [
            4.938228,
            52.366165
          ],
          [
            4.938188,
            52.366165
          ],
          [
            4.938073,
            52.366165
          ],
          [
            4.937911,
            52.366165
          ],
          [
            4.9378,
            52.366165
          ],
          [
            4.937705,
            52.366165
          ],
          [
            4.93759,
            52.366165
          ],
          [
            4.937489,
            52.366165
          ],
          [
            4.937443,
            52.366165
          ],
          [
            4.937179,
            52.366157
          ],
          [
            4.937076,
            52.366157
          ],
          [
            4.93697,
            52.366157
          ],
          [
            4.936931,
            52.366157
          ],
          [
            4.936772,
            52.366157
          ],
          [
            4.936558,
            52.366157
          ],
          [
            4.936459,
            52.366157
          ],
          [
            4.936348,
            52.366154
          ],
          [
            4.936309,
            52.366154
          ],
          [
            4.936154,
            52.366154
          ],
          [
            4.935937,
            52.366154
          ],
          [
            4.935837,
            52.366154
          ],
          [
            4.935636,
            52.366146
          ],
          [
            4.935524,
            52.366146
          ],
          [
            4.935357,
            52.366142
          ],
          [
            4.935289,
            52.366142
          ],
          [
            4.935007,
            52.366127
          ],
          [
            4.93493,
            52.366127
          ],
          [
            4.93482,
            52.366123
          ],
          [
            4.9347,
            52.366127
          ],
          [
            4.934604,
            52.366135
          ],
          [
            4.934402,
            52.366161
          ],
          [
            4.934323,
            52.366173
          ],
          [
            4.934231,
            52.366192
          ],
          [
            4.934167,
            52.366207
          ],
          [
            4.934116,
            52.366226
          ],
          [
            4.934035,
            52.366264
          ],
          [
            4.934003,
            52.366283
          ],
          [
            4.934003,
            52.366283
          ],
          [
            4.934003,
            52.366283
          ],
          [
            4.934003,
            52.366283
          ],
          [
            4.934003,
            52.366283
          ],
          [
            4.933877,
            52.366325
          ],
          [
            4.933852,
            52.366325
          ],
          [
            4.933806,
            52.366322
          ],
          [
            4.93375,
            52.36631
          ],
          [
            4.933627,
            52.366261
          ],
          [
            4.933545,
            52.36623
          ],
          [
            4.933322,
            52.366188
          ],
          [
            4.933153,
            52.366177
          ],
          [
            4.933098,
            52.366169
          ],
          [
            4.932929,
            52.366161
          ],
          [
            4.93266,
            52.36615
          ],
          [
            4.93256,
            52.366146
          ],
          [
            4.932372,
            52.366146
          ],
          [
            4.932253,
            52.366142
          ],
          [
            4.932153,
            52.366142
          ],
          [
            4.932058,
            52.366135
          ],
          [
            4.931968,
            52.366127
          ],
          [
            4.931869,
            52.366119
          ],
          [
            4.93178,
            52.366119
          ],
          [
            4.931695,
            52.366116
          ],
          [
            4.931642,
            52.366112
          ],
          [
            4.931501,
            52.366096
          ],
          [
            4.931376,
            52.366077
          ],
          [
            4.931315,
            52.366085
          ],
          [
            4.931201,
            52.366093
          ],
          [
            4.930993,
            52.366108
          ],
          [
            4.9309,
            52.366112
          ],
          [
            4.93081,
            52.366108
          ],
          [
            4.930624,
            52.3661
          ],
          [
            4.93053,
            52.366096
          ],
          [
            4.93045,
            52.366093
          ],
          [
            4.930313,
            52.366089
          ],
          [
            4.930234,
            52.366089
          ],
          [
            4.930111,
            52.366085
          ],
          [
            4.929992,
            52.366081
          ],
          [
            4.929824,
            52.366077
          ],
          [
            4.929678,
            52.366074
          ],
          [
            4.929469,
            52.366066
          ],
          [
            4.929404,
            52.366066
          ],
          [
            4.929261,
            52.366062
          ],
          [
            4.929158,
            52.366058
          ],
          [
            4.929065,
            52.366055
          ],
          [
            4.928956,
            52.366055
          ],
          [
            4.928858,
            52.366051
          ],
          [
            4.928787,
            52.366047
          ],
          [
            4.928652,
            52.366039
          ],
          [
            4.928551,
            52.366035
          ],
          [
            4.928454,
            52.366032
          ],
          [
            4.928359,
            52.366028
          ],
          [
            4.928266,
            52.366016
          ],
          [
            4.928179,
            52.366013
          ],
          [
            4.9281,
            52.366001
          ],
          [
            4.928059,
            52.366001
          ],
          [
            4.927915,
            52.365997
          ],
          [
            4.927824,
            52.365994
          ],
          [
            4.927691,
            52.36599
          ],
          [
            4.927591,
            52.36599
          ],
          [
            4.92739,
            52.365982
          ],
          [
            4.927293,
            52.365982
          ],
          [
            4.927244,
            52.365982
          ],
          [
            4.927106,
            52.365974
          ],
          [
            4.927003,
            52.365971
          ],
          [
            4.926911,
            52.365967
          ],
          [
            4.926815,
            52.365959
          ],
          [
            4.926727,
            52.365948
          ],
          [
            4.926631,
            52.365925
          ],
          [
            4.92655,
            52.365894
          ],
          [
            4.926473,
            52.36586
          ],
          [
            4.926403,
            52.365822
          ],
          [
            4.926328,
            52.36578
          ],
          [
            4.926178,
            52.365688
          ],
          [
            4.926097,
            52.365643
          ],
          [
            4.926021,
            52.365597
          ],
          [
            4.925947,
            52.365551
          ],
          [
            4.925859,
            52.365505
          ],
          [
            4.925789,
            52.365467
          ],
          [
            4.92569,
            52.365417
          ],
          [
            4.925606,
            52.365379
          ],
          [
            4.925518,
            52.365337
          ],
          [
            4.925432,
            52.365295
          ],
          [
            4.925356,
            52.365261
          ],
          [
            4.925182,
            52.365181
          ],
          [
            4.925,
            52.365093
          ],
          [
            4.924885,
            52.365036
          ],
          [
            4.924782,
            52.364983
          ],
          [
            4.924699,
            52.364937
          ],
          [
            4.924619,
            52.364895
          ],
          [
            4.924546,
            52.364853
          ],
          [
            4.924468,
            52.364803
          ],
          [
            4.924398,
            52.364761
          ],
          [
            4.924328,
            52.364716
          ],
          [
            4.924258,
            52.364674
          ],
          [
            4.924186,
            52.364632
          ],
          [
            4.924112,
            52.364586
          ],
          [
            4.92404,
            52.364544
          ],
          [
            4.923972,
            52.364494
          ],
          [
            4.923902,
            52.364452
          ],
          [
            4.923822,
            52.364407
          ],
          [
            4.923749,
            52.364361
          ],
          [
            4.923596,
            52.364273
          ],
          [
            4.923523,
            52.364227
          ],
          [
            4.923379,
            52.364143
          ],
          [
            4.923303,
            52.364098
          ],
          [
            4.923226,
            52.364048
          ],
          [
            4.923076,
            52.363964
          ],
          [
            4.923002,
            52.363914
          ],
          [
            4.922864,
            52.363827
          ],
          [
            4.922789,
            52.363781
          ],
          [
            4.922645,
            52.363693
          ],
          [
            4.922571,
            52.363644
          ],
          [
            4.922496,
            52.363594
          ],
          [
            4.922355,
            52.363506
          ],
          [
            4.922275,
            52.363464
          ],
          [
            4.922241,
            52.363445
          ],
          [
            4.922181,
            52.363419
          ],
          [
            4.922034,
            52.363358
          ],
          [
            4.921895,
            52.3633
          ],
          [
            4.921758,
            52.363251
          ],
          [
            4.921657,
            52.363224
          ],
          [
            4.921496,
            52.363201
          ],
          [
            4.921354,
            52.36319
          ],
          [
            4.921258,
            52.363182
          ],
          [
            4.921055,
            52.363163
          ],
          [
            4.920862,
            52.363144
          ],
          [
            4.920766,
            52.363136
          ],
          [
            4.920677,
            52.363132
          ],
          [
            4.920599,
            52.363129
          ],
          [
            4.920529,
            52.363129
          ],
          [
            4.920475,
            52.363121
          ],
          [
            4.920426,
            52.363117
          ],
          [
            4.920384,
            52.363113
          ],
          [
            4.920384,
            52.363113
          ],
          [
            4.920322,
            52.363106
          ],
          [
            4.920322,
            52.363106
          ],
          [
            4.920322,
            52.363106
          ],
          [
            4.920322,
            52.363106
          ],
          [
            4.920311,
            52.363098
          ],
          [
            4.920289,
            52.363091
          ],
          [
            4.92026,
            52.363079
          ],
          [
            4.920187,
            52.363056
          ],
          [
            4.920141,
            52.363041
          ],
          [
            4.92005,
            52.362988
          ],
          [
            4.919984,
            52.362934
          ],
          [
            4.919849,
            52.362839
          ],
          [
            4.919778,
            52.362785
          ],
          [
            4.919704,
            52.362728
          ],
          [
            4.919636,
            52.362678
          ],
          [
            4.919564,
            52.362621
          ],
          [
            4.919496,
            52.362568
          ],
          [
            4.919421,
            52.362514
          ],
          [
            4.919285,
            52.362404
          ],
          [
            4.919216,
            52.362354
          ],
          [
            4.919141,
            52.362301
          ],
          [
            4.918981,
            52.362213
          ],
          [
            4.918899,
            52.362171
          ],
          [
            4.918808,
            52.362137
          ],
          [
            4.918625,
            52.362076
          ],
          [
            4.91844,
            52.362019
          ],
          [
            4.918248,
            52.361977
          ],
          [
            4.91818,
            52.361965
          ],
          [
            4.918049,
            52.361942
          ],
          [
            4.917945,
            52.361935
          ],
          [
            4.917745,
            52.361912
          ],
          [
            4.917675,
            52.361912
          ],
          [
            4.917543,
            52.361904
          ],
          [
            4.917439,
            52.3619
          ],
          [
            4.917339,
            52.361893
          ],
          [
            4.917197,
            52.361881
          ],
          [
            4.917093,
            52.361881
          ],
          [
            4.916914,
            52.361889
          ],
          [
            4.916825,
            52.361885
          ],
          [
            4.916785,
            52.361893
          ],
          [
            4.916646,
            52.361889
          ],
          [
            4.916539,
            52.361885
          ],
          [
            4.916483,
            52.361881
          ],
          [
            4.916257,
            52.361851
          ],
          [
            4.916152,
            52.361832
          ],
          [
            4.916061,
            52.361809
          ],
          [
            4.91597,
            52.361782
          ],
          [
            4.915897,
            52.361759
          ],
          [
            4.915797,
            52.361729
          ],
          [
            4.915617,
            52.361668
          ],
          [
            4.915523,
            52.361637
          ],
          [
            4.91543,
            52.36161
          ],
          [
            4.915338,
            52.361588
          ],
          [
            4.915248,
            52.361565
          ],
          [
            4.915078,
            52.361511
          ],
          [
            4.914953,
            52.361473
          ],
          [
            4.914694,
            52.361401
          ],
          [
            4.914577,
            52.36137
          ],
          [
            4.914516,
            52.361355
          ],
          [
            4.914375,
            52.361324
          ],
          [
            4.914288,
            52.361301
          ],
          [
            4.914064,
            52.361256
          ],
          [
            4.913956,
            52.361233
          ],
          [
            4.913882,
            52.361221
          ],
          [
            4.913749,
            52.361198
          ],
          [
            4.913597,
            52.361176
          ],
          [
            4.913445,
            52.361153
          ],
          [
            4.913351,
            52.361145
          ],
          [
            4.913124,
            52.361126
          ],
          [
            4.912928,
            52.361111
          ],
          [
            4.912823,
            52.361103
          ],
          [
            4.912717,
            52.361095
          ],
          [
            4.912613,
            52.361088
          ],
          [
            4.912511,
            52.36108
          ],
          [
            4.912455,
            52.361076
          ],
          [
            4.912209,
            52.361053
          ],
          [
            4.91203,
            52.361027
          ],
          [
            4.911922,
            52.361
          ],
          [
            4.911838,
            52.360973
          ],
          [
            4.91175,
            52.360943
          ],
          [
            4.911665,
            52.360908
          ],
          [
            4.911582,
            52.360874
          ],
          [
            4.911414,
            52.360798
          ],
          [
            4.911327,
            52.360764
          ],
          [
            4.911241,
            52.360733
          ],
          [
            4.911158,
            52.360703
          ],
          [
            4.911081,
            52.36068
          ],
          [
            4.910973,
            52.360638
          ],
          [
            4.910882,
            52.360607
          ],
          [
            4.9108,
            52.360577
          ],
          [
            4.91071,
            52.360542
          ],
          [
            4.910633,
            52.360516
          ],
          [
            4.910436,
            52.360462
          ],
          [
            4.910337,
            52.360443
          ],
          [
            4.910237,
            52.360432
          ],
          [
            4.910181,
            52.360428
          ],
          [
            4.910044,
            52.360428
          ],
          [
            4.909843,
            52.360432
          ],
          [
            4.909741,
            52.360436
          ],
          [
            4.909663,
            52.360439
          ],
          [
            4.909544,
            52.360447
          ],
          [
            4.909442,
            52.360451
          ],
          [
            4.909344,
            52.360455
          ],
          [
            4.909248,
            52.360458
          ],
          [
            4.909156,
            52.360462
          ],
          [
            4.909078,
            52.360466
          ],
          [
            4.909004,
            52.360466
          ],
          [
            4.908937,
            52.360466
          ],
          [
            4.908883,
            52.360466
          ],
          [
            4.90883,
            52.360462
          ],
          [
            4.908739,
            52.360455
          ],
          [
            4.908739,
            52.360455
          ],
          [
            4.908739,
            52.360455
          ],
          [
            4.908659,
            52.360447
          ],
          [
            4.908639,
            52.360458
          ],
          [
            4.908629,
            52.36047
          ],
          [
            4.908617,
            52.360485
          ],
          [
            4.908597,
            52.360523
          ],
          [
            4.908578,
            52.360558
          ],
          [
            4.908556,
            52.3606
          ],
          [
            4.908534,
            52.360638
          ],
          [
            4.908512,
            52.36068
          ],
          [
            4.908495,
            52.36071
          ],
          [
            4.908472,
            52.360752
          ],
          [
            4.908446,
            52.360798
          ],
          [
            4.908424,
            52.360836
          ],
          [
            4.908399,
            52.360878
          ],
          [
            4.908372,
            52.360916
          ],
          [
            4.908349,
            52.360958
          ],
          [
            4.908328,
            52.360996
          ],
          [
            4.908304,
            52.361046
          ],
          [
            4.908281,
            52.361088
          ],
          [
            4.908236,
            52.361183
          ],
          [
            4.908214,
            52.361229
          ],
          [
            4.90816,
            52.361309
          ],
          [
            4.908083,
            52.361416
          ],
          [
            4.908047,
            52.361469
          ],
          [
            4.908006,
            52.361526
          ],
          [
            4.907914,
            52.361683
          ],
          [
            4.907902,
            52.361702
          ],
          [
            4.907876,
            52.361752
          ],
          [
            4.907839,
            52.361816
          ],
          [
            4.907797,
            52.361881
          ],
          [
            4.907763,
            52.361942
          ],
          [
            4.90772,
            52.362007
          ],
          [
            4.907661,
            52.362102
          ],
          [
            4.907604,
            52.362198
          ],
          [
            4.907575,
            52.36224
          ],
          [
            4.907541,
            52.362293
          ],
          [
            4.907466,
            52.3624
          ],
          [
            4.907425,
            52.362457
          ],
          [
            4.907385,
            52.362514
          ],
          [
            4.907341,
            52.362576
          ],
          [
            4.907312,
            52.362617
          ],
          [
            4.907278,
            52.362675
          ],
          [
            4.907204,
            52.362797
          ],
          [
            4.907174,
            52.362862
          ],
          [
            4.907139,
            52.362923
          ],
          [
            4.907104,
            52.362988
          ],
          [
            4.907064,
            52.363052
          ],
          [
            4.90703,
            52.363113
          ],
          [
            4.906966,
            52.363232
          ],
          [
            4.906922,
            52.363266
          ],
          [
            4.906825,
            52.3634
          ],
          [
            4.906785,
            52.363453
          ],
          [
            4.90671,
            52.363571
          ],
          [
            4.906675,
            52.363628
          ],
          [
            4.906642,
            52.363686
          ],
          [
            4.906571,
            52.363811
          ],
          [
            4.906537,
            52.363873
          ],
          [
            4.906499,
            52.36393
          ],
          [
            4.906458,
            52.363995
          ],
          [
            4.906388,
            52.364121
          ],
          [
            4.906323,
            52.364231
          ],
          [
            4.906256,
            52.364353
          ],
          [
            4.906224,
            52.364414
          ],
          [
            4.906191,
            52.364471
          ],
          [
            4.906165,
            52.364525
          ],
          [
            4.906134,
            52.36459
          ],
          [
            4.90607,
            52.364708
          ],
          [
            4.906044,
            52.364773
          ],
          [
            4.905973,
            52.364883
          ],
          [
            4.905944,
            52.364948
          ],
          [
            4.905873,
            52.365059
          ],
          [
            4.905802,
            52.36517
          ],
          [
            4.905766,
            52.365227
          ],
          [
            4.905727,
            52.365284
          ],
          [
            4.905652,
            52.365395
          ],
          [
            4.905612,
            52.365456
          ],
          [
            4.905571,
            52.365513
          ],
          [
            4.90549,
            52.36562
          ],
          [
            4.905447,
            52.365681
          ],
          [
            4.905406,
            52.365738
          ],
          [
            4.905368,
            52.365795
          ],
          [
            4.905332,
            52.365852
          ],
          [
            4.905294,
            52.365906
          ],
          [
            4.90525,
            52.365971
          ],
          [
            4.905212,
            52.366028
          ],
          [
            4.905166,
            52.366085
          ],
          [
            4.905123,
            52.366142
          ],
          [
            4.90508,
            52.366199
          ],
          [
            4.905042,
            52.366253
          ],
          [
            4.904979,
            52.366364
          ],
          [
            4.904952,
            52.366421
          ],
          [
            4.904935,
            52.366482
          ],
          [
            4.904914,
            52.366539
          ],
          [
            4.904891,
            52.3666
          ],
          [
            4.904862,
            52.366661
          ],
          [
            4.90483,
            52.366722
          ],
          [
            4.904786,
            52.366787
          ],
          [
            4.904702,
            52.366909
          ],
          [
            4.904666,
            52.36697
          ],
          [
            4.90461,
            52.367058
          ],
          [
            4.904556,
            52.367153
          ],
          [
            4.904502,
            52.367233
          ],
          [
            4.904454,
            52.367306
          ],
          [
            4.904412,
            52.367371
          ],
          [
            4.904376,
            52.36742
          ],
          [
            4.904318,
            52.3675
          ],
          [
            4.904287,
            52.367538
          ],
          [
            4.904259,
            52.367573
          ],
          [
            4.904201,
            52.367622
          ],
          [
            4.90418,
            52.367649
          ],
          [
            4.904151,
            52.367676
          ],
          [
            4.904139,
            52.367702
          ],
          [
            4.904145,
            52.367729
          ],
          [
            4.904141,
            52.367733
          ],
          [
            4.904236,
            52.36779
          ],
          [
            4.90428,
            52.367802
          ],
          [
            4.904315,
            52.367798
          ],
          [
            4.904333,
            52.367783
          ],
          [
            4.904334,
            52.367764
          ],
          [
            4.904305,
            52.367729
          ],
          [
            4.904271,
            52.367706
          ],
          [
            4.904192,
            52.367668
          ],
          [
            4.904148,
            52.367645
          ],
          [
            4.904072,
            52.367611
          ],
          [
            4.904028,
            52.367592
          ],
          [
            4.903989,
            52.367577
          ],
          [
            4.903907,
            52.367561
          ],
          [
            4.903863,
            52.367565
          ],
          [
            4.903856,
            52.367565
          ],
          [
            4.903828,
            52.367577
          ],
          [
            4.903786,
            52.367596
          ],
          [
            4.903748,
            52.367619
          ],
          [
            4.903696,
            52.367653
          ],
          [
            4.903651,
            52.36768
          ],
          [
            4.903571,
            52.367725
          ],
          [
            4.903446,
            52.367786
          ],
          [
            4.903383,
            52.367805
          ],
          [
            4.903298,
            52.367817
          ],
          [
            4.903259,
            52.367817
          ],
          [
            4.903217,
            52.367809
          ],
          [
            4.90318,
            52.367798
          ],
          [
            4.903098,
            52.36776
          ],
          [
            4.903058,
            52.367729
          ],
          [
            4.903046,
            52.367722
          ],
          [
            4.90302,
            52.367702
          ],
          [
            4.902989,
            52.367676
          ],
          [
            4.902953,
            52.367645
          ],
          [
            4.902908,
            52.367607
          ],
          [
            4.902854,
            52.367554
          ],
          [
            4.902814,
            52.367516
          ],
          [
            4.902776,
            52.367485
          ],
          [
            4.902722,
            52.367443
          ],
          [
            4.902636,
            52.367393
          ],
          [
            4.902556,
            52.367378
          ],
          [
            4.90253,
            52.36739
          ],
          [
            4.90253,
            52.36739
          ],
          [
            4.902448,
            52.367439
          ],
          [
            4.902426,
            52.367439
          ],
          [
            4.902382,
            52.367451
          ],
          [
            4.902332,
            52.367455
          ],
          [
            4.902319,
            52.367451
          ],
          [
            4.902286,
            52.367447
          ],
          [
            4.902247,
            52.367435
          ],
          [
            4.902139,
            52.367382
          ],
          [
            4.902035,
            52.36731
          ],
          [
            4.901978,
            52.367264
          ],
          [
            4.901922,
            52.367214
          ],
          [
            4.901871,
            52.367172
          ],
          [
            4.901754,
            52.367073
          ],
          [
            4.901698,
            52.367024
          ],
          [
            4.901642,
            52.366974
          ],
          [
            4.901583,
            52.366924
          ],
          [
            4.901523,
            52.366867
          ],
          [
            4.901394,
            52.366688
          ],
          [
            4.901361,
            52.366634
          ],
          [
            4.901252,
            52.366531
          ],
          [
            4.901174,
            52.366493
          ],
          [
            4.901088,
            52.366467
          ],
          [
            4.901006,
            52.36644
          ],
          [
            4.900921,
            52.366421
          ],
          [
            4.900761,
            52.366379
          ],
          [
            4.900678,
            52.366364
          ],
          [
            4.900518,
            52.366322
          ],
          [
            4.900445,
            52.36631
          ],
          [
            4.900366,
            52.366287
          ],
          [
            4.900294,
            52.366264
          ],
          [
            4.900126,
            52.366215
          ],
          [
            4.900066,
            52.366211
          ],
          [
            4.899929,
            52.366199
          ],
          [
            4.89984,
            52.366192
          ],
          [
            4.89961,
            52.366196
          ],
          [
            4.899565,
            52.366196
          ],
          [
            4.899466,
            52.366203
          ],
          [
            4.899372,
            52.366207
          ],
          [
            4.899199,
            52.366215
          ],
          [
            4.899014,
            52.366219
          ],
          [
            4.898969,
            52.366222
          ],
          [
            4.898825,
            52.36623
          ],
          [
            4.898762,
            52.36623
          ],
          [
            4.898617,
            52.366238
          ],
          [
            4.898506,
            52.366245
          ],
          [
            4.898308,
            52.366245
          ],
          [
            4.898228,
            52.366245
          ],
          [
            4.898111,
            52.366249
          ],
          [
            4.898014,
            52.366253
          ],
          [
            4.897938,
            52.366257
          ],
          [
            4.897825,
            52.366257
          ],
          [
            4.897637,
            52.366253
          ],
          [
            4.897571,
            52.366241
          ],
          [
            4.897519,
            52.366222
          ],
          [
            4.897481,
            52.366192
          ],
          [
            4.897456,
            52.366119
          ],
          [
            4.897482,
            52.36602
          ],
          [
            4.897527,
            52.365913
          ],
          [
            4.897547,
            52.365856
          ],
          [
            4.897577,
            52.365799
          ],
          [
            4.897596,
            52.365742
          ],
          [
            4.89765,
            52.36562
          ],
          [
            4.897678,
            52.365559
          ],
          [
            4.897717,
            52.365456
          ],
          [
            4.897736,
            52.365337
          ],
          [
            4.897746,
            52.365276
          ],
          [
            4.89775,
            52.365223
          ],
          [
            4.897757,
            52.36517
          ],
          [
            4.897776,
            52.365112
          ],
          [
            4.897805,
            52.365051
          ],
          [
            4.897833,
            52.364986
          ],
          [
            4.897891,
            52.364864
          ],
          [
            4.897918,
            52.364807
          ],
          [
            4.897942,
            52.364735
          ],
          [
            4.897962,
            52.364677
          ],
          [
            4.897986,
            52.364616
          ],
          [
            4.898,
            52.364563
          ],
          [
            4.89802,
            52.364502
          ],
          [
            4.898046,
            52.364441
          ],
          [
            4.898092,
            52.364326
          ],
          [
            4.898118,
            52.364277
          ],
          [
            4.89816,
            52.364174
          ],
          [
            4.89817,
            52.364113
          ],
          [
            4.898182,
            52.364048
          ],
          [
            4.898196,
            52.363987
          ],
          [
            4.898222,
            52.363857
          ],
          [
            4.898246,
            52.363796
          ],
          [
            4.898272,
            52.363735
          ],
          [
            4.898335,
            52.363613
          ],
          [
            4.898366,
            52.363556
          ],
          [
            4.898415,
            52.363449
          ],
          [
            4.898441,
            52.363388
          ],
          [
            4.898455,
            52.363338
          ],
          [
            4.898484,
            52.363281
          ],
          [
            4.898508,
            52.363216
          ],
          [
            4.898536,
            52.363155
          ],
          [
            4.898559,
            52.363098
          ],
          [
            4.898584,
            52.363037
          ],
          [
            4.898602,
            52.362976
          ],
          [
            4.898635,
            52.362915
          ],
          [
            4.898654,
            52.36285
          ],
          [
            4.898675,
            52.362797
          ],
          [
            4.898703,
            52.362732
          ],
          [
            4.89873,
            52.362667
          ],
          [
            4.89875,
            52.36261
          ],
          [
            4.898777,
            52.362545
          ],
          [
            4.898802,
            52.362476
          ],
          [
            4.898839,
            52.362354
          ],
          [
            4.89887,
            52.362236
          ],
          [
            4.898887,
            52.362186
          ],
          [
            4.898901,
            52.362129
          ],
          [
            4.898957,
            52.362011
          ],
          [
            4.898991,
            52.36195
          ],
          [
            4.899022,
            52.361889
          ],
          [
            4.899052,
            52.361832
          ],
          [
            4.899081,
            52.361767
          ],
          [
            4.899108,
            52.361706
          ],
          [
            4.899137,
            52.361633
          ],
          [
            4.899191,
            52.361507
          ],
          [
            4.899221,
            52.361443
          ],
          [
            4.899272,
            52.361324
          ],
          [
            4.899291,
            52.361271
          ],
          [
            4.899317,
            52.361218
          ],
          [
            4.899335,
            52.361153
          ],
          [
            4.899362,
            52.361088
          ],
          [
            4.899371,
            52.361019
          ],
          [
            4.899384,
            52.360962
          ],
          [
            4.899392,
            52.360897
          ],
          [
            4.899395,
            52.360832
          ],
          [
            4.899398,
            52.360767
          ],
          [
            4.899388,
            52.360638
          ],
          [
            4.899373,
            52.360573
          ],
          [
            4.899308,
            52.360455
          ],
          [
            4.899211,
            52.360332
          ],
          [
            4.899165,
            52.360275
          ],
          [
            4.899068,
            52.360168
          ],
          [
            4.899019,
            52.360111
          ],
          [
            4.898967,
            52.360058
          ],
          [
            4.898921,
            52.360004
          ],
          [
            4.898881,
            52.359951
          ],
          [
            4.898843,
            52.359905
          ],
          [
            4.898807,
            52.359852
          ],
          [
            4.898743,
            52.359753
          ],
          [
            4.898712,
            52.359703
          ],
          [
            4.89867,
            52.359661
          ],
          [
            4.898613,
            52.359619
          ],
          [
            4.898559,
            52.359589
          ],
          [
            4.898379,
            52.359539
          ],
          [
            4.89826,
            52.35952
          ],
          [
            4.89816,
            52.359505
          ],
          [
            4.898108,
            52.359497
          ],
          [
            4.897967,
            52.359478
          ],
          [
            4.897848,
            52.359463
          ],
          [
            4.897756,
            52.359451
          ],
          [
            4.897643,
            52.35944
          ],
          [
            4.897536,
            52.359428
          ],
          [
            4.897478,
            52.359421
          ],
          [
            4.897343,
            52.359402
          ],
          [
            4.897241,
            52.359386
          ],
          [
            4.89713,
            52.359379
          ],
          [
            4.897066,
            52.359371
          ],
          [
            4.897,
            52.359364
          ],
          [
            4.896831,
            52.359356
          ],
          [
            4.89663,
            52.359356
          ],
          [
            4.896512,
            52.35936
          ],
          [
            4.896447,
            52.359364
          ],
          [
            4.896306,
            52.359367
          ],
          [
            4.896201,
            52.359371
          ],
          [
            4.896093,
            52.359375
          ],
          [
            4.89599,
            52.359383
          ],
          [
            4.895839,
            52.359386
          ],
          [
            4.89558,
            52.35939
          ],
          [
            4.895491,
            52.35939
          ],
          [
            4.8954,
            52.359394
          ],
          [
            4.895333,
            52.359398
          ],
          [
            4.895175,
            52.359406
          ],
          [
            4.894978,
            52.359417
          ],
          [
            4.894868,
            52.359425
          ],
          [
            4.894746,
            52.359432
          ],
          [
            4.894694,
            52.359436
          ],
          [
            4.894432,
            52.359447
          ],
          [
            4.894328,
            52.359455
          ],
          [
            4.894231,
            52.359459
          ],
          [
            4.894172,
            52.359463
          ],
          [
            4.894038,
            52.35947
          ],
          [
            4.893818,
            52.359486
          ],
          [
            4.893723,
            52.359489
          ],
          [
            4.893665,
            52.359493
          ],
          [
            4.893413,
            52.359505
          ],
          [
            4.893208,
            52.359512
          ],
          [
            4.893151,
            52.359516
          ],
          [
            4.892906,
            52.359528
          ],
          [
            4.892799,
            52.359535
          ],
          [
            4.892695,
            52.359543
          ],
          [
            4.892635,
            52.359547
          ],
          [
            4.8925,
            52.359558
          ],
          [
            4.8924,
            52.359566
          ],
          [
            4.892297,
            52.35957
          ],
          [
            4.892196,
            52.359577
          ],
          [
            4.89213,
            52.359585
          ],
          [
            4.892004,
            52.359596
          ],
          [
            4.891843,
            52.359611
          ],
          [
            4.891651,
            52.359623
          ],
          [
            4.891481,
            52.359631
          ],
          [
            4.891337,
            52.359638
          ],
          [
            4.891208,
            52.359642
          ],
          [
            4.891108,
            52.359646
          ],
          [
            4.890957,
            52.359653
          ],
          [
            4.890879,
            52.359657
          ],
          [
            4.890802,
            52.359661
          ],
          [
            4.890717,
            52.359665
          ],
          [
            4.890642,
            52.359661
          ],
          [
            4.890521,
            52.359615
          ],
          [
            4.89047,
            52.359592
          ],
          [
            4.890413,
            52.359558
          ],
          [
            4.890362,
            52.359516
          ],
          [
            4.890313,
            52.359467
          ],
          [
            4.89029,
            52.359428
          ],
          [
            4.89027,
            52.359375
          ],
          [
            4.890259,
            52.359318
          ],
          [
            4.89028,
            52.359196
          ],
          [
            4.890309,
            52.359142
          ],
          [
            4.890373,
            52.359081
          ],
          [
            4.890443,
            52.359024
          ],
          [
            4.890564,
            52.358929
          ],
          [
            4.890704,
            52.35878
          ],
          [
            4.890726,
            52.358723
          ],
          [
            4.890734,
            52.358665
          ],
          [
            4.890738,
            52.358608
          ],
          [
            4.890739,
            52.358597
          ],
          [
            4.890739,
            52.358547
          ],
          [
            4.890736,
            52.358494
          ],
          [
            4.890732,
            52.358459
          ],
          [
            4.890728,
            52.358414
          ],
          [
            4.890723,
            52.358372
          ],
          [
            4.890714,
            52.35833
          ],
          [
            4.890703,
            52.358311
          ],
          [
            4.890687,
            52.358288
          ],
          [
            4.890579,
            52.358223
          ],
          [
            4.890436,
            52.358212
          ],
          [
            4.890348,
            52.358223
          ],
          [
            4.890249,
            52.358242
          ],
          [
            4.890171,
            52.358257
          ],
          [
            4.890115,
            52.358269
          ],
          [
            4.890004,
            52.358288
          ],
          [
            4.889921,
            52.358307
          ],
          [
            4.889745,
            52.358353
          ],
          [
            4.889665,
            52.358379
          ],
          [
            4.889578,
            52.35841
          ],
          [
            4.889487,
            52.35844
          ],
          [
            4.889406,
            52.358475
          ],
          [
            4.889334,
            52.358513
          ],
          [
            4.889257,
            52.358555
          ],
          [
            4.889179,
            52.358593
          ],
          [
            4.889099,
            52.358635
          ],
          [
            4.889025,
            52.358669
          ],
          [
            4.888941,
            52.358707
          ],
          [
            4.888857,
            52.358746
          ],
          [
            4.888778,
            52.358784
          ],
          [
            4.8887,
            52.358826
          ],
          [
            4.888634,
            52.358864
          ],
          [
            4.888564,
            52.35891
          ],
          [
            4.888497,
            52.358959
          ],
          [
            4.888435,
            52.359005
          ],
          [
            4.888375,
            52.359055
          ],
          [
            4.88832,
            52.359104
          ],
          [
            4.888269,
            52.359154
          ],
          [
            4.888216,
            52.359207
          ],
          [
            4.888179,
            52.359264
          ],
          [
            4.888148,
            52.359322
          ],
          [
            4.888115,
            52.359379
          ],
          [
            4.888085,
            52.359428
          ],
          [
            4.888046,
            52.359489
          ],
          [
            4.887998,
            52.35955
          ],
          [
            4.887942,
            52.359604
          ],
          [
            4.887886,
            52.359657
          ],
          [
            4.887825,
            52.359707
          ],
          [
            4.887696,
            52.359787
          ],
          [
            4.887626,
            52.359829
          ],
          [
            4.887552,
            52.359871
          ],
          [
            4.887478,
            52.359913
          ],
          [
            4.887405,
            52.359951
          ],
          [
            4.887256,
            52.360027
          ],
          [
            4.887189,
            52.360058
          ],
          [
            4.887118,
            52.360092
          ],
          [
            4.887052,
            52.360126
          ],
          [
            4.886978,
            52.360161
          ],
          [
            4.886906,
            52.360195
          ],
          [
            4.886836,
            52.360229
          ],
          [
            4.886759,
            52.360264
          ],
          [
            4.886684,
            52.360298
          ],
          [
            4.886632,
            52.360325
          ],
          [
            4.886539,
            52.360371
          ],
          [
            4.886474,
            52.360409
          ],
          [
            4.886417,
            52.360443
          ],
          [
            4.88636,
            52.360477
          ],
          [
            4.886311,
            52.360497
          ],
          [
            4.886258,
            52.360508
          ],
          [
            4.886204,
            52.360508
          ],
          [
            4.886137,
            52.360481
          ],
          [
            4.886094,
            52.360477
          ],
          [
            4.886069,
            52.360466
          ],
          [
            4.886036,
            52.360458
          ],
          [
            4.885908,
            52.360451
          ],
          [
            4.885848,
            52.360436
          ],
          [
            4.885754,
            52.360386
          ],
          [
            4.885704,
            52.360355
          ],
          [
            4.885661,
            52.360325
          ],
          [
            4.885653,
            52.360321
          ],
          [
            4.885604,
            52.360294
          ],
          [
            4.885587,
            52.360271
          ],
          [
            4.885577,
            52.360249
          ],
          [
            4.885561,
            52.360226
          ],
          [
            4.885528,
            52.360188
          ],
          [
            4.885516,
            52.360172
          ],
          [
            4.885507,
            52.360161
          ],
          [
            4.885493,
            52.360153
          ],
          [
            4.885499,
            52.360157
          ],
          [
            4.885516,
            52.360168
          ],
          [
            4.885426,
            52.360077
          ],
          [
            4.885443,
            52.360096
          ],
          [
            4.885196,
            52.359924
          ],
          [
            4.884748,
            52.359619
          ],
          [
            4.884666,
            52.359562
          ],
          [
            4.884528,
            52.359463
          ],
          [
            4.884461,
            52.359413
          ],
          [
            4.8844,
            52.359371
          ],
          [
            4.884333,
            52.359333
          ],
          [
            4.884268,
            52.359303
          ],
          [
            4.884223,
            52.359291
          ],
          [
            4.884134,
            52.359295
          ],
          [
            4.884039,
            52.359314
          ],
          [
            4.884003,
            52.359333
          ],
          [
            4.883968,
            52.359364
          ],
          [
            4.883925,
            52.359398
          ],
          [
            4.883882,
            52.359432
          ],
          [
            4.883842,
            52.359455
          ],
          [
            4.883809,
            52.359474
          ],
          [
            4.883786,
            52.359486
          ],
          [
            4.883786,
            52.359486
          ],
          [
            4.8837,
            52.359512
          ],
          [
            4.88367,
            52.359528
          ],
          [
            4.883622,
            52.359547
          ],
          [
            4.883606,
            52.35955
          ],
          [
            4.883579,
            52.359558
          ],
          [
            4.883533,
            52.359566
          ],
          [
            4.883462,
            52.359558
          ],
          [
            4.883349,
            52.35952
          ],
          [
            4.883284,
            52.359497
          ],
          [
            4.883203,
            52.359478
          ],
          [
            4.883029,
            52.359432
          ],
          [
            4.88294,
            52.359409
          ],
          [
            4.88283,
            52.359383
          ],
          [
            4.882761,
            52.359364
          ],
          [
            4.882632,
            52.359333
          ],
          [
            4.882532,
            52.359306
          ],
          [
            4.882438,
            52.359276
          ],
          [
            4.88234,
            52.359249
          ],
          [
            4.882243,
            52.359222
          ],
          [
            4.88205,
            52.359173
          ],
          [
            4.881952,
            52.35915
          ],
          [
            4.88186,
            52.359123
          ],
          [
            4.881762,
            52.3591
          ],
          [
            4.881685,
            52.359077
          ],
          [
            4.881573,
            52.359043
          ],
          [
            4.881382,
            52.358997
          ],
          [
            4.881283,
            52.358974
          ],
          [
            4.88119,
            52.358948
          ],
          [
            4.881,
            52.358894
          ],
          [
            4.880906,
            52.358871
          ],
          [
            4.880815,
            52.358845
          ],
          [
            4.880723,
            52.358822
          ],
          [
            4.880642,
            52.358799
          ],
          [
            4.88045,
            52.358738
          ],
          [
            4.880313,
            52.3587
          ],
          [
            4.880251,
            52.358681
          ],
          [
            4.880149,
            52.358654
          ],
          [
            4.880066,
            52.358627
          ],
          [
            4.879885,
            52.358574
          ],
          [
            4.879741,
            52.35854
          ],
          [
            4.879512,
            52.358479
          ],
          [
            4.879416,
            52.358452
          ],
          [
            4.879246,
            52.358417
          ],
          [
            4.879135,
            52.358391
          ],
          [
            4.879048,
            52.358368
          ],
          [
            4.878971,
            52.358353
          ],
          [
            4.87889,
            52.35833
          ],
          [
            4.878781,
            52.358303
          ],
          [
            4.878781,
            52.358303
          ],
          [
            4.878781,
            52.358303
          ],
          [
            4.878668,
            52.35828
          ],
          [
            4.878652,
            52.35828
          ],
          [
            4.878634,
            52.358288
          ],
          [
            4.878586,
            52.35833
          ],
          [
            4.87856,
            52.358364
          ],
          [
            4.878526,
            52.358406
          ],
          [
            4.878469,
            52.358494
          ],
          [
            4.878443,
            52.35854
          ],
          [
            4.878392,
            52.358627
          ],
          [
            4.878367,
            52.358669
          ],
          [
            4.878333,
            52.358711
          ],
          [
            4.878297,
            52.358753
          ],
          [
            4.878235,
            52.358826
          ],
          [
            4.878207,
            52.35886
          ],
          [
            4.878179,
            52.358898
          ],
          [
            4.878151,
            52.358932
          ],
          [
            4.878126,
            52.358971
          ],
          [
            4.878076,
            52.359039
          ],
          [
            4.878053,
            52.359074
          ],
          [
            4.878029,
            52.359104
          ],
          [
            4.878008,
            52.359131
          ],
          [
            4.877953,
            52.35918
          ],
          [
            4.877934,
            52.359196
          ],
          [
            4.877909,
            52.359207
          ],
          [
            4.877909,
            52.359207
          ],
          [
            4.877909,
            52.359207
          ],
          [
            4.877909,
            52.359207
          ],
          [
            4.877909,
            52.359207
          ],
          [
            4.877815,
            52.359264
          ],
          [
            4.877812,
            52.359272
          ],
          [
            4.877803,
            52.359283
          ],
          [
            4.87779,
            52.359299
          ],
          [
            4.877766,
            52.359333
          ],
          [
            4.877721,
            52.359386
          ],
          [
            4.877693,
            52.359421
          ],
          [
            4.877662,
            52.359459
          ],
          [
            4.87763,
            52.359505
          ],
          [
            4.877571,
            52.359592
          ],
          [
            4.877498,
            52.359695
          ],
          [
            4.877418,
            52.35981
          ],
          [
            4.877378,
            52.359867
          ],
          [
            4.877309,
            52.359978
          ],
          [
            4.877275,
            52.360035
          ],
          [
            4.877242,
            52.360096
          ],
          [
            4.877205,
            52.360153
          ],
          [
            4.877172,
            52.360207
          ],
          [
            4.87709,
            52.360321
          ],
          [
            4.877011,
            52.360432
          ],
          [
            4.876972,
            52.360485
          ],
          [
            4.876935,
            52.360542
          ],
          [
            4.876898,
            52.3606
          ],
          [
            4.876864,
            52.360653
          ],
          [
            4.876824,
            52.360718
          ],
          [
            4.876749,
            52.360832
          ],
          [
            4.876672,
            52.360947
          ],
          [
            4.876633,
            52.361
          ],
          [
            4.876596,
            52.361053
          ],
          [
            4.876554,
            52.361111
          ],
          [
            4.876512,
            52.361172
          ],
          [
            4.876469,
            52.361229
          ],
          [
            4.876429,
            52.361282
          ],
          [
            4.876391,
            52.361336
          ],
          [
            4.876351,
            52.361389
          ],
          [
            4.876273,
            52.361496
          ],
          [
            4.876235,
            52.361549
          ],
          [
            4.876194,
            52.361607
          ],
          [
            4.87615,
            52.361668
          ],
          [
            4.876111,
            52.361721
          ],
          [
            4.876027,
            52.361835
          ],
          [
            4.875987,
            52.361889
          ],
          [
            4.875899,
            52.362011
          ],
          [
            4.875859,
            52.362068
          ],
          [
            4.875783,
            52.362175
          ],
          [
            4.875743,
            52.362232
          ],
          [
            4.875706,
            52.362286
          ],
          [
            4.875671,
            52.362339
          ],
          [
            4.875641,
            52.362381
          ],
          [
            4.875609,
            52.362427
          ],
          [
            4.875579,
            52.362465
          ],
          [
            4.87555,
            52.362507
          ],
          [
            4.875501,
            52.362576
          ],
          [
            4.87548,
            52.362614
          ],
          [
            4.875459,
            52.362656
          ],
          [
            4.875442,
            52.362694
          ],
          [
            4.875423,
            52.362736
          ],
          [
            4.875399,
            52.362804
          ],
          [
            4.875382,
            52.362839
          ],
          [
            4.875363,
            52.362877
          ],
          [
            4.875363,
            52.362877
          ],
          [
            4.875363,
            52.362877
          ],
          [
            4.875319,
            52.362923
          ],
          [
            4.875302,
            52.362927
          ],
          [
            4.875287,
            52.36293
          ],
          [
            4.875267,
            52.362934
          ],
          [
            4.87525,
            52.362934
          ],
          [
            4.875219,
            52.362927
          ],
          [
            4.875194,
            52.362915
          ],
          [
            4.875175,
            52.362904
          ],
          [
            4.875175,
            52.362904
          ],
          [
            4.875175,
            52.362904
          ],
          [
            4.875175,
            52.362904
          ],
          [
            4.87513,
            52.362865
          ],
          [
            4.875098,
            52.362843
          ],
          [
            4.875025,
            52.362808
          ],
          [
            4.874897,
            52.362774
          ],
          [
            4.874826,
            52.362755
          ],
          [
            4.874761,
            52.362736
          ],
          [
            4.874578,
            52.36269
          ],
          [
            4.874496,
            52.362667
          ],
          [
            4.874402,
            52.362644
          ],
          [
            4.874305,
            52.362621
          ],
          [
            4.874209,
            52.362598
          ],
          [
            4.87413,
            52.362579
          ],
          [
            4.873928,
            52.362526
          ],
          [
            4.873854,
            52.362503
          ],
          [
            4.873798,
            52.362488
          ],
          [
            4.873798,
            52.362488
          ],
          [
            4.873798,
            52.362488
          ],
          [
            4.873798,
            52.362488
          ],
          [
            4.873687,
            52.362434
          ],
          [
            4.873687,
            52.362423
          ],
          [
            4.873702,
            52.362404
          ],
          [
            4.873713,
            52.362373
          ],
          [
            4.873721,
            52.362343
          ],
          [
            4.873729,
            52.362278
          ],
          [
            4.873733,
            52.362236
          ],
          [
            4.873737,
            52.362194
          ],
          [
            4.873753,
            52.362148
          ],
          [
            4.873773,
            52.362106
          ],
          [
            4.873801,
            52.362057
          ],
          [
            4.873833,
            52.362003
          ],
          [
            4.873878,
            52.361908
          ],
          [
            4.873907,
            52.361847
          ],
          [
            4.873925,
            52.361797
          ],
          [
            4.87395,
            52.361748
          ],
          [
            4.873984,
            52.361698
          ],
          [
            4.874021,
            52.361645
          ],
          [
            4.874053,
            52.361595
          ],
          [
            4.874087,
            52.361542
          ],
          [
            4.874119,
            52.361484
          ],
          [
            4.874137,
            52.361439
          ],
          [
            4.87415,
            52.361389
          ],
          [
            4.874146,
            52.36134
          ],
          [
            4.874085,
            52.361233
          ],
          [
            4.874037,
            52.361187
          ],
          [
            4.873995,
            52.361153
          ],
          [
            4.873939,
            52.361095
          ],
          [
            4.873934,
            52.361065
          ],
          [
            4.873944,
            52.361023
          ],
          [
            4.873961,
            52.360985
          ],
          [
            4.873977,
            52.360947
          ],
          [
            4.873986,
            52.360912
          ],
          [
            4.873974,
            52.360828
          ],
          [
            4.873934,
            52.360794
          ],
          [
            4.873813,
            52.360737
          ],
          [
            4.873762,
            52.360718
          ],
          [
            4.873697,
            52.360703
          ],
          [
            4.873622,
            52.360699
          ],
          [
            4.873554,
            52.360683
          ],
          [
            4.873396,
            52.360645
          ],
          [
            4.873346,
            52.360638
          ],
          [
            4.873224,
            52.360607
          ],
          [
            4.873133,
            52.360584
          ],
          [
            4.873066,
            52.360558
          ],
          [
            4.873003,
            52.360527
          ],
          [
            4.872951,
            52.360497
          ],
          [
            4.872911,
            52.360458
          ],
          [
            4.87287,
            52.360416
          ],
          [
            4.872844,
            52.360371
          ],
          [
            4.872819,
            52.360321
          ],
          [
            4.872792,
            52.36026
          ],
          [
            4.872756,
            52.360207
          ],
          [
            4.872711,
            52.360146
          ],
          [
            4.872663,
            52.3601
          ],
          [
            4.87261,
            52.360058
          ],
          [
            4.872543,
            52.360012
          ],
          [
            4.87247,
            52.359974
          ],
          [
            4.87239,
            52.35994
          ],
          [
            4.872309,
            52.359913
          ],
          [
            4.872252,
            52.359894
          ],
          [
            4.872128,
            52.359863
          ],
          [
            4.872034,
            52.35984
          ],
          [
            4.87195,
            52.359814
          ],
          [
            4.871869,
            52.359791
          ],
          [
            4.871781,
            52.359768
          ],
          [
            4.871626,
            52.359714
          ],
          [
            4.871555,
            52.359684
          ],
          [
            4.871471,
            52.359642
          ],
          [
            4.871394,
            52.359604
          ],
          [
            4.87132,
            52.359558
          ],
          [
            4.87125,
            52.35952
          ],
          [
            4.871174,
            52.359474
          ],
          [
            4.871096,
            52.359432
          ],
          [
            4.871003,
            52.359379
          ],
          [
            4.870906,
            52.359325
          ],
          [
            4.87081,
            52.35928
          ],
          [
            4.87072,
            52.35923
          ],
          [
            4.870646,
            52.359196
          ],
          [
            4.870568,
            52.359161
          ],
          [
            4.870484,
            52.359127
          ],
          [
            4.870399,
            52.359093
          ],
          [
            4.870312,
            52.359066
          ],
          [
            4.870215,
            52.359055
          ],
          [
            4.870118,
            52.359047
          ],
          [
            4.870043,
            52.359039
          ],
          [
            4.869913,
            52.359035
          ],
          [
            4.869808,
            52.359024
          ],
          [
            4.869712,
            52.359009
          ],
          [
            4.869617,
            52.358994
          ],
          [
            4.869535,
            52.358982
          ],
          [
            4.869422,
            52.358959
          ],
          [
            4.869333,
            52.358932
          ],
          [
            4.869248,
            52.358902
          ],
          [
            4.869167,
            52.358868
          ],
          [
            4.869089,
            52.35883
          ],
          [
            4.869015,
            52.358791
          ],
          [
            4.868949,
            52.358749
          ],
          [
            4.868886,
            52.358715
          ],
          [
            4.868825,
            52.358673
          ],
          [
            4.868773,
            52.358635
          ],
          [
            4.868729,
            52.358589
          ],
          [
            4.868695,
            52.358547
          ],
          [
            4.868673,
            52.358501
          ],
          [
            4.868658,
            52.358463
          ],
          [
            4.868639,
            52.358417
          ],
          [
            4.868624,
            52.358376
          ],
          [
            4.868617,
            52.358334
          ],
          [
            4.868624,
            52.358295
          ],
          [
            4.86865,
            52.358257
          ],
          [
            4.868687,
            52.358234
          ],
          [
            4.868734,
            52.358219
          ],
          [
            4.868788,
            52.358208
          ],
          [
            4.868837,
            52.358208
          ],
          [
            4.868874,
            52.358223
          ],
          [
            4.86891,
            52.358242
          ],
          [
            4.868971,
            52.358307
          ],
          [
            4.86899,
            52.358345
          ],
          [
            4.869014,
            52.358379
          ],
          [
            4.86905,
            52.358414
          ],
          [
            4.869094,
            52.35844
          ],
          [
            4.869146,
            52.358467
          ],
          [
            4.869203,
            52.358479
          ],
          [
            4.869253,
            52.358494
          ],
          [
            4.869302,
            52.358517
          ],
          [
            4.86941,
            52.358543
          ],
          [
            4.86946,
            52.358547
          ],
          [
            4.869572,
            52.358543
          ],
          [
            4.86962,
            52.358528
          ],
          [
            4.869655,
            52.358513
          ],
          [
            4.869695,
            52.358501
          ],
          [
            4.869726,
            52.35849
          ],
          [
            4.869726,
            52.35849
          ],
          [
            4.86978,
            52.358471
          ],
          [
            4.869788,
            52.358467
          ],
          [
            4.86981,
            52.358444
          ],
          [
            4.869817,
            52.358437
          ],
          [
            4.869867,
            52.358398
          ],
          [
            4.86989,
            52.358391
          ],
          [
            4.869914,
            52.358383
          ],
          [
            4.869961,
            52.358364
          ],
          [
            4.869977,
            52.358345
          ],
          [
            4.869991,
            52.358334
          ],
          [
            4.869995,
            52.358315
          ],
          [
            4.869997,
            52.358288
          ],
          [
            4.869983,
            52.358261
          ],
          [
            4.869919,
            52.358219
          ],
          [
            4.869816,
            52.358177
          ],
          [
            4.869772,
            52.358162
          ],
          [
            4.869724,
            52.358139
          ],
          [
            4.869624,
            52.358112
          ],
          [
            4.869579,
            52.358112
          ],
          [
            4.869537,
            52.358109
          ],
          [
            4.869461,
            52.358105
          ],
          [
            4.869418,
            52.358101
          ],
          [
            4.869364,
            52.358101
          ],
          [
            4.869317,
            52.358097
          ],
          [
            4.869264,
            52.358089
          ],
          [
            4.869215,
            52.358082
          ],
          [
            4.869164,
            52.358074
          ],
          [
            4.869119,
            52.358063
          ],
          [
            4.869088,
            52.358036
          ],
          [
            4.869071,
            52.357998
          ],
          [
            4.869062,
            52.357967
          ],
          [
            4.869042,
            52.357933
          ],
          [
            4.869035,
            52.357902
          ],
          [
            4.869019,
            52.357872
          ],
          [
            4.869019,
            52.357826
          ],
          [
            4.869028,
            52.357807
          ],
          [
            4.869026,
            52.357784
          ],
          [
            4.869026,
            52.357784
          ],
          [
            4.869034,
            52.357765
          ],
          [
            4.869034,
            52.357765
          ],
          [
            4.869052,
            52.357742
          ],
          [
            4.869058,
            52.357735
          ],
          [
            4.869061,
            52.357723
          ],
          [
            4.869065,
            52.357704
          ],
          [
            4.869096,
            52.357658
          ],
          [
            4.869115,
            52.357639
          ],
          [
            4.869127,
            52.35762
          ],
          [
            4.869139,
            52.35759
          ],
          [
            4.869136,
            52.357555
          ],
          [
            4.86913,
            52.357513
          ],
          [
            4.869109,
            52.357483
          ],
          [
            4.869079,
            52.357452
          ],
          [
            4.869039,
            52.357422
          ],
          [
            4.869,
            52.357391
          ],
          [
            4.868962,
            52.357365
          ],
          [
            4.868918,
            52.357334
          ],
          [
            4.868869,
            52.357307
          ],
          [
            4.868811,
            52.357277
          ],
          [
            4.868746,
            52.35725
          ],
          [
            4.868681,
            52.357216
          ],
          [
            4.868615,
            52.357182
          ],
          [
            4.868547,
            52.357151
          ],
          [
            4.868491,
            52.357124
          ],
          [
            4.868396,
            52.357082
          ],
          [
            4.86825,
            52.357018
          ],
          [
            4.868171,
            52.356987
          ],
          [
            4.86811,
            52.356964
          ],
          [
            4.868047,
            52.356937
          ],
          [
            4.867973,
            52.356907
          ],
          [
            4.867913,
            52.35688
          ],
          [
            4.867848,
            52.356857
          ],
          [
            4.867786,
            52.356834
          ],
          [
            4.867712,
            52.356808
          ],
          [
            4.867647,
            52.356785
          ],
          [
            4.86759,
            52.356766
          ],
          [
            4.867496,
            52.356735
          ],
          [
            4.867419,
            52.356708
          ],
          [
            4.867352,
            52.356686
          ],
          [
            4.86728,
            52.356667
          ],
          [
            4.867214,
            52.356647
          ],
          [
            4.867152,
            52.356628
          ],
          [
            4.867091,
            52.356609
          ],
          [
            4.867028,
            52.356586
          ],
          [
            4.866969,
            52.356567
          ],
          [
            4.866898,
            52.356541
          ],
          [
            4.866829,
            52.356518
          ],
          [
            4.866756,
            52.356495
          ],
          [
            4.866679,
            52.35648
          ],
          [
            4.866604,
            52.356457
          ],
          [
            4.866532,
            52.356442
          ],
          [
            4.866455,
            52.356422
          ],
          [
            4.866386,
            52.356411
          ],
          [
            4.86631,
            52.356392
          ],
          [
            4.866241,
            52.356381
          ],
          [
            4.866175,
            52.356369
          ],
          [
            4.866106,
            52.35635
          ],
          [
            4.86604,
            52.356335
          ],
          [
            4.865967,
            52.356323
          ],
          [
            4.865888,
            52.356316
          ],
          [
            4.865815,
            52.356304
          ],
          [
            4.865735,
            52.356297
          ],
          [
            4.865654,
            52.356289
          ],
          [
            4.865567,
            52.356274
          ],
          [
            4.865398,
            52.356243
          ],
          [
            4.865309,
            52.356228
          ],
          [
            4.865225,
            52.35622
          ],
          [
            4.865105,
            52.356213
          ],
          [
            4.864981,
            52.356209
          ],
          [
            4.86494,
            52.356209
          ],
          [
            4.864803,
            52.356197
          ],
          [
            4.8647,
            52.356194
          ],
          [
            4.864602,
            52.35619
          ],
          [
            4.864407,
            52.356186
          ],
          [
            4.864313,
            52.356186
          ],
          [
            4.864226,
            52.356182
          ],
          [
            4.864137,
            52.356178
          ],
          [
            4.864051,
            52.356174
          ],
          [
            4.8639,
            52.356167
          ],
          [
            4.863808,
            52.356163
          ],
          [
            4.863739,
            52.356163
          ],
          [
            4.863662,
            52.356159
          ],
          [
            4.863592,
            52.356155
          ],
          [
            4.863533,
            52.356155
          ],
          [
            4.863465,
            52.356152
          ],
          [
            4.863407,
            52.356152
          ],
          [
            4.863363,
            52.356163
          ],
          [
            4.863339,
            52.356182
          ],
          [
            4.863317,
            52.356205
          ],
          [
            4.863289,
            52.356228
          ],
          [
            4.863264,
            52.356258
          ],
          [
            4.863235,
            52.356289
          ],
          [
            4.863209,
            52.356319
          ],
          [
            4.863174,
            52.356346
          ],
          [
            4.863135,
            52.356365
          ],
          [
            4.863083,
            52.356381
          ],
          [
            4.863036,
            52.356396
          ],
          [
            4.862992,
            52.356411
          ],
          [
            4.862949,
            52.356426
          ],
          [
            4.862923,
            52.356442
          ],
          [
            4.862891,
            52.356464
          ],
          [
            4.862863,
            52.356483
          ],
          [
            4.862836,
            52.356499
          ],
          [
            4.862813,
            52.356514
          ],
          [
            4.862783,
            52.356533
          ],
          [
            4.862758,
            52.356548
          ],
          [
            4.862717,
            52.356583
          ],
          [
            4.862689,
            52.356609
          ],
          [
            4.862667,
            52.356628
          ],
          [
            4.862641,
            52.356659
          ],
          [
            4.862627,
            52.356678
          ],
          [
            4.862609,
            52.356708
          ],
          [
            4.862599,
            52.356762
          ],
          [
            4.862593,
            52.356792
          ],
          [
            4.862587,
            52.356819
          ],
          [
            4.862582,
            52.35685
          ],
          [
            4.862575,
            52.356888
          ],
          [
            4.862566,
            52.356949
          ],
          [
            4.862564,
            52.356979
          ],
          [
            4.862542,
            52.35704
          ],
          [
            4.862527,
            52.357067
          ],
          [
            4.862505,
            52.357101
          ],
          [
            4.862486,
            52.357128
          ],
          [
            4.86247,
            52.357159
          ],
          [
            4.862416,
            52.35722
          ],
          [
            4.862383,
            52.357243
          ],
          [
            4.862343,
            52.357265
          ],
          [
            4.862309,
            52.357281
          ],
          [
            4.862269,
            52.3573
          ],
          [
            4.862232,
            52.357311
          ],
          [
            4.862186,
            52.357319
          ],
          [
            4.862068,
            52.35733
          ],
          [
            4.86201,
            52.357323
          ],
          [
            4.861968,
            52.357326
          ],
          [
            4.861853,
            52.357311
          ],
          [
            4.861797,
            52.357304
          ],
          [
            4.861682,
            52.357273
          ],
          [
            4.861625,
            52.357258
          ],
          [
            4.861503,
            52.35722
          ],
          [
            4.86144,
            52.357197
          ],
          [
            4.861332,
            52.357151
          ],
          [
            4.861283,
            52.357132
          ],
          [
            4.86124,
            52.357109
          ],
          [
            4.861164,
            52.357075
          ],
          [
            4.861137,
            52.357052
          ],
          [
            4.861113,
            52.35704
          ],
          [
            4.861081,
            52.357021
          ],
          [
            4.861047,
            52.356995
          ],
          [
            4.86097,
            52.356937
          ],
          [
            4.860883,
            52.356876
          ],
          [
            4.860835,
            52.356846
          ],
          [
            4.860781,
            52.356812
          ],
          [
            4.860733,
            52.356781
          ],
          [
            4.860665,
            52.356747
          ],
          [
            4.860538,
            52.356686
          ],
          [
            4.860471,
            52.356655
          ],
          [
            4.860335,
            52.356598
          ],
          [
            4.860265,
            52.356571
          ],
          [
            4.860207,
            52.356548
          ],
          [
            4.860145,
            52.356529
          ],
          [
            4.860082,
            52.35651
          ],
          [
            4.860022,
            52.356495
          ],
          [
            4.859962,
            52.356487
          ],
          [
            4.859906,
            52.35648
          ],
          [
            4.859788,
            52.356468
          ],
          [
            4.859735,
            52.356461
          ],
          [
            4.859632,
            52.356464
          ],
          [
            4.859593,
            52.356468
          ],
          [
            4.859553,
            52.35648
          ],
          [
            4.859519,
            52.356495
          ],
          [
            4.85949,
            52.35651
          ],
          [
            4.859455,
            52.356541
          ],
          [
            4.859436,
            52.356567
          ],
          [
            4.859422,
            52.35659
          ],
          [
            4.85941,
            52.356606
          ],
          [
            4.859405,
            52.356625
          ],
          [
            4.859437,
            52.356663
          ],
          [
            4.859482,
            52.356674
          ],
          [
            4.859571,
            52.356693
          ],
          [
            4.859613,
            52.356708
          ],
          [
            4.859669,
            52.356735
          ],
          [
            4.859669,
            52.356735
          ],
          [
            4.859669,
            52.356735
          ],
          [
            4.859669,
            52.356735
          ],
          [
            4.859584,
            52.356716
          ],
          [
            4.859562,
            52.356716
          ],
          [
            4.859539,
            52.356712
          ],
          [
            4.859514,
            52.356716
          ],
          [
            4.859514,
            52.356716
          ],
          [
            4.859461,
            52.356708
          ],
          [
            4.859434,
            52.356708
          ],
          [
            4.85941,
            52.356705
          ],
          [
            4.85941,
            52.356705
          ],
          [
            4.859368,
            52.356739
          ],
          [
            4.85936,
            52.35675
          ],
          [
            4.859348,
            52.356762
          ],
          [
            4.859345,
            52.356785
          ],
          [
            4.859339,
            52.356812
          ],
          [
            4.859334,
            52.356831
          ],
          [
            4.859329,
            52.35685
          ],
          [
            4.85932,
            52.35688
          ],
          [
            4.85932,
            52.356899
          ],
          [
            4.859315,
            52.356918
          ],
          [
            4.859313,
            52.356941
          ],
          [
            4.859316,
            52.356953
          ],
          [
            4.859321,
            52.356968
          ],
          [
            4.859327,
            52.356987
          ],
          [
            4.859336,
            52.357018
          ],
          [
            4.859345,
            52.357044
          ],
          [
            4.859358,
            52.357075
          ],
          [
            4.859369,
            52.357113
          ],
          [
            4.859385,
            52.357136
          ],
          [
            4.8594,
            52.357155
          ],
          [
            4.859399,
            52.357182
          ],
          [
            4.859399,
            52.357182
          ],
          [
            4.859388,
            52.357216
          ],
          [
            4.859379,
            52.357231
          ],
          [
            4.859376,
            52.357246
          ],
          [
            4.859392,
            52.357262
          ],
          [
            4.859419,
            52.357273
          ],
          [
            4.859462,
            52.357288
          ],
          [
            4.859503,
            52.3573
          ],
          [
            4.859539,
            52.357315
          ],
          [
            4.859572,
            52.357349
          ],
          [
            4.859593,
            52.357376
          ],
          [
            4.859596,
            52.357399
          ],
          [
            4.859583,
            52.357429
          ],
          [
            4.859565,
            52.357452
          ],
          [
            4.859549,
            52.357471
          ],
          [
            4.859531,
            52.357491
          ],
          [
            4.859525,
            52.357498
          ],
          [
            4.859523,
            52.357517
          ],
          [
            4.859523,
            52.357529
          ],
          [
            4.859522,
            52.357548
          ],
          [
            4.859516,
            52.357567
          ],
          [
            4.859505,
            52.35759
          ],
          [
            4.859496,
            52.357609
          ],
          [
            4.859477,
            52.357632
          ],
          [
            4.859457,
            52.357655
          ],
          [
            4.859437,
            52.357681
          ],
          [
            4.859422,
            52.3577
          ],
          [
            4.859397,
            52.357731
          ],
          [
            4.859377,
            52.357754
          ],
          [
            4.859363,
            52.357777
          ],
          [
            4.85934,
            52.357803
          ],
          [
            4.859315,
            52.357834
          ],
          [
            4.859295,
            52.357864
          ],
          [
            4.859273,
            52.357895
          ],
          [
            4.859245,
            52.357929
          ],
          [
            4.859223,
            52.35796
          ],
          [
            4.859199,
            52.35799
          ],
          [
            4.859179,
            52.358025
          ],
          [
            4.859148,
            52.358063
          ],
          [
            4.859122,
            52.358097
          ],
          [
            4.859109,
            52.358124
          ],
          [
            4.859086,
            52.358151
          ],
          [
            4.859066,
            52.358185
          ],
          [
            4.859041,
            52.3582
          ],
          [
            4.859018,
            52.358231
          ],
          [
            4.859003,
            52.358257
          ],
          [
            4.858983,
            52.358276
          ],
          [
            4.858964,
            52.358303
          ],
          [
            4.858953,
            52.35833
          ],
          [
            4.858936,
            52.358353
          ],
          [
            4.858933,
            52.358376
          ],
          [
            4.858918,
            52.358391
          ],
          [
            4.858904,
            52.35841
          ],
          [
            4.858891,
            52.358433
          ],
          [
            4.858891,
            52.358433
          ],
          [
            4.858855,
            52.358494
          ],
          [
            4.858855,
            52.358494
          ],
          [
            4.858852,
            52.358528
          ],
          [
            4.858864,
            52.358543
          ],
          [
            4.85888,
            52.358551
          ],
          [
            4.858918,
            52.358562
          ],
          [
            4.858958,
            52.358574
          ],
          [
            4.859003,
            52.358585
          ],
          [
            4.859057,
            52.358601
          ],
          [
            4.859114,
            52.358616
          ],
          [
            4.859176,
            52.358631
          ],
          [
            4.859236,
            52.358646
          ],
          [
            4.859301,
            52.358665
          ],
          [
            4.859365,
            52.358681
          ],
          [
            4.859428,
            52.358696
          ],
          [
            4.859497,
            52.358711
          ],
          [
            4.859567,
            52.35873
          ],
          [
            4.859617,
            52.358742
          ],
          [
            4.859673,
            52.358753
          ],
          [
            4.859732,
            52.358772
          ],
          [
            4.859782,
            52.358788
          ],
          [
            4.859822,
            52.358799
          ],
          [
            4.859862,
            52.35881
          ],
          [
            4.859927,
            52.35883
          ],
          [
            4.85998,
            52.358845
          ],
          [
            4.860041,
            52.35886
          ],
          [
            4.860102,
            52.358879
          ],
          [
            4.860167,
            52.358898
          ],
          [
            4.860224,
            52.358913
          ],
          [
            4.860286,
            52.358929
          ],
          [
            4.860302,
            52.358936
          ],
          [
            4.860419,
            52.358963
          ],
          [
            4.860502,
            52.358982
          ],
          [
            4.860564,
            52.358994
          ],
          [
            4.860633,
            52.359013
          ],
          [
            4.860705,
            52.359035
          ],
          [
            4.860771,
            52.359055
          ],
          [
            4.860836,
            52.35907
          ],
          [
            4.860899,
            52.359089
          ],
          [
            4.860973,
            52.359108
          ],
          [
            4.86105,
            52.359131
          ],
          [
            4.861119,
            52.359146
          ],
          [
            4.861182,
            52.359161
          ],
          [
            4.861246,
            52.35918
          ],
          [
            4.861315,
            52.359196
          ],
          [
            4.861379,
            52.359211
          ],
          [
            4.861446,
            52.35923
          ],
          [
            4.861503,
            52.359245
          ],
          [
            4.861571,
            52.359261
          ],
          [
            4.861642,
            52.359283
          ],
          [
            4.861703,
            52.359299
          ],
          [
            4.861777,
            52.359318
          ],
          [
            4.861845,
            52.359337
          ],
          [
            4.861912,
            52.359352
          ],
          [
            4.86197,
            52.359367
          ],
          [
            4.862024,
            52.359379
          ],
          [
            4.86209,
            52.359398
          ],
          [
            4.862153,
            52.359413
          ],
          [
            4.862219,
            52.359432
          ],
          [
            4.862281,
            52.359447
          ],
          [
            4.86235,
            52.359467
          ],
          [
            4.862417,
            52.359482
          ],
          [
            4.862482,
            52.359497
          ],
          [
            4.862553,
            52.359512
          ],
          [
            4.862623,
            52.359528
          ],
          [
            4.862681,
            52.359543
          ],
          [
            4.862747,
            52.359562
          ],
          [
            4.862816,
            52.359581
          ],
          [
            4.862882,
            52.359592
          ],
          [
            4.862955,
            52.359611
          ],
          [
            4.863021,
            52.359627
          ],
          [
            4.863093,
            52.359642
          ],
          [
            4.863175,
            52.359661
          ],
          [
            4.863256,
            52.35968
          ],
          [
            4.863339,
            52.359703
          ],
          [
            4.863425,
            52.359718
          ],
          [
            4.863515,
            52.359737
          ],
          [
            4.863601,
            52.359756
          ],
          [
            4.863687,
            52.359776
          ],
          [
            4.863708,
            52.359779
          ],
          [
            4.863847,
            52.359806
          ],
          [
            4.863946,
            52.359829
          ],
          [
            4.864035,
            52.359848
          ],
          [
            4.864123,
            52.359867
          ],
          [
            4.864205,
            52.359886
          ],
          [
            4.864292,
            52.359905
          ],
          [
            4.864373,
            52.359921
          ],
          [
            4.864448,
            52.359936
          ],
          [
            4.864529,
            52.359951
          ],
          [
            4.864607,
            52.359962
          ],
          [
            4.864685,
            52.359982
          ],
          [
            4.864728,
            52.359989
          ],
          [
            4.864826,
            52.360016
          ],
          [
            4.864903,
            52.360035
          ],
          [
            4.864985,
            52.360058
          ],
          [
            4.865056,
            52.360073
          ],
          [
            4.865132,
            52.360088
          ],
          [
            4.865208,
            52.360104
          ],
          [
            4.865274,
            52.360115
          ],
          [
            4.86534,
            52.36013
          ],
          [
            4.865396,
            52.360142
          ],
          [
            4.865447,
            52.360153
          ],
          [
            4.865447,
            52.360153
          ],
          [
            4.865547,
            52.36018
          ],
          [
            4.865547,
            52.36018
          ],
          [
            4.865598,
            52.360199
          ],
          [
            4.865611,
            52.360207
          ],
          [
            4.865613,
            52.360214
          ],
          [
            4.865615,
            52.360222
          ],
          [
            4.865615,
            52.360237
          ],
          [
            4.865611,
            52.360252
          ],
          [
            4.865605,
            52.360271
          ],
          [
            4.865603,
            52.360287
          ],
          [
            4.865599,
            52.360306
          ],
          [
            4.865594,
            52.360325
          ],
          [
            4.8656,
            52.360348
          ],
          [
            4.865609,
            52.360374
          ],
          [
            4.865629,
            52.360401
          ],
          [
            4.865671,
            52.360424
          ],
          [
            4.865709,
            52.360443
          ],
          [
            4.865749,
            52.360458
          ],
          [
            4.865801,
            52.360474
          ],
          [
            4.865844,
            52.360485
          ],
          [
            4.865889,
            52.360497
          ],
          [
            4.865943,
            52.360508
          ],
          [
            4.865984,
            52.360519
          ],
          [
            4.866032,
            52.360531
          ],
          [
            4.866067,
            52.360539
          ],
          [
            4.866111,
            52.36055
          ],
          [
            4.866149,
            52.360561
          ],
          [
            4.866149,
            52.360561
          ],
          [
            4.866236,
            52.360577
          ],
          [
            4.866256,
            52.36058
          ],
          [
            4.866256,
            52.36058
          ],
          [
            4.866256,
            52.36058
          ],
          [
            4.866256,
            52.36058
          ],
          [
            4.866256,
            52.36058
          ],
          [
            4.866256,
            52.36058
          ],
          [
            4.866256,
            52.36058
          ],
          [
            4.866256,
            52.36058
          ],
          [
            4.866256,
            52.36058
          ],
          [
            4.866256,
            52.36058
          ],
          [
            4.866256,
            52.36058
          ],
          [
            4.866256,
            52.36058
          ],
          [
            4.866907,
            52.360714
          ],
          [
            4.866958,
            52.360725
          ],
          [
            4.866985,
            52.360729
          ],
          [
            4.867049,
            52.360744
          ],
          [
            4.867107,
            52.36076
          ],
          [
            4.867174,
            52.360775
          ],
          [
            4.867311,
            52.360809
          ],
          [
            4.86738,
            52.360828
          ],
          [
            4.867436,
            52.36084
          ],
          [
            4.867501,
            52.360855
          ],
          [
            4.867566,
            52.360874
          ],
          [
            4.867618,
            52.360889
          ],
          [
            4.867702,
            52.360916
          ],
          [
            4.867742,
            52.360924
          ],
          [
            4.867752,
            52.360943
          ],
          [
            4.867754,
            52.360962
          ],
          [
            4.86775,
            52.360985
          ],
          [
            4.86774,
            52.361008
          ],
          [
            4.867728,
            52.361042
          ],
          [
            4.867692,
            52.361111
          ],
          [
            4.867683,
            52.361137
          ],
          [
            4.867661,
            52.361191
          ],
          [
            4.867651,
            52.361221
          ],
          [
            4.867643,
            52.36124
          ],
          [
            4.867633,
            52.361267
          ],
          [
            4.867604,
            52.361336
          ],
          [
            4.867604,
            52.361336
          ],
          [
            4.867604,
            52.361336
          ],
          [
            4.867435,
            52.361504
          ],
          [
            4.867435,
            52.361504
          ],
          [
            4.867448,
            52.361519
          ],
          [
            4.867451,
            52.361519
          ],
          [
            4.867459,
            52.361526
          ],
          [
            4.867497,
            52.361542
          ],
          [
            4.867566,
            52.361568
          ],
          [
            4.867616,
            52.361588
          ],
          [
            4.867678,
            52.361603
          ],
          [
            4.867738,
            52.361614
          ],
          [
            4.867795,
            52.361633
          ],
          [
            4.86787,
            52.361645
          ],
          [
            4.867994,
            52.361683
          ],
          [
            4.868027,
            52.361694
          ],
          [
            4.868068,
            52.361713
          ],
          [
            4.8681,
            52.361774
          ],
          [
            4.868093,
            52.361805
          ],
          [
            4.868076,
            52.361839
          ],
          [
            4.868019,
            52.361912
          ],
          [
            4.867998,
            52.36195
          ],
          [
            4.867961,
            52.361992
          ],
          [
            4.867929,
            52.362038
          ],
          [
            4.867878,
            52.36211
          ],
          [
            4.867853,
            52.362148
          ],
          [
            4.867795,
            52.362217
          ],
          [
            4.867769,
            52.362263
          ],
          [
            4.867742,
            52.362297
          ],
          [
            4.867709,
            52.362347
          ],
          [
            4.86764,
            52.362431
          ],
          [
            4.867604,
            52.362484
          ],
          [
            4.867566,
            52.362537
          ],
          [
            4.867487,
            52.362652
          ],
          [
            4.867454,
            52.362701
          ],
          [
            4.86742,
            52.362762
          ],
          [
            4.867379,
            52.36282
          ],
          [
            4.867334,
            52.362877
          ],
          [
            4.867293,
            52.362938
          ],
          [
            4.867252,
            52.362991
          ],
          [
            4.867219,
            52.363041
          ],
          [
            4.867174,
            52.363098
          ],
          [
            4.867134,
            52.363159
          ],
          [
            4.867092,
            52.36322
          ],
          [
            4.867049,
            52.363274
          ],
          [
            4.867008,
            52.363331
          ],
          [
            4.866932,
            52.363442
          ],
          [
            4.866892,
            52.363487
          ],
          [
            4.866862,
            52.363537
          ],
          [
            4.8668,
            52.363651
          ],
          [
            4.866775,
            52.363697
          ],
          [
            4.866741,
            52.363754
          ],
          [
            4.866714,
            52.3638
          ],
          [
            4.866681,
            52.36385
          ],
          [
            4.866611,
            52.363953
          ],
          [
            4.866526,
            52.364075
          ],
          [
            4.866492,
            52.364128
          ],
          [
            4.866448,
            52.364185
          ],
          [
            4.86636,
            52.36433
          ],
          [
            4.866313,
            52.364403
          ],
          [
            4.866266,
            52.364471
          ],
          [
            4.866179,
            52.364601
          ],
          [
            4.866141,
            52.364666
          ],
          [
            4.866074,
            52.364769
          ],
          [
            4.866038,
            52.364826
          ],
          [
            4.866,
            52.36488
          ],
          [
            4.865976,
            52.364929
          ],
          [
            4.865935,
            52.364975
          ],
          [
            4.865872,
            52.365044
          ],
          [
            4.86584,
            52.365074
          ],
          [
            4.865813,
            52.365105
          ],
          [
            4.865782,
            52.365147
          ],
          [
            4.865735,
            52.365223
          ],
          [
            4.865712,
            52.365261
          ],
          [
            4.865687,
            52.365307
          ],
          [
            4.865661,
            52.365349
          ],
          [
            4.865648,
            52.365376
          ],
          [
            4.865631,
            52.365395
          ],
          [
            4.865614,
            52.365425
          ],
          [
            4.8656,
            52.365448
          ],
          [
            4.865585,
            52.365471
          ],
          [
            4.865542,
            52.365528
          ],
          [
            4.865469,
            52.365612
          ],
          [
            4.865443,
            52.365646
          ],
          [
            4.865413,
            52.365681
          ],
          [
            4.865403,
            52.365696
          ],
          [
            4.865351,
            52.36578
          ],
          [
            4.865321,
            52.365826
          ],
          [
            4.865274,
            52.365887
          ],
          [
            4.865226,
            52.365929
          ],
          [
            4.86518,
            52.365955
          ],
          [
            4.865122,
            52.365982
          ],
          [
            4.865041,
            52.366035
          ],
          [
            4.865004,
            52.366062
          ],
          [
            4.864979,
            52.366093
          ],
          [
            4.864952,
            52.366135
          ],
          [
            4.864926,
            52.366173
          ],
          [
            4.86489,
            52.366226
          ],
          [
            4.864869,
            52.366268
          ],
          [
            4.864838,
            52.366318
          ],
          [
            4.864817,
            52.366356
          ],
          [
            4.864777,
            52.366432
          ],
          [
            4.864718,
            52.366501
          ],
          [
            4.864686,
            52.36657
          ],
          [
            4.864672,
            52.366604
          ],
          [
            4.864645,
            52.366634
          ],
          [
            4.864643,
            52.366669
          ],
          [
            4.864655,
            52.366699
          ],
          [
            4.864676,
            52.366726
          ],
          [
            4.864785,
            52.366779
          ],
          [
            4.864845,
            52.366802
          ],
          [
            4.864916,
            52.366821
          ],
          [
            4.864989,
            52.36684
          ],
          [
            4.865055,
            52.366859
          ],
          [
            4.865144,
            52.366882
          ],
          [
            4.865225,
            52.366901
          ],
          [
            4.865304,
            52.36692
          ],
          [
            4.865333,
            52.366928
          ],
          [
            4.865463,
            52.366962
          ],
          [
            4.86555,
            52.366989
          ],
          [
            4.865631,
            52.367012
          ],
          [
            4.865699,
            52.367031
          ],
          [
            4.865794,
            52.367058
          ],
          [
            4.865871,
            52.367077
          ],
          [
            4.86594,
            52.367092
          ],
          [
            4.866031,
            52.367115
          ],
          [
            4.866105,
            52.367134
          ],
          [
            4.866164,
            52.367149
          ],
          [
            4.86626,
            52.367172
          ],
          [
            4.866335,
            52.367195
          ],
          [
            4.86638,
            52.367203
          ],
          [
            4.866485,
            52.367229
          ],
          [
            4.866561,
            52.367249
          ],
          [
            4.866645,
            52.367268
          ],
          [
            4.86672,
            52.367287
          ],
          [
            4.866805,
            52.367302
          ],
          [
            4.866885,
            52.367317
          ],
          [
            4.866961,
            52.367336
          ],
          [
            4.867017,
            52.367344
          ],
          [
            4.867123,
            52.367367
          ],
          [
            4.867204,
            52.36739
          ],
          [
            4.867281,
            52.367413
          ],
          [
            4.867328,
            52.367428
          ],
          [
            4.867428,
            52.36747
          ],
          [
            4.867498,
            52.367504
          ],
          [
            4.86756,
            52.367542
          ],
          [
            4.867618,
            52.367588
          ],
          [
            4.867669,
            52.36763
          ],
          [
            4.867717,
            52.367676
          ],
          [
            4.867764,
            52.367725
          ],
          [
            4.867812,
            52.367775
          ],
          [
            4.867855,
            52.367825
          ],
          [
            4.8679,
            52.367874
          ],
          [
            4.867941,
            52.367924
          ],
          [
            4.867986,
            52.367973
          ],
          [
            4.868029,
            52.368023
          ],
          [
            4.868073,
            52.368073
          ],
          [
            4.868116,
            52.368122
          ],
          [
            4.868162,
            52.36816
          ],
          [
            4.868201,
            52.368191
          ],
          [
            4.86829,
            52.368237
          ],
          [
            4.868363,
            52.368271
          ],
          [
            4.868401,
            52.368282
          ],
          [
            4.868516,
            52.368313
          ],
          [
            4.868601,
            52.368336
          ],
          [
            4.868682,
            52.368355
          ],
          [
            4.868764,
            52.368374
          ],
          [
            4.86885,
            52.368397
          ],
          [
            4.868934,
            52.368416
          ],
          [
            4.869011,
            52.368435
          ],
          [
            4.869035,
            52.368443
          ],
          [
            4.869164,
            52.368481
          ],
          [
            4.869238,
            52.368504
          ],
          [
            4.869315,
            52.368526
          ],
          [
            4.869389,
            52.368549
          ],
          [
            4.869457,
            52.368572
          ],
          [
            4.869535,
            52.368595
          ],
          [
            4.869608,
            52.368614
          ],
          [
            4.86968,
            52.368629
          ],
          [
            4.869739,
            52.368645
          ],
          [
            4.86984,
            52.368668
          ],
          [
            4.869928,
            52.368691
          ],
          [
            4.8701,
            52.368732
          ],
          [
            4.870282,
            52.368778
          ],
          [
            4.870373,
            52.368801
          ],
          [
            4.87046,
            52.36882
          ],
          [
            4.870512,
            52.368832
          ],
          [
            4.870612,
            52.368862
          ],
          [
            4.870674,
            52.368877
          ],
          [
            4.870771,
            52.368908
          ],
          [
            4.870815,
            52.368919
          ],
          [
            4.87086,
            52.368931
          ],
          [
            4.870911,
            52.368942
          ],
          [
            4.870977,
            52.36895
          ],
          [
            4.87099,
            52.36895
          ],
          [
            4.871116,
            52.368958
          ],
          [
            4.871191,
            52.368965
          ],
          [
            4.871259,
            52.368977
          ],
          [
            4.871407,
            52.369007
          ],
          [
            4.871479,
            52.369022
          ],
          [
            4.871559,
            52.369041
          ],
          [
            4.87164,
            52.36906
          ],
          [
            4.871645,
            52.36906
          ],
          [
            4.871785,
            52.369102
          ],
          [
            4.871865,
            52.369122
          ],
          [
            4.871927,
            52.369144
          ],
          [
            4.872014,
            52.369171
          ],
          [
            4.872088,
            52.369198
          ],
          [
            4.8721,
            52.369198
          ],
          [
            4.872217,
            52.36924
          ],
          [
            4.872292,
            52.369267
          ],
          [
            4.872365,
            52.369289
          ],
          [
            4.872369,
            52.369293
          ],
          [
            4.872541,
            52.369358
          ],
          [
            4.872561,
            52.369385
          ],
          [
            4.872569,
            52.369442
          ],
          [
            4.872569,
            52.36948
          ],
          [
            4.872562,
            52.369503
          ],
          [
            4.872483,
            52.369629
          ],
          [
            4.872443,
            52.369694
          ],
          [
            4.872402,
            52.369762
          ],
          [
            4.872348,
            52.369862
          ],
          [
            4.872324,
            52.369915
          ],
          [
            4.872297,
            52.369976
          ],
          [
            4.872272,
            52.370045
          ],
          [
            4.872229,
            52.370163
          ],
          [
            4.872204,
            52.370277
          ],
          [
            4.872196,
            52.370323
          ],
          [
            4.872192,
            52.370407
          ],
          [
            4.872185,
            52.370514
          ],
          [
            4.872187,
            52.37059
          ],
          [
            4.872193,
            52.370644
          ],
          [
            4.872194,
            52.370693
          ],
          [
            4.872195,
            52.370743
          ],
          [
            4.872207,
            52.370796
          ],
          [
            4.872215,
            52.37085
          ],
          [
            4.872226,
            52.370895
          ],
          [
            4.872242,
            52.370968
          ],
          [
            4.872292,
            52.371029
          ],
          [
            4.872324,
            52.371063
          ],
          [
            4.872338,
            52.371075
          ],
          [
            4.872354,
            52.371094
          ],
          [
            4.872357,
            52.371113
          ],
          [
            4.872372,
            52.37114
          ],
          [
            4.872382,
            52.371174
          ],
          [
            4.872395,
            52.371204
          ],
          [
            4.872407,
            52.371235
          ],
          [
            4.872442,
            52.3713
          ],
          [
            4.872473,
            52.371323
          ],
          [
            4.872515,
            52.371342
          ],
          [
            4.872567,
            52.371361
          ],
          [
            4.872627,
            52.37138
          ],
          [
            4.872681,
            52.371391
          ],
          [
            4.872763,
            52.371414
          ],
          [
            4.872836,
            52.371433
          ],
          [
            4.872907,
            52.371452
          ],
          [
            4.872979,
            52.371483
          ],
          [
            4.873049,
            52.371502
          ],
          [
            4.873125,
            52.371532
          ],
          [
            4.873194,
            52.371559
          ],
          [
            4.873271,
            52.371582
          ],
          [
            4.873357,
            52.371609
          ],
          [
            4.873443,
            52.371628
          ],
          [
            4.873579,
            52.371662
          ],
          [
            4.873754,
            52.3717
          ],
          [
            4.873805,
            52.371708
          ],
          [
            4.873805,
            52.371708
          ],
          [
            4.873915,
            52.371723
          ],
          [
            4.873915,
            52.371723
          ],
          [
            4.873915,
            52.371723
          ],
          [
            4.873915,
            52.371723
          ],
          [
            4.873978,
            52.371738
          ],
          [
            4.874025,
            52.371746
          ],
          [
            4.874054,
            52.371754
          ],
          [
            4.874099,
            52.371769
          ],
          [
            4.874126,
            52.371788
          ],
          [
            4.874155,
            52.371819
          ],
          [
            4.874171,
            52.371849
          ],
          [
            4.874177,
            52.371887
          ],
          [
            4.874178,
            52.371925
          ],
          [
            4.874172,
            52.371975
          ],
          [
            4.874163,
            52.372025
          ],
          [
            4.874154,
            52.372074
          ],
          [
            4.874152,
            52.372128
          ],
          [
            4.874151,
            52.372185
          ],
          [
            4.874156,
            52.372242
          ],
          [
            4.874166,
            52.372311
          ],
          [
            4.874188,
            52.372376
          ],
          [
            4.874211,
            52.372437
          ],
          [
            4.874239,
            52.372494
          ],
          [
            4.874277,
            52.372551
          ],
          [
            4.874309,
            52.372589
          ],
          [
            4.874347,
            52.372635
          ],
          [
            4.874395,
            52.372677
          ],
          [
            4.874447,
            52.372719
          ],
          [
            4.874508,
            52.372765
          ],
          [
            4.874566,
            52.372807
          ],
          [
            4.874625,
            52.372849
          ],
          [
            4.874684,
            52.372887
          ],
          [
            4.874742,
            52.372929
          ],
          [
            4.874788,
            52.372963
          ],
          [
            4.874831,
            52.373001
          ],
          [
            4.874876,
            52.373051
          ],
          [
            4.874909,
            52.373089
          ],
          [
            4.874935,
            52.373131
          ],
          [
            4.874961,
            52.373184
          ],
          [
            4.874985,
            52.373234
          ],
          [
            4.875005,
            52.373276
          ],
          [
            4.875027,
            52.373322
          ],
          [
            4.87505,
            52.373379
          ],
          [
            4.875069,
            52.373428
          ],
          [
            4.875088,
            52.373482
          ],
          [
            4.875107,
            52.373528
          ],
          [
            4.87512,
            52.373585
          ],
          [
            4.875131,
            52.373642
          ],
          [
            4.875137,
            52.373699
          ],
          [
            4.875138,
            52.37376
          ],
          [
            4.875142,
            52.373821
          ],
          [
            4.875144,
            52.373875
          ],
          [
            4.875147,
            52.373932
          ],
          [
            4.875153,
            52.374001
          ],
          [
            4.875157,
            52.37405
          ],
          [
            4.875162,
            52.374104
          ],
          [
            4.875162,
            52.374104
          ],
          [
            4.875162,
            52.374104
          ],
          [
            4.875149,
            52.374252
          ],
          [
            4.875134,
            52.374256
          ],
          [
            4.875113,
            52.374256
          ],
          [
            4.875036,
            52.374252
          ],
          [
            4.874979,
            52.374249
          ],
          [
            4.874914,
            52.374249
          ],
          [
            4.874854,
            52.374256
          ],
          [
            4.874797,
            52.37426
          ],
          [
            4.874733,
            52.374271
          ],
          [
            4.874665,
            52.374287
          ],
          [
            4.874534,
            52.374313
          ],
          [
            4.874478,
            52.374325
          ],
          [
            4.874405,
            52.37434
          ],
          [
            4.874329,
            52.374355
          ],
          [
            4.874189,
            52.374393
          ],
          [
            4.874136,
            52.374416
          ],
          [
            4.874101,
            52.374432
          ],
          [
            4.874077,
            52.374458
          ],
          [
            4.874067,
            52.374485
          ],
          [
            4.874067,
            52.374519
          ],
          [
            4.874084,
            52.37455
          ],
          [
            4.874097,
            52.374584
          ],
          [
            4.874109,
            52.374611
          ],
          [
            4.874128,
            52.374649
          ],
          [
            4.874141,
            52.374687
          ],
          [
            4.874156,
            52.374722
          ],
          [
            4.874172,
            52.374752
          ],
          [
            4.874197,
            52.374809
          ],
          [
            4.874214,
            52.374844
          ],
          [
            4.874228,
            52.374882
          ],
          [
            4.874238,
            52.374908
          ],
          [
            4.874252,
            52.374939
          ],
          [
            4.874252,
            52.374939
          ],
          [
            4.874298,
            52.374985
          ],
          [
            4.874298,
            52.374985
          ],
          [
            4.874298,
            52.374985
          ],
          [
            4.874298,
            52.374985
          ],
          [
            4.874298,
            52.374985
          ],
          [
            4.874298,
            52.374985
          ],
          [
            4.874402,
            52.374966
          ],
          [
            4.874387,
            52.374962
          ],
          [
            4.874391,
            52.374954
          ],
          [
            4.874375,
            52.374947
          ],
          [
            4.874376,
            52.374939
          ],
          [
            4.874358,
            52.37492
          ],
          [
            4.874341,
            52.374893
          ],
          [
            4.874332,
            52.374878
          ],
          [
            4.874307,
            52.374859
          ],
          [
            4.874283,
            52.374828
          ],
          [
            4.874258,
            52.374798
          ],
          [
            4.874232,
            52.374771
          ],
          [
            4.874206,
            52.374737
          ],
          [
            4.874179,
            52.37471
          ],
          [
            4.874149,
            52.37468
          ],
          [
            4.874125,
            52.374645
          ],
          [
            4.874098,
            52.374607
          ],
          [
            4.874073,
            52.374577
          ],
          [
            4.874045,
            52.374542
          ],
          [
            4.87402,
            52.374504
          ],
          [
            4.874002,
            52.374477
          ],
          [
            4.874002,
            52.374477
          ],
          [
            4.874002,
            52.374477
          ],
          [
            4.87393,
            52.37439
          ],
          [
            4.873934,
            52.374382
          ],
          [
            4.873933,
            52.374374
          ],
          [
            4.873936,
            52.374363
          ],
          [
            4.873947,
            52.37434
          ],
          [
            4.873963,
            52.374325
          ],
          [
            4.874,
            52.374306
          ],
          [
            4.874035,
            52.374287
          ],
          [
            4.874078,
            52.374268
          ],
          [
            4.87413,
            52.37426
          ],
          [
            4.874188,
            52.374241
          ],
          [
            4.874247,
            52.374229
          ],
          [
            4.874368,
            52.374203
          ],
          [
            4.87443,
            52.374187
          ],
          [
            4.874491,
            52.374172
          ],
          [
            4.874557,
            52.374157
          ],
          [
            4.874593,
            52.374149
          ],
          [
            4.874734,
            52.374126
          ],
          [
            4.874836,
            52.374107
          ],
          [
            4.874923,
            52.374092
          ],
          [
            4.875005,
            52.374081
          ],
          [
            4.875031,
            52.374077
          ],
          [
            4.875159,
            52.374062
          ],
          [
            4.875251,
            52.37405
          ],
          [
            4.875422,
            52.374031
          ],
          [
            4.875504,
            52.37402
          ],
          [
            4.875564,
            52.374012
          ],
          [
            4.875659,
            52.374001
          ],
          [
            4.875725,
            52.373993
          ],
          [
            4.875814,
            52.373981
          ],
          [
            4.875881,
            52.373974
          ],
          [
            4.875948,
            52.373966
          ],
          [
            4.876068,
            52.373959
          ],
          [
            4.876105,
            52.373959
          ],
          [
            4.876207,
            52.373959
          ],
          [
            4.876255,
            52.373959
          ],
          [
            4.876348,
            52.373959
          ],
          [
            4.876404,
            52.373959
          ],
          [
            4.876467,
            52.373962
          ],
          [
            4.876528,
            52.373962
          ],
          [
            4.876663,
            52.373962
          ],
          [
            4.876799,
            52.373962
          ],
          [
            4.876859,
            52.373962
          ],
          [
            4.876949,
            52.373951
          ],
          [
            4.87698,
            52.373936
          ],
          [
            4.877,
            52.373905
          ],
          [
            4.877021,
            52.37389
          ],
          [
            4.877038,
            52.373863
          ],
          [
            4.877099,
            52.373829
          ],
          [
            4.877145,
            52.373821
          ],
          [
            4.877203,
            52.373825
          ],
          [
            4.877264,
            52.373833
          ],
          [
            4.877328,
            52.373844
          ],
          [
            4.877399,
            52.373859
          ],
          [
            4.877467,
            52.373871
          ],
          [
            4.877623,
            52.373905
          ],
          [
            4.877698,
            52.37392
          ],
          [
            4.877776,
            52.373936
          ],
          [
            4.877857,
            52.373959
          ],
          [
            4.877929,
            52.373974
          ],
          [
            4.878007,
            52.373993
          ],
          [
            4.878089,
            52.374016
          ],
          [
            4.878164,
            52.374031
          ],
          [
            4.878244,
            52.37405
          ],
          [
            4.878328,
            52.374073
          ],
          [
            4.878405,
            52.374092
          ],
          [
            4.878487,
            52.374107
          ],
          [
            4.878565,
            52.374126
          ],
          [
            4.878652,
            52.374146
          ],
          [
            4.878732,
            52.374161
          ],
          [
            4.878811,
            52.37418
          ],
          [
            4.878882,
            52.374199
          ],
          [
            4.87896,
            52.374214
          ],
          [
            4.879024,
            52.374229
          ],
          [
            4.879095,
            52.374245
          ],
          [
            4.879159,
            52.374264
          ],
          [
            4.879228,
            52.374271
          ],
          [
            4.879296,
            52.374287
          ],
          [
            4.879363,
            52.374302
          ],
          [
            4.879387,
            52.374306
          ],
          [
            4.879506,
            52.374332
          ],
          [
            4.879598,
            52.374355
          ],
          [
            4.879687,
            52.374378
          ],
          [
            4.879845,
            52.374409
          ],
          [
            4.879929,
            52.374428
          ],
          [
            4.880012,
            52.374447
          ],
          [
            4.880109,
            52.37447
          ],
          [
            4.880197,
            52.374485
          ],
          [
            4.880287,
            52.374508
          ],
          [
            4.880372,
            52.374527
          ],
          [
            4.880464,
            52.37455
          ],
          [
            4.880547,
            52.374569
          ],
          [
            4.880627,
            52.374584
          ],
          [
            4.880718,
            52.374603
          ],
          [
            4.8808,
            52.374622
          ],
          [
            4.880881,
            52.374641
          ],
          [
            4.880953,
            52.374653
          ],
          [
            4.881031,
            52.374668
          ],
          [
            4.881095,
            52.374672
          ],
          [
            4.881149,
            52.374661
          ],
          [
            4.881191,
            52.374645
          ],
          [
            4.881233,
            52.374619
          ],
          [
            4.881262,
            52.374588
          ],
          [
            4.881296,
            52.374546
          ],
          [
            4.881323,
            52.374508
          ],
          [
            4.881355,
            52.37447
          ],
          [
            4.881388,
            52.37442
          ],
          [
            4.881419,
            52.374374
          ],
          [
            4.881449,
            52.374336
          ],
          [
            4.881472,
            52.374298
          ],
          [
            4.881557,
            52.374252
          ],
          [
            4.881597,
            52.374241
          ],
          [
            4.881648,
            52.374237
          ],
          [
            4.881705,
            52.374249
          ],
          [
            4.881765,
            52.37426
          ],
          [
            4.881831,
            52.374275
          ],
          [
            4.881894,
            52.37429
          ],
          [
            4.881962,
            52.374306
          ],
          [
            4.882023,
            52.374317
          ],
          [
            4.882094,
            52.374332
          ],
          [
            4.882167,
            52.374348
          ],
          [
            4.882235,
            52.374359
          ],
          [
            4.8823,
            52.374374
          ],
          [
            4.882369,
            52.374393
          ],
          [
            4.88244,
            52.374409
          ],
          [
            4.882508,
            52.374424
          ],
          [
            4.882573,
            52.374439
          ],
          [
            4.882627,
            52.374447
          ],
          [
            4.882687,
            52.374462
          ],
          [
            4.882756,
            52.374474
          ],
          [
            4.882831,
            52.37447
          ],
          [
            4.882859,
            52.374435
          ],
          [
            4.882858,
            52.374409
          ],
          [
            4.882856,
            52.374374
          ],
          [
            4.882847,
            52.374344
          ],
          [
            4.882836,
            52.374275
          ],
          [
            4.882826,
            52.374237
          ],
          [
            4.882821,
            52.374203
          ],
          [
            4.882813,
            52.374165
          ],
          [
            4.882806,
            52.37413
          ],
          [
            4.8828,
            52.374069
          ],
          [
            4.882795,
            52.374043
          ],
          [
            4.8828,
            52.374012
          ],
          [
            4.882814,
            52.373959
          ],
          [
            4.882859,
            52.373917
          ],
          [
            4.882906,
            52.373905
          ],
          [
            4.882943,
            52.373901
          ],
          [
            4.882989,
            52.373905
          ],
          [
            4.883039,
            52.373913
          ],
          [
            4.8831,
            52.373924
          ],
          [
            4.883142,
            52.373932
          ],
          [
            4.883229,
            52.373951
          ],
          [
            4.8833,
            52.373962
          ],
          [
            4.883376,
            52.37397
          ],
          [
            4.883437,
            52.373974
          ],
          [
            4.883624,
            52.373978
          ],
          [
            4.883796,
            52.373974
          ],
          [
            4.883815,
            52.373974
          ],
          [
            4.884053,
            52.373966
          ],
          [
            4.884141,
            52.373962
          ],
          [
            4.884229,
            52.373959
          ],
          [
            4.884403,
            52.373955
          ],
          [
            4.884495,
            52.373951
          ],
          [
            4.884583,
            52.373951
          ],
          [
            4.884745,
            52.373951
          ],
          [
            4.884829,
            52.373951
          ],
          [
            4.8849,
            52.373947
          ],
          [
            4.885059,
            52.373943
          ],
          [
            4.885118,
            52.37394
          ],
          [
            4.885208,
            52.373932
          ],
          [
            4.885265,
            52.373928
          ],
          [
            4.88536,
            52.373909
          ],
          [
            4.885432,
            52.373894
          ],
          [
            4.885577,
            52.373852
          ],
          [
            4.885648,
            52.373825
          ],
          [
            4.885791,
            52.37376
          ],
          [
            4.885854,
            52.373734
          ],
          [
            4.885916,
            52.373699
          ],
          [
            4.885988,
            52.373665
          ],
          [
            4.886048,
            52.373634
          ],
          [
            4.886107,
            52.373604
          ],
          [
            4.886186,
            52.373566
          ],
          [
            4.886251,
            52.373531
          ],
          [
            4.886326,
            52.373508
          ],
          [
            4.886395,
            52.373482
          ],
          [
            4.886535,
            52.373444
          ],
          [
            4.886675,
            52.373413
          ],
          [
            4.886738,
            52.373405
          ],
          [
            4.886848,
            52.373394
          ],
          [
            4.886895,
            52.373386
          ],
          [
            4.886944,
            52.373386
          ],
          [
            4.887001,
            52.373383
          ],
          [
            4.887058,
            52.373375
          ],
          [
            4.887121,
            52.373363
          ],
          [
            4.887185,
            52.373356
          ],
          [
            4.887254,
            52.373344
          ],
          [
            4.887286,
            52.373337
          ],
          [
            4.887386,
            52.373325
          ],
          [
            4.887465,
            52.373318
          ],
          [
            4.887545,
            52.37331
          ],
          [
            4.8877,
            52.373295
          ],
          [
            4.887793,
            52.373291
          ],
          [
            4.887877,
            52.373283
          ],
          [
            4.887953,
            52.373276
          ],
          [
            4.888049,
            52.373264
          ],
          [
            4.888096,
            52.37326
          ],
          [
            4.888208,
            52.373249
          ],
          [
            4.888288,
            52.373241
          ],
          [
            4.888451,
            52.373226
          ],
          [
            4.888528,
            52.373222
          ],
          [
            4.888605,
            52.373215
          ],
          [
            4.888674,
            52.373211
          ],
          [
            4.888811,
            52.373207
          ],
          [
            4.888875,
            52.373203
          ],
          [
            4.888929,
            52.373199
          ],
          [
            4.889095,
            52.373196
          ],
          [
            4.889114,
            52.373192
          ],
          [
            4.889331,
            52.373188
          ],
          [
            4.889421,
            52.37318
          ],
          [
            4.889504,
            52.373177
          ],
          [
            4.889583,
            52.373173
          ],
          [
            4.889667,
            52.373169
          ],
          [
            4.889827,
            52.37315
          ],
          [
            4.889909,
            52.37315
          ],
          [
            4.889977,
            52.373146
          ],
          [
            4.890053,
            52.373142
          ],
          [
            4.890193,
            52.373131
          ],
          [
            4.89025,
            52.373123
          ],
          [
            4.890305,
            52.373104
          ],
          [
            4.890359,
            52.373077
          ],
          [
            4.890402,
            52.373047
          ],
          [
            4.890435,
            52.373016
          ],
          [
            4.890467,
            52.372993
          ],
          [
            4.890484,
            52.372959
          ],
          [
            4.890498,
            52.372913
          ],
          [
            4.890501,
            52.372871
          ],
          [
            4.890505,
            52.372829
          ],
          [
            4.890506,
            52.372791
          ],
          [
            4.890509,
            52.372749
          ],
          [
            4.890519,
            52.372715
          ],
          [
            4.890548,
            52.372642
          ],
          [
            4.890575,
            52.372623
          ],
          [
            4.890613,
            52.372612
          ],
          [
            4.890684,
            52.372604
          ],
          [
            4.890773,
            52.37262
          ],
          [
            4.890861,
            52.372631
          ],
          [
            4.890903,
            52.372639
          ],
          [
            4.890957,
            52.37265
          ],
          [
            4.891011,
            52.372654
          ],
          [
            4.891073,
            52.372665
          ],
          [
            4.891205,
            52.372684
          ],
          [
            4.89127,
            52.372696
          ],
          [
            4.891339,
            52.3727
          ],
          [
            4.891401,
            52.372707
          ],
          [
            4.891544,
            52.372715
          ],
          [
            4.891617,
            52.372715
          ],
          [
            4.891755,
            52.372723
          ],
          [
            4.891814,
            52.372726
          ],
          [
            4.891886,
            52.37273
          ],
          [
            4.891961,
            52.37273
          ],
          [
            4.892032,
            52.372734
          ],
          [
            4.892169,
            52.372738
          ],
          [
            4.892249,
            52.372738
          ],
          [
            4.892315,
            52.372742
          ],
          [
            4.892391,
            52.372742
          ],
          [
            4.892466,
            52.372742
          ],
          [
            4.892534,
            52.372742
          ],
          [
            4.892591,
            52.372738
          ],
          [
            4.892643,
            52.372734
          ],
          [
            4.892684,
            52.37273
          ],
          [
            4.892724,
            52.372726
          ],
          [
            4.892756,
            52.372719
          ],
          [
            4.892813,
            52.372704
          ],
          [
            4.892844,
            52.372692
          ],
          [
            4.892883,
            52.372681
          ],
          [
            4.892954,
            52.372669
          ],
          [
            4.892989,
            52.372673
          ],
          [
            4.893028,
            52.372688
          ],
          [
            4.89306,
            52.372707
          ],
          [
            4.893087,
            52.372734
          ],
          [
            4.893113,
            52.372761
          ],
          [
            4.893134,
            52.372795
          ],
          [
            4.893148,
            52.372829
          ],
          [
            4.893162,
            52.372875
          ],
          [
            4.893187,
            52.372925
          ],
          [
            4.893218,
            52.372971
          ],
          [
            4.893252,
            52.373024
          ],
          [
            4.893283,
            52.37307
          ],
          [
            4.893341,
            52.373146
          ],
          [
            4.893364,
            52.373173
          ],
          [
            4.893396,
            52.373211
          ],
          [
            4.893413,
            52.373234
          ],
          [
            4.893452,
            52.373287
          ],
          [
            4.893477,
            52.37331
          ],
          [
            4.893512,
            52.373341
          ],
          [
            4.893552,
            52.373371
          ],
          [
            4.893606,
            52.373409
          ],
          [
            4.893702,
            52.373474
          ],
          [
            4.893756,
            52.373512
          ],
          [
            4.893812,
            52.373554
          ],
          [
            4.89392,
            52.373638
          ],
          [
            4.893979,
            52.373676
          ],
          [
            4.894099,
            52.373772
          ],
          [
            4.89416,
            52.373817
          ],
          [
            4.894226,
            52.373867
          ],
          [
            4.894281,
            52.373909
          ],
          [
            4.894404,
            52.374004
          ],
          [
            4.894522,
            52.374096
          ],
          [
            4.894628,
            52.37418
          ],
          [
            4.894751,
            52.374275
          ],
          [
            4.894856,
            52.374359
          ],
          [
            4.894913,
            52.374405
          ],
          [
            4.894963,
            52.374443
          ],
          [
            4.895019,
            52.374485
          ],
          [
            4.895069,
            52.374527
          ],
          [
            4.895182,
            52.374615
          ],
          [
            4.895231,
            52.374653
          ],
          [
            4.89527,
            52.374683
          ],
          [
            4.895309,
            52.374714
          ],
          [
            4.895376,
            52.374767
          ],
          [
            4.895474,
            52.374851
          ],
          [
            4.895576,
            52.374935
          ],
          [
            4.895661,
            52.375008
          ],
          [
            4.895748,
            52.375084
          ],
          [
            4.895851,
            52.375168
          ],
          [
            4.895896,
            52.37521
          ],
          [
            4.89594,
            52.375248
          ],
          [
            4.896027,
            52.37532
          ],
          [
            4.896073,
            52.375362
          ],
          [
            4.896123,
            52.375401
          ],
          [
            4.896173,
            52.375443
          ],
          [
            4.896217,
            52.375481
          ],
          [
            4.896256,
            52.375511
          ],
          [
            4.896305,
            52.375553
          ],
          [
            4.896347,
            52.375587
          ],
          [
            4.8964,
            52.375645
          ]
        ]
      }
    }
  ]
}