{
  "type": "FeatureCollection",
  "features": [
    {
      "type": "Feature",
      "properties": {
        "id": "badhoevedorp-roundtrip-2ab93a80-9623-11f1-8ad1-a40dbc8fa83a",
        "title": "Badhoevedorp roundtrip",
        "source": "Badhoevedorp roundtrip-2ab93a80-9623-11f1-8ad1-a40dbc8fa83a.fit"
      },
      "geometry": {
        "type": "LineString",
        "coordinates": [
          [
            4.779204,
            52.339428
          ],
          [
            4.779219,
            52.339436
          ],
          [
            4.779219,
            52.339436
          ],
          [
            4.779117,
            52.339493
          ],
          [
            4.779131,
            52.339516
          ],
          [
            4.779164,
            52.339531
          ],
          [
            4.779198,
            52.33955
          ],
          [
            4.779237,
            52.339573
          ],
          [
            4.779273,
            52.339596
          ],
          [
            4.779313,
            52.339622
          ],
          [
            4.779351,
            52.339657
          ],
          [
            4.779389,
            52.339687
          ],
          [
            4.779429,
            52.339725
          ],
          [
            4.779468,
            52.33976
          ],
          [
            4.779508,
            52.33979
          ],
          [
            4.779557,
            52.339825
          ],
          [
            4.779602,
            52.339867
          ],
          [
            4.779647,
            52.339905
          ],
          [
            4.779692,
            52.339951
          ],
          [
            4.779749,
            52.339981
          ],
          [
            4.779798,
            52.340027
          ],
          [
            4.779845,
            52.340057
          ],
          [
            4.77989,
            52.340096
          ],
          [
            4.779937,
            52.340134
          ],
          [
            4.77997,
            52.340179
          ],
          [
            4.780012,
            52.340221
          ],
          [
            4.780047,
            52.340263
          ],
          [
            4.780102,
            52.340305
          ],
          [
            4.780168,
            52.340336
          ],
          [
            4.780208,
            52.340385
          ],
          [
            4.780256,
            52.340424
          ],
          [
            4.780301,
            52.340466
          ],
          [
            4.780355,
            52.340511
          ],
          [
            4.780388,
            52.340538
          ],
          [
            4.780441,
            52.340576
          ],
          [
            4.7805,
            52.340614
          ],
          [
            4.780562,
            52.340652
          ],
          [
            4.780584,
            52.34066
          ],
          [
            4.780739,
            52.340687
          ],
          [
            4.780825,
            52.340679
          ],
          [
            4.780889,
            52.34066
          ],
          [
            4.780943,
            52.340645
          ],
          [
            4.780993,
            52.340614
          ],
          [
            4.781085,
            52.340565
          ],
          [
            4.781157,
            52.340523
          ],
          [
            4.781235,
            52.340485
          ],
          [
            4.781304,
            52.34045
          ],
          [
            4.781374,
            52.340416
          ],
          [
            4.781373,
            52.340416
          ],
          [
            4.781588,
            52.340305
          ],
          [
            4.781776,
            52.34021
          ],
          [
            4.78186,
            52.340164
          ],
          [
            4.781943,
            52.340126
          ],
          [
            4.78201,
            52.340096
          ],
          [
            4.782066,
            52.340073
          ],
          [
            4.782089,
            52.340057
          ],
          [
            4.782089,
            52.340057
          ],
          [
            4.782089,
            52.340057
          ],
          [
            4.782089,
            52.340057
          ],
          [
            4.782089,
            52.340057
          ],
          [
            4.782158,
            52.340057
          ],
          [
            4.782172,
            52.340057
          ],
          [
            4.78219,
            52.340061
          ],
          [
            4.782212,
            52.340069
          ],
          [
            4.782323,
            52.340115
          ],
          [
            4.782431,
            52.340195
          ],
          [
            4.782483,
            52.340233
          ],
          [
            4.782546,
            52.340275
          ],
          [
            4.782646,
            52.340343
          ],
          [
            4.782694,
            52.340374
          ],
          [
            4.782798,
            52.340454
          ],
          [
            4.782887,
            52.340515
          ],
          [
            4.782963,
            52.340569
          ],
          [
            4.783025,
            52.340611
          ],
          [
            4.783099,
            52.340664
          ],
          [
            4.783184,
            52.340721
          ],
          [
            4.783262,
            52.340771
          ],
          [
            4.783316,
            52.340809
          ],
          [
            4.783379,
            52.340851
          ],
          [
            4.78345,
            52.3409
          ],
          [
            4.783536,
            52.340958
          ],
          [
            4.783618,
            52.341015
          ],
          [
            4.783687,
            52.341064
          ],
          [
            4.78374,
            52.341103
          ],
          [
            4.783808,
            52.341152
          ],
          [
            4.783875,
            52.341198
          ],
          [
            4.78395,
            52.341248
          ],
          [
            4.784025,
            52.341301
          ],
          [
            4.784093,
            52.341351
          ],
          [
            4.784137,
            52.341381
          ],
          [
            4.784201,
            52.341427
          ],
          [
            4.784266,
            52.341476
          ],
          [
            4.784381,
            52.341557
          ],
          [
            4.784527,
            52.341663
          ],
          [
            4.784565,
            52.341686
          ],
          [
            4.78461,
            52.341721
          ],
          [
            4.784736,
            52.341812
          ],
          [
            4.784799,
            52.341858
          ],
          [
            4.784859,
            52.3419
          ],
          [
            4.784923,
            52.341949
          ],
          [
            4.785049,
            52.342037
          ],
          [
            4.785137,
            52.342094
          ],
          [
            4.785207,
            52.34214
          ],
          [
            4.785265,
            52.342178
          ],
          [
            4.785325,
            52.34222
          ],
          [
            4.785385,
            52.342262
          ],
          [
            4.785505,
            52.34235
          ],
          [
            4.785634,
            52.342445
          ],
          [
            4.785698,
            52.342487
          ],
          [
            4.785764,
            52.342533
          ],
          [
            4.785828,
            52.342579
          ],
          [
            4.785894,
            52.342625
          ],
          [
            4.785953,
            52.342667
          ],
          [
            4.786011,
            52.342705
          ],
          [
            4.786074,
            52.342747
          ],
          [
            4.786131,
            52.342789
          ],
          [
            4.786199,
            52.342835
          ],
          [
            4.786253,
            52.342873
          ],
          [
            4.786314,
            52.342911
          ],
          [
            4.786374,
            52.342949
          ],
          [
            4.786432,
            52.342983
          ],
          [
            4.786553,
            52.34304
          ],
          [
            4.786632,
            52.343056
          ],
          [
            4.786769,
            52.343052
          ],
          [
            4.786921,
            52.343014
          ],
          [
            4.786995,
            52.342987
          ],
          [
            4.787143,
            52.34293
          ],
          [
            4.787229,
            52.342896
          ],
          [
            4.787319,
            52.342857
          ],
          [
            4.787403,
            52.342823
          ],
          [
            4.787483,
            52.342793
          ],
          [
            4.787561,
            52.342758
          ],
          [
            4.787659,
            52.342716
          ],
          [
            4.787751,
            52.342678
          ],
          [
            4.787848,
            52.34264
          ],
          [
            4.787928,
            52.342609
          ],
          [
            4.787992,
            52.342586
          ],
          [
            4.788071,
            52.342552
          ],
          [
            4.788161,
            52.342514
          ],
          [
            4.788248,
            52.34248
          ],
          [
            4.788313,
            52.342453
          ],
          [
            4.788398,
            52.342419
          ],
          [
            4.78849,
            52.342381
          ],
          [
            4.788674,
            52.342308
          ],
          [
            4.78882,
            52.342243
          ],
          [
            4.788898,
            52.342213
          ],
          [
            4.788974,
            52.342182
          ],
          [
            4.789157,
            52.342106
          ],
          [
            4.789238,
            52.342072
          ],
          [
            4.789336,
            52.342033
          ],
          [
            4.789417,
            52.341999
          ],
          [
            4.789511,
            52.341961
          ],
          [
            4.789582,
            52.341934
          ],
          [
            4.789658,
            52.3419
          ],
          [
            4.789738,
            52.341866
          ],
          [
            4.789812,
            52.341835
          ],
          [
            4.789887,
            52.341805
          ],
          [
            4.789988,
            52.341766
          ],
          [
            4.790174,
            52.341682
          ],
          [
            4.790246,
            52.341648
          ],
          [
            4.790332,
            52.34161
          ],
          [
            4.79042,
            52.341564
          ],
          [
            4.790577,
            52.341484
          ],
          [
            4.790649,
            52.341442
          ],
          [
            4.790722,
            52.3414
          ],
          [
            4.790776,
            52.341373
          ],
          [
            4.790838,
            52.341331
          ],
          [
            4.790893,
            52.34129
          ],
          [
            4.790935,
            52.341248
          ],
          [
            4.790944,
            52.341209
          ],
          [
            4.790927,
            52.341129
          ],
          [
            4.790926,
            52.341106
          ],
          [
            4.790926,
            52.341106
          ],
          [
            4.790926,
            52.341106
          ],
          [
            4.790926,
            52.341106
          ],
          [
            4.790937,
            52.341049
          ],
          [
            4.790947,
            52.341034
          ],
          [
            4.79096,
            52.341011
          ],
          [
            4.790978,
            52.340984
          ],
          [
            4.79106,
            52.340931
          ],
          [
            4.791183,
            52.340885
          ],
          [
            4.791236,
            52.340858
          ],
          [
            4.791295,
            52.340824
          ],
          [
            4.791348,
            52.340786
          ],
          [
            4.791404,
            52.34074
          ],
          [
            4.791453,
            52.340698
          ],
          [
            4.791559,
            52.340611
          ],
          [
            4.791613,
            52.340565
          ],
          [
            4.791669,
            52.340523
          ],
          [
            4.791729,
            52.340473
          ],
          [
            4.791778,
            52.340431
          ],
          [
            4.791825,
            52.340393
          ],
          [
            4.791884,
            52.340343
          ],
          [
            4.791963,
            52.340279
          ],
          [
            4.792041,
            52.340221
          ],
          [
            4.79212,
            52.340172
          ],
          [
            4.792186,
            52.34013
          ],
          [
            4.792251,
            52.340084
          ],
          [
            4.792309,
            52.340038
          ],
          [
            4.79238,
            52.339977
          ],
          [
            4.792451,
            52.339909
          ],
          [
            4.792564,
            52.339802
          ],
          [
            4.792624,
            52.339745
          ],
          [
            4.792677,
            52.339691
          ],
          [
            4.792727,
            52.339638
          ],
          [
            4.792783,
            52.339584
          ],
          [
            4.79283,
            52.339535
          ],
          [
            4.792939,
            52.339428
          ],
          [
            4.792992,
            52.339375
          ],
          [
            4.793093,
            52.339272
          ],
          [
            4.793141,
            52.339222
          ],
          [
            4.793193,
            52.339169
          ],
          [
            4.793246,
            52.339111
          ],
          [
            4.793299,
            52.339062
          ],
          [
            4.793358,
            52.339008
          ],
          [
            4.793415,
            52.338955
          ],
          [
            4.793467,
            52.338902
          ],
          [
            4.793517,
            52.338852
          ],
          [
            4.793626,
            52.338749
          ],
          [
            4.793679,
            52.338696
          ],
          [
            4.793732,
            52.338642
          ],
          [
            4.793784,
            52.338589
          ],
          [
            4.793837,
            52.338539
          ],
          [
            4.793893,
            52.338482
          ],
          [
            4.793942,
            52.338428
          ],
          [
            4.793993,
            52.338375
          ],
          [
            4.794046,
            52.338325
          ],
          [
            4.794099,
            52.338276
          ],
          [
            4.794157,
            52.338223
          ],
          [
            4.794255,
            52.338123
          ],
          [
            4.794297,
            52.338074
          ],
          [
            4.79439,
            52.337982
          ],
          [
            4.794442,
            52.337933
          ],
          [
            4.794491,
            52.337883
          ],
          [
            4.794587,
            52.337784
          ],
          [
            4.794635,
            52.337738
          ],
          [
            4.794687,
            52.337688
          ],
          [
            4.794779,
            52.337601
          ],
          [
            4.794817,
            52.337559
          ],
          [
            4.794847,
            52.337528
          ],
          [
            4.79488,
            52.337494
          ],
          [
            4.794912,
            52.337463
          ],
          [
            4.794963,
            52.337414
          ],
          [
            4.794963,
            52.337414
          ],
          [
            4.794953,
            52.337391
          ],
          [
            4.794953,
            52.337391
          ],
          [
            4.794939,
            52.337399
          ],
          [
            4.794939,
            52.337399
          ],
          [
            4.794932,
            52.337418
          ],
          [
            4.794932,
            52.337418
          ],
          [
            4.794906,
            52.337444
          ],
          [
            4.794906,
            52.337444
          ],
          [
            4.794878,
            52.337467
          ],
          [
            4.794878,
            52.337467
          ],
          [
            4.794851,
            52.33749
          ],
          [
            4.794843,
            52.337494
          ],
          [
            4.794843,
            52.337494
          ],
          [
            4.794813,
            52.337521
          ],
          [
            4.794813,
            52.337521
          ],
          [
            4.794813,
            52.337521
          ],
          [
            4.794813,
            52.337521
          ],
          [
            4.794813,
            52.337521
          ],
          [
            4.79484,
            52.337521
          ],
          [
            4.794873,
            52.337517
          ],
          [
            4.794904,
            52.337505
          ],
          [
            4.79492,
            52.337482
          ],
          [
            4.794946,
            52.337456
          ],
          [
            4.794971,
            52.337418
          ],
          [
            4.795001,
            52.337376
          ],
          [
            4.795037,
            52.337334
          ],
          [
            4.795062,
            52.337299
          ],
          [
            4.795085,
            52.337276
          ],
          [
            4.795124,
            52.337238
          ],
          [
            4.795161,
            52.3372
          ],
          [
            4.795203,
            52.337162
          ],
          [
            4.795252,
            52.337112
          ],
          [
            4.7953,
            52.33707
          ],
          [
            4.795348,
            52.337029
          ],
          [
            4.795393,
            52.336983
          ],
          [
            4.795443,
            52.336937
          ],
          [
            4.795501,
            52.336876
          ],
          [
            4.795548,
            52.336826
          ],
          [
            4.795598,
            52.336781
          ],
          [
            4.79565,
            52.336727
          ],
          [
            4.7957,
            52.336678
          ],
          [
            4.795746,
            52.336632
          ],
          [
            4.795794,
            52.336586
          ],
          [
            4.795844,
            52.336536
          ],
          [
            4.79589,
            52.336487
          ],
          [
            4.795937,
            52.336437
          ],
          [
            4.79599,
            52.336384
          ],
          [
            4.796044,
            52.336327
          ],
          [
            4.79609,
            52.336277
          ],
          [
            4.796129,
            52.336239
          ],
          [
            4.796181,
            52.336189
          ],
          [
            4.796237,
            52.336132
          ],
          [
            4.796293,
            52.336075
          ],
          [
            4.79635,
            52.336018
          ],
          [
            4.796397,
            52.335968
          ],
          [
            4.796442,
            52.335922
          ],
          [
            4.796488,
            52.335876
          ],
          [
            4.796533,
            52.335831
          ],
          [
            4.79659,
            52.335773
          ],
          [
            4.796655,
            52.335709
          ],
          [
            4.796705,
            52.335659
          ],
          [
            4.796745,
            52.335625
          ],
          [
            4.796788,
            52.335583
          ],
          [
            4.796847,
            52.335529
          ],
          [
            4.796912,
            52.335472
          ],
          [
            4.796979,
            52.335419
          ],
          [
            4.79704,
            52.335369
          ],
          [
            4.797094,
            52.335327
          ],
          [
            4.797153,
            52.335281
          ],
          [
            4.797227,
            52.335232
          ],
          [
            4.797292,
            52.335182
          ],
          [
            4.797352,
            52.335144
          ],
          [
            4.797422,
            52.335098
          ],
          [
            4.797479,
            52.335056
          ],
          [
            4.79755,
            52.335011
          ],
          [
            4.797621,
            52.334969
          ],
          [
            4.797705,
            52.334923
          ],
          [
            4.797792,
            52.334877
          ],
          [
            4.797881,
            52.334839
          ],
          [
            4.797954,
            52.334808
          ],
          [
            4.798034,
            52.334774
          ],
          [
            4.798119,
            52.33474
          ],
          [
            4.798203,
            52.334705
          ],
          [
            4.798285,
            52.334671
          ],
          [
            4.798365,
            52.334637
          ],
          [
            4.798448,
            52.334602
          ],
          [
            4.798525,
            52.334568
          ],
          [
            4.798596,
            52.334538
          ],
          [
            4.798674,
            52.334503
          ],
          [
            4.798753,
            52.334469
          ],
          [
            4.798836,
            52.334435
          ],
          [
            4.798913,
            52.334404
          ],
          [
            4.798995,
            52.33437
          ],
          [
            4.799079,
            52.334335
          ],
          [
            4.799157,
            52.334305
          ],
          [
            4.799241,
            52.33427
          ],
          [
            4.799327,
            52.334232
          ],
          [
            4.799425,
            52.334194
          ],
          [
            4.799509,
            52.33416
          ],
          [
            4.799591,
            52.334129
          ],
          [
            4.79968,
            52.334095
          ],
          [
            4.79976,
            52.334065
          ],
          [
            4.799848,
            52.334026
          ],
          [
            4.79994,
            52.333988
          ],
          [
            4.800026,
            52.33395
          ],
          [
            4.800126,
            52.333912
          ],
          [
            4.80022,
            52.33387
          ],
          [
            4.80031,
            52.333836
          ],
          [
            4.80038,
            52.333805
          ],
          [
            4.80046,
            52.333771
          ],
          [
            4.800545,
            52.333733
          ],
          [
            4.800633,
            52.333694
          ],
          [
            4.800729,
            52.333652
          ],
          [
            4.800815,
            52.333618
          ],
          [
            4.800889,
            52.333588
          ],
          [
            4.80097,
            52.333553
          ],
          [
            4.801054,
            52.333519
          ],
          [
            4.801147,
            52.333481
          ],
          [
            4.801234,
            52.333447
          ],
          [
            4.801324,
            52.333408
          ],
          [
            4.801412,
            52.333374
          ],
          [
            4.801486,
            52.33334
          ],
          [
            4.801559,
            52.333309
          ],
          [
            4.801629,
            52.333282
          ],
          [
            4.801716,
            52.333244
          ],
          [
            4.801815,
            52.333202
          ],
          [
            4.801909,
            52.333164
          ],
          [
            4.802001,
            52.333126
          ],
          [
            4.802075,
            52.333096
          ],
          [
            4.802172,
            52.333057
          ],
          [
            4.802249,
            52.333023
          ],
          [
            4.802348,
            52.332985
          ],
          [
            4.802417,
            52.332951
          ],
          [
            4.802438,
            52.332928
          ],
          [
            4.802516,
            52.332905
          ],
          [
            4.802503,
            52.332897
          ],
          [
            4.802584,
            52.332844
          ],
          [
            4.802655,
            52.332809
          ],
          [
            4.802649,
            52.332802
          ],
          [
            4.802783,
            52.332748
          ],
          [
            4.802915,
            52.332706
          ],
          [
            4.80303,
            52.332664
          ],
          [
            4.803123,
            52.332634
          ],
          [
            4.803139,
            52.332626
          ],
          [
            4.803314,
            52.332573
          ],
          [
            4.80339,
            52.332546
          ],
          [
            4.803463,
            52.332523
          ],
          [
            4.803606,
            52.33247
          ],
          [
            4.803723,
            52.332428
          ],
          [
            4.803831,
            52.332386
          ],
          [
            4.803916,
            52.332352
          ],
          [
            4.804003,
            52.332317
          ],
          [
            4.804101,
            52.332279
          ],
          [
            4.804201,
            52.332245
          ],
          [
            4.804283,
            52.332214
          ],
          [
            4.804376,
            52.33218
          ],
          [
            4.804447,
            52.332153
          ],
          [
            4.804525,
            52.332123
          ],
          [
            4.804618,
            52.332085
          ],
          [
            4.804684,
            52.332054
          ],
          [
            4.804776,
            52.332012
          ],
          [
            4.804867,
            52.331966
          ],
          [
            4.804948,
            52.331928
          ],
          [
            4.805035,
            52.331886
          ],
          [
            4.80511,
            52.331852
          ],
          [
            4.805203,
            52.331814
          ],
          [
            4.805297,
            52.331776
          ],
          [
            4.805368,
            52.331745
          ],
          [
            4.805426,
            52.331722
          ],
          [
            4.805508,
            52.331688
          ],
          [
            4.805599,
            52.33165
          ],
          [
            4.80569,
            52.331612
          ],
          [
            4.805781,
            52.331574
          ],
          [
            4.805871,
            52.331535
          ],
          [
            4.805962,
            52.331497
          ],
          [
            4.806025,
            52.331467
          ],
          [
            4.806079,
            52.331444
          ],
          [
            4.806116,
            52.331425
          ],
          [
            4.806116,
            52.331425
          ],
          [
            4.806163,
            52.331394
          ],
          [
            4.806163,
            52.331394
          ],
          [
            4.806163,
            52.331394
          ],
          [
            4.806113,
            52.331402
          ],
          [
            4.806113,
            52.331402
          ],
          [
            4.806078,
            52.331413
          ],
          [
            4.806078,
            52.331413
          ],
          [
            4.806032,
            52.331432
          ],
          [
            4.806008,
            52.331432
          ],
          [
            4.805978,
            52.331432
          ],
          [
            4.805945,
            52.331417
          ],
          [
            4.805901,
            52.331398
          ],
          [
            4.805854,
            52.331371
          ],
          [
            4.805804,
            52.331341
          ],
          [
            4.805758,
            52.331314
          ],
          [
            4.805698,
            52.33128
          ],
          [
            4.805623,
            52.331245
          ],
          [
            4.805547,
            52.331211
          ],
          [
            4.805492,
            52.331188
          ],
          [
            4.805403,
            52.331154
          ],
          [
            4.805349,
            52.331131
          ],
          [
            4.805286,
            52.3311
          ],
          [
            4.805223,
            52.331066
          ],
          [
            4.805188,
            52.331047
          ],
          [
            4.805084,
            52.330986
          ],
          [
            4.805012,
            52.33094
          ],
          [
            4.804961,
            52.330906
          ],
          [
            4.804902,
            52.330868
          ],
          [
            4.804835,
            52.330822
          ],
          [
            4.804787,
            52.330788
          ],
          [
            4.804713,
            52.330738
          ],
          [
            4.804661,
            52.330704
          ],
          [
            4.804591,
            52.330658
          ],
          [
            4.804535,
            52.33062
          ],
          [
            4.804482,
            52.330578
          ],
          [
            4.804457,
            52.330544
          ],
          [
            4.804453,
            52.330513
          ],
          [
            4.804468,
            52.330498
          ],
          [
            4.804498,
            52.330502
          ],
          [
            4.804533,
            52.330513
          ],
          [
            4.804578,
            52.330532
          ],
          [
            4.804631,
            52.330559
          ],
          [
            4.804687,
            52.330593
          ],
          [
            4.804742,
            52.330624
          ],
          [
            4.804807,
            52.330662
          ],
          [
            4.804874,
            52.330696
          ],
          [
            4.804941,
            52.330734
          ],
          [
            4.805013,
            52.330772
          ],
          [
            4.805084,
            52.330811
          ],
          [
            4.805146,
            52.330845
          ],
          [
            4.805223,
            52.330883
          ],
          [
            4.805297,
            52.330925
          ],
          [
            4.805381,
            52.330975
          ],
          [
            4.805452,
            52.331017
          ],
          [
            4.805515,
            52.331055
          ],
          [
            4.80558,
            52.331097
          ],
          [
            4.805646,
            52.331135
          ],
          [
            4.805704,
            52.331173
          ],
          [
            4.805776,
            52.331219
          ],
          [
            4.805837,
            52.331257
          ],
          [
            4.805897,
            52.331295
          ],
          [
            4.805958,
            52.331337
          ],
          [
            4.80602,
            52.331379
          ],
          [
            4.80608,
            52.331417
          ],
          [
            4.806148,
            52.331463
          ],
          [
            4.806203,
            52.331497
          ],
          [
            4.80627,
            52.331535
          ],
          [
            4.806336,
            52.331574
          ],
          [
            4.806401,
            52.331612
          ],
          [
            4.806466,
            52.33165
          ],
          [
            4.806538,
            52.331692
          ],
          [
            4.806612,
            52.331738
          ],
          [
            4.80668,
            52.331779
          ],
          [
            4.80674,
            52.331818
          ],
          [
            4.806815,
            52.331863
          ],
          [
            4.806894,
            52.331913
          ],
          [
            4.806964,
            52.331959
          ],
          [
            4.807048,
            52.33202
          ],
          [
            4.807117,
            52.332069
          ],
          [
            4.807178,
            52.332115
          ],
          [
            4.807262,
            52.332176
          ],
          [
            4.807294,
            52.332199
          ],
          [
            4.807411,
            52.332275
          ],
          [
            4.80745,
            52.332302
          ],
          [
            4.807513,
            52.33234
          ],
          [
            4.807588,
            52.332386
          ],
          [
            4.807619,
            52.332405
          ],
          [
            4.807738,
            52.332474
          ],
          [
            4.80783,
            52.332531
          ],
          [
            4.807918,
            52.332584
          ],
          [
            4.807999,
            52.332634
          ],
          [
            4.808074,
            52.33268
          ],
          [
            4.808158,
            52.332729
          ],
          [
            4.808233,
            52.332775
          ],
          [
            4.808308,
            52.332821
          ],
          [
            4.808388,
            52.332867
          ],
          [
            4.808471,
            52.332916
          ],
          [
            4.808547,
            52.332962
          ],
          [
            4.808626,
            52.333008
          ],
          [
            4.808705,
            52.333057
          ],
          [
            4.80878,
            52.333096
          ],
          [
            4.808862,
            52.333145
          ],
          [
            4.808933,
            52.333183
          ],
          [
            4.809007,
            52.333229
          ],
          [
            4.80907,
            52.333267
          ],
          [
            4.809127,
            52.333302
          ],
          [
            4.809185,
            52.333336
          ],
          [
            4.809229,
            52.333359
          ],
          [
            4.809375,
            52.333481
          ],
          [
            4.809463,
            52.333565
          ],
          [
            4.809555,
            52.333652
          ],
          [
            4.809634,
            52.333725
          ],
          [
            4.809674,
            52.333767
          ],
          [
            4.809691,
            52.333786
          ],
          [
            4.809679,
            52.333832
          ],
          [
            4.809679,
            52.333832
          ],
          [
            4.809689,
            52.333874
          ],
          [
            4.809705,
            52.333878
          ],
          [
            4.809726,
            52.333878
          ],
          [
            4.809779,
            52.333885
          ],
          [
            4.809834,
            52.333885
          ],
          [
            4.8099,
            52.333885
          ],
          [
            4.809971,
            52.333885
          ],
          [
            4.810051,
            52.333889
          ],
          [
            4.810099,
            52.333897
          ],
          [
            4.810201,
            52.333908
          ],
          [
            4.810276,
            52.333923
          ],
          [
            4.810358,
            52.333946
          ],
          [
            4.810438,
            52.333973
          ],
          [
            4.810522,
            52.334007
          ],
          [
            4.810607,
            52.334045
          ],
          [
            4.810688,
            52.334084
          ],
          [
            4.810771,
            52.334122
          ],
          [
            4.81087,
            52.334167
          ],
          [
            4.81097,
            52.334213
          ],
          [
            4.811051,
            52.334251
          ],
          [
            4.811123,
            52.334286
          ],
          [
            4.811207,
            52.334324
          ],
          [
            4.811295,
            52.334362
          ],
          [
            4.81137,
            52.334396
          ],
          [
            4.811454,
            52.334435
          ],
          [
            4.811533,
            52.334473
          ],
          [
            4.811599,
            52.334503
          ],
          [
            4.811662,
            52.33453
          ],
          [
            4.811746,
            52.334572
          ],
          [
            4.811833,
            52.33461
          ],
          [
            4.811921,
            52.334648
          ],
          [
            4.81199,
            52.334679
          ],
          [
            4.81208,
            52.334721
          ],
          [
            4.812165,
            52.334766
          ],
          [
            4.812242,
            52.334801
          ],
          [
            4.812326,
            52.334839
          ],
          [
            4.8124,
            52.334873
          ],
          [
            4.812474,
            52.334911
          ],
          [
            4.812525,
            52.334938
          ],
          [
            4.81261,
            52.33498
          ],
          [
            4.812703,
            52.335018
          ],
          [
            4.812791,
            52.33506
          ],
          [
            4.812874,
            52.335098
          ],
          [
            4.81295,
            52.335133
          ],
          [
            4.81303,
            52.335167
          ],
          [
            4.813134,
            52.335217
          ],
          [
            4.813199,
            52.335243
          ],
          [
            4.813278,
            52.335278
          ],
          [
            4.813345,
            52.335312
          ],
          [
            4.813446,
            52.335358
          ],
          [
            4.813536,
            52.3354
          ],
          [
            4.813616,
            52.335438
          ],
          [
            4.813623,
            52.335442
          ],
          [
            4.813672,
            52.335461
          ],
          [
            4.813754,
            52.335499
          ],
          [
            4.813835,
            52.335533
          ],
          [
            4.814019,
            52.335617
          ],
          [
            4.814092,
            52.335648
          ],
          [
            4.814194,
            52.335663
          ],
          [
            4.814263,
            52.335693
          ],
          [
            4.814247,
            52.335686
          ],
          [
            4.814252,
            52.335686
          ],
          [
            4.814289,
            52.335701
          ],
          [
            4.81435,
            52.335724
          ],
          [
            4.814446,
            52.335754
          ],
          [
            4.814628,
            52.335762
          ],
          [
            4.814669,
            52.335754
          ],
          [
            4.814696,
            52.335739
          ],
          [
            4.814721,
            52.33572
          ],
          [
            4.814743,
            52.335701
          ],
          [
            4.814771,
            52.335682
          ],
          [
            4.814825,
            52.335663
          ],
          [
            4.814876,
            52.335663
          ],
          [
            4.814956,
            52.335674
          ],
          [
            4.815018,
            52.335693
          ],
          [
            4.815087,
            52.335724
          ],
          [
            4.81515,
            52.335754
          ],
          [
            4.81522,
            52.335785
          ],
          [
            4.815252,
            52.335796
          ],
          [
            4.81539,
            52.335846
          ],
          [
            4.815476,
            52.335873
          ],
          [
            4.815554,
            52.33588
          ],
          [
            4.815624,
            52.335869
          ],
          [
            4.815659,
            52.335846
          ],
          [
            4.815693,
            52.335819
          ],
          [
            4.815724,
            52.335789
          ],
          [
            4.81576,
            52.335751
          ],
          [
            4.8158,
            52.335709
          ],
          [
            4.815834,
            52.33567
          ],
          [
            4.815859,
            52.335636
          ],
          [
            4.815899,
            52.335609
          ],
          [
            4.81595,
            52.335594
          ],
          [
            4.816009,
            52.335594
          ],
          [
            4.81607,
            52.335609
          ],
          [
            4.816137,
            52.335632
          ],
          [
            4.816207,
            52.335655
          ],
          [
            4.816283,
            52.335678
          ],
          [
            4.816337,
            52.33569
          ],
          [
            4.816452,
            52.335716
          ],
          [
            4.816503,
            52.335728
          ],
          [
            4.816534,
            52.335735
          ],
          [
            4.816677,
            52.33577
          ],
          [
            4.816768,
            52.335789
          ],
          [
            4.816877,
            52.335815
          ],
          [
            4.817092,
            52.335865
          ],
          [
            4.817232,
            52.335896
          ],
          [
            4.817345,
            52.335918
          ],
          [
            4.817448,
            52.335945
          ],
          [
            4.817527,
            52.335953
          ],
          [
            4.817648,
            52.33596
          ],
          [
            4.817722,
            52.335964
          ],
          [
            4.817797,
            52.335968
          ],
          [
            4.81789,
            52.335968
          ],
          [
            4.817969,
            52.335968
          ],
          [
            4.818087,
            52.335964
          ],
          [
            4.818169,
            52.335964
          ],
          [
            4.818231,
            52.335964
          ],
          [
            4.818355,
            52.335964
          ],
          [
            4.818422,
            52.335964
          ],
          [
            4.818525,
            52.335964
          ],
          [
            4.818649,
            52.335957
          ],
          [
            4.818778,
            52.335953
          ],
          [
            4.818911,
            52.335941
          ],
          [
            4.819003,
            52.335934
          ],
          [
            4.819146,
            52.335926
          ],
          [
            4.819251,
            52.335922
          ],
          [
            4.81935,
            52.335911
          ],
          [
            4.819451,
            52.335903
          ],
          [
            4.81953,
            52.335896
          ],
          [
            4.819645,
            52.335884
          ],
          [
            4.819753,
            52.335876
          ],
          [
            4.819855,
            52.335873
          ],
          [
            4.819955,
            52.335865
          ],
          [
            4.820035,
            52.335857
          ],
          [
            4.820153,
            52.33585
          ],
          [
            4.820253,
            52.335842
          ],
          [
            4.820351,
            52.335831
          ],
          [
            4.820427,
            52.335823
          ],
          [
            4.820547,
            52.335808
          ],
          [
            4.820645,
            52.3358
          ],
          [
            4.820747,
            52.335789
          ],
          [
            4.820846,
            52.335777
          ],
          [
            4.82092,
            52.33577
          ],
          [
            4.821045,
            52.335758
          ],
          [
            4.821143,
            52.335751
          ],
          [
            4.821239,
            52.335739
          ],
          [
            4.821333,
            52.335724
          ],
          [
            4.821412,
            52.335709
          ],
          [
            4.821533,
            52.335686
          ],
          [
            4.821631,
            52.335663
          ],
          [
            4.821728,
            52.33564
          ],
          [
            4.82182,
            52.335617
          ],
          [
            4.821903,
            52.335602
          ],
          [
            4.822018,
            52.335575
          ],
          [
            4.82211,
            52.335556
          ],
          [
            4.822199,
            52.335537
          ],
          [
            4.822299,
            52.335514
          ],
          [
            4.82238,
            52.335503
          ],
          [
            4.822497,
            52.335484
          ],
          [
            4.822594,
            52.335464
          ],
          [
            4.822691,
            52.335453
          ],
          [
            4.822792,
            52.335445
          ],
          [
            4.822885,
            52.335434
          ],
          [
            4.822989,
            52.335426
          ],
          [
            4.823087,
            52.335419
          ],
          [
            4.823188,
            52.335411
          ],
          [
            4.823293,
            52.335407
          ],
          [
            4.823372,
            52.335403
          ],
          [
            4.823492,
            52.335403
          ],
          [
            4.823594,
            52.3354
          ],
          [
            4.823694,
            52.335396
          ],
          [
            4.823792,
            52.335392
          ],
          [
            4.823846,
            52.335388
          ],
          [
            4.823998,
            52.335373
          ],
          [
            4.824101,
            52.335365
          ],
          [
            4.824202,
            52.335361
          ],
          [
            4.8243,
            52.335358
          ],
          [
            4.824369,
            52.335354
          ],
          [
            4.824485,
            52.335354
          ],
          [
            4.824608,
            52.33535
          ],
          [
            4.824712,
            52.335342
          ],
          [
            4.824813,
            52.335335
          ],
          [
            4.824878,
            52.335331
          ],
          [
            4.825012,
            52.335327
          ],
          [
            4.825112,
            52.335327
          ],
          [
            4.825207,
            52.335323
          ],
          [
            4.825298,
            52.33532
          ],
          [
            4.825394,
            52.335308
          ],
          [
            4.825492,
            52.3353
          ],
          [
            4.825592,
            52.335297
          ],
          [
            4.825675,
            52.335293
          ],
          [
            4.825794,
            52.335293
          ],
          [
            4.82589,
            52.335297
          ],
          [
            4.825992,
            52.3353
          ],
          [
            4.826095,
            52.3353
          ],
          [
            4.826181,
            52.335304
          ],
          [
            4.826294,
            52.335304
          ],
          [
            4.826394,
            52.335304
          ],
          [
            4.826492,
            52.335308
          ],
          [
            4.826585,
            52.335308
          ],
          [
            4.826674,
            52.335312
          ],
          [
            4.826806,
            52.335312
          ],
          [
            4.826904,
            52.335312
          ],
          [
            4.827007,
            52.335316
          ],
          [
            4.827107,
            52.33532
          ],
          [
            4.827186,
            52.335331
          ],
          [
            4.827307,
            52.335342
          ],
          [
            4.827407,
            52.335358
          ],
          [
            4.827497,
            52.335373
          ],
          [
            4.827595,
            52.335396
          ],
          [
            4.827686,
            52.335422
          ],
          [
            4.827776,
            52.335461
          ],
          [
            4.827857,
            52.335499
          ],
          [
            4.827938,
            52.335533
          ],
          [
            4.828021,
            52.335571
          ],
          [
            4.828101,
            52.335613
          ],
          [
            4.828165,
            52.335663
          ],
          [
            4.828201,
            52.335716
          ],
          [
            4.828239,
            52.335773
          ],
          [
            4.82828,
            52.335827
          ],
          [
            4.828328,
            52.335873
          ],
          [
            4.828395,
            52.335918
          ],
          [
            4.828459,
            52.335964
          ],
          [
            4.82854,
            52.336006
          ],
          [
            4.828627,
            52.336044
          ],
          [
            4.828693,
            52.33606
          ],
          [
            4.828819,
            52.336094
          ],
          [
            4.82891,
            52.336121
          ],
          [
            4.828994,
            52.336147
          ],
          [
            4.829093,
            52.336174
          ],
          [
            4.829165,
            52.336189
          ],
          [
            4.829286,
            52.33622
          ],
          [
            4.829384,
            52.336247
          ],
          [
            4.829469,
            52.336273
          ],
          [
            4.829563,
            52.336304
          ],
          [
            4.829642,
            52.336323
          ],
          [
            4.82975,
            52.33635
          ],
          [
            4.829845,
            52.336372
          ],
          [
            4.829937,
            52.336388
          ],
          [
            4.830038,
            52.336407
          ],
          [
            4.83013,
            52.33643
          ],
          [
            4.830222,
            52.336456
          ],
          [
            4.830317,
            52.336479
          ],
          [
            4.83041,
            52.336502
          ],
          [
            4.830506,
            52.336525
          ],
          [
            4.830593,
            52.336555
          ],
          [
            4.830692,
            52.336586
          ],
          [
            4.83078,
            52.336605
          ],
          [
            4.830869,
            52.336628
          ],
          [
            4.830957,
            52.336655
          ],
          [
            4.831046,
            52.336666
          ],
          [
            4.831118,
            52.336662
          ],
          [
            4.831111,
            52.336658
          ],
          [
            4.831246,
            52.336586
          ],
          [
            4.831318,
            52.33654
          ],
          [
            4.831388,
            52.336498
          ],
          [
            4.831468,
            52.336464
          ],
          [
            4.831551,
            52.336426
          ],
          [
            4.831632,
            52.336384
          ],
          [
            4.831709,
            52.336342
          ],
          [
            4.831783,
            52.336304
          ],
          [
            4.831852,
            52.336262
          ],
          [
            4.831919,
            52.336208
          ],
          [
            4.831966,
            52.336155
          ],
          [
            4.83199,
            52.336098
          ],
          [
            4.832002,
            52.336037
          ],
          [
            4.83201,
            52.335979
          ],
          [
            4.832018,
            52.335915
          ],
          [
            4.832026,
            52.33585
          ],
          [
            4.832029,
            52.335785
          ],
          [
            4.832034,
            52.335724
          ],
          [
            4.832037,
            52.335667
          ],
          [
            4.832023,
            52.335598
          ],
          [
            4.832026,
            52.335529
          ],
          [
            4.832026,
            52.335468
          ],
          [
            4.832027,
            52.335407
          ],
          [
            4.832032,
            52.33535
          ],
          [
            4.83204,
            52.335281
          ],
          [
            4.83205,
            52.335217
          ],
          [
            4.832048,
            52.335156
          ],
          [
            4.832045,
            52.335098
          ],
          [
            4.832044,
            52.335037
          ],
          [
            4.832042,
            52.334976
          ],
          [
            4.832051,
            52.334915
          ],
          [
            4.83206,
            52.334854
          ],
          [
            4.832067,
            52.334793
          ],
          [
            4.832068,
            52.334736
          ],
          [
            4.832069,
            52.334671
          ],
          [
            4.832071,
            52.334606
          ],
          [
            4.832075,
            52.334545
          ],
          [
            4.832077,
            52.334484
          ],
          [
            4.832082,
            52.334423
          ],
          [
            4.832082,
            52.334354
          ],
          [
            4.832087,
            52.33429
          ],
          [
            4.832085,
            52.334228
          ],
          [
            4.832085,
            52.334171
          ],
          [
            4.832088,
            52.334114
          ],
          [
            4.832094,
            52.334049
          ],
          [
            4.832099,
            52.333984
          ],
          [
            4.832103,
            52.33392
          ],
          [
            4.832108,
            52.333858
          ],
          [
            4.832113,
            52.333797
          ],
          [
            4.832118,
            52.333733
          ],
          [
            4.832121,
            52.333668
          ],
          [
            4.83212,
            52.333603
          ],
          [
            4.83212,
            52.333546
          ],
          [
            4.83212,
            52.333485
          ],
          [
            4.832126,
            52.33342
          ],
          [
            4.832131,
            52.333355
          ],
          [
            4.832133,
            52.33329
          ],
          [
            4.832134,
            52.333233
          ],
          [
            4.832136,
            52.333176
          ],
          [
            4.832139,
            52.333111
          ],
          [
            4.832143,
            52.333046
          ],
          [
            4.832147,
            52.332985
          ],
          [
            4.832149,
            52.332924
          ],
          [
            4.832151,
            52.332859
          ],
          [
            4.832155,
            52.332802
          ],
          [
            4.832163,
            52.332733
          ],
          [
            4.832154,
            52.332668
          ],
          [
            4.832165,
            52.332607
          ],
          [
            4.83219,
            52.332546
          ],
          [
            4.832237,
            52.332497
          ],
          [
            4.832307,
            52.332451
          ],
          [
            4.832396,
            52.332417
          ],
          [
            4.832486,
            52.33239
          ],
          [
            4.832576,
            52.332367
          ],
          [
            4.832668,
            52.332344
          ],
          [
            4.832758,
            52.332321
          ],
          [
            4.832851,
            52.332298
          ],
          [
            4.832945,
            52.332279
          ],
          [
            4.83303,
            52.332256
          ],
          [
            4.833141,
            52.332233
          ],
          [
            4.833228,
            52.332199
          ],
          [
            4.83332,
            52.33218
          ],
          [
            4.833413,
            52.332161
          ],
          [
            4.833482,
            52.332157
          ],
          [
            4.83362,
            52.332153
          ],
          [
            4.83372,
            52.332153
          ],
          [
            4.833818,
            52.332157
          ],
          [
            4.833918,
            52.332169
          ],
          [
            4.833996,
            52.332176
          ],
          [
            4.834124,
            52.332188
          ],
          [
            4.834221,
            52.332203
          ],
          [
            4.834324,
            52.332226
          ],
          [
            4.834418,
            52.332249
          ],
          [
            4.8345,
            52.332268
          ],
          [
            4.834617,
            52.332279
          ],
          [
            4.834711,
            52.332298
          ],
          [
            4.834807,
            52.332317
          ],
          [
            4.8349,
            52.332325
          ],
          [
            4.83499,
            52.332352
          ],
          [
            4.835094,
            52.332363
          ],
          [
            4.83519,
            52.332382
          ],
          [
            4.835277,
            52.332413
          ],
          [
            4.835371,
            52.332424
          ],
          [
            4.83546,
            52.332447
          ],
          [
            4.835561,
            52.332478
          ],
          [
            4.835657,
            52.332489
          ],
          [
            4.835749,
            52.332508
          ],
          [
            4.835838,
            52.332535
          ],
          [
            4.835918,
            52.33255
          ],
          [
            4.836021,
            52.332588
          ],
          [
            4.836115,
            52.332607
          ],
          [
            4.836211,
            52.332623
          ],
          [
            4.836298,
            52.332653
          ],
          [
            4.836379,
            52.332684
          ],
          [
            4.836471,
            52.33271
          ],
          [
            4.836566,
            52.332726
          ],
          [
            4.836662,
            52.332741
          ],
          [
            4.836752,
            52.332768
          ],
          [
            4.836833,
            52.332806
          ],
          [
            4.836915,
            52.33284
          ],
          [
            4.837003,
            52.332867
          ],
          [
            4.837101,
            52.332882
          ],
          [
            4.837192,
            52.332909
          ],
          [
            4.837271,
            52.332947
          ],
          [
            4.837355,
            52.332973
          ],
          [
            4.83745,
            52.332993
          ],
          [
            4.83754,
            52.333012
          ],
          [
            4.837625,
            52.333046
          ],
          [
            4.837709,
            52.33308
          ],
          [
            4.837797,
            52.333107
          ],
          [
            4.837894,
            52.33313
          ],
          [
            4.837989,
            52.333145
          ],
          [
            4.838072,
            52.333172
          ],
          [
            4.838169,
            52.333206
          ],
          [
            4.838262,
            52.333237
          ],
          [
            4.838358,
            52.333256
          ],
          [
            4.838453,
            52.333279
          ],
          [
            4.838537,
            52.333298
          ],
          [
            4.838644,
            52.333324
          ],
          [
            4.838733,
            52.333359
          ],
          [
            4.838826,
            52.333378
          ],
          [
            4.83892,
            52.333393
          ],
          [
            4.839012,
            52.333416
          ],
          [
            4.839103,
            52.33345
          ],
          [
            4.839192,
            52.333481
          ],
          [
            4.839284,
            52.333511
          ],
          [
            4.839376,
            52.333538
          ],
          [
            4.839454,
            52.333553
          ],
          [
            4.839569,
            52.333584
          ],
          [
            4.83966,
            52.333611
          ],
          [
            4.839741,
            52.333645
          ],
          [
            4.839824,
            52.333679
          ],
          [
            4.839904,
            52.33371
          ],
          [
            4.840008,
            52.33374
          ],
          [
            4.840101,
            52.333763
          ],
          [
            4.840188,
            52.333786
          ],
          [
            4.840268,
            52.333824
          ],
          [
            4.840352,
            52.333858
          ],
          [
            4.840437,
            52.333889
          ],
          [
            4.840532,
            52.333912
          ],
          [
            4.840625,
            52.333935
          ],
          [
            4.84071,
            52.333962
          ],
          [
            4.840792,
            52.334
          ],
          [
            4.840869,
            52.334034
          ],
          [
            4.840954,
            52.334068
          ],
          [
            4.841043,
            52.334087
          ],
          [
            4.841124,
            52.334114
          ],
          [
            4.841214,
            52.334133
          ],
          [
            4.841311,
            52.334148
          ],
          [
            4.841411,
            52.33416
          ],
          [
            4.841502,
            52.334179
          ],
          [
            4.841581,
            52.334198
          ],
          [
            4.841715,
            52.334221
          ],
          [
            4.841807,
            52.334221
          ],
          [
            4.841923,
            52.334221
          ],
          [
            4.842024,
            52.334225
          ],
          [
            4.842108,
            52.334228
          ],
          [
            4.842223,
            52.334232
          ],
          [
            4.842309,
            52.334251
          ],
          [
            4.842386,
            52.334278
          ],
          [
            4.842461,
            52.334312
          ],
          [
            4.842536,
            52.334354
          ],
          [
            4.84261,
            52.334396
          ],
          [
            4.842684,
            52.334435
          ],
          [
            4.842762,
            52.334476
          ],
          [
            4.84283,
            52.334526
          ],
          [
            4.842897,
            52.334572
          ],
          [
            4.842964,
            52.334614
          ],
          [
            4.843036,
            52.33466
          ],
          [
            4.8431,
            52.334702
          ],
          [
            4.843164,
            52.334743
          ],
          [
            4.843246,
            52.334785
          ],
          [
            4.843328,
            52.33482
          ],
          [
            4.843398,
            52.334862
          ],
          [
            4.843458,
            52.334907
          ],
          [
            4.843523,
            52.334949
          ],
          [
            4.843601,
            52.334991
          ],
          [
            4.843667,
            52.335033
          ],
          [
            4.843722,
            52.335083
          ],
          [
            4.843798,
            52.335125
          ],
          [
            4.84388,
            52.335163
          ],
          [
            4.843953,
            52.335205
          ],
          [
            4.844018,
            52.335251
          ],
          [
            4.844079,
            52.335297
          ],
          [
            4.84414,
            52.335346
          ],
          [
            4.844198,
            52.335396
          ],
          [
            4.844267,
            52.335442
          ],
          [
            4.844346,
            52.335476
          ],
          [
            4.844421,
            52.335514
          ],
          [
            4.844482,
            52.335556
          ],
          [
            4.844537,
            52.335602
          ],
          [
            4.844599,
            52.335644
          ],
          [
            4.844668,
            52.335686
          ],
          [
            4.844742,
            52.335728
          ],
          [
            4.844799,
            52.335754
          ],
          [
            4.844895,
            52.3358
          ],
          [
            4.844972,
            52.335842
          ],
          [
            4.845045,
            52.335876
          ],
          [
            4.845115,
            52.335915
          ],
          [
            4.845192,
            52.335957
          ],
          [
            4.845262,
            52.33601
          ],
          [
            4.845335,
            52.336052
          ],
          [
            4.8454,
            52.336101
          ],
          [
            4.845471,
            52.336147
          ],
          [
            4.845532,
            52.336193
          ],
          [
            4.845602,
            52.336235
          ],
          [
            4.845682,
            52.336273
          ],
          [
            4.845757,
            52.336319
          ],
          [
            4.845824,
            52.336365
          ],
          [
            4.845889,
            52.336407
          ],
          [
            4.845962,
            52.336449
          ],
          [
            4.84604,
            52.336487
          ],
          [
            4.846117,
            52.336533
          ],
          [
            4.846188,
            52.336578
          ],
          [
            4.846257,
            52.336624
          ],
          [
            4.846326,
            52.336662
          ],
          [
            4.846395,
            52.336708
          ],
          [
            4.846448,
            52.336765
          ],
          [
            4.846487,
            52.336823
          ],
          [
            4.846508,
            52.33688
          ],
          [
            4.84652,
            52.336933
          ],
          [
            4.84653,
            52.336994
          ],
          [
            4.84653,
            52.337063
          ],
          [
            4.846511,
            52.33712
          ],
          [
            4.846517,
            52.337177
          ],
          [
            4.846494,
            52.33725
          ],
          [
            4.846491,
            52.337337
          ],
          [
            4.846482,
            52.337395
          ],
          [
            4.846471,
            52.337448
          ],
          [
            4.846461,
            52.337505
          ],
          [
            4.846446,
            52.33757
          ],
          [
            4.846437,
            52.337635
          ],
          [
            4.846407,
            52.337688
          ],
          [
            4.846407,
            52.337738
          ],
          [
            4.846402,
            52.337784
          ],
          [
            4.846408,
            52.33786
          ],
          [
            4.846399,
            52.337921
          ],
          [
            4.8464,
            52.337982
          ],
          [
            4.846378,
            52.33802
          ],
          [
            4.846372,
            52.338074
          ],
          [
            4.846345,
            52.338131
          ],
          [
            4.846365,
            52.338165
          ],
          [
            4.846351,
            52.338242
          ],
          [
            4.846352,
            52.338318
          ],
          [
            4.846343,
            52.338371
          ],
          [
            4.84632,
            52.338436
          ],
          [
            4.846312,
            52.338505
          ],
          [
            4.846298,
            52.338573
          ],
          [
            4.846278,
            52.338623
          ],
          [
            4.846261,
            52.338684
          ],
          [
            4.846252,
            52.338738
          ],
          [
            4.846244,
            52.338795
          ],
          [
            4.84624,
            52.338856
          ],
          [
            4.846234,
            52.338902
          ],
          [
            4.846227,
            52.338947
          ],
          [
            4.846223,
            52.338997
          ],
          [
            4.84622,
            52.339035
          ],
          [
            4.84621,
            52.339066
          ],
          [
            4.846221,
            52.339088
          ],
          [
            4.846217,
            52.339119
          ],
          [
            4.846219,
            52.339138
          ],
          [
            4.846219,
            52.339138
          ],
          [
            4.846221,
            52.339169
          ],
          [
            4.846221,
            52.339169
          ],
          [
            4.846221,
            52.339169
          ],
          [
            4.846221,
            52.339169
          ],
          [
            4.846221,
            52.339169
          ],
          [
            4.846252,
            52.339199
          ],
          [
            4.846252,
            52.339199
          ],
          [
            4.846252,
            52.339199
          ],
          [
            4.846242,
            52.339226
          ],
          [
            4.846242,
            52.339226
          ],
          [
            4.846233,
            52.339245
          ],
          [
            4.846233,
            52.339245
          ],
          [
            4.846228,
            52.339264
          ],
          [
            4.846228,
            52.339264
          ],
          [
            4.846228,
            52.339279
          ],
          [
            4.846228,
            52.339279
          ],
          [
            4.846225,
            52.339298
          ],
          [
            4.846225,
            52.339298
          ],
          [
            4.846225,
            52.339298
          ],
          [
            4.846225,
            52.339298
          ],
          [
            4.846225,
            52.339298
          ],
          [
            4.846225,
            52.339298
          ],
          [
            4.846222,
            52.339317
          ],
          [
            4.846222,
            52.339317
          ],
          [
            4.846222,
            52.339317
          ],
          [
            4.846223,
            52.339333
          ],
          [
            4.846223,
            52.339333
          ],
          [
            4.846223,
            52.339333
          ],
          [
            4.846251,
            52.339348
          ],
          [
            4.846251,
            52.339348
          ],
          [
            4.846251,
            52.339348
          ],
          [
            4.84628,
            52.339348
          ],
          [
            4.84628,
            52.339348
          ],
          [
            4.8463,
            52.339348
          ],
          [
            4.8463,
            52.339348
          ],
          [
            4.846326,
            52.339352
          ],
          [
            4.846326,
            52.339352
          ],
          [
            4.846349,
            52.339352
          ],
          [
            4.846349,
            52.339352
          ],
          [
            4.846383,
            52.339355
          ],
          [
            4.846383,
            52.339355
          ],
          [
            4.846442,
            52.339363
          ],
          [
            4.846457,
            52.339367
          ],
          [
            4.846457,
            52.339367
          ],
          [
            4.846503,
            52.339371
          ],
          [
            4.846522,
            52.339371
          ],
          [
            4.846543,
            52.339371
          ],
          [
            4.846543,
            52.339371
          ],
          [
            4.846604,
            52.339371
          ],
          [
            4.846619,
            52.339367
          ],
          [
            4.846619,
            52.339367
          ],
          [
            4.846691,
            52.339371
          ],
          [
            4.846723,
            52.339371
          ],
          [
            4.84676,
            52.339375
          ],
          [
            4.8468,
            52.339375
          ],
          [
            4.846833,
            52.339375
          ],
          [
            4.846865,
            52.339378
          ],
          [
            4.84689,
            52.339378
          ],
          [
            4.846916,
            52.339375
          ],
          [
            4.84694,
            52.339371
          ],
          [
            4.84694,
            52.339371
          ],
          [
            4.847,
            52.339348
          ],
          [
            4.847012,
            52.339333
          ],
          [
            4.84702,
            52.339306
          ],
          [
            4.847024,
            52.339287
          ],
          [
            4.847029,
            52.339264
          ],
          [
            4.847034,
            52.339245
          ],
          [
            4.847039,
            52.339218
          ],
          [
            4.847033,
            52.339203
          ],
          [
            4.847042,
            52.33918
          ],
          [
            4.847042,
            52.339161
          ],
          [
            4.847044,
            52.33913
          ],
          [
            4.847045,
            52.3391
          ],
          [
            4.847053,
            52.339066
          ],
          [
            4.847051,
            52.339027
          ],
          [
            4.847058,
            52.338993
          ],
          [
            4.847068,
            52.338959
          ],
          [
            4.847066,
            52.338924
          ],
          [
            4.847077,
            52.338882
          ],
          [
            4.847075,
            52.338852
          ],
          [
            4.847085,
            52.338825
          ],
          [
            4.847089,
            52.338791
          ],
          [
            4.847093,
            52.338753
          ],
          [
            4.847098,
            52.338722
          ],
          [
            4.847104,
            52.338692
          ],
          [
            4.847107,
            52.338669
          ],
          [
            4.847108,
            52.338646
          ],
          [
            4.8471,
            52.338631
          ],
          [
            4.8471,
            52.338631
          ],
          [
            4.84705,
            52.338623
          ],
          [
            4.847042,
            52.338631
          ],
          [
            4.847039,
            52.338638
          ],
          [
            4.847039,
            52.338638
          ],
          [
            4.847035,
            52.338669
          ],
          [
            4.847035,
            52.338669
          ],
          [
            4.847035,
            52.338669
          ],
          [
            4.847035,
            52.338669
          ],
          [
            4.847035,
            52.338669
          ],
          [
            4.847031,
            52.338676
          ],
          [
            4.847029,
            52.338688
          ],
          [
            4.847029,
            52.338688
          ],
          [
            4.84703,
            52.338715
          ],
          [
            4.847027,
            52.338726
          ],
          [
            4.847027,
            52.33873
          ],
          [
            4.847027,
            52.33873
          ],
          [
            4.847018,
            52.338768
          ],
          [
            4.847013,
            52.338779
          ],
          [
            4.847014,
            52.338787
          ],
          [
            4.847013,
            52.338795
          ],
          [
            4.847013,
            52.338795
          ],
          [
            4.847029,
            52.338844
          ],
          [
            4.847028,
            52.338856
          ],
          [
            4.847039,
            52.338863
          ],
          [
            4.84705,
            52.338867
          ],
          [
            4.847072,
            52.338871
          ],
          [
            4.847087,
            52.338871
          ],
          [
            4.8471,
            52.338867
          ],
          [
            4.847111,
            52.33886
          ],
          [
            4.847116,
            52.338848
          ],
          [
            4.847116,
            52.338848
          ],
          [
            4.847119,
            52.338799
          ],
          [
            4.847123,
            52.338783
          ],
          [
            4.847118,
            52.338779
          ],
          [
            4.84712,
            52.33876
          ],
          [
            4.847123,
            52.338741
          ],
          [
            4.847122,
            52.338726
          ],
          [
            4.847124,
            52.338703
          ],
          [
            4.847123,
            52.338684
          ],
          [
            4.847123,
            52.338684
          ],
          [
            4.847116,
            52.338631
          ],
          [
            4.847121,
            52.338619
          ],
          [
            4.847121,
            52.338619
          ],
          [
            4.847121,
            52.338619
          ],
          [
            4.847121,
            52.338619
          ],
          [
            4.847121,
            52.338619
          ],
          [
            4.847121,
            52.338619
          ],
          [
            4.847145,
            52.338581
          ],
          [
            4.847145,
            52.338581
          ],
          [
            4.847145,
            52.338581
          ],
          [
            4.847145,
            52.338581
          ],
          [
            4.847109,
            52.338581
          ],
          [
            4.847109,
            52.338581
          ],
          [
            4.847091,
            52.338593
          ],
          [
            4.847091,
            52.338593
          ],
          [
            4.847091,
            52.338593
          ],
          [
            4.847091,
            52.338593
          ],
          [
            4.847091,
            52.338593
          ],
          [
            4.847091,
            52.338593
          ],
          [
            4.847034,
            52.338612
          ],
          [
            4.847031,
            52.338623
          ],
          [
            4.847032,
            52.338631
          ],
          [
            4.847031,
            52.338642
          ],
          [
            4.84703,
            52.338654
          ],
          [
            4.847034,
            52.338665
          ],
          [
            4.847041,
            52.338684
          ],
          [
            4.847058,
            52.338703
          ],
          [
            4.847066,
            52.338722
          ],
          [
            4.847075,
            52.338745
          ],
          [
            4.847087,
            52.338764
          ],
          [
            4.847092,
            52.338787
          ],
          [
            4.84709,
            52.338818
          ],
          [
            4.847093,
            52.338833
          ],
          [
            4.847091,
            52.338856
          ],
          [
            4.847089,
            52.338886
          ],
          [
            4.847084,
            52.338913
          ],
          [
            4.847074,
            52.338932
          ],
          [
            4.847064,
            52.33894
          ],
          [
            4.847047,
            52.338951
          ],
          [
            4.847047,
            52.338951
          ],
          [
            4.847047,
            52.338951
          ],
          [
            4.846982,
            52.33894
          ],
          [
            4.846982,
            52.33894
          ],
          [
            4.846982,
            52.33894
          ],
          [
            4.846982,
            52.33894
          ],
          [
            4.846982,
            52.33894
          ],
          [
            4.846982,
            52.33894
          ],
          [
            4.846984,
            52.338909
          ],
          [
            4.846984,
            52.338909
          ],
          [
            4.847006,
            52.338894
          ],
          [
            4.847009,
            52.338886
          ],
          [
            4.847011,
            52.338882
          ],
          [
            4.847013,
            52.338871
          ],
          [
            4.847013,
            52.338863
          ],
          [
            4.847013,
            52.338863
          ],
          [
            4.847005,
            52.338825
          ],
          [
            4.847005,
            52.338825
          ],
          [
            4.847005,
            52.338825
          ],
          [
            4.847005,
            52.338825
          ],
          [
            4.847005,
            52.338818
          ],
          [
            4.847005,
            52.338818
          ],
          [
            4.847005,
            52.338787
          ],
          [
            4.847013,
            52.338772
          ],
          [
            4.847022,
            52.338757
          ],
          [
            4.847022,
            52.338757
          ],
          [
            4.847102,
            52.33873
          ],
          [
            4.847123,
            52.338738
          ],
          [
            4.847137,
            52.338749
          ],
          [
            4.84715,
            52.338768
          ],
          [
            4.847128,
            52.338799
          ],
          [
            4.847121,
            52.338833
          ],
          [
            4.847114,
            52.338875
          ],
          [
            4.847107,
            52.338909
          ],
          [
            4.8471,
            52.338955
          ],
          [
            4.847089,
            52.338978
          ],
          [
            4.847095,
            52.338978
          ],
          [
            4.847085,
            52.338997
          ],
          [
            4.847081,
            52.339031
          ],
          [
            4.847072,
            52.339073
          ],
          [
            4.847061,
            52.339119
          ],
          [
            4.847062,
            52.339157
          ],
          [
            4.847067,
            52.339195
          ],
          [
            4.84709,
            52.339233
          ],
          [
            4.847127,
            52.339264
          ],
          [
            4.847169,
            52.339287
          ],
          [
            4.847221,
            52.339298
          ],
          [
            4.847273,
            52.339314
          ],
          [
            4.847308,
            52.339325
          ],
          [
            4.847344,
            52.339344
          ],
          [
            4.847368,
            52.339363
          ],
          [
            4.847388,
            52.33939
          ],
          [
            4.8474,
            52.33942
          ],
          [
            4.847409,
            52.339462
          ],
          [
            4.847415,
            52.339504
          ],
          [
            4.847419,
            52.33955
          ],
          [
            4.847422,
            52.339588
          ],
          [
            4.847424,
            52.339642
          ],
          [
            4.847428,
            52.33968
          ],
          [
            4.847429,
            52.339733
          ],
          [
            4.847432,
            52.339783
          ],
          [
            4.847434,
            52.339829
          ],
          [
            4.847437,
            52.339882
          ],
          [
            4.847442,
            52.339943
          ],
          [
            4.847444,
            52.339989
          ],
          [
            4.847447,
            52.340034
          ],
          [
            4.847452,
            52.340088
          ],
          [
            4.847463,
            52.340149
          ],
          [
            4.847484,
            52.34021
          ],
          [
            4.847545,
            52.340286
          ],
          [
            4.847624,
            52.340328
          ],
          [
            4.847742,
            52.340355
          ],
          [
            4.847827,
            52.340366
          ],
          [
            4.84791,
            52.34037
          ],
          [
            4.847997,
            52.340374
          ],
          [
            4.848053,
            52.340378
          ],
          [
            4.848167,
            52.340382
          ],
          [
            4.848252,
            52.340385
          ],
          [
            4.848338,
            52.340397
          ],
          [
            4.848416,
            52.340405
          ],
          [
            4.848512,
            52.340412
          ],
          [
            4.848591,
            52.340424
          ],
          [
            4.848674,
            52.340443
          ],
          [
            4.848763,
            52.340462
          ],
          [
            4.848847,
            52.340481
          ],
          [
            4.848935,
            52.340504
          ],
          [
            4.849021,
            52.340523
          ],
          [
            4.849111,
            52.340542
          ],
          [
            4.849199,
            52.340561
          ],
          [
            4.849289,
            52.340584
          ],
          [
            4.849378,
            52.340607
          ],
          [
            4.849468,
            52.340626
          ],
          [
            4.849553,
            52.340641
          ],
          [
            4.849643,
            52.34066
          ],
          [
            4.849731,
            52.340668
          ],
          [
            4.849822,
            52.340679
          ],
          [
            4.849867,
            52.340683
          ],
          [
            4.850008,
            52.340698
          ],
          [
            4.850096,
            52.340706
          ],
          [
            4.850179,
            52.340717
          ],
          [
            4.850268,
            52.340729
          ],
          [
            4.850357,
            52.34074
          ],
          [
            4.850444,
            52.340748
          ],
          [
            4.850495,
            52.340755
          ],
          [
            4.850616,
            52.340771
          ],
          [
            4.850707,
            52.340786
          ],
          [
            4.850792,
            52.340805
          ],
          [
            4.850878,
            52.34082
          ],
          [
            4.850956,
            52.340828
          ],
          [
            4.850998,
            52.340832
          ],
          [
            4.85113,
            52.340847
          ],
          [
            4.851219,
            52.340855
          ],
          [
            4.851274,
            52.340858
          ],
          [
            4.851396,
            52.340874
          ],
          [
            4.851484,
            52.340885
          ],
          [
            4.851571,
            52.340897
          ],
          [
            4.851659,
            52.340912
          ],
          [
            4.851752,
            52.340923
          ],
          [
            4.851848,
            52.340935
          ],
          [
            4.851944,
            52.340946
          ],
          [
            4.852032,
            52.340958
          ],
          [
            4.852134,
            52.340973
          ],
          [
            4.85223,
            52.340984
          ],
          [
            4.852321,
            52.340996
          ],
          [
            4.85241,
            52.341011
          ],
          [
            4.852498,
            52.341026
          ],
          [
            4.852582,
            52.341042
          ],
          [
            4.852636,
            52.341049
          ],
          [
            4.852756,
            52.341064
          ],
          [
            4.85284,
            52.341072
          ],
          [
            4.852928,
            52.34108
          ],
          [
            4.852994,
            52.341091
          ],
          [
            4.853095,
            52.341106
          ],
          [
            4.853158,
            52.341118
          ],
          [
            4.853253,
            52.341133
          ],
          [
            4.853322,
            52.341145
          ],
          [
            4.853381,
            52.341156
          ],
          [
            4.853406,
            52.341167
          ],
          [
            4.853412,
            52.341179
          ],
          [
            4.853394,
            52.341187
          ],
          [
            4.853345,
            52.34119
          ],
          [
            4.85328,
            52.341187
          ],
          [
            4.853214,
            52.341171
          ],
          [
            4.853134,
            52.341152
          ],
          [
            4.853147,
            52.341156
          ],
          [
            4.853005,
            52.341133
          ],
          [
            4.852897,
            52.341118
          ],
          [
            4.852841,
            52.341114
          ],
          [
            4.852732,
            52.341106
          ],
          [
            4.852658,
            52.341095
          ],
          [
            4.852584,
            52.341087
          ],
          [
            4.85253,
            52.341072
          ],
          [
            4.852498,
            52.341045
          ],
          [
            4.85247,
            52.341023
          ],
          [
            4.852444,
            52.341
          ],
          [
            4.852417,
            52.340977
          ],
          [
            4.852404,
            52.340954
          ],
          [
            4.852404,
            52.340923
          ],
          [
            4.852416,
            52.340885
          ],
          [
            4.852438,
            52.340836
          ],
          [
            4.852452,
            52.340782
          ],
          [
            4.852472,
            52.340729
          ],
          [
            4.852489,
            52.340675
          ],
          [
            4.852513,
            52.340614
          ],
          [
            4.852534,
            52.340553
          ],
          [
            4.852553,
            52.340492
          ],
          [
            4.852577,
            52.340431
          ],
          [
            4.852601,
            52.34037
          ],
          [
            4.852621,
            52.340313
          ],
          [
            4.852645,
            52.340248
          ],
          [
            4.852669,
            52.340183
          ],
          [
            4.852691,
            52.340122
          ],
          [
            4.852712,
            52.340061
          ],
          [
            4.852731,
            52.340004
          ],
          [
            4.85275,
            52.339939
          ],
          [
            4.852768,
            52.339878
          ],
          [
            4.852791,
            52.339821
          ],
          [
            4.852819,
            52.33976
          ],
          [
            4.852839,
            52.339699
          ],
          [
            4.852858,
            52.339642
          ],
          [
            4.852879,
            52.339577
          ],
          [
            4.8529,
            52.339512
          ],
          [
            4.85292,
            52.339451
          ],
          [
            4.852936,
            52.33939
          ],
          [
            4.85296,
            52.339333
          ],
          [
            4.852981,
            52.339272
          ],
          [
            4.853003,
            52.339214
          ],
          [
            4.853024,
            52.339157
          ],
          [
            4.853042,
            52.339107
          ],
          [
            4.85306,
            52.339062
          ],
          [
            4.853081,
            52.339012
          ],
          [
            4.853098,
            52.338978
          ],
          [
            4.853119,
            52.338943
          ],
          [
            4.853148,
            52.338924
          ],
          [
            4.853185,
            52.338902
          ],
          [
            4.853223,
            52.338882
          ],
          [
            4.853258,
            52.338863
          ],
          [
            4.853291,
            52.338802
          ],
          [
            4.853304,
            52.338764
          ],
          [
            4.85331,
            52.338726
          ],
          [
            4.853323,
            52.338692
          ],
          [
            4.853335,
            52.338654
          ],
          [
            4.853351,
            52.338612
          ],
          [
            4.85337,
            52.338573
          ],
          [
            4.853393,
            52.338524
          ],
          [
            4.853416,
            52.338474
          ],
          [
            4.853441,
            52.338425
          ],
          [
            4.853457,
            52.338352
          ],
          [
            4.853473,
            52.338287
          ],
          [
            4.85349,
            52.338226
          ],
          [
            4.853509,
            52.338169
          ],
          [
            4.85353,
            52.338104
          ],
          [
            4.853549,
            52.338047
          ],
          [
            4.853564,
            52.337982
          ],
          [
            4.853594,
            52.337921
          ],
          [
            4.853618,
            52.337852
          ],
          [
            4.853651,
            52.337753
          ],
          [
            4.853683,
            52.337688
          ],
          [
            4.853706,
            52.337631
          ],
          [
            4.853717,
            52.337582
          ],
          [
            4.85373,
            52.337517
          ],
          [
            4.853738,
            52.337452
          ],
          [
            4.853773,
            52.337399
          ],
          [
            4.853783,
            52.337345
          ],
          [
            4.853793,
            52.337292
          ],
          [
            4.853781,
            52.337189
          ],
          [
            4.853771,
            52.337131
          ],
          [
            4.853751,
            52.337032
          ],
          [
            4.853764,
            52.336983
          ],
          [
            4.85378,
            52.336933
          ],
          [
            4.853813,
            52.336864
          ],
          [
            4.853829,
            52.33683
          ],
          [
            4.853827,
            52.336838
          ],
          [
            4.853841,
            52.336819
          ],
          [
            4.853873,
            52.336788
          ],
          [
            4.853948,
            52.336754
          ],
          [
            4.854001,
            52.336742
          ],
          [
            4.854036,
            52.336739
          ],
          [
            4.854066,
            52.336727
          ],
          [
            4.854093,
            52.336716
          ],
          [
            4.854109,
            52.336704
          ],
          [
            4.854124,
            52.336693
          ],
          [
            4.854137,
            52.336681
          ],
          [
            4.85415,
            52.336655
          ],
          [
            4.854158,
            52.336632
          ],
          [
            4.854166,
            52.336605
          ],
          [
            4.854166,
            52.33654
          ],
          [
            4.854138,
            52.336506
          ],
          [
            4.854115,
            52.336506
          ],
          [
            4.85409,
            52.336506
          ],
          [
            4.854084,
            52.336521
          ],
          [
            4.854072,
            52.336552
          ],
          [
            4.854074,
            52.336559
          ],
          [
            4.854074,
            52.336559
          ],
          [
            4.854085,
            52.33659
          ],
          [
            4.854066,
            52.336613
          ],
          [
            4.854066,
            52.336613
          ],
          [
            4.854054,
            52.336643
          ],
          [
            4.85405,
            52.336651
          ],
          [
            4.854044,
            52.336681
          ],
          [
            4.854046,
            52.336697
          ],
          [
            4.854048,
            52.336712
          ],
          [
            4.854053,
            52.336731
          ],
          [
            4.854049,
            52.33675
          ],
          [
            4.854039,
            52.336769
          ],
          [
            4.85403,
            52.336788
          ],
          [
            4.854033,
            52.336807
          ],
          [
            4.854033,
            52.336807
          ],
          [
            4.854033,
            52.336807
          ],
          [
            4.854058,
            52.336842
          ],
          [
            4.854058,
            52.336842
          ],
          [
            4.85409,
            52.336842
          ],
          [
            4.854106,
            52.336845
          ],
          [
            4.85413,
            52.336849
          ],
          [
            4.854161,
            52.336849
          ],
          [
            4.854199,
            52.336857
          ],
          [
            4.854238,
            52.336861
          ],
          [
            4.854289,
            52.336868
          ],
          [
            4.854333,
            52.336872
          ],
          [
            4.854379,
            52.336884
          ],
          [
            4.854424,
            52.336903
          ],
          [
            4.854458,
            52.336918
          ],
          [
            4.854498,
            52.336933
          ],
          [
            4.854538,
            52.336952
          ],
          [
            4.854578,
            52.336967
          ],
          [
            4.854607,
            52.336971
          ],
          [
            4.854644,
            52.336983
          ],
          [
            4.854679,
            52.33699
          ],
          [
            4.854716,
            52.336998
          ],
          [
            4.854752,
            52.337002
          ],
          [
            4.854788,
            52.337013
          ],
          [
            4.854842,
            52.337017
          ],
          [
            4.854895,
            52.337029
          ],
          [
            4.85492,
            52.337021
          ],
          [
            4.854922,
            52.337029
          ],
          [
            4.854932,
            52.337029
          ],
          [
            4.854955,
            52.337029
          ],
          [
            4.854988,
            52.337036
          ],
          [
            4.855043,
            52.337048
          ],
          [
            4.855094,
            52.337055
          ],
          [
            4.855138,
            52.337063
          ],
          [
            4.855182,
            52.33707
          ],
          [
            4.855236,
            52.337074
          ],
          [
            4.855303,
            52.337086
          ],
          [
            4.855371,
            52.337093
          ],
          [
            4.855429,
            52.337101
          ],
          [
            4.855489,
            52.337101
          ],
          [
            4.855558,
            52.337109
          ],
          [
            4.855628,
            52.337112
          ],
          [
            4.855688,
            52.33712
          ],
          [
            4.855753,
            52.337124
          ],
          [
            4.855805,
            52.337128
          ],
          [
            4.855852,
            52.337128
          ],
          [
            4.85591,
            52.337131
          ],
          [
            4.855963,
            52.337135
          ],
          [
            4.856018,
            52.337139
          ],
          [
            4.856072,
            52.337143
          ],
          [
            4.856122,
            52.337143
          ],
          [
            4.85616,
            52.337143
          ],
          [
            4.856213,
            52.337139
          ],
          [
            4.856261,
            52.337139
          ],
          [
            4.856315,
            52.337135
          ],
          [
            4.856375,
            52.337131
          ],
          [
            4.856543,
            52.337109
          ],
          [
            4.856614,
            52.337097
          ],
          [
            4.856683,
            52.33709
          ],
          [
            4.856749,
            52.337086
          ],
          [
            4.856792,
            52.337086
          ],
          [
            4.856846,
            52.33709
          ],
          [
            4.856889,
            52.33709
          ],
          [
            4.856934,
            52.337097
          ],
          [
            4.856972,
            52.337105
          ],
          [
            4.857013,
            52.337112
          ],
          [
            4.857046,
            52.337116
          ],
          [
            4.85707,
            52.337116
          ],
          [
            4.857103,
            52.33712
          ],
          [
            4.857136,
            52.33712
          ],
          [
            4.857172,
            52.337105
          ],
          [
            4.857185,
            52.33709
          ],
          [
            4.857193,
            52.337063
          ],
          [
            4.857196,
            52.337036
          ],
          [
            4.857198,
            52.336998
          ],
          [
            4.857199,
            52.336994
          ],
          [
            4.857199,
            52.336994
          ],
          [
            4.8572,
            52.336983
          ],
          [
            4.857199,
            52.336979
          ],
          [
            4.857199,
            52.336971
          ],
          [
            4.857201,
            52.336864
          ],
          [
            4.857206,
            52.336689
          ],
          [
            4.85721,
            52.336616
          ],
          [
            4.857213,
            52.336555
          ],
          [
            4.857216,
            52.336498
          ],
          [
            4.857219,
            52.336441
          ],
          [
            4.857221,
            52.33638
          ],
          [
            4.85722,
            52.336315
          ],
          [
            4.857219,
            52.336262
          ],
          [
            4.857217,
            52.336201
          ],
          [
            4.857213,
            52.33614
          ],
          [
            4.857213,
            52.336079
          ],
          [
            4.85721,
            52.336018
          ],
          [
            4.857209,
            52.335957
          ],
          [
            4.857209,
            52.335896
          ],
          [
            4.857208,
            52.335831
          ],
          [
            4.857207,
            52.33577
          ],
          [
            4.857207,
            52.335705
          ],
          [
            4.857205,
            52.335648
          ],
          [
            4.857207,
            52.335583
          ],
          [
            4.857202,
            52.335545
          ],
          [
            4.857203,
            52.335457
          ],
          [
            4.857205,
            52.335411
          ],
          [
            4.857206,
            52.335365
          ],
          [
            4.857204,
            52.335323
          ],
          [
            4.857203,
            52.335281
          ],
          [
            4.857205,
            52.335239
          ],
          [
            4.857207,
            52.335201
          ],
          [
            4.85721,
            52.335163
          ],
          [
            4.85721,
            52.335129
          ],
          [
            4.857208,
            52.335098
          ],
          [
            4.857208,
            52.335098
          ],
          [
            4.857227,
            52.335064
          ],
          [
            4.857227,
            52.335064
          ],
          [
            4.857243,
            52.335052
          ],
          [
            4.857243,
            52.335052
          ],
          [
            4.857267,
            52.335022
          ],
          [
            4.857288,
            52.335014
          ],
          [
            4.857318,
            52.335007
          ],
          [
            4.857349,
            52.334999
          ],
          [
            4.857398,
            52.334995
          ],
          [
            4.857444,
            52.334991
          ],
          [
            4.857496,
            52.334988
          ],
          [
            4.857549,
            52.334991
          ],
          [
            4.857618,
            52.334988
          ],
          [
            4.857675,
            52.334984
          ],
          [
            4.85774,
            52.334984
          ],
          [
            4.857809,
            52.33498
          ],
          [
            4.857883,
            52.33498
          ],
          [
            4.857965,
            52.334988
          ],
          [
            4.858044,
            52.334995
          ],
          [
            4.858153,
            52.334999
          ],
          [
            4.858259,
            52.335003
          ],
          [
            4.85832,
            52.335011
          ],
          [
            4.858403,
            52.335014
          ],
          [
            4.858533,
            52.335018
          ],
          [
            4.85858,
            52.335018
          ],
          [
            4.858726,
            52.335022
          ],
          [
            4.858848,
            52.335026
          ],
          [
            4.858927,
            52.33503
          ],
          [
            4.858977,
            52.335026
          ],
          [
            4.859041,
            52.335022
          ],
          [
            4.859135,
            52.335018
          ],
          [
            4.859221,
            52.335014
          ],
          [
            4.859302,
            52.335007
          ],
          [
            4.859367,
            52.335007
          ],
          [
            4.859429,
            52.334995
          ],
          [
            4.859535,
            52.334995
          ],
          [
            4.859662,
            52.334995
          ],
          [
            4.859765,
            52.334988
          ],
          [
            4.85986,
            52.334988
          ],
          [
            4.859958,
            52.334988
          ],
          [
            4.860039,
            52.334988
          ],
          [
            4.860142,
            52.334988
          ],
          [
            4.860235,
            52.334988
          ],
          [
            4.860285,
            52.334984
          ],
          [
            4.860419,
            52.334984
          ],
          [
            4.860528,
            52.334984
          ],
          [
            4.860629,
            52.334984
          ],
          [
            4.860726,
            52.334984
          ],
          [
            4.860825,
            52.33498
          ],
          [
            4.860914,
            52.33498
          ],
          [
            4.861006,
            52.334976
          ],
          [
            4.861089,
            52.334976
          ],
          [
            4.861171,
            52.334972
          ],
          [
            4.861249,
            52.334969
          ],
          [
            4.861315,
            52.334965
          ],
          [
            4.861374,
            52.334961
          ],
          [
            4.861426,
            52.334957
          ],
          [
            4.861481,
            52.334946
          ],
          [
            4.861521,
            52.334938
          ],
          [
            4.861558,
            52.334923
          ],
          [
            4.861588,
            52.334896
          ],
          [
            4.861615,
            52.334858
          ],
          [
            4.861633,
            52.334827
          ],
          [
            4.861646,
            52.334785
          ],
          [
            4.861657,
            52.334736
          ],
          [
            4.861664,
            52.334682
          ],
          [
            4.86167,
            52.334629
          ],
          [
            4.861673,
            52.334572
          ],
          [
            4.861675,
            52.334518
          ],
          [
            4.861678,
            52.334454
          ],
          [
            4.86168,
            52.334393
          ],
          [
            4.861679,
            52.334331
          ],
          [
            4.861673,
            52.334274
          ],
          [
            4.861671,
            52.334213
          ],
          [
            4.861665,
            52.334156
          ],
          [
            4.861664,
            52.334099
          ],
          [
            4.861665,
            52.334034
          ],
          [
            4.861664,
            52.333981
          ],
          [
            4.861664,
            52.333927
          ],
          [
            4.861665,
            52.33387
          ],
          [
            4.861665,
            52.333813
          ],
          [
            4.861671,
            52.333759
          ],
          [
            4.861676,
            52.33371
          ],
          [
            4.861695,
            52.333672
          ],
          [
            4.861727,
            52.333649
          ],
          [
            4.861763,
            52.33363
          ],
          [
            4.861804,
            52.333626
          ],
          [
            4.861856,
            52.333626
          ],
          [
            4.861911,
            52.33363
          ],
          [
            4.861973,
            52.333637
          ],
          [
            4.86203,
            52.333649
          ],
          [
            4.862047,
            52.333649
          ],
          [
            4.862141,
            52.333672
          ],
          [
            4.862205,
            52.333683
          ],
          [
            4.862277,
            52.333706
          ],
          [
            4.862346,
            52.333721
          ],
          [
            4.862419,
            52.33374
          ],
          [
            4.862482,
            52.333752
          ],
          [
            4.862561,
            52.333759
          ],
          [
            4.862631,
            52.333763
          ],
          [
            4.862713,
            52.333767
          ],
          [
            4.862793,
            52.333767
          ],
          [
            4.862878,
            52.333767
          ],
          [
            4.862957,
            52.333771
          ],
          [
            4.863041,
            52.333771
          ],
          [
            4.86312,
            52.333771
          ],
          [
            4.863212,
            52.333782
          ],
          [
            4.863293,
            52.33379
          ],
          [
            4.863372,
            52.333794
          ],
          [
            4.863456,
            52.333801
          ],
          [
            4.863536,
            52.333805
          ],
          [
            4.863616,
            52.333801
          ],
          [
            4.863686,
            52.33379
          ],
          [
            4.863763,
            52.333771
          ],
          [
            4.863825,
            52.333755
          ],
          [
            4.863897,
            52.333733
          ],
          [
            4.863963,
            52.33371
          ],
          [
            4.864028,
            52.333694
          ],
          [
            4.864088,
            52.333679
          ],
          [
            4.864148,
            52.333668
          ],
          [
            4.864202,
            52.33366
          ],
          [
            4.864262,
            52.333649
          ],
          [
            4.864327,
            52.333633
          ],
          [
            4.86439,
            52.333622
          ],
          [
            4.86445,
            52.333607
          ],
          [
            4.864519,
            52.333595
          ],
          [
            4.864586,
            52.33358
          ],
          [
            4.864658,
            52.333569
          ],
          [
            4.864723,
            52.333561
          ],
          [
            4.864805,
            52.333557
          ],
          [
            4.86488,
            52.333553
          ],
          [
            4.864965,
            52.33355
          ],
          [
            4.865048,
            52.33355
          ],
          [
            4.865136,
            52.333546
          ],
          [
            4.865218,
            52.33355
          ],
          [
            4.865282,
            52.333546
          ],
          [
            4.86539,
            52.333546
          ],
          [
            4.865481,
            52.333546
          ],
          [
            4.865578,
            52.333546
          ],
          [
            4.865664,
            52.333542
          ],
          [
            4.865679,
            52.333542
          ],
          [
            4.865832,
            52.333546
          ],
          [
            4.865936,
            52.33355
          ],
          [
            4.866028,
            52.33355
          ],
          [
            4.866119,
            52.33355
          ],
          [
            4.866204,
            52.333553
          ],
          [
            4.866304,
            52.333557
          ],
          [
            4.866393,
            52.333561
          ],
          [
            4.866482,
            52.333565
          ],
          [
            4.866549,
            52.333569
          ],
          [
            4.866658,
            52.333572
          ],
          [
            4.866757,
            52.333584
          ],
          [
            4.866843,
            52.333588
          ],
          [
            4.866887,
            52.333595
          ],
          [
            4.867009,
            52.333603
          ],
          [
            4.867097,
            52.333607
          ],
          [
            4.867149,
            52.333611
          ],
          [
            4.867264,
            52.333611
          ],
          [
            4.867341,
            52.333611
          ],
          [
            4.867349,
            52.333611
          ],
          [
            4.867495,
            52.333607
          ],
          [
            4.867574,
            52.333607
          ],
          [
            4.867647,
            52.333607
          ],
          [
            4.867686,
            52.333607
          ],
          [
            4.867795,
            52.333607
          ],
          [
            4.867876,
            52.333607
          ],
          [
            4.867957,
            52.333607
          ],
          [
            4.868021,
            52.333607
          ],
          [
            4.868094,
            52.333607
          ],
          [
            4.868104,
            52.333607
          ],
          [
            4.868183,
            52.333607
          ],
          [
            4.868271,
            52.333611
          ],
          [
            4.868311,
            52.333611
          ],
          [
            4.868334,
            52.333607
          ],
          [
            4.868334,
            52.333607
          ],
          [
            4.868382,
            52.333603
          ],
          [
            4.868382,
            52.333603
          ],
          [
            4.868382,
            52.333603
          ],
          [
            4.868382,
            52.333603
          ],
          [
            4.868444,
            52.333595
          ],
          [
            4.868444,
            52.333595
          ],
          [
            4.868476,
            52.33358
          ],
          [
            4.868484,
            52.333569
          ],
          [
            4.868484,
            52.333557
          ],
          [
            4.868496,
            52.33353
          ],
          [
            4.868494,
            52.333504
          ],
          [
            4.868499,
            52.333454
          ],
          [
            4.868504,
            52.333412
          ],
          [
            4.868503,
            52.333374
          ],
          [
            4.868507,
            52.333328
          ],
          [
            4.868509,
            52.333294
          ],
          [
            4.868519,
            52.33324
          ],
          [
            4.868537,
            52.333187
          ],
          [
            4.868562,
            52.333153
          ],
          [
            4.868599,
            52.333122
          ],
          [
            4.868642,
            52.333103
          ],
          [
            4.868695,
            52.333096
          ],
          [
            4.86874,
            52.333092
          ],
          [
            4.868806,
            52.333092
          ],
          [
            4.868819,
            52.333092
          ],
          [
            4.868842,
            52.333092
          ],
          [
            4.868867,
            52.333088
          ],
          [
            4.868946,
            52.333084
          ],
          [
            4.868991,
            52.333084
          ],
          [
            4.869031,
            52.33308
          ],
          [
            4.869071,
            52.333084
          ],
          [
            4.869141,
            52.333103
          ],
          [
            4.869157,
            52.333118
          ],
          [
            4.869168,
            52.333145
          ],
          [
            4.869172,
            52.333176
          ],
          [
            4.869175,
            52.33321
          ],
          [
            4.869171,
            52.333248
          ],
          [
            4.869167,
            52.333286
          ],
          [
            4.869166,
            52.333336
          ],
          [
            4.86917,
            52.333378
          ],
          [
            4.869189,
            52.333416
          ],
          [
            4.869223,
            52.333435
          ],
          [
            4.869271,
            52.333454
          ],
          [
            4.86932,
            52.333454
          ],
          [
            4.869443,
            52.33345
          ],
          [
            4.869502,
            52.33345
          ],
          [
            4.869563,
            52.333458
          ],
          [
            4.869617,
            52.333477
          ],
          [
            4.869674,
            52.3335
          ],
          [
            4.869733,
            52.333519
          ],
          [
            4.869767,
            52.333527
          ],
          [
            4.869872,
            52.33355
          ],
          [
            4.869908,
            52.333553
          ],
          [
            4.870031,
            52.333557
          ],
          [
            4.870117,
            52.333553
          ],
          [
            4.870158,
            52.33355
          ],
          [
            4.870281,
            52.333546
          ],
          [
            4.870365,
            52.333542
          ],
          [
            4.870419,
            52.333542
          ],
          [
            4.870524,
            52.333546
          ],
          [
            4.870598,
            52.333538
          ],
          [
            4.870652,
            52.333519
          ],
          [
            4.87069,
            52.333504
          ],
          [
            4.870705,
            52.3335
          ],
          [
            4.870716,
            52.333496
          ],
          [
            4.870735,
            52.333481
          ],
          [
            4.870762,
            52.333462
          ],
          [
            4.870795,
            52.333443
          ],
          [
            4.870859,
            52.333435
          ],
          [
            4.870921,
            52.333435
          ],
          [
            4.871053,
            52.33345
          ],
          [
            4.87112,
            52.333473
          ],
          [
            4.871179,
            52.3335
          ],
          [
            4.871238,
            52.333523
          ],
          [
            4.871311,
            52.333546
          ],
          [
            4.871385,
            52.333561
          ],
          [
            4.871474,
            52.333569
          ],
          [
            4.871558,
            52.333557
          ],
          [
            4.871647,
            52.333553
          ],
          [
            4.871706,
            52.33355
          ],
          [
            4.871812,
            52.33355
          ],
          [
            4.871887,
            52.333546
          ],
          [
            4.871965,
            52.33355
          ],
          [
            4.872034,
            52.333553
          ],
          [
            4.872093,
            52.33355
          ],
          [
            4.872135,
            52.333523
          ],
          [
            4.872136,
            52.333523
          ],
          [
            4.872148,
            52.333511
          ],
          [
            4.872157,
            52.3335
          ],
          [
            4.872164,
            52.333496
          ],
          [
            4.87218,
            52.333477
          ],
          [
            4.872199,
            52.333458
          ],
          [
            4.872218,
            52.333443
          ],
          [
            4.872271,
            52.333424
          ],
          [
            4.872311,
            52.333416
          ],
          [
            4.872372,
            52.33342
          ],
          [
            4.87252,
            52.333447
          ],
          [
            4.87257,
            52.333462
          ],
          [
            4.872641,
            52.333477
          ],
          [
            4.872696,
            52.333488
          ],
          [
            4.872745,
            52.333504
          ],
          [
            4.872795,
            52.333538
          ],
          [
            4.872849,
            52.333542
          ],
          [
            4.872908,
            52.333542
          ],
          [
            4.872976,
            52.333542
          ],
          [
            4.873044,
            52.333542
          ],
          [
            4.873117,
            52.333546
          ],
          [
            4.873184,
            52.333546
          ],
          [
            4.87326,
            52.333542
          ],
          [
            4.873331,
            52.333534
          ],
          [
            4.873403,
            52.333534
          ],
          [
            4.873477,
            52.333538
          ],
          [
            4.873543,
            52.33355
          ],
          [
            4.873599,
            52.333553
          ],
          [
            4.873646,
            52.333546
          ],
          [
            4.873678,
            52.333534
          ],
          [
            4.873698,
            52.333515
          ],
          [
            4.873696,
            52.333515
          ],
          [
            4.873697,
            52.333504
          ],
          [
            4.873705,
            52.333492
          ],
          [
            4.873708,
            52.333477
          ],
          [
            4.873712,
            52.333458
          ],
          [
            4.873714,
            52.333439
          ],
          [
            4.87372,
            52.333416
          ],
          [
            4.873761,
            52.333405
          ],
          [
            4.873848,
            52.333397
          ],
          [
            4.873981,
            52.333424
          ],
          [
            4.874197,
            52.333473
          ],
          [
            4.874268,
            52.333477
          ],
          [
            4.874328,
            52.333488
          ],
          [
            4.874391,
            52.333508
          ],
          [
            4.874464,
            52.333523
          ],
          [
            4.874542,
            52.333527
          ],
          [
            4.874619,
            52.33353
          ],
          [
            4.874698,
            52.33353
          ],
          [
            4.874777,
            52.33353
          ],
          [
            4.874856,
            52.333534
          ],
          [
            4.874932,
            52.333534
          ],
          [
            4.874995,
            52.33353
          ],
          [
            4.87505,
            52.333519
          ],
          [
            4.875059,
            52.333511
          ],
          [
            4.875101,
            52.333477
          ],
          [
            4.875124,
            52.333462
          ],
          [
            4.875143,
            52.33345
          ],
          [
            4.875155,
            52.333427
          ],
          [
            4.875155,
            52.333427
          ],
          [
            4.875168,
            52.33337
          ],
          [
            4.875186,
            52.333366
          ],
          [
            4.875186,
            52.333366
          ],
          [
            4.875206,
            52.333374
          ],
          [
            4.875206,
            52.333374
          ],
          [
            4.875228,
            52.33337
          ],
          [
            4.875228,
            52.33337
          ],
          [
            4.875267,
            52.333363
          ],
          [
            4.875282,
            52.333355
          ],
          [
            4.875302,
            52.333355
          ],
          [
            4.875329,
            52.333363
          ],
          [
            4.875365,
            52.333366
          ],
          [
            4.875403,
            52.33337
          ],
          [
            4.875434,
            52.33337
          ],
          [
            4.875472,
            52.333378
          ],
          [
            4.875522,
            52.333378
          ],
          [
            4.875569,
            52.333374
          ],
          [
            4.87567,
            52.333389
          ],
          [
            4.875696,
            52.333408
          ],
          [
            4.875706,
            52.333439
          ],
          [
            4.87572,
            52.333477
          ],
          [
            4.875739,
            52.333508
          ],
          [
            4.875766,
            52.333534
          ],
          [
            4.875798,
            52.333546
          ],
          [
            4.875845,
            52.333546
          ],
          [
            4.875895,
            52.333542
          ],
          [
            4.875955,
            52.333538
          ],
          [
            4.876022,
            52.333534
          ],
          [
            4.876093,
            52.33353
          ],
          [
            4.876169,
            52.333527
          ],
          [
            4.876247,
            52.333527
          ],
          [
            4.876324,
            52.333527
          ],
          [
            4.876378,
            52.333527
          ],
          [
            4.876482,
            52.333527
          ],
          [
            4.876566,
            52.333527
          ],
          [
            4.876653,
            52.333527
          ],
          [
            4.876721,
            52.333527
          ],
          [
            4.87684,
            52.33353
          ],
          [
            4.876917,
            52.333534
          ],
          [
            4.877025,
            52.333542
          ],
          [
            4.877115,
            52.333546
          ],
          [
            4.877211,
            52.333553
          ],
          [
            4.877295,
            52.333561
          ],
          [
            4.877406,
            52.333561
          ],
          [
            4.877506,
            52.333561
          ],
          [
            4.877604,
            52.333557
          ],
          [
            4.877697,
            52.33355
          ],
          [
            4.87779,
            52.333546
          ],
          [
            4.877874,
            52.333542
          ],
          [
            4.877954,
            52.333542
          ],
          [
            4.877974,
            52.333542
          ],
          [
            4.878136,
            52.333538
          ],
          [
            4.878231,
            52.333538
          ],
          [
            4.878324,
            52.333538
          ],
          [
            4.878427,
            52.333538
          ],
          [
            4.878519,
            52.333534
          ],
          [
            4.878603,
            52.333534
          ],
          [
            4.878689,
            52.333534
          ],
          [
            4.878788,
            52.333534
          ],
          [
            4.87886,
            52.333534
          ],
          [
            4.878965,
            52.333534
          ],
          [
            4.879052,
            52.333534
          ],
          [
            4.879122,
            52.333534
          ],
          [
            4.879197,
            52.33353
          ],
          [
            4.879257,
            52.33353
          ],
          [
            4.879312,
            52.333527
          ],
          [
            4.879376,
            52.333519
          ],
          [
            4.879443,
            52.333523
          ],
          [
            4.879509,
            52.333519
          ],
          [
            4.879554,
            52.333504
          ],
          [
            4.879581,
            52.333485
          ],
          [
            4.879593,
            52.333488
          ],
          [
            4.879598,
            52.333427
          ],
          [
            4.879599,
            52.333389
          ],
          [
            4.879598,
            52.333374
          ],
          [
            4.879598,
            52.333374
          ],
          [
            4.879601,
            52.33329
          ],
          [
            4.879614,
            52.333286
          ],
          [
            4.879636,
            52.333282
          ],
          [
            4.879671,
            52.333282
          ],
          [
            4.879711,
            52.333286
          ],
          [
            4.879767,
            52.333302
          ],
          [
            4.879826,
            52.333305
          ],
          [
            4.879881,
            52.333309
          ],
          [
            4.879968,
            52.333313
          ],
          [
            4.880044,
            52.333317
          ],
          [
            4.880083,
            52.333317
          ],
          [
            4.880188,
            52.333317
          ],
          [
            4.880266,
            52.333321
          ],
          [
            4.880348,
            52.333321
          ],
          [
            4.880416,
            52.333321
          ],
          [
            4.880489,
            52.333324
          ],
          [
            4.880561,
            52.333328
          ],
          [
            4.880626,
            52.333328
          ],
          [
            4.88069,
            52.333324
          ],
          [
            4.880749,
            52.333324
          ],
          [
            4.880809,
            52.333324
          ],
          [
            4.880867,
            52.333321
          ],
          [
            4.880922,
            52.333317
          ],
          [
            4.880975,
            52.333313
          ],
          [
            4.881034,
            52.333305
          ],
          [
            4.881088,
            52.333298
          ],
          [
            4.881185,
            52.333286
          ],
          [
            4.881271,
            52.333282
          ],
          [
            4.881303,
            52.333282
          ],
          [
            4.881452,
            52.333282
          ],
          [
            4.881549,
            52.333282
          ],
          [
            4.881643,
            52.333286
          ],
          [
            4.881736,
            52.333282
          ],
          [
            4.88183,
            52.333282
          ],
          [
            4.881925,
            52.333286
          ],
          [
            4.881964,
            52.333282
          ],
          [
            4.882103,
            52.333282
          ],
          [
            4.882189,
            52.333286
          ],
          [
            4.882262,
            52.333286
          ],
          [
            4.882329,
            52.333294
          ],
          [
            4.882381,
            52.333298
          ],
          [
            4.882442,
            52.333298
          ],
          [
            4.882504,
            52.333302
          ],
          [
            4.882552,
            52.333305
          ],
          [
            4.882597,
            52.333309
          ],
          [
            4.88264,
            52.333313
          ],
          [
            4.882687,
            52.333317
          ],
          [
            4.882721,
            52.333324
          ],
          [
            4.882743,
            52.33334
          ],
          [
            4.882744,
            52.333363
          ],
          [
            4.882737,
            52.333382
          ],
          [
            4.882723,
            52.333405
          ],
          [
            4.882708,
            52.333431
          ],
          [
            4.882685,
            52.333458
          ],
          [
            4.882659,
            52.333492
          ],
          [
            4.88265,
            52.33353
          ],
          [
            4.882651,
            52.333569
          ],
          [
            4.882666,
            52.333607
          ],
          [
            4.882692,
            52.333645
          ],
          [
            4.882724,
            52.333691
          ],
          [
            4.882758,
            52.333729
          ],
          [
            4.882795,
            52.333775
          ],
          [
            4.882836,
            52.33382
          ],
          [
            4.882873,
            52.333862
          ],
          [
            4.882913,
            52.333912
          ],
          [
            4.882953,
            52.333962
          ],
          [
            4.882987,
            52.334007
          ],
          [
            4.883026,
            52.334053
          ],
          [
            4.883065,
            52.334103
          ],
          [
            4.883106,
            52.334156
          ],
          [
            4.883151,
            52.334209
          ],
          [
            4.883184,
            52.334251
          ],
          [
            4.883222,
            52.334297
          ],
          [
            4.883267,
            52.334351
          ],
          [
            4.883298,
            52.334393
          ],
          [
            4.883327,
            52.334435
          ],
          [
            4.883353,
            52.334488
          ],
          [
            4.883374,
            52.334534
          ],
          [
            4.883389,
            52.334576
          ],
          [
            4.883403,
            52.334618
          ],
          [
            4.883424,
            52.334656
          ],
          [
            4.883451,
            52.334671
          ],
          [
            4.883501,
            52.334682
          ],
          [
            4.883515,
            52.334686
          ],
          [
            4.883623,
            52.334679
          ],
          [
            4.883699,
            52.334671
          ],
          [
            4.883778,
            52.334663
          ],
          [
            4.883857,
            52.334656
          ],
          [
            4.883939,
            52.334648
          ],
          [
            4.884028,
            52.334637
          ],
          [
            4.884086,
            52.334629
          ],
          [
            4.884201,
            52.334618
          ],
          [
            4.884283,
            52.33461
          ],
          [
            4.884368,
            52.334606
          ],
          [
            4.884446,
            52.334606
          ],
          [
            4.884548,
            52.334599
          ],
          [
            4.884635,
            52.334591
          ],
          [
            4.88473,
            52.334583
          ],
          [
            4.884822,
            52.33458
          ],
          [
            4.884903,
            52.334576
          ],
          [
            4.884956,
            52.334572
          ],
          [
            4.88507,
            52.334568
          ],
          [
            4.885159,
            52.334564
          ],
          [
            4.885245,
            52.334564
          ],
          [
            4.885329,
            52.334564
          ],
          [
            4.885395,
            52.334564
          ],
          [
            4.885528,
            52.334564
          ],
          [
            4.885629,
            52.334564
          ],
          [
            4.885719,
            52.33456
          ],
          [
            4.885819,
            52.33456
          ],
          [
            4.885897,
            52.334553
          ],
          [
            4.88601,
            52.334545
          ],
          [
            4.886107,
            52.334545
          ],
          [
            4.886211,
            52.334545
          ],
          [
            4.886308,
            52.334545
          ],
          [
            4.886366,
            52.334545
          ],
          [
            4.886505,
            52.334545
          ],
          [
            4.886613,
            52.334541
          ],
          [
            4.886715,
            52.334541
          ],
          [
            4.886809,
            52.334541
          ],
          [
            4.886877,
            52.334541
          ],
          [
            4.887006,
            52.334545
          ],
          [
            4.88711,
            52.334545
          ],
          [
            4.887207,
            52.334545
          ],
          [
            4.8873,
            52.334545
          ],
          [
            4.887393,
            52.334541
          ],
          [
            4.887484,
            52.334538
          ],
          [
            4.887568,
            52.334534
          ],
          [
            4.887607,
            52.33453
          ],
          [
            4.887626,
            52.334526
          ],
          [
            4.887721,
            52.334518
          ],
          [
            4.887805,
            52.334511
          ],
          [
            4.887885,
            52.334503
          ],
          [
            4.887973,
            52.334499
          ],
          [
            4.888028,
            52.334496
          ],
          [
            4.888152,
            52.334496
          ],
          [
            4.888265,
            52.334496
          ],
          [
            4.888363,
            52.334496
          ],
          [
            4.888463,
            52.334499
          ],
          [
            4.88852,
            52.334499
          ],
          [
            4.888662,
            52.334499
          ],
          [
            4.888773,
            52.334499
          ],
          [
            4.888874,
            52.334499
          ],
          [
            4.88896,
            52.334499
          ],
          [
            4.889061,
            52.334503
          ],
          [
            4.889155,
            52.334503
          ],
          [
            4.889283,
            52.334515
          ],
          [
            4.889344,
            52.334522
          ],
          [
            4.889386,
            52.334534
          ],
          [
            4.889386,
            52.334534
          ],
          [
            4.889386,
            52.334534
          ],
          [
            4.889386,
            52.334534
          ],
          [
            4.889386,
            52.334534
          ],
          [
            4.889386,
            52.334534
          ],
          [
            4.889442,
            52.334595
          ],
          [
            4.889448,
            52.334614
          ],
          [
            4.889448,
            52.334637
          ],
          [
            4.889436,
            52.334656
          ],
          [
            4.889443,
            52.334667
          ],
          [
            4.889435,
            52.334721
          ],
          [
            4.889431,
            52.334766
          ],
          [
            4.88943,
            52.334805
          ],
          [
            4.889427,
            52.334846
          ],
          [
            4.889425,
            52.334881
          ],
          [
            4.889424,
            52.33493
          ],
          [
            4.889421,
            52.334972
          ],
          [
            4.889423,
            52.335014
          ],
          [
            4.889423,
            52.335072
          ],
          [
            4.889429,
            52.335117
          ],
          [
            4.889425,
            52.335178
          ],
          [
            4.889424,
            52.335232
          ],
          [
            4.889428,
            52.335285
          ],
          [
            4.889423,
            52.335342
          ],
          [
            4.889424,
            52.335403
          ],
          [
            4.889423,
            52.335453
          ],
          [
            4.889427,
            52.335503
          ],
          [
            4.889427,
            52.33556
          ],
          [
            4.889423,
            52.335609
          ],
          [
            4.889429,
            52.335659
          ],
          [
            4.889423,
            52.335712
          ],
          [
            4.889423,
            52.335751
          ],
          [
            4.889422,
            52.3358
          ],
          [
            4.889418,
            52.335835
          ],
          [
            4.889406,
            52.335869
          ],
          [
            4.88938,
            52.335903
          ],
          [
            4.889336,
            52.335922
          ],
          [
            4.889278,
            52.335945
          ],
          [
            4.889217,
            52.335968
          ],
          [
            4.889146,
            52.335983
          ],
          [
            4.889074,
            52.335995
          ],
          [
            4.889001,
            52.336002
          ],
          [
            4.88892,
            52.336006
          ],
          [
            4.888843,
            52.336006
          ],
          [
            4.888775,
            52.336006
          ],
          [
            4.888673,
            52.336006
          ],
          [
            4.88859,
            52.336006
          ],
          [
            4.888506,
            52.336006
          ],
          [
            4.888424,
            52.336006
          ],
          [
            4.888369,
            52.336006
          ],
          [
            4.888269,
            52.336002
          ],
          [
            4.888206,
            52.336002
          ],
          [
            4.888113,
            52.336002
          ],
          [
            4.888043,
            52.336002
          ],
          [
            4.887972,
            52.336006
          ],
          [
            4.887909,
            52.33601
          ],
          [
            4.887858,
            52.336018
          ],
          [
            4.887805,
            52.336029
          ],
          [
            4.887752,
            52.33604
          ],
          [
            4.887711,
            52.336048
          ],
          [
            4.887668,
            52.336052
          ],
          [
            4.887668,
            52.336052
          ],
          [
            4.887668,
            52.336052
          ],
          [
            4.887593,
            52.336056
          ],
          [
            4.887593,
            52.336056
          ],
          [
            4.887601,
            52.336067
          ],
          [
            4.887607,
            52.336075
          ],
          [
            4.887619,
            52.33609
          ],
          [
            4.887638,
            52.336109
          ],
          [
            4.88765,
            52.336132
          ],
          [
            4.887662,
            52.336155
          ],
          [
            4.887678,
            52.336178
          ],
          [
            4.887686,
            52.336212
          ],
          [
            4.887691,
            52.336239
          ],
          [
            4.887696,
            52.336273
          ],
          [
            4.887697,
            52.3363
          ],
          [
            4.887697,
            52.3363
          ],
          [
            4.887697,
            52.3363
          ],
          [
            4.887713,
            52.336342
          ],
          [
            4.887671,
            52.336338
          ],
          [
            4.887661,
            52.336342
          ],
          [
            4.887662,
            52.336342
          ],
          [
            4.887648,
            52.336353
          ],
          [
            4.887652,
            52.336369
          ],
          [
            4.887651,
            52.336391
          ],
          [
            4.887658,
            52.336418
          ],
          [
            4.887662,
            52.336441
          ],
          [
            4.887671,
            52.336468
          ],
          [
            4.887674,
            52.336491
          ],
          [
            4.887681,
            52.336521
          ],
          [
            4.887685,
            52.336552
          ],
          [
            4.887687,
            52.336575
          ],
          [
            4.887685,
            52.336586
          ],
          [
            4.887686,
            52.336616
          ],
          [
            4.887681,
            52.336647
          ],
          [
            4.887679,
            52.336662
          ],
          [
            4.887679,
            52.336685
          ],
          [
            4.887676,
            52.336712
          ],
          [
            4.887664,
            52.336742
          ],
          [
            4.88768,
            52.336765
          ],
          [
            4.887682,
            52.336788
          ],
          [
            4.887682,
            52.336788
          ],
          [
            4.887691,
            52.3368
          ],
          [
            4.887691,
            52.3368
          ],
          [
            4.887691,
            52.3368
          ],
          [
            4.887691,
            52.3368
          ],
          [
            4.887691,
            52.3368
          ],
          [
            4.887691,
            52.3368
          ],
          [
            4.887714,
            52.336811
          ],
          [
            4.887721,
            52.336807
          ],
          [
            4.887726,
            52.336811
          ],
          [
            4.887739,
            52.336815
          ],
          [
            4.887749,
            52.336811
          ],
          [
            4.887755,
            52.336807
          ],
          [
            4.887764,
            52.336823
          ],
          [
            4.887762,
            52.336842
          ],
          [
            4.887753,
            52.336872
          ],
          [
            4.887745,
            52.336906
          ],
          [
            4.887729,
            52.336941
          ],
          [
            4.887711,
            52.33696
          ],
          [
            4.887696,
            52.336983
          ],
          [
            4.887674,
            52.337002
          ],
          [
            4.887651,
            52.337013
          ],
          [
            4.887629,
            52.337021
          ],
          [
            4.887595,
            52.337013
          ],
          [
            4.887566,
            52.337002
          ],
          [
            4.887545,
            52.33699
          ],
          [
            4.887534,
            52.336983
          ],
          [
            4.887527,
            52.336967
          ],
          [
            4.887543,
            52.336941
          ],
          [
            4.887565,
            52.336914
          ],
          [
            4.887592,
            52.336884
          ],
          [
            4.887617,
            52.336853
          ],
          [
            4.887634,
            52.33683
          ],
          [
            4.887647,
            52.336803
          ],
          [
            4.887652,
            52.336765
          ],
          [
            4.887653,
            52.336739
          ],
          [
            4.887655,
            52.336719
          ],
          [
            4.887652,
            52.336685
          ],
          [
            4.887651,
            52.336662
          ],
          [
            4.88765,
            52.336632
          ],
          [
            4.887651,
            52.336605
          ],
          [
            4.887649,
            52.336578
          ],
          [
            4.887647,
            52.336548
          ],
          [
            4.887647,
            52.336529
          ],
          [
            4.887644,
            52.336502
          ],
          [
            4.887644,
            52.336475
          ],
          [
            4.887643,
            52.336449
          ],
          [
            4.887644,
            52.336422
          ],
          [
            4.887644,
            52.336403
          ],
          [
            4.887644,
            52.33638
          ],
          [
            4.88764,
            52.336361
          ],
          [
            4.887637,
            52.336334
          ],
          [
            4.887623,
            52.336311
          ],
          [
            4.887602,
            52.336288
          ],
          [
            4.887555,
            52.336266
          ],
          [
            4.887504,
            52.33625
          ],
          [
            4.887449,
            52.336239
          ],
          [
            4.887382,
            52.336235
          ],
          [
            4.887315,
            52.336231
          ],
          [
            4.887251,
            52.336231
          ],
          [
            4.887169,
            52.336224
          ],
          [
            4.887092,
            52.336224
          ],
          [
            4.887017,
            52.33622
          ],
          [
            4.886967,
            52.33622
          ],
          [
            4.886861,
            52.33622
          ],
          [
            4.886786,
            52.33622
          ],
          [
            4.886737,
            52.336216
          ],
          [
            4.886703,
            52.336216
          ],
          [
            4.886686,
            52.336205
          ],
          [
            4.886697,
            52.336185
          ],
          [
            4.886722,
            52.336178
          ],
          [
            4.886751,
            52.336174
          ],
          [
            4.886751,
            52.336174
          ],
          [
            4.886836,
            52.336178
          ],
          [
            4.88687,
            52.336182
          ],
          [
            4.886906,
            52.336182
          ],
          [
            4.886951,
            52.336178
          ],
          [
            4.886994,
            52.33617
          ],
          [
            4.887042,
            52.336166
          ],
          [
            4.887097,
            52.336163
          ],
          [
            4.88715,
            52.336159
          ],
          [
            4.88721,
            52.336159
          ],
          [
            4.887272,
            52.336159
          ],
          [
            4.887338,
            52.336159
          ],
          [
            4.887378,
            52.336159
          ],
          [
            4.887463,
            52.336163
          ],
          [
            4.887491,
            52.336159
          ],
          [
            4.887582,
            52.336151
          ],
          [
            4.88764,
            52.33614
          ],
          [
            4.88766,
            52.336132
          ],
          [
            4.887692,
            52.336121
          ],
          [
            4.88772,
            52.336109
          ],
          [
            4.887753,
            52.336094
          ],
          [
            4.887895,
            52.336029
          ],
          [
            4.887953,
            52.336002
          ],
          [
            4.888004,
            52.335979
          ],
          [
            4.888054,
            52.33596
          ],
          [
            4.888098,
            52.335949
          ],
          [
            4.888145,
            52.335941
          ],
          [
            4.888179,
            52.335941
          ],
          [
            4.888225,
            52.335941
          ],
          [
            4.888266,
            52.335945
          ],
          [
            4.8883,
            52.335949
          ],
          [
            4.888335,
            52.335953
          ],
          [
            4.888368,
            52.335953
          ],
          [
            4.888402,
            52.335949
          ],
          [
            4.88843,
            52.335949
          ],
          [
            4.888457,
            52.335945
          ],
          [
            4.888482,
            52.335941
          ],
          [
            4.888504,
            52.335937
          ],
          [
            4.888504,
            52.335937
          ],
          [
            4.888581,
            52.335937
          ],
          [
            4.888607,
            52.335934
          ],
          [
            4.888629,
            52.335934
          ],
          [
            4.888667,
            52.335934
          ],
          [
            4.888711,
            52.335934
          ],
          [
            4.888764,
            52.335934
          ],
          [
            4.888808,
            52.33593
          ],
          [
            4.88886,
            52.335926
          ],
          [
            4.888902,
            52.335926
          ],
          [
            4.888951,
            52.335922
          ],
          [
            4.889004,
            52.335918
          ],
          [
            4.889049,
            52.335918
          ],
          [
            4.88909,
            52.335915
          ],
          [
            4.889136,
            52.335915
          ],
          [
            4.889174,
            52.335915
          ],
          [
            4.889213,
            52.335918
          ],
          [
            4.88925,
            52.33593
          ],
          [
            4.889278,
            52.335937
          ],
          [
            4.889312,
            52.335964
          ],
          [
            4.889334,
            52.335983
          ],
          [
            4.889353,
            52.336002
          ],
          [
            4.889375,
            52.336033
          ],
          [
            4.889395,
            52.336056
          ],
          [
            4.889413,
            52.336067
          ],
          [
            4.889435,
            52.336075
          ],
          [
            4.889456,
            52.336071
          ],
          [
            4.889464,
            52.336063
          ],
          [
            4.889473,
            52.336044
          ],
          [
            4.889468,
            52.336021
          ],
          [
            4.889455,
            52.335995
          ],
          [
            4.889439,
            52.33596
          ],
          [
            4.889423,
            52.33593
          ],
          [
            4.88941,
            52.335896
          ],
          [
            4.889405,
            52.33585
          ],
          [
            4.889395,
            52.335793
          ],
          [
            4.88939,
            52.335747
          ],
          [
            4.889396,
            52.335697
          ],
          [
            4.88939,
            52.335636
          ],
          [
            4.889388,
            52.335602
          ],
          [
            4.889387,
            52.335552
          ],
          [
            4.889387,
            52.335503
          ],
          [
            4.889387,
            52.335445
          ],
          [
            4.889385,
            52.3354
          ],
          [
            4.88939,
            52.335369
          ],
          [
            4.889387,
            52.335323
          ],
          [
            4.889387,
            52.335274
          ],
          [
            4.889388,
            52.335228
          ],
          [
            4.88939,
            52.335175
          ],
          [
            4.88939,
            52.335144
          ],
          [
            4.889391,
            52.335117
          ],
          [
            4.88939,
            52.335072
          ],
          [
            4.88939,
            52.335068
          ],
          [
            4.889385,
            52.33506
          ],
          [
            4.889386,
            52.335033
          ],
          [
            4.88939,
            52.335011
          ],
          [
            4.889399,
            52.334976
          ],
          [
            4.889424,
            52.334904
          ],
          [
            4.889456,
            52.334869
          ],
          [
            4.889502,
            52.334846
          ],
          [
            4.889563,
            52.334831
          ],
          [
            4.889584,
            52.334827
          ],
          [
            4.889691,
            52.33482
          ],
          [
            4.889762,
            52.33482
          ],
          [
            4.889821,
            52.334816
          ],
          [
            4.889825,
            52.33482
          ],
          [
            4.88987,
            52.33482
          ],
          [
            4.889943,
            52.334816
          ],
          [
            4.889943,
            52.334816
          ],
          [
            4.889943,
            52.334816
          ],
          [
            4.890027,
            52.334812
          ],
          [
            4.890042,
            52.334816
          ],
          [
            4.890059,
            52.334816
          ],
          [
            4.890084,
            52.334816
          ],
          [
            4.890113,
            52.33482
          ],
          [
            4.890154,
            52.334824
          ],
          [
            4.890196,
            52.334824
          ],
          [
            4.890243,
            52.334827
          ],
          [
            4.890296,
            52.334827
          ],
          [
            4.890347,
            52.334824
          ],
          [
            4.890399,
            52.334816
          ],
          [
            4.890429,
            52.334805
          ],
          [
            4.890454,
            52.334782
          ],
          [
            4.890467,
            52.334751
          ],
          [
            4.890475,
            52.334713
          ],
          [
            4.89048,
            52.334675
          ],
          [
            4.89049,
            52.334637
          ],
          [
            4.890502,
            52.33461
          ],
          [
            4.890543,
            52.334576
          ],
          [
            4.890558,
            52.334564
          ],
          [
            4.890666,
            52.334545
          ],
          [
            4.890752,
            52.334534
          ],
          [
            4.890832,
            52.334526
          ],
          [
            4.890883,
            52.334522
          ],
          [
            4.891011,
            52.334518
          ],
          [
            4.89108,
            52.334518
          ],
          [
            4.891217,
            52.334518
          ],
          [
            4.891325,
            52.334518
          ],
          [
            4.891437,
            52.334515
          ],
          [
            4.891549,
            52.334511
          ],
          [
            4.891629,
            52.334507
          ],
          [
            4.891763,
            52.334496
          ],
          [
            4.891868,
            52.33448
          ],
          [
            4.891967,
            52.334465
          ],
          [
            4.892061,
            52.334442
          ],
          [
            4.892153,
            52.334412
          ],
          [
            4.892239,
            52.334385
          ],
          [
            4.892323,
            52.334354
          ],
          [
            4.892402,
            52.334316
          ],
          [
            4.892483,
            52.334274
          ],
          [
            4.892559,
            52.334232
          ],
          [
            4.892617,
            52.334187
          ],
          [
            4.892668,
            52.334137
          ],
          [
            4.892718,
            52.334084
          ],
          [
            4.892768,
            52.334034
          ],
          [
            4.892817,
            52.333981
          ],
          [
            4.892864,
            52.333931
          ],
          [
            4.892916,
            52.333878
          ],
          [
            4.892947,
            52.333839
          ],
          [
            4.892969,
            52.333817
          ],
          [
            4.89299,
            52.333794
          ],
          [
            4.893011,
            52.333778
          ],
          [
            4.893031,
            52.333763
          ],
          [
            4.893053,
            52.333755
          ],
          [
            4.893075,
            52.333763
          ],
          [
            4.893102,
            52.333778
          ],
          [
            4.893139,
            52.333797
          ],
          [
            4.893202,
            52.333828
          ],
          [
            4.893254,
            52.333847
          ],
          [
            4.89331,
            52.333874
          ],
          [
            4.893368,
            52.333897
          ],
          [
            4.893434,
            52.33392
          ],
          [
            4.893495,
            52.333942
          ],
          [
            4.893561,
            52.333958
          ],
          [
            4.89363,
            52.333969
          ],
          [
            4.893706,
            52.333988
          ],
          [
            4.893778,
            52.333996
          ],
          [
            4.893847,
            52.334003
          ],
          [
            4.893923,
            52.334015
          ],
          [
            4.893994,
            52.334023
          ],
          [
            4.894063,
            52.334026
          ],
          [
            4.894051,
            52.334026
          ],
          [
            4.894075,
            52.334026
          ],
          [
            4.894122,
            52.334026
          ],
          [
            4.894183,
            52.334026
          ],
          [
            4.894238,
            52.334023
          ],
          [
            4.894307,
            52.334019
          ],
          [
            4.894379,
            52.334007
          ],
          [
            4.894446,
            52.333996
          ],
          [
            4.894516,
            52.333984
          ],
          [
            4.894578,
            52.333973
          ],
          [
            4.894644,
            52.333958
          ],
          [
            4.894706,
            52.333946
          ],
          [
            4.894763,
            52.333931
          ],
          [
            4.894823,
            52.333912
          ],
          [
            4.894886,
            52.333893
          ],
          [
            4.894946,
            52.33387
          ],
          [
            4.895006,
            52.333847
          ],
          [
            4.895057,
            52.333828
          ],
          [
            4.895119,
            52.333801
          ],
          [
            4.895181,
            52.333775
          ],
          [
            4.895246,
            52.333744
          ],
          [
            4.895307,
            52.333717
          ],
          [
            4.89538,
            52.333687
          ],
          [
            4.895445,
            52.33366
          ],
          [
            4.895516,
            52.33363
          ],
          [
            4.895594,
            52.333591
          ],
          [
            4.89567,
            52.333557
          ],
          [
            4.895748,
            52.333519
          ],
          [
            4.895834,
            52.333481
          ],
          [
            4.895922,
            52.333443
          ],
          [
            4.896004,
            52.333412
          ],
          [
            4.896087,
            52.333378
          ],
          [
            4.896173,
            52.333344
          ],
          [
            4.896272,
            52.333305
          ],
          [
            4.896353,
            52.333275
          ],
          [
            4.896426,
            52.333244
          ],
          [
            4.896494,
            52.333218
          ],
          [
            4.896571,
            52.333183
          ],
          [
            4.896643,
            52.333149
          ],
          [
            4.896723,
            52.333115
          ],
          [
            4.896789,
            52.333084
          ],
          [
            4.896856,
            52.333054
          ],
          [
            4.896922,
            52.333023
          ],
          [
            4.897006,
            52.332989
          ],
          [
            4.897088,
            52.332954
          ],
          [
            4.897152,
            52.332924
          ],
          [
            4.897222,
            52.332897
          ],
          [
            4.897283,
            52.332871
          ],
          [
            4.897347,
            52.332844
          ],
          [
            4.897447,
            52.332794
          ],
          [
            4.897522,
            52.33276
          ],
          [
            4.897579,
            52.332729
          ],
          [
            4.897647,
            52.332695
          ],
          [
            4.89772,
            52.332661
          ],
          [
            4.89779,
            52.332623
          ],
          [
            4.897856,
            52.332588
          ],
          [
            4.897925,
            52.332554
          ],
          [
            4.897989,
            52.33252
          ],
          [
            4.89805,
            52.332489
          ],
          [
            4.898114,
            52.332455
          ],
          [
            4.898186,
            52.33242
          ],
          [
            4.898262,
            52.332382
          ],
          [
            4.898336,
            52.332344
          ],
          [
            4.898406,
            52.332306
          ],
          [
            4.898475,
            52.332272
          ],
          [
            4.89855,
            52.332233
          ],
          [
            4.898623,
            52.332199
          ],
          [
            4.898703,
            52.332161
          ],
          [
            4.898785,
            52.332119
          ],
          [
            4.898863,
            52.332081
          ],
          [
            4.898933,
            52.332046
          ],
          [
            4.899008,
            52.332008
          ],
          [
            4.89908,
            52.331974
          ],
          [
            4.899158,
            52.331936
          ],
          [
            4.899241,
            52.331894
          ],
          [
            4.899317,
            52.331856
          ],
          [
            4.899397,
            52.331818
          ],
          [
            4.899482,
            52.331776
          ],
          [
            4.899569,
            52.331738
          ],
          [
            4.899652,
            52.331696
          ],
          [
            4.899735,
            52.331657
          ],
          [
            4.899811,
            52.331619
          ],
          [
            4.899882,
            52.331581
          ],
          [
            4.899955,
            52.331543
          ],
          [
            4.900007,
            52.331512
          ],
          [
            4.900073,
            52.331474
          ],
          [
            4.900124,
            52.331444
          ],
          [
            4.900186,
            52.331406
          ],
          [
            4.900246,
            52.331367
          ],
          [
            4.90031,
            52.331326
          ],
          [
            4.900387,
            52.33128
          ],
          [
            4.900466,
            52.331234
          ],
          [
            4.900548,
            52.331184
          ],
          [
            4.900592,
            52.331158
          ],
          [
            4.90071,
            52.331097
          ],
          [
            4.900808,
            52.331043
          ],
          [
            4.900903,
            52.330994
          ],
          [
            4.900998,
            52.330944
          ],
          [
            4.901093,
            52.330894
          ],
          [
            4.901188,
            52.330845
          ],
          [
            4.901281,
            52.330799
          ],
          [
            4.901368,
            52.330753
          ],
          [
            4.901451,
            52.330711
          ],
          [
            4.901533,
            52.330666
          ],
          [
            4.901619,
            52.33062
          ],
          [
            4.901706,
            52.330574
          ],
          [
            4.901726,
            52.330563
          ],
          [
            4.901891,
            52.330475
          ],
          [
            4.902015,
            52.33041
          ],
          [
            4.902122,
            52.330353
          ],
          [
            4.902225,
            52.330303
          ],
          [
            4.902324,
            52.33025
          ],
          [
            4.902425,
            52.330196
          ],
          [
            4.902519,
            52.330147
          ],
          [
            4.902614,
            52.330093
          ],
          [
            4.902695,
            52.330051
          ],
          [
            4.902776,
            52.330009
          ],
          [
            4.902862,
            52.329964
          ],
          [
            4.902949,
            52.329918
          ],
          [
            4.90303,
            52.329876
          ],
          [
            4.903195,
            52.329792
          ],
          [
            4.903259,
            52.329758
          ],
          [
            4.903323,
            52.329723
          ],
          [
            4.903378,
            52.329689
          ],
          [
            4.903423,
            52.329666
          ],
          [
            4.903565,
            52.329449
          ],
          [
            4.903532,
            52.329418
          ],
          [
            4.903473,
            52.329418
          ],
          [
            4.903413,
            52.329433
          ],
          [
            4.903353,
            52.329464
          ],
          [
            4.903294,
            52.329491
          ],
          [
            4.9032,
            52.329525
          ],
          [
            4.903122,
            52.329555
          ],
          [
            4.903045,
            52.32959
          ],
          [
            4.902967,
            52.329628
          ],
          [
            4.902886,
            52.32967
          ],
          [
            4.902812,
            52.329708
          ],
          [
            4.902733,
            52.329746
          ],
          [
            4.902654,
            52.329784
          ],
          [
            4.902577,
            52.329826
          ],
          [
            4.902501,
            52.329865
          ],
          [
            4.902423,
            52.329903
          ],
          [
            4.902347,
            52.329941
          ],
          [
            4.902267,
            52.329983
          ],
          [
            4.902192,
            52.330025
          ],
          [
            4.902115,
            52.330067
          ],
          [
            4.902037,
            52.330105
          ],
          [
            4.901958,
            52.330135
          ],
          [
            4.901872,
            52.33017
          ],
          [
            4.901783,
            52.330196
          ],
          [
            4.90169,
            52.330219
          ],
          [
            4.9016,
            52.330242
          ],
          [
            4.901506,
            52.330261
          ],
          [
            4.901428,
            52.330276
          ],
          [
            4.901311,
            52.330296
          ],
          [
            4.901212,
            52.330315
          ],
          [
            4.901118,
            52.33033
          ],
          [
            4.90102,
            52.330345
          ],
          [
            4.900928,
            52.33036
          ],
          [
            4.900831,
            52.33038
          ],
          [
            4.900738,
            52.330395
          ],
          [
            4.900646,
            52.33041
          ],
          [
            4.900557,
            52.330429
          ],
          [
            4.900469,
            52.330444
          ],
          [
            4.90039,
            52.330463
          ],
          [
            4.900308,
            52.330479
          ],
          [
            4.900237,
            52.330498
          ],
          [
            4.900173,
            52.330509
          ],
          [
            4.900112,
            52.330521
          ],
          [
            4.900064,
            52.330536
          ],
          [
            4.900025,
            52.330551
          ],
          [
            4.899996,
            52.330563
          ],
          [
            4.899978,
            52.330574
          ],
          [
            4.899961,
            52.330585
          ],
          [
            4.899868,
            52.330704
          ],
          [
            4.899856,
            52.330749
          ],
          [
            4.89985,
            52.330795
          ],
          [
            4.899838,
            52.330845
          ],
          [
            4.899827,
            52.330898
          ],
          [
            4.899816,
            52.330948
          ],
          [
            4.899808,
            52.331001
          ],
          [
            4.899788,
            52.331055
          ],
          [
            4.899767,
            52.331112
          ],
          [
            4.899747,
            52.331162
          ],
          [
            4.899717,
            52.331211
          ],
          [
            4.899684,
            52.331261
          ],
          [
            4.899648,
            52.331314
          ],
          [
            4.899612,
            52.331371
          ],
          [
            4.899559,
            52.331478
          ],
          [
            4.899532,
            52.331532
          ],
          [
            4.899508,
            52.331589
          ],
          [
            4.899487,
            52.331646
          ],
          [
            4.899469,
            52.331699
          ],
          [
            4.899456,
            52.331757
          ],
          [
            4.89944,
            52.331814
          ],
          [
            4.899428,
            52.331871
          ],
          [
            4.89942,
            52.331928
          ],
          [
            4.899414,
            52.331989
          ],
          [
            4.899414,
            52.332046
          ],
          [
            4.899429,
            52.332108
          ],
          [
            4.899428,
            52.332165
          ],
          [
            4.89946,
            52.332245
          ],
          [
            4.899488,
            52.332306
          ],
          [
            4.899514,
            52.332359
          ],
          [
            4.899556,
            52.332405
          ],
          [
            4.899621,
            52.332458
          ],
          [
            4.899695,
            52.332508
          ],
          [
            4.899748,
            52.332535
          ],
          [
            4.899872,
            52.332584
          ],
          [
            4.899955,
            52.332623
          ],
          [
            4.900038,
            52.332657
          ],
          [
            4.900125,
            52.332687
          ],
          [
            4.900199,
            52.332714
          ],
          [
            4.900291,
            52.332745
          ],
          [
            4.900377,
            52.332775
          ],
          [
            4.900465,
            52.332809
          ],
          [
            4.900552,
            52.33284
          ],
          [
            4.900644,
            52.332867
          ],
          [
            4.900738,
            52.332886
          ],
          [
            4.900831,
            52.332905
          ],
          [
            4.90093,
            52.33292
          ],
          [
            4.901001,
            52.332932
          ],
          [
            4.90113,
            52.332943
          ],
          [
            4.901233,
            52.332943
          ],
          [
            4.901335,
            52.332947
          ],
          [
            4.901435,
            52.332943
          ],
          [
            4.901506,
            52.332939
          ],
          [
            4.901635,
            52.332924
          ],
          [
            4.901734,
            52.332912
          ],
          [
            4.90183,
            52.332897
          ],
          [
            4.901908,
            52.332886
          ],
          [
            4.902027,
            52.332867
          ],
          [
            4.902124,
            52.332859
          ],
          [
            4.902226,
            52.332844
          ],
          [
            4.902329,
            52.332832
          ],
          [
            4.902405,
            52.332825
          ],
          [
            4.902527,
            52.332813
          ],
          [
            4.902622,
            52.332802
          ],
          [
            4.902714,
            52.332794
          ],
          [
            4.902814,
            52.33279
          ],
          [
            4.902893,
            52.332787
          ],
          [
            4.903018,
            52.332783
          ],
          [
            4.903119,
            52.332783
          ],
          [
            4.903216,
            52.332783
          ],
          [
            4.903309,
            52.332779
          ],
          [
            4.903401,
            52.332779
          ],
          [
            4.903487,
            52.332779
          ],
          [
            4.903577,
            52.332783
          ],
          [
            4.903641,
            52.332787
          ],
          [
            4.903751,
            52.33279
          ],
          [
            4.903835,
            52.332794
          ],
          [
            4.90389,
            52.332794
          ],
          [
            4.904012,
            52.332794
          ],
          [
            4.904099,
            52.332798
          ],
          [
            4.904185,
            52.332806
          ],
          [
            4.904272,
            52.332813
          ],
          [
            4.904355,
            52.332821
          ],
          [
            4.904448,
            52.332829
          ],
          [
            4.90454,
            52.332836
          ],
          [
            4.904628,
            52.332844
          ],
          [
            4.904714,
            52.332855
          ],
          [
            4.904806,
            52.332871
          ],
          [
            4.904899,
            52.332886
          ],
          [
            4.904991,
            52.332901
          ],
          [
            4.905085,
            52.33292
          ],
          [
            4.905171,
            52.332935
          ],
          [
            4.905274,
            52.332954
          ],
          [
            4.905368,
            52.332977
          ],
          [
            4.905464,
            52.332996
          ],
          [
            4.905555,
            52.333015
          ],
          [
            4.905649,
            52.333038
          ],
          [
            4.905744,
            52.333061
          ],
          [
            4.905834,
            52.333092
          ],
          [
            4.905927,
            52.333115
          ],
          [
            4.906014,
            52.333145
          ],
          [
            4.906099,
            52.333168
          ],
          [
            4.906189,
            52.333195
          ],
          [
            4.906275,
            52.333225
          ],
          [
            4.906359,
            52.333256
          ],
          [
            4.906441,
            52.333286
          ],
          [
            4.906524,
            52.333313
          ],
          [
            4.906607,
            52.333344
          ],
          [
            4.906692,
            52.33337
          ],
          [
            4.906776,
            52.333405
          ],
          [
            4.906864,
            52.333435
          ],
          [
            4.906947,
            52.333466
          ],
          [
            4.907028,
            52.333496
          ],
          [
            4.907116,
            52.33353
          ],
          [
            4.907203,
            52.333569
          ],
          [
            4.907285,
            52.333603
          ],
          [
            4.907361,
            52.333641
          ],
          [
            4.907442,
            52.333672
          ],
          [
            4.907517,
            52.333713
          ],
          [
            4.907602,
            52.333752
          ],
          [
            4.907689,
            52.33379
          ],
          [
            4.907768,
            52.333824
          ],
          [
            4.907848,
            52.333858
          ],
          [
            4.907925,
            52.333893
          ],
          [
            4.908005,
            52.333935
          ],
          [
            4.908081,
            52.333981
          ],
          [
            4.908149,
            52.334023
          ],
          [
            4.908216,
            52.334065
          ],
          [
            4.908286,
            52.334106
          ],
          [
            4.908356,
            52.334152
          ],
          [
            4.908421,
            52.334198
          ],
          [
            4.90849,
            52.334244
          ],
          [
            4.908557,
            52.334293
          ],
          [
            4.908621,
            52.334335
          ],
          [
            4.908684,
            52.334385
          ],
          [
            4.908741,
            52.334431
          ],
          [
            4.9088,
            52.334484
          ],
          [
            4.908856,
            52.334534
          ],
          [
            4.908909,
            52.334587
          ],
          [
            4.908963,
            52.334641
          ],
          [
            4.909009,
            52.334694
          ],
          [
            4.909054,
            52.334747
          ],
          [
            4.909093,
            52.334797
          ],
          [
            4.909129,
            52.334858
          ],
          [
            4.909161,
            52.334915
          ],
          [
            4.909191,
            52.334972
          ],
          [
            4.909219,
            52.33503
          ],
          [
            4.909242,
            52.335087
          ],
          [
            4.90926,
            52.335148
          ],
          [
            4.909276,
            52.335205
          ],
          [
            4.909287,
            52.335266
          ],
          [
            4.909296,
            52.335327
          ],
          [
            4.909304,
            52.335388
          ],
          [
            4.909314,
            52.335453
          ],
          [
            4.909328,
            52.335514
          ],
          [
            4.909341,
            52.335571
          ],
          [
            4.909349,
            52.335629
          ],
          [
            4.909358,
            52.33569
          ],
          [
            4.909365,
            52.335751
          ],
          [
            4.909367,
            52.335819
          ],
          [
            4.909367,
            52.33588
          ],
          [
            4.909364,
            52.335937
          ],
          [
            4.909361,
            52.335999
          ],
          [
            4.90936,
            52.33606
          ],
          [
            4.909358,
            52.336117
          ],
          [
            4.909356,
            52.336185
          ],
          [
            4.90935,
            52.336247
          ],
          [
            4.909345,
            52.336311
          ],
          [
            4.909338,
            52.336372
          ],
          [
            4.909331,
            52.33643
          ],
          [
            4.909322,
            52.336491
          ],
          [
            4.909307,
            52.336552
          ],
          [
            4.909293,
            52.336609
          ],
          [
            4.909277,
            52.336662
          ],
          [
            4.909256,
            52.336719
          ],
          [
            4.90924,
            52.336769
          ],
          [
            4.909231,
            52.336823
          ],
          [
            4.90921,
            52.336872
          ],
          [
            4.909195,
            52.336929
          ],
          [
            4.909184,
            52.33699
          ],
          [
            4.909164,
            52.337051
          ],
          [
            4.909144,
            52.337112
          ],
          [
            4.909118,
            52.337173
          ],
          [
            4.909096,
            52.337234
          ],
          [
            4.90907,
            52.337292
          ],
          [
            4.909054,
            52.337345
          ],
          [
            4.909046,
            52.337406
          ],
          [
            4.909046,
            52.337467
          ],
          [
            4.90905,
            52.337532
          ],
          [
            4.909063,
            52.337589
          ],
          [
            4.909085,
            52.33765
          ],
          [
            4.909126,
            52.337696
          ],
          [
            4.909164,
            52.337723
          ],
          [
            4.9092,
            52.337742
          ],
          [
            4.909237,
            52.337753
          ],
          [
            4.909271,
            52.337765
          ],
          [
            4.909294,
            52.337791
          ],
          [
            4.909309,
            52.337818
          ],
          [
            4.909308,
            52.33781
          ],
          [
            4.909316,
            52.33783
          ],
          [
            4.909329,
            52.33786
          ],
          [
            4.909347,
            52.337902
          ],
          [
            4.909369,
            52.33794
          ],
          [
            4.909405,
            52.337982
          ],
          [
            4.90945,
            52.338024
          ],
          [
            4.909511,
            52.338066
          ],
          [
            4.909566,
            52.3381
          ],
          [
            4.90963,
            52.338135
          ],
          [
            4.909696,
            52.338165
          ],
          [
            4.90976,
            52.338192
          ],
          [
            4.909819,
            52.338215
          ],
          [
            4.909957,
            52.338249
          ],
          [
            4.910007,
            52.338261
          ],
          [
            4.910122,
            52.338268
          ],
          [
            4.91025,
            52.338295
          ],
          [
            4.910282,
            52.338318
          ],
          [
            4.910325,
            52.338348
          ],
          [
            4.910372,
            52.338383
          ],
          [
            4.910409,
            52.338409
          ],
          [
            4.910444,
            52.338428
          ],
          [
            4.910472,
            52.338448
          ],
          [
            4.910511,
            52.338467
          ],
          [
            4.910554,
            52.338486
          ],
          [
            4.910605,
            52.338509
          ],
          [
            4.910646,
            52.338528
          ],
          [
            4.910687,
            52.338543
          ],
          [
            4.910737,
            52.338558
          ],
          [
            4.91079,
            52.338573
          ],
          [
            4.910847,
            52.338589
          ],
          [
            4.910907,
            52.3386
          ],
          [
            4.910962,
            52.338608
          ],
          [
            4.911027,
            52.338615
          ],
          [
            4.911085,
            52.338623
          ],
          [
            4.911146,
            52.338627
          ],
          [
            4.911202,
            52.338627
          ],
          [
            4.91126,
            52.338627
          ],
          [
            4.911309,
            52.338631
          ],
          [
            4.911359,
            52.338631
          ],
          [
            4.911417,
            52.338631
          ],
          [
            4.911461,
            52.338627
          ],
          [
            4.911505,
            52.338623
          ],
          [
            4.911552,
            52.338619
          ],
          [
            4.91165,
            52.3386
          ],
          [
            4.911693,
            52.338585
          ],
          [
            4.911734,
            52.338573
          ],
          [
            4.911785,
            52.338554
          ],
          [
            4.911829,
            52.338539
          ],
          [
            4.911874,
            52.338524
          ],
          [
            4.911913,
            52.338497
          ],
          [
            4.911942,
            52.338478
          ],
          [
            4.911972,
            52.338459
          ],
          [
            4.912052,
            52.33844
          ],
          [
            4.912115,
            52.338432
          ],
          [
            4.912168,
            52.338432
          ],
          [
            4.912201,
            52.338432
          ],
          [
            4.912238,
            52.338436
          ],
          [
            4.912275,
            52.33844
          ],
          [
            4.912289,
            52.33844
          ],
          [
            4.912322,
            52.338444
          ],
          [
            4.91256,
            52.338497
          ],
          [
            4.912601,
            52.338509
          ],
          [
            4.912674,
            52.338528
          ],
          [
            4.912707,
            52.338535
          ],
          [
            4.91274,
            52.338543
          ],
          [
            4.912777,
            52.338554
          ],
          [
            4.912856,
            52.338573
          ],
          [
            4.912897,
            52.338585
          ],
          [
            4.912944,
            52.3386
          ],
          [
            4.912995,
            52.338615
          ],
          [
            4.913072,
            52.338654
          ],
          [
            4.913073,
            52.338692
          ],
          [
            4.913054,
            52.338726
          ],
          [
            4.913029,
            52.338768
          ],
          [
            4.913031,
            52.338806
          ],
          [
            4.913049,
            52.338894
          ],
          [
            4.913087,
            52.338982
          ],
          [
            4.913136,
            52.339016
          ],
          [
            4.913199,
            52.339046
          ],
          [
            4.913269,
            52.339081
          ],
          [
            4.913335,
            52.339107
          ],
          [
            4.913408,
            52.339146
          ],
          [
            4.913478,
            52.33918
          ],
          [
            4.913551,
            52.339207
          ],
          [
            4.913621,
            52.339233
          ],
          [
            4.913689,
            52.339256
          ],
          [
            4.91375,
            52.339275
          ],
          [
            4.913811,
            52.339294
          ],
          [
            4.913855,
            52.33931
          ],
          [
            4.913902,
            52.339329
          ],
          [
            4.913956,
            52.339352
          ],
          [
            4.914013,
            52.339371
          ],
          [
            4.914066,
            52.33939
          ],
          [
            4.914121,
            52.339413
          ],
          [
            4.914173,
            52.339439
          ],
          [
            4.914222,
            52.339462
          ],
          [
            4.914264,
            52.33947
          ],
          [
            4.914311,
            52.339466
          ],
          [
            4.914361,
            52.339451
          ],
          [
            4.914401,
            52.339432
          ],
          [
            4.91445,
            52.339413
          ],
          [
            4.91451,
            52.339394
          ],
          [
            4.914582,
            52.339375
          ],
          [
            4.914723,
            52.339329
          ],
          [
            4.914787,
            52.339306
          ],
          [
            4.914857,
            52.339279
          ],
          [
            4.914921,
            52.339256
          ],
          [
            4.914987,
            52.339233
          ],
          [
            4.915049,
            52.339211
          ],
          [
            4.915109,
            52.339191
          ],
          [
            4.915168,
            52.339169
          ],
          [
            4.915225,
            52.339149
          ],
          [
            4.915279,
            52.339134
          ],
          [
            4.915328,
            52.339123
          ],
          [
            4.915376,
            52.339111
          ],
          [
            4.915428,
            52.339092
          ],
          [
            4.915481,
            52.339073
          ],
          [
            4.915535,
            52.339054
          ],
          [
            4.915591,
            52.339031
          ],
          [
            4.915651,
            52.339012
          ],
          [
            4.915715,
            52.338989
          ],
          [
            4.915777,
            52.338974
          ],
          [
            4.915834,
            52.338955
          ],
          [
            4.915893,
            52.33894
          ],
          [
            4.91595,
            52.338921
          ],
          [
            4.916002,
            52.338905
          ],
          [
            4.916053,
            52.338879
          ],
          [
            4.916112,
            52.33886
          ],
          [
            4.916171,
            52.338837
          ],
          [
            4.916232,
            52.338825
          ],
          [
            4.916283,
            52.33881
          ],
          [
            4.916338,
            52.338791
          ],
          [
            4.916392,
            52.338768
          ],
          [
            4.916449,
            52.338753
          ],
          [
            4.916502,
            52.338738
          ],
          [
            4.916558,
            52.338718
          ],
          [
            4.916608,
            52.338707
          ],
          [
            4.916655,
            52.338692
          ],
          [
            4.916715,
            52.338673
          ],
          [
            4.916776,
            52.33865
          ],
          [
            4.916843,
            52.338631
          ],
          [
            4.916907,
            52.338615
          ],
          [
            4.91697,
            52.338596
          ],
          [
            4.917036,
            52.338573
          ],
          [
            4.917098,
            52.338554
          ],
          [
            4.917152,
            52.338531
          ],
          [
            4.917179,
            52.338505
          ],
          [
            4.91719,
            52.338486
          ],
          [
            4.917189,
            52.338467
          ],
          [
            4.917184,
            52.338459
          ],
          [
            4.917184,
            52.338459
          ],
          [
            4.917184,
            52.338459
          ],
          [
            4.91713,
            52.338455
          ],
          [
            4.91713,
            52.338455
          ],
          [
            4.91713,
            52.338455
          ],
          [
            4.917089,
            52.338428
          ],
          [
            4.917089,
            52.338428
          ],
          [
            4.917086,
            52.338402
          ],
          [
            4.917081,
            52.338394
          ],
          [
            4.917081,
            52.338398
          ],
          [
            4.917073,
            52.338387
          ],
          [
            4.917004,
            52.33831
          ],
          [
            4.916969,
            52.338306
          ],
          [
            4.916915,
            52.33831
          ],
          [
            4.91687,
            52.338322
          ],
          [
            4.916808,
            52.338345
          ],
          [
            4.916758,
            52.33836
          ],
          [
            4.916706,
            52.338375
          ],
          [
            4.916655,
            52.338387
          ],
          [
            4.916603,
            52.338402
          ],
          [
            4.916561,
            52.338417
          ],
          [
            4.916522,
            52.338428
          ],
          [
            4.916484,
            52.338436
          ],
          [
            4.916451,
            52.338432
          ],
          [
            4.916427,
            52.338428
          ],
          [
            4.916406,
            52.338421
          ],
          [
            4.916406,
            52.338421
          ],
          [
            4.916406,
            52.338421
          ],
          [
            4.916406,
            52.338421
          ],
          [
            4.916406,
            52.338421
          ],
          [
            4.91635,
            52.338409
          ],
          [
            4.916326,
            52.338417
          ],
          [
            4.916286,
            52.338428
          ],
          [
            4.91624,
            52.338432
          ],
          [
            4.916196,
            52.338428
          ],
          [
            4.916159,
            52.338413
          ],
          [
            4.916127,
            52.338394
          ],
          [
            4.916121,
            52.338348
          ],
          [
            4.91614,
            52.338325
          ],
          [
            4.91617,
            52.338306
          ],
          [
            4.916204,
            52.338299
          ],
          [
            4.916235,
            52.338295
          ],
          [
            4.916235,
            52.338295
          ],
          [
            4.916299,
            52.338299
          ],
          [
            4.916325,
            52.338306
          ],
          [
            4.916352,
            52.338322
          ],
          [
            4.916372,
            52.338345
          ],
          [
            4.916385,
            52.338371
          ],
          [
            4.916408,
            52.338394
          ],
          [
            4.916448,
            52.338409
          ],
          [
            4.916501,
            52.338406
          ],
          [
            4.916572,
            52.33839
          ],
          [
            4.916633,
            52.338375
          ],
          [
            4.916697,
            52.33836
          ],
          [
            4.916762,
            52.338341
          ],
          [
            4.916829,
            52.338322
          ],
          [
            4.916893,
            52.338306
          ],
          [
            4.916955,
            52.338284
          ],
          [
            4.917025,
            52.338257
          ],
          [
            4.917088,
            52.33823
          ],
          [
            4.917156,
            52.3382
          ],
          [
            4.917215,
            52.338165
          ],
          [
            4.917278,
            52.338127
          ],
          [
            4.917337,
            52.338093
          ],
          [
            4.91739,
            52.338059
          ],
          [
            4.917446,
            52.33802
          ],
          [
            4.917492,
            52.337982
          ],
          [
            4.917535,
            52.337944
          ],
          [
            4.917576,
            52.337906
          ],
          [
            4.917611,
            52.337872
          ],
          [
            4.917647,
            52.337833
          ],
          [
            4.917683,
            52.337795
          ],
          [
            4.917716,
            52.337761
          ],
          [
            4.917746,
            52.337723
          ],
          [
            4.917768,
            52.337688
          ],
          [
            4.917788,
            52.337654
          ],
          [
            4.917809,
            52.337616
          ],
          [
            4.91783,
            52.337578
          ],
          [
            4.91785,
            52.337544
          ],
          [
            4.917868,
            52.337505
          ],
          [
            4.917887,
            52.337475
          ],
          [
            4.917901,
            52.337444
          ],
          [
            4.91792,
            52.337387
          ],
          [
            4.917921,
            52.337364
          ],
          [
            4.917919,
            52.337349
          ],
          [
            4.917907,
            52.337326
          ],
          [
            4.917889,
            52.337303
          ],
          [
            4.917864,
            52.337276
          ],
          [
            4.917824,
            52.337254
          ],
          [
            4.917762,
            52.337234
          ],
          [
            4.917622,
            52.337204
          ],
          [
            4.917561,
            52.337189
          ],
          [
            4.917473,
            52.33717
          ],
          [
            4.917395,
            52.337151
          ],
          [
            4.917347,
            52.337139
          ],
          [
            4.917236,
            52.337109
          ],
          [
            4.917151,
            52.337086
          ],
          [
            4.916981,
            52.337044
          ],
          [
            4.916896,
            52.337021
          ],
          [
            4.916812,
            52.336998
          ],
          [
            4.916731,
            52.336979
          ],
          [
            4.916648,
            52.336956
          ],
          [
            4.916488,
            52.336918
          ],
          [
            4.91641,
            52.336899
          ],
          [
            4.916337,
            52.33688
          ],
          [
            4.916266,
            52.336861
          ],
          [
            4.916192,
            52.336845
          ],
          [
            4.916129,
            52.336826
          ],
          [
            4.916043,
            52.336803
          ],
          [
            4.915975,
            52.336788
          ],
          [
            4.915906,
            52.336769
          ],
          [
            4.915842,
            52.33675
          ],
          [
            4.915781,
            52.336731
          ],
          [
            4.915719,
            52.336716
          ],
          [
            4.915598,
            52.336681
          ],
          [
            4.91554,
            52.336666
          ],
          [
            4.915481,
            52.336651
          ],
          [
            4.915369,
            52.336609
          ],
          [
            4.91527,
            52.336559
          ],
          [
            4.91521,
            52.336536
          ],
          [
            4.915146,
            52.336521
          ],
          [
            4.915079,
            52.336506
          ],
          [
            4.915016,
            52.336491
          ],
          [
            4.914948,
            52.336472
          ],
          [
            4.914874,
            52.336449
          ],
          [
            4.914812,
            52.336433
          ],
          [
            4.914652,
            52.336399
          ],
          [
            4.914563,
            52.33638
          ],
          [
            4.91449,
            52.336361
          ],
          [
            4.914346,
            52.336319
          ],
          [
            4.914271,
            52.3363
          ],
          [
            4.914201,
            52.336281
          ],
          [
            4.914127,
            52.336266
          ],
          [
            4.914061,
            52.33625
          ],
          [
            4.91399,
            52.336231
          ],
          [
            4.913922,
            52.336216
          ],
          [
            4.913855,
            52.336197
          ],
          [
            4.913779,
            52.336178
          ],
          [
            4.913721,
            52.336159
          ],
          [
            4.91362,
            52.336136
          ],
          [
            4.913538,
            52.336113
          ],
          [
            4.913453,
            52.336094
          ],
          [
            4.913363,
            52.336067
          ],
          [
            4.91327,
            52.336044
          ],
          [
            4.913178,
            52.336018
          ],
          [
            4.912994,
            52.335972
          ],
          [
            4.912905,
            52.335957
          ],
          [
            4.912745,
            52.335941
          ],
          [
            4.912693,
            52.335949
          ],
          [
            4.912682,
            52.335953
          ],
          [
            4.912662,
            52.33596
          ],
          [
            4.912645,
            52.335976
          ],
          [
            4.912632,
            52.335999
          ],
          [
            4.912632,
            52.336037
          ],
          [
            4.912641,
            52.336075
          ],
          [
            4.912654,
            52.336121
          ],
          [
            4.912665,
            52.336163
          ],
          [
            4.912683,
            52.336208
          ],
          [
            4.912722,
            52.336296
          ],
          [
            4.912748,
            52.336353
          ],
          [
            4.912776,
            52.336422
          ],
          [
            4.912802,
            52.336506
          ],
          [
            4.912803,
            52.336567
          ],
          [
            4.912767,
            52.336651
          ],
          [
            4.912736,
            52.336662
          ],
          [
            4.912708,
            52.33667
          ],
          [
            4.912673,
            52.336674
          ],
          [
            4.912629,
            52.336681
          ],
          [
            4.912584,
            52.336693
          ],
          [
            4.912539,
            52.336708
          ],
          [
            4.912407,
            52.336727
          ],
          [
            4.912341,
            52.336742
          ],
          [
            4.912272,
            52.336754
          ],
          [
            4.912128,
            52.336781
          ],
          [
            4.912092,
            52.336788
          ],
          [
            4.911902,
            52.336819
          ],
          [
            4.911841,
            52.336842
          ],
          [
            4.911796,
            52.336872
          ],
          [
            4.911779,
            52.336887
          ],
          [
            4.911766,
            52.336895
          ],
          [
            4.911736,
            52.336922
          ],
          [
            4.911723,
            52.336941
          ],
          [
            4.911638,
            52.337032
          ],
          [
            4.911584,
            52.33709
          ],
          [
            4.911542,
            52.337131
          ],
          [
            4.911499,
            52.337177
          ],
          [
            4.911461,
            52.337219
          ],
          [
            4.911401,
            52.337276
          ],
          [
            4.911397,
            52.337284
          ],
          [
            4.911279,
            52.337391
          ],
          [
            4.911216,
            52.337448
          ],
          [
            4.911152,
            52.337502
          ],
          [
            4.911101,
            52.337551
          ],
          [
            4.910978,
            52.337646
          ],
          [
            4.91091,
            52.337692
          ],
          [
            4.910847,
            52.337734
          ],
          [
            4.910779,
            52.33778
          ],
          [
            4.910699,
            52.337837
          ],
          [
            4.91064,
            52.337887
          ],
          [
            4.910584,
            52.337933
          ],
          [
            4.910531,
            52.337978
          ],
          [
            4.910465,
            52.338028
          ],
          [
            4.9104,
            52.338078
          ],
          [
            4.910352,
            52.338116
          ],
          [
            4.910268,
            52.338177
          ],
          [
            4.910213,
            52.338226
          ],
          [
            4.910157,
            52.338276
          ],
          [
            4.9101,
            52.338325
          ],
          [
            4.910041,
            52.338383
          ],
          [
            4.909984,
            52.338432
          ],
          [
            4.909926,
            52.338482
          ],
          [
            4.909869,
            52.338535
          ],
          [
            4.909811,
            52.338581
          ],
          [
            4.909758,
            52.338631
          ],
          [
            4.909706,
            52.33868
          ],
          [
            4.909646,
            52.338734
          ],
          [
            4.909586,
            52.338787
          ],
          [
            4.909572,
            52.338802
          ],
          [
            4.909468,
            52.33889
          ],
          [
            4.909407,
            52.33894
          ],
          [
            4.909351,
            52.338989
          ],
          [
            4.909291,
            52.339039
          ],
          [
            4.909232,
            52.339092
          ],
          [
            4.909176,
            52.339146
          ],
          [
            4.909119,
            52.339199
          ],
          [
            4.909063,
            52.339249
          ],
          [
            4.909001,
            52.339302
          ],
          [
            4.90894,
            52.339355
          ],
          [
            4.908884,
            52.339405
          ],
          [
            4.908772,
            52.339508
          ],
          [
            4.90871,
            52.339561
          ],
          [
            4.908649,
            52.339615
          ],
          [
            4.908591,
            52.339664
          ],
          [
            4.908534,
            52.339714
          ],
          [
            4.908474,
            52.339767
          ],
          [
            4.908418,
            52.339821
          ],
          [
            4.908361,
            52.33987
          ],
          [
            4.908313,
            52.339916
          ],
          [
            4.90826,
            52.339966
          ],
          [
            4.908215,
            52.340019
          ],
          [
            4.908207,
            52.340034
          ],
          [
            4.908197,
            52.340046
          ],
          [
            4.908188,
            52.340065
          ],
          [
            4.908158,
            52.340191
          ],
          [
            4.908194,
            52.340221
          ],
          [
            4.908259,
            52.34024
          ],
          [
            4.908332,
            52.340256
          ],
          [
            4.908388,
            52.340267
          ],
          [
            4.908425,
            52.340275
          ],
          [
            4.908498,
            52.340294
          ],
          [
            4.908594,
            52.340317
          ],
          [
            4.90871,
            52.340343
          ],
          [
            4.908831,
            52.340374
          ],
          [
            4.908938,
            52.340397
          ],
          [
            4.90905,
            52.34042
          ],
          [
            4.909154,
            52.340447
          ],
          [
            4.909341,
            52.340496
          ],
          [
            4.90946,
            52.34053
          ],
          [
            4.909554,
            52.340561
          ],
          [
            4.909651,
            52.340588
          ],
          [
            4.909724,
            52.340603
          ],
          [
            4.909765,
            52.340614
          ],
          [
            4.909765,
            52.340614
          ],
          [
            4.909765,
            52.340614
          ],
          [
            4.909765,
            52.340614
          ],
          [
            4.909736,
            52.340626
          ],
          [
            4.909812,
            52.340649
          ],
          [
            4.909853,
            52.34066
          ],
          [
            4.909886,
            52.340668
          ],
          [
            4.909965,
            52.340694
          ],
          [
            4.910023,
            52.340713
          ],
          [
            4.910083,
            52.340736
          ],
          [
            4.910141,
            52.340759
          ],
          [
            4.9102,
            52.340778
          ],
          [
            4.910257,
            52.340801
          ],
          [
            4.910315,
            52.34082
          ],
          [
            4.910372,
            52.340839
          ],
          [
            4.910423,
            52.340855
          ],
          [
            4.910479,
            52.340874
          ],
          [
            4.910538,
            52.340897
          ],
          [
            4.910595,
            52.340916
          ],
          [
            4.910645,
            52.340935
          ],
          [
            4.910691,
            52.34095
          ],
          [
            4.910736,
            52.340965
          ],
          [
            4.910779,
            52.340981
          ],
          [
            4.910828,
            52.341
          ],
          [
            4.910874,
            52.341019
          ],
          [
            4.910923,
            52.341038
          ],
          [
            4.910971,
            52.341061
          ],
          [
            4.911012,
            52.34108
          ],
          [
            4.911053,
            52.341099
          ],
          [
            4.911101,
            52.341126
          ],
          [
            4.911157,
            52.341156
          ],
          [
            4.911213,
            52.341183
          ],
          [
            4.911268,
            52.341209
          ],
          [
            4.911326,
            52.341236
          ],
          [
            4.911386,
            52.34127
          ],
          [
            4.911454,
            52.341305
          ],
          [
            4.911514,
            52.341331
          ],
          [
            4.911567,
            52.341362
          ],
          [
            4.911618,
            52.341385
          ],
          [
            4.911661,
            52.341415
          ],
          [
            4.911706,
            52.341446
          ],
          [
            4.91175,
            52.341469
          ],
          [
            4.911794,
            52.341492
          ],
          [
            4.911841,
            52.341518
          ],
          [
            4.91188,
            52.341537
          ],
          [
            4.911918,
            52.341557
          ],
          [
            4.911956,
            52.341583
          ],
          [
            4.911999,
            52.341606
          ],
          [
            4.912044,
            52.341633
          ],
          [
            4.912089,
            52.34166
          ],
          [
            4.912131,
            52.34169
          ],
          [
            4.912173,
            52.341724
          ],
          [
            4.912219,
            52.341755
          ],
          [
            4.912266,
            52.341789
          ],
          [
            4.912312,
            52.341824
          ],
          [
            4.912357,
            52.341858
          ],
          [
            4.912403,
            52.341896
          ],
          [
            4.912447,
            52.34193
          ],
          [
            4.912485,
            52.341965
          ],
          [
            4.912529,
            52.342007
          ],
          [
            4.912572,
            52.342041
          ],
          [
            4.91261,
            52.342075
          ],
          [
            4.912649,
            52.342113
          ],
          [
            4.912683,
            52.342148
          ],
          [
            4.912718,
            52.34219
          ],
          [
            4.912747,
            52.342224
          ],
          [
            4.912775,
            52.342266
          ],
          [
            4.912805,
            52.342304
          ],
          [
            4.912834,
            52.342339
          ],
          [
            4.912867,
            52.342381
          ],
          [
            4.912898,
            52.342422
          ],
          [
            4.912929,
            52.342461
          ],
          [
            4.912957,
            52.342499
          ],
          [
            4.912987,
            52.342541
          ],
          [
            4.913015,
            52.342583
          ],
          [
            4.913039,
            52.342621
          ],
          [
            4.913065,
            52.342663
          ],
          [
            4.913089,
            52.342705
          ],
          [
            4.913111,
            52.342747
          ],
          [
            4.91313,
            52.3428
          ],
          [
            4.913149,
            52.342842
          ],
          [
            4.913167,
            52.342888
          ],
          [
            4.913188,
            52.342934
          ],
          [
            4.913214,
            52.342979
          ],
          [
            4.913228,
            52.343025
          ],
          [
            4.913241,
            52.343079
          ],
          [
            4.913259,
            52.343121
          ],
          [
            4.913271,
            52.343166
          ],
          [
            4.913282,
            52.343224
          ],
          [
            4.913282,
            52.343269
          ],
          [
            4.913279,
            52.343319
          ],
          [
            4.913264,
            52.343365
          ],
          [
            4.913246,
            52.343414
          ],
          [
            4.913221,
            52.343464
          ],
          [
            4.913196,
            52.34351
          ],
          [
            4.913167,
            52.343563
          ],
          [
            4.913145,
            52.343609
          ],
          [
            4.913121,
            52.343658
          ],
          [
            4.913093,
            52.343712
          ],
          [
            4.913067,
            52.343761
          ],
          [
            4.913036,
            52.343811
          ],
          [
            4.913005,
            52.343864
          ],
          [
            4.912976,
            52.343914
          ],
          [
            4.912953,
            52.343964
          ],
          [
            4.912929,
            52.344013
          ],
          [
            4.912907,
            52.344063
          ],
          [
            4.912885,
            52.344112
          ],
          [
            4.912857,
            52.344158
          ],
          [
            4.912836,
            52.344212
          ],
          [
            4.912816,
            52.344265
          ],
          [
            4.912787,
            52.344307
          ],
          [
            4.91277,
            52.344356
          ],
          [
            4.912744,
            52.344402
          ],
          [
            4.912721,
            52.344452
          ],
          [
            4.912703,
            52.344498
          ],
          [
            4.912686,
            52.344536
          ],
          [
            4.912663,
            52.344578
          ],
          [
            4.912652,
            52.344624
          ],
          [
            4.912637,
            52.344662
          ],
          [
            4.912625,
            52.3447
          ],
          [
            4.912617,
            52.344738
          ],
          [
            4.912606,
            52.344776
          ],
          [
            4.9126,
            52.344814
          ],
          [
            4.912593,
            52.344849
          ],
          [
            4.912584,
            52.344879
          ],
          [
            4.912578,
            52.34491
          ],
          [
            4.912571,
            52.34494
          ],
          [
            4.912565,
            52.344971
          ],
          [
            4.912561,
            52.345001
          ],
          [
            4.91256,
            52.345028
          ],
          [
            4.912559,
            52.345066
          ],
          [
            4.912555,
            52.345097
          ],
          [
            4.912547,
            52.345135
          ],
          [
            4.912537,
            52.345177
          ],
          [
            4.912524,
            52.345219
          ],
          [
            4.912513,
            52.345261
          ],
          [
            4.912504,
            52.34531
          ],
          [
            4.912496,
            52.34536
          ],
          [
            4.912489,
            52.345409
          ],
          [
            4.912482,
            52.345463
          ],
          [
            4.912476,
            52.345516
          ],
          [
            4.912467,
            52.345577
          ],
          [
            4.912457,
            52.345631
          ],
          [
            4.912443,
            52.345688
          ],
          [
            4.912427,
            52.345749
          ],
          [
            4.912408,
            52.34581
          ],
          [
            4.912389,
            52.345867
          ],
          [
            4.912372,
            52.345917
          ],
          [
            4.912349,
            52.345978
          ],
          [
            4.912328,
            52.346039
          ],
          [
            4.912307,
            52.346104
          ],
          [
            4.912292,
            52.346161
          ],
          [
            4.912281,
            52.346218
          ],
          [
            4.912268,
            52.346279
          ],
          [
            4.912257,
            52.346333
          ],
          [
            4.912244,
            52.346397
          ],
          [
            4.912226,
            52.346455
          ],
          [
            4.91221,
            52.346512
          ],
          [
            4.912192,
            52.346569
          ],
          [
            4.912172,
            52.346626
          ],
          [
            4.912152,
            52.34668
          ],
          [
            4.912137,
            52.346725
          ],
          [
            4.912118,
            52.346775
          ],
          [
            4.912098,
            52.346825
          ],
          [
            4.912079,
            52.346874
          ],
          [
            4.912065,
            52.346912
          ],
          [
            4.912048,
            52.346951
          ],
          [
            4.912039,
            52.346985
          ],
          [
            4.912033,
            52.347023
          ],
          [
            4.912031,
            52.347057
          ],
          [
            4.912042,
            52.347092
          ],
          [
            4.912047,
            52.347099
          ],
          [
            4.912114,
            52.347141
          ],
          [
            4.912174,
            52.347164
          ],
          [
            4.91224,
            52.347183
          ],
          [
            4.912305,
            52.347198
          ],
          [
            4.912358,
            52.34721
          ],
          [
            4.912448,
            52.347221
          ],
          [
            4.912526,
            52.347237
          ],
          [
            4.912598,
            52.347248
          ],
          [
            4.91267,
            52.347259
          ],
          [
            4.912736,
            52.347271
          ],
          [
            4.912813,
            52.347282
          ],
          [
            4.912887,
            52.34729
          ],
          [
            4.912953,
            52.347298
          ],
          [
            4.913043,
            52.347309
          ],
          [
            4.913123,
            52.347321
          ],
          [
            4.913208,
            52.347328
          ],
          [
            4.913294,
            52.347336
          ],
          [
            4.913375,
            52.347336
          ],
          [
            4.913465,
            52.347332
          ],
          [
            4.913554,
            52.347332
          ],
          [
            4.913627,
            52.347336
          ],
          [
            4.913719,
            52.34734
          ],
          [
            4.913799,
            52.347347
          ],
          [
            4.913875,
            52.347359
          ],
          [
            4.913962,
            52.347374
          ],
          [
            4.914047,
            52.347393
          ],
          [
            4.914149,
            52.347408
          ],
          [
            4.914259,
            52.347424
          ],
          [
            4.91435,
            52.347435
          ],
          [
            4.914508,
            52.347462
          ],
          [
            4.914638,
            52.347481
          ],
          [
            4.914733,
            52.347485
          ],
          [
            4.914811,
            52.347496
          ],
          [
            4.914929,
            52.347511
          ],
          [
            4.915029,
            52.347527
          ],
          [
            4.915128,
            52.347546
          ],
          [
            4.915227,
            52.347561
          ],
          [
            4.915302,
            52.347569
          ],
          [
            4.915424,
            52.347588
          ],
          [
            4.915499,
            52.347599
          ],
          [
            4.915628,
            52.347618
          ],
          [
            4.915684,
            52.34763
          ],
          [
            4.91571,
            52.347633
          ],
          [
            4.915792,
            52.347645
          ],
          [
            4.915922,
            52.347668
          ],
          [
            4.916022,
            52.347683
          ],
          [
            4.916117,
            52.347698
          ],
          [
            4.916202,
            52.34771
          ],
          [
            4.9163,
            52.347725
          ],
          [
            4.916378,
            52.347736
          ],
          [
            4.916492,
            52.347752
          ],
          [
            4.916581,
            52.347763
          ],
          [
            4.916689,
            52.347778
          ],
          [
            4.916782,
            52.34779
          ],
          [
            4.916849,
            52.347797
          ],
          [
            4.916864,
            52.347794
          ],
          [
            4.917005,
            52.347805
          ],
          [
            4.917128,
            52.347816
          ],
          [
            4.91723,
            52.34782
          ],
          [
            4.917326,
            52.347824
          ],
          [
            4.917423,
            52.347824
          ],
          [
            4.917501,
            52.347824
          ],
          [
            4.917605,
            52.34782
          ],
          [
            4.917698,
            52.347813
          ],
          [
            4.917787,
            52.347805
          ],
          [
            4.917876,
            52.347797
          ],
          [
            4.917965,
            52.347786
          ],
          [
            4.918056,
            52.347778
          ],
          [
            4.918129,
            52.347771
          ],
          [
            4.91823,
            52.347763
          ],
          [
            4.918315,
            52.347752
          ],
          [
            4.918397,
            52.347744
          ],
          [
            4.918457,
            52.347736
          ],
          [
            4.918516,
            52.347733
          ],
          [
            4.918565,
            52.347733
          ],
          [
            4.918618,
            52.347744
          ],
          [
            4.918667,
            52.347755
          ],
          [
            4.918717,
            52.347767
          ],
          [
            4.918756,
            52.347778
          ],
          [
            4.918787,
            52.347786
          ],
          [
            4.918787,
            52.347786
          ],
          [
            4.918873,
            52.347809
          ],
          [
            4.918908,
            52.347816
          ],
          [
            4.918954,
            52.347828
          ],
          [
            4.919005,
            52.347839
          ],
          [
            4.919068,
            52.347858
          ],
          [
            4.919132,
            52.347874
          ],
          [
            4.919203,
            52.347897
          ],
          [
            4.919266,
            52.347919
          ],
          [
            4.919332,
            52.34795
          ],
          [
            4.919392,
            52.347984
          ],
          [
            4.919455,
            52.348022
          ],
          [
            4.919517,
            52.348061
          ],
          [
            4.919585,
            52.348099
          ],
          [
            4.919662,
            52.348137
          ],
          [
            4.919741,
            52.348167
          ],
          [
            4.919822,
            52.348194
          ],
          [
            4.919909,
            52.348213
          ],
          [
            4.920001,
            52.348228
          ],
          [
            4.920091,
            52.34824
          ],
          [
            4.920175,
            52.348255
          ],
          [
            4.920225,
            52.348263
          ],
          [
            4.920349,
            52.348278
          ],
          [
            4.920432,
            52.348286
          ],
          [
            4.920496,
            52.348293
          ],
          [
            4.920597,
            52.348305
          ],
          [
            4.920672,
            52.348312
          ],
          [
            4.920738,
            52.348316
          ],
          [
            4.92077,
            52.348316
          ],
          [
            4.92077,
            52.348316
          ],
          [
            4.920792,
            52.348286
          ],
          [
            4.920787,
            52.348255
          ],
          [
            4.920746,
            52.348244
          ],
          [
            4.920687,
            52.348232
          ],
          [
            4.920628,
            52.348221
          ],
          [
            4.920562,
            52.348202
          ],
          [
            4.920494,
            52.348179
          ],
          [
            4.920423,
            52.348164
          ],
          [
            4.920371,
            52.348148
          ],
          [
            4.920264,
            52.348125
          ],
          [
            4.920191,
            52.34811
          ],
          [
            4.920125,
            52.348095
          ],
          [
            4.920068,
            52.348087
          ],
          [
            4.920022,
            52.348091
          ],
          [
            4.919983,
            52.34811
          ],
          [
            4.919964,
            52.348141
          ],
          [
            4.919958,
            52.34816
          ],
          [
            4.919947,
            52.348167
          ],
          [
            4.919948,
            52.348179
          ],
          [
            4.919945,
            52.348194
          ],
          [
            4.919938,
            52.348209
          ],
          [
            4.919933,
            52.348228
          ],
          [
            4.919929,
            52.348236
          ],
          [
            4.919924,
            52.348251
          ],
          [
            4.919916,
            52.348278
          ],
          [
            4.919918,
            52.348267
          ],
          [
            4.919909,
            52.348473
          ],
          [
            4.91992,
            52.34856
          ],
          [
            4.91993,
            52.348618
          ],
          [
            4.919949,
            52.34866
          ],
          [
            4.919991,
            52.348702
          ],
          [
            4.920044,
            52.348743
          ],
          [
            4.920094,
            52.348774
          ],
          [
            4.920158,
            52.348808
          ],
          [
            4.920215,
            52.348843
          ],
          [
            4.920266,
            52.348873
          ],
          [
            4.920319,
            52.348907
          ],
          [
            4.920354,
            52.34893
          ],
          [
            4.920396,
            52.348972
          ],
          [
            4.920431,
            52.349003
          ],
          [
            4.920471,
            52.349033
          ],
          [
            4.920547,
            52.349087
          ],
          [
            4.920607,
            52.349125
          ],
          [
            4.920641,
            52.349144
          ],
          [
            4.92074,
            52.34919
          ],
          [
            4.92081,
            52.349216
          ],
          [
            4.920874,
            52.349251
          ],
          [
            4.920928,
            52.349278
          ],
          [
            4.921016,
            52.349323
          ],
          [
            4.921087,
            52.349354
          ],
          [
            4.921159,
            52.349384
          ],
          [
            4.921236,
            52.349419
          ],
          [
            4.92131,
            52.349453
          ],
          [
            4.921393,
            52.349487
          ],
          [
            4.921453,
            52.349518
          ],
          [
            4.92157,
            52.349575
          ],
          [
            4.92166,
            52.349613
          ],
          [
            4.921755,
            52.349655
          ],
          [
            4.921841,
            52.349709
          ],
          [
            4.921921,
            52.349747
          ],
          [
            4.922,
            52.349785
          ],
          [
            4.922077,
            52.349815
          ],
          [
            4.922157,
            52.34985
          ],
          [
            4.922233,
            52.349896
          ],
          [
            4.922313,
            52.349934
          ],
          [
            4.922387,
            52.349968
          ],
          [
            4.922454,
            52.35001
          ],
          [
            4.922525,
            52.350052
          ],
          [
            4.922596,
            52.350094
          ],
          [
            4.922673,
            52.350136
          ],
          [
            4.922746,
            52.350178
          ],
          [
            4.922817,
            52.35022
          ],
          [
            4.922889,
            52.350269
          ],
          [
            4.922958,
            52.350315
          ],
          [
            4.923028,
            52.350353
          ],
          [
            4.923103,
            52.350399
          ],
          [
            4.923167,
            52.350441
          ],
          [
            4.923231,
            52.350479
          ],
          [
            4.923298,
            52.350517
          ],
          [
            4.923366,
            52.350552
          ],
          [
            4.923422,
            52.350601
          ],
          [
            4.923482,
            52.350632
          ],
          [
            4.923541,
            52.350674
          ],
          [
            4.923604,
            52.350712
          ],
          [
            4.923649,
            52.350742
          ],
          [
            4.923692,
            52.350769
          ],
          [
            4.923731,
            52.350788
          ],
          [
            4.923762,
            52.3508
          ],
          [
            4.923801,
            52.350819
          ],
          [
            4.923845,
            52.350838
          ],
          [
            4.923888,
            52.350868
          ],
          [
            4.923923,
            52.350903
          ],
          [
            4.923957,
            52.350937
          ],
          [
            4.924,
            52.350971
          ],
          [
            4.924049,
            52.351013
          ],
          [
            4.924102,
            52.351048
          ],
          [
            4.924155,
            52.351086
          ],
          [
            4.924214,
            52.351124
          ],
          [
            4.924263,
            52.351162
          ],
          [
            4.924313,
            52.3512
          ],
          [
            4.924367,
            52.351227
          ],
          [
            4.924425,
            52.351265
          ],
          [
            4.92448,
            52.351292
          ],
          [
            4.924533,
            52.351318
          ],
          [
            4.924587,
            52.351345
          ],
          [
            4.92464,
            52.351383
          ],
          [
            4.924681,
            52.351414
          ],
          [
            4.924731,
            52.35144
          ],
          [
            4.924788,
            52.351479
          ],
          [
            4.924843,
            52.351509
          ],
          [
            4.924901,
            52.351536
          ],
          [
            4.924937,
            52.351559
          ],
          [
            4.925022,
            52.351612
          ],
          [
            4.925076,
            52.351646
          ],
          [
            4.925129,
            52.351681
          ],
          [
            4.92519,
            52.351719
          ],
          [
            4.925256,
            52.351757
          ],
          [
            4.925317,
            52.351791
          ],
          [
            4.92535,
            52.351814
          ],
          [
            4.925431,
            52.35186
          ],
          [
            4.925476,
            52.351898
          ],
          [
            4.925525,
            52.351933
          ],
          [
            4.925576,
            52.351959
          ],
          [
            4.925626,
            52.35199
          ],
          [
            4.925672,
            52.352016
          ],
          [
            4.92572,
            52.352047
          ],
          [
            4.92578,
            52.352081
          ],
          [
            4.925838,
            52.352116
          ],
          [
            4.925888,
            52.352146
          ],
          [
            4.925953,
            52.35218
          ],
          [
            4.92601,
            52.352215
          ],
          [
            4.926071,
            52.352249
          ],
          [
            4.926118,
            52.35228
          ],
          [
            4.926164,
            52.35231
          ],
          [
            4.926209,
            52.352337
          ],
          [
            4.926256,
            52.352367
          ],
          [
            4.926301,
            52.35239
          ],
          [
            4.92635,
            52.352417
          ],
          [
            4.926395,
            52.35244
          ],
          [
            4.926461,
            52.352482
          ],
          [
            4.926508,
            52.352512
          ],
          [
            4.926552,
            52.352543
          ],
          [
            4.926604,
            52.352577
          ],
          [
            4.926653,
            52.352608
          ],
          [
            4.926704,
            52.352638
          ],
          [
            4.926755,
            52.352673
          ],
          [
            4.926806,
            52.352703
          ],
          [
            4.926851,
            52.352726
          ],
          [
            4.926902,
            52.352749
          ],
          [
            4.926957,
            52.35276
          ],
          [
            4.927006,
            52.352757
          ],
          [
            4.927056,
            52.352741
          ],
          [
            4.927103,
            52.352722
          ],
          [
            4.927148,
            52.352695
          ],
          [
            4.927192,
            52.352673
          ],
          [
            4.927238,
            52.352642
          ],
          [
            4.92728,
            52.352615
          ],
          [
            4.927323,
            52.352592
          ],
          [
            4.927362,
            52.35257
          ],
          [
            4.927384,
            52.352554
          ],
          [
            4.927404,
            52.352535
          ],
          [
            4.927418,
            52.352516
          ],
          [
            4.927429,
            52.352497
          ],
          [
            4.927438,
            52.352467
          ],
          [
            4.927457,
            52.35244
          ],
          [
            4.92749,
            52.352406
          ],
          [
            4.927526,
            52.352375
          ],
          [
            4.927569,
            52.352341
          ],
          [
            4.927606,
            52.352314
          ],
          [
            4.927649,
            52.352291
          ],
          [
            4.927688,
            52.352268
          ],
          [
            4.92773,
            52.352245
          ],
          [
            4.927763,
            52.352226
          ],
          [
            4.9278,
            52.352207
          ],
          [
            4.927841,
            52.352188
          ],
          [
            4.927871,
            52.35218
          ],
          [
            4.927904,
            52.352177
          ],
          [
            4.927946,
            52.35218
          ],
          [
            4.927984,
            52.352184
          ],
          [
            4.92802,
            52.35218
          ],
          [
            4.928056,
            52.352173
          ],
          [
            4.928088,
            52.352161
          ],
          [
            4.928124,
            52.352142
          ],
          [
            4.92815,
            52.352127
          ],
          [
            4.928186,
            52.352104
          ],
          [
            4.928218,
            52.352085
          ],
          [
            4.928256,
            52.352058
          ],
          [
            4.928297,
            52.352032
          ],
          [
            4.928339,
            52.352005
          ],
          [
            4.928381,
            52.351978
          ],
          [
            4.928428,
            52.351948
          ],
          [
            4.928468,
            52.351921
          ],
          [
            4.928509,
            52.351894
          ],
          [
            4.928552,
            52.351868
          ],
          [
            4.928606,
            52.351837
          ],
          [
            4.928647,
            52.35181
          ],
          [
            4.928682,
            52.351788
          ],
          [
            4.928718,
            52.351761
          ],
          [
            4.928757,
            52.351734
          ],
          [
            4.928796,
            52.351704
          ],
          [
            4.928838,
            52.351677
          ],
          [
            4.928882,
            52.351646
          ],
          [
            4.928921,
            52.35162
          ],
          [
            4.928961,
            52.351593
          ],
          [
            4.929002,
            52.35157
          ],
          [
            4.929045,
            52.351543
          ],
          [
            4.929086,
            52.351521
          ],
          [
            4.929131,
            52.351494
          ],
          [
            4.929166,
            52.351471
          ],
          [
            4.929196,
            52.351448
          ],
          [
            4.929236,
            52.351421
          ],
          [
            4.929281,
            52.351391
          ],
          [
            4.929324,
            52.35136
          ],
          [
            4.929367,
            52.35133
          ],
          [
            4.929414,
            52.351295
          ],
          [
            4.929461,
            52.351265
          ],
          [
            4.929509,
            52.351234
          ],
          [
            4.929561,
            52.3512
          ],
          [
            4.92961,
            52.351166
          ],
          [
            4.929642,
            52.351139
          ],
          [
            4.929729,
            52.351078
          ],
          [
            4.92979,
            52.351032
          ],
          [
            4.929849,
            52.350979
          ],
          [
            4.929885,
            52.350937
          ],
          [
            4.92991,
            52.350891
          ],
          [
            4.929928,
            52.350834
          ],
          [
            4.929947,
            52.350784
          ],
          [
            4.929965,
            52.350731
          ],
          [
            4.929993,
            52.350685
          ],
          [
            4.930033,
            52.350643
          ],
          [
            4.930084,
            52.350624
          ],
          [
            4.930143,
            52.350632
          ],
          [
            4.930177,
            52.350658
          ],
          [
            4.930178,
            52.350697
          ],
          [
            4.93016,
            52.350742
          ],
          [
            4.930136,
            52.350788
          ],
          [
            4.930112,
            52.350834
          ],
          [
            4.930085,
            52.350872
          ],
          [
            4.930045,
            52.350922
          ],
          [
            4.930004,
            52.350967
          ],
          [
            4.92996,
            52.351013
          ],
          [
            4.929912,
            52.351059
          ],
          [
            4.929864,
            52.351101
          ],
          [
            4.929811,
            52.351139
          ],
          [
            4.929751,
            52.351173
          ],
          [
            4.929703,
            52.3512
          ],
          [
            4.929658,
            52.351227
          ],
          [
            4.929612,
            52.35125
          ],
          [
            4.929571,
            52.351273
          ],
          [
            4.929532,
            52.351292
          ],
          [
            4.929488,
            52.351299
          ],
          [
            4.929441,
            52.351307
          ],
          [
            4.929398,
            52.351307
          ],
          [
            4.929352,
            52.351303
          ],
          [
            4.929302,
            52.351295
          ],
          [
            4.929268,
            52.351284
          ],
          [
            4.929234,
            52.351276
          ],
          [
            4.929191,
            52.351261
          ],
          [
            4.929148,
            52.351254
          ],
          [
            4.929095,
            52.35125
          ],
          [
            4.929049,
            52.351254
          ],
          [
            4.929009,
            52.351261
          ],
          [
            4.928968,
            52.351261
          ],
          [
            4.928925,
            52.351265
          ],
          [
            4.928891,
            52.351265
          ],
          [
            4.928858,
            52.351261
          ],
          [
            4.928826,
            52.351254
          ],
          [
            4.9288,
            52.351246
          ],
          [
            4.928781,
            52.351231
          ],
          [
            4.928773,
            52.351212
          ],
          [
            4.928776,
            52.351189
          ],
          [
            4.928787,
            52.351154
          ],
          [
            4.928797,
            52.35112
          ],
          [
            4.928805,
            52.35109
          ],
          [
            4.928812,
            52.351055
          ],
          [
            4.928819,
            52.351021
          ],
          [
            4.928828,
            52.350983
          ],
          [
            4.928835,
            52.350948
          ],
          [
            4.928845,
            52.35091
          ],
          [
            4.928862,
            52.350876
          ],
          [
            4.928881,
            52.350841
          ],
          [
            4.928906,
            52.3508
          ],
          [
            4.92894,
            52.350761
          ],
          [
            4.928976,
            52.350723
          ],
          [
            4.929013,
            52.350685
          ],
          [
            4.929051,
            52.350647
          ],
          [
            4.929092,
            52.350605
          ],
          [
            4.929128,
            52.350571
          ],
          [
            4.929165,
            52.350525
          ],
          [
            4.929204,
            52.350487
          ],
          [
            4.929233,
            52.350452
          ],
          [
            4.929276,
            52.350418
          ],
          [
            4.929323,
            52.350376
          ],
          [
            4.929369,
            52.350338
          ],
          [
            4.929417,
            52.350304
          ],
          [
            4.929461,
            52.350273
          ],
          [
            4.929519,
            52.350243
          ],
          [
            4.929574,
            52.350212
          ],
          [
            4.929632,
            52.350174
          ],
          [
            4.929687,
            52.35014
          ],
          [
            4.929743,
            52.350105
          ],
          [
            4.929802,
            52.350067
          ],
          [
            4.929854,
            52.350037
          ],
          [
            4.929912,
            52.350002
          ],
          [
            4.929963,
            52.349968
          ],
          [
            4.930019,
            52.349937
          ],
          [
            4.930064,
            52.349907
          ],
          [
            4.930102,
            52.349876
          ],
          [
            4.930131,
            52.349846
          ],
          [
            4.930129,
            52.349815
          ],
          [
            4.930111,
            52.349796
          ],
          [
            4.930072,
            52.349773
          ],
          [
            4.930032,
            52.349751
          ],
          [
            4.929988,
            52.34972
          ],
          [
            4.929943,
            52.349693
          ],
          [
            4.929891,
            52.349667
          ],
          [
            4.929838,
            52.349636
          ],
          [
            4.929782,
            52.349609
          ],
          [
            4.929725,
            52.349579
          ],
          [
            4.929665,
            52.349545
          ],
          [
            4.929607,
            52.34951
          ],
          [
            4.929542,
            52.349472
          ],
          [
            4.929478,
            52.34943
          ],
          [
            4.929415,
            52.349388
          ],
          [
            4.929348,
            52.349342
          ],
          [
            4.929283,
            52.349304
          ],
          [
            4.92921,
            52.349262
          ],
          [
            4.929137,
            52.349224
          ],
          [
            4.929062,
            52.349178
          ],
          [
            4.928984,
            52.34914
          ],
          [
            4.928911,
            52.349098
          ],
          [
            4.928835,
            52.349052
          ],
          [
            4.928761,
            52.34901
          ],
          [
            4.928687,
            52.348968
          ],
          [
            4.928615,
            52.348927
          ],
          [
            4.928546,
            52.348885
          ],
          [
            4.928474,
            52.348839
          ],
          [
            4.9284,
            52.348797
          ],
          [
            4.928329,
            52.348755
          ],
          [
            4.928259,
            52.348713
          ],
          [
            4.928195,
            52.348675
          ],
          [
            4.928142,
            52.348644
          ],
          [
            4.9281,
            52.348618
          ],
          [
            4.928074,
            52.348598
          ],
          [
            4.928074,
            52.348598
          ],
          [
            4.928074,
            52.348598
          ],
          [
            4.928074,
            52.348598
          ],
          [
            4.928046,
            52.348553
          ],
          [
            4.928032,
            52.348545
          ],
          [
            4.928014,
            52.34853
          ],
          [
            4.92799,
            52.348507
          ],
          [
            4.927955,
            52.348484
          ],
          [
            4.927903,
            52.34848
          ],
          [
            4.927837,
            52.348492
          ],
          [
            4.927781,
            52.348522
          ],
          [
            4.927728,
            52.348556
          ],
          [
            4.92767,
            52.348591
          ],
          [
            4.92761,
            52.348625
          ],
          [
            4.927543,
            52.348663
          ],
          [
            4.927474,
            52.348702
          ],
          [
            4.927403,
            52.34874
          ],
          [
            4.927328,
            52.348785
          ],
          [
            4.927253,
            52.348831
          ],
          [
            4.927182,
            52.348873
          ],
          [
            4.927107,
            52.348923
          ],
          [
            4.927032,
            52.348968
          ],
          [
            4.926958,
            52.349014
          ],
          [
            4.926888,
            52.349056
          ],
          [
            4.926816,
            52.349098
          ],
          [
            4.926742,
            52.349148
          ],
          [
            4.926671,
            52.34919
          ],
          [
            4.926596,
            52.349232
          ],
          [
            4.926526,
            52.349274
          ],
          [
            4.92645,
            52.349316
          ],
          [
            4.926376,
            52.349358
          ],
          [
            4.926306,
            52.3494
          ],
          [
            4.92623,
            52.349445
          ],
          [
            4.926161,
            52.349483
          ],
          [
            4.926092,
            52.349522
          ],
          [
            4.92602,
            52.349567
          ],
          [
            4.925948,
            52.349609
          ],
          [
            4.925885,
            52.349655
          ],
          [
            4.92582,
            52.349701
          ],
          [
            4.925754,
            52.349739
          ],
          [
            4.925688,
            52.349785
          ],
          [
            4.925623,
            52.349831
          ],
          [
            4.925565,
            52.349876
          ],
          [
            4.925502,
            52.349922
          ],
          [
            4.925428,
            52.34996
          ],
          [
            4.925362,
            52.350006
          ],
          [
            4.9253,
            52.35004
          ],
          [
            4.925243,
            52.350071
          ],
          [
            4.925183,
            52.350109
          ],
          [
            4.925132,
            52.350143
          ],
          [
            4.925077,
            52.350182
          ],
          [
            4.925013,
            52.350224
          ],
          [
            4.924946,
            52.350269
          ],
          [
            4.924879,
            52.350307
          ],
          [
            4.924809,
            52.350349
          ],
          [
            4.924737,
            52.350395
          ],
          [
            4.924669,
            52.350433
          ],
          [
            4.924605,
            52.350479
          ],
          [
            4.924538,
            52.350521
          ],
          [
            4.924465,
            52.350571
          ],
          [
            4.924392,
            52.350613
          ],
          [
            4.924318,
            52.350655
          ],
          [
            4.924253,
            52.350697
          ],
          [
            4.92419,
            52.350735
          ],
          [
            4.924136,
            52.350765
          ],
          [
            4.924101,
            52.350792
          ],
          [
            4.924014,
            52.350845
          ],
          [
            4.923967,
            52.350872
          ],
          [
            4.923865,
            52.350941
          ],
          [
            4.923813,
            52.350971
          ],
          [
            4.923749,
            52.351006
          ],
          [
            4.923687,
            52.351036
          ],
          [
            4.923625,
            52.35107
          ],
          [
            4.923574,
            52.351109
          ],
          [
            4.923518,
            52.351143
          ],
          [
            4.923461,
            52.351181
          ],
          [
            4.923407,
            52.351219
          ],
          [
            4.923347,
            52.351257
          ],
          [
            4.923287,
            52.351292
          ],
          [
            4.923228,
            52.35133
          ],
          [
            4.923163,
            52.351368
          ],
          [
            4.9231,
            52.351406
          ],
          [
            4.923037,
            52.35144
          ],
          [
            4.922979,
            52.351486
          ],
          [
            4.922912,
            52.351521
          ],
          [
            4.922843,
            52.351559
          ],
          [
            4.922777,
            52.351597
          ],
          [
            4.922716,
            52.351635
          ],
          [
            4.922658,
            52.351677
          ],
          [
            4.922599,
            52.351719
          ],
          [
            4.92254,
            52.351753
          ],
          [
            4.922486,
            52.351788
          ],
          [
            4.922386,
            52.351849
          ],
          [
            4.922327,
            52.351887
          ],
          [
            4.922269,
            52.351921
          ],
          [
            4.922167,
            52.351994
          ],
          [
            4.922116,
            52.352035
          ],
          [
            4.922073,
            52.352074
          ],
          [
            4.922032,
            52.352116
          ],
          [
            4.921983,
            52.352154
          ],
          [
            4.921928,
            52.3522
          ],
          [
            4.921882,
            52.352238
          ],
          [
            4.921839,
            52.35228
          ],
          [
            4.9218,
            52.35231
          ],
          [
            4.921761,
            52.352341
          ],
          [
            4.921722,
            52.352375
          ],
          [
            4.921692,
            52.352402
          ],
          [
            4.921659,
            52.352432
          ],
          [
            4.921586,
            52.352489
          ],
          [
            4.921544,
            52.35252
          ],
          [
            4.921456,
            52.352585
          ],
          [
            4.921406,
            52.352619
          ],
          [
            4.921313,
            52.352695
          ],
          [
            4.921263,
            52.352734
          ],
          [
            4.921152,
            52.352818
          ],
          [
            4.921102,
            52.352852
          ],
          [
            4.921059,
            52.352886
          ],
          [
            4.92101,
            52.352924
          ],
          [
            4.920969,
            52.352959
          ],
          [
            4.920891,
            52.353024
          ],
          [
            4.920851,
            52.353058
          ],
          [
            4.920774,
            52.353123
          ],
          [
            4.920732,
            52.353149
          ],
          [
            4.920692,
            52.353184
          ],
          [
            4.920652,
            52.353214
          ],
          [
            4.920581,
            52.353279
          ],
          [
            4.920488,
            52.353359
          ],
          [
            4.920447,
            52.353397
          ],
          [
            4.920401,
            52.353439
          ],
          [
            4.920356,
            52.353478
          ],
          [
            4.920319,
            52.353508
          ],
          [
            4.920266,
            52.35358
          ],
          [
            4.920271,
            52.353611
          ],
          [
            4.92028,
            52.353638
          ],
          [
            4.920305,
            52.353672
          ],
          [
            4.920326,
            52.353691
          ],
          [
            4.920355,
            52.353718
          ],
          [
            4.920383,
            52.353752
          ],
          [
            4.920433,
            52.353825
          ],
          [
            4.920452,
            52.353863
          ],
          [
            4.920454,
            52.353981
          ],
          [
            4.92045,
            52.354004
          ],
          [
            4.920444,
            52.354027
          ],
          [
            4.920438,
            52.354057
          ],
          [
            4.920427,
            52.354092
          ],
          [
            4.920414,
            52.354134
          ],
          [
            4.920395,
            52.354183
          ],
          [
            4.92038,
            52.354225
          ],
          [
            4.920365,
            52.354275
          ],
          [
            4.920344,
            52.354328
          ],
          [
            4.920317,
            52.354382
          ],
          [
            4.920289,
            52.354435
          ],
          [
            4.920256,
            52.354485
          ],
          [
            4.920218,
            52.354538
          ],
          [
            4.920172,
            52.354591
          ],
          [
            4.920135,
            52.354641
          ],
          [
            4.920091,
            52.354687
          ],
          [
            4.920049,
            52.354733
          ],
          [
            4.920002,
            52.354778
          ],
          [
            4.919966,
            52.35482
          ],
          [
            4.919929,
            52.354862
          ],
          [
            4.919891,
            52.354908
          ],
          [
            4.919855,
            52.35495
          ],
          [
            4.919818,
            52.354996
          ],
          [
            4.91978,
            52.355038
          ],
          [
            4.919732,
            52.355087
          ],
          [
            4.919694,
            52.355137
          ],
          [
            4.919654,
            52.355183
          ],
          [
            4.919611,
            52.355236
          ],
          [
            4.919536,
            52.355335
          ],
          [
            4.919494,
            52.355396
          ],
          [
            4.919449,
            52.355453
          ],
          [
            4.919402,
            52.355511
          ],
          [
            4.919356,
            52.355564
          ],
          [
            4.919313,
            52.355617
          ],
          [
            4.919274,
            52.355667
          ],
          [
            4.919229,
            52.355724
          ],
          [
            4.919187,
            52.355782
          ],
          [
            4.919119,
            52.355888
          ],
          [
            4.919086,
            52.355946
          ],
          [
            4.91905,
            52.356003
          ],
          [
            4.919014,
            52.35606
          ],
          [
            4.918977,
            52.356117
          ],
          [
            4.918937,
            52.356171
          ],
          [
            4.918895,
            52.356224
          ],
          [
            4.918856,
            52.356274
          ],
          [
            4.918815,
            52.356319
          ],
          [
            4.91877,
            52.356369
          ],
          [
            4.918735,
            52.356415
          ],
          [
            4.9187,
            52.356461
          ],
          [
            4.918661,
            52.35651
          ],
          [
            4.918621,
            52.35656
          ],
          [
            4.918581,
            52.356613
          ],
          [
            4.918549,
            52.356663
          ],
          [
            4.918512,
            52.356716
          ],
          [
            4.918477,
            52.356766
          ],
          [
            4.918442,
            52.356815
          ],
          [
            4.918407,
            52.356869
          ],
          [
            4.918367,
            52.356922
          ],
          [
            4.918294,
            52.357021
          ],
          [
            4.918258,
            52.357067
          ],
          [
            4.918221,
            52.357117
          ],
          [
            4.918183,
            52.35717
          ],
          [
            4.918148,
            52.357216
          ],
          [
            4.918117,
            52.357258
          ],
          [
            4.918081,
            52.357307
          ],
          [
            4.918045,
            52.357349
          ],
          [
            4.918012,
            52.357399
          ],
          [
            4.917979,
            52.357441
          ],
          [
            4.917944,
            52.357491
          ],
          [
            4.91792,
            52.357525
          ],
          [
            4.917866,
            52.357601
          ],
          [
            4.917832,
            52.357647
          ],
          [
            4.917803,
            52.357693
          ],
          [
            4.917764,
            52.357738
          ],
          [
            4.917722,
            52.357788
          ],
          [
            4.91769,
            52.35783
          ],
          [
            4.917653,
            52.357868
          ],
          [
            4.917615,
            52.35791
          ],
          [
            4.917591,
            52.357944
          ],
          [
            4.917562,
            52.358006
          ],
          [
            4.917553,
            52.358036
          ],
          [
            4.91755,
            52.358074
          ],
          [
            4.917552,
            52.358112
          ],
          [
            4.917562,
            52.358177
          ],
          [
            4.917568,
            52.358204
          ],
          [
            4.917569,
            52.358212
          ],
          [
            4.917569,
            52.358212
          ],
          [
            4.917596,
            52.358246
          ],
          [
            4.917607,
            52.358261
          ],
          [
            4.917614,
            52.358269
          ],
          [
            4.917579,
            52.35828
          ],
          [
            4.917579,
            52.35828
          ],
          [
            4.917593,
            52.358303
          ],
          [
            4.917599,
            52.358318
          ],
          [
            4.917603,
            52.358326
          ],
          [
            4.917614,
            52.358341
          ],
          [
            4.917626,
            52.358372
          ],
          [
            4.917679,
            52.358429
          ],
          [
            4.917724,
            52.358452
          ],
          [
            4.917774,
            52.358475
          ],
          [
            4.91782,
            52.358498
          ],
          [
            4.91787,
            52.35852
          ],
          [
            4.917921,
            52.358543
          ],
          [
            4.91795,
            52.358562
          ],
          [
            4.917981,
            52.358582
          ],
          [
            4.918003,
            52.358597
          ],
          [
            4.918013,
            52.358635
          ],
          [
            4.918002,
            52.35865
          ],
          [
            4.917973,
            52.358673
          ],
          [
            4.917931,
            52.358696
          ],
          [
            4.917891,
            52.358715
          ],
          [
            4.917844,
            52.358727
          ],
          [
            4.91779,
            52.358738
          ],
          [
            4.917736,
            52.358749
          ],
          [
            4.917675,
            52.358757
          ],
          [
            4.917627,
            52.358768
          ],
          [
            4.917581,
            52.358784
          ],
          [
            4.917541,
            52.358799
          ],
          [
            4.9175,
            52.358818
          ],
          [
            4.917461,
            52.358849
          ],
          [
            4.917438,
            52.358871
          ],
          [
            4.91741,
            52.358898
          ],
          [
            4.917388,
            52.358929
          ],
          [
            4.917366,
            52.358963
          ],
          [
            4.917347,
            52.358997
          ],
          [
            4.917335,
            52.359032
          ],
          [
            4.917324,
            52.359062
          ],
          [
            4.917316,
            52.359104
          ],
          [
            4.917311,
            52.359135
          ],
          [
            4.917299,
            52.359169
          ],
          [
            4.917278,
            52.359207
          ],
          [
            4.91725,
            52.359249
          ],
          [
            4.917219,
            52.359283
          ],
          [
            4.917185,
            52.359322
          ],
          [
            4.917155,
            52.359356
          ],
          [
            4.91713,
            52.359402
          ],
          [
            4.917109,
            52.35944
          ],
          [
            4.917093,
            52.359478
          ],
          [
            4.917085,
            52.359524
          ],
          [
            4.917078,
            52.359577
          ],
          [
            4.917072,
            52.359619
          ],
          [
            4.917067,
            52.359673
          ],
          [
            4.917058,
            52.35973
          ],
          [
            4.917045,
            52.359795
          ],
          [
            4.917024,
            52.359852
          ],
          [
            4.916998,
            52.359913
          ],
          [
            4.916959,
            52.359974
          ],
          [
            4.916918,
            52.360027
          ],
          [
            4.916875,
            52.360077
          ],
          [
            4.916825,
            52.360123
          ],
          [
            4.916768,
            52.360161
          ],
          [
            4.91672,
            52.360195
          ],
          [
            4.916663,
            52.360226
          ],
          [
            4.916618,
            52.360256
          ],
          [
            4.91658,
            52.360283
          ],
          [
            4.916543,
            52.360317
          ],
          [
            4.91652,
            52.360352
          ],
          [
            4.9165,
            52.36039
          ],
          [
            4.916493,
            52.360428
          ],
          [
            4.91649,
            52.360466
          ],
          [
            4.916497,
            52.3605
          ],
          [
            4.916522,
            52.360531
          ],
          [
            4.916553,
            52.360558
          ],
          [
            4.916596,
            52.360584
          ],
          [
            4.916651,
            52.3606
          ],
          [
            4.916713,
            52.360611
          ],
          [
            4.916777,
            52.360611
          ],
          [
            4.91684,
            52.360603
          ],
          [
            4.916893,
            52.360584
          ],
          [
            4.916947,
            52.360561
          ],
          [
            4.917007,
            52.360531
          ],
          [
            4.917066,
            52.360504
          ],
          [
            4.917138,
            52.360474
          ],
          [
            4.91719,
            52.360455
          ],
          [
            4.917279,
            52.360428
          ],
          [
            4.917356,
            52.360405
          ],
          [
            4.917431,
            52.360386
          ],
          [
            4.917513,
            52.360367
          ],
          [
            4.917588,
            52.360352
          ],
          [
            4.917658,
            52.36034
          ],
          [
            4.917737,
            52.360336
          ],
          [
            4.917809,
            52.360336
          ],
          [
            4.917881,
            52.360344
          ],
          [
            4.917949,
            52.360352
          ],
          [
            4.918019,
            52.360363
          ],
          [
            4.91809,
            52.360374
          ],
          [
            4.918174,
            52.360386
          ],
          [
            4.918244,
            52.360397
          ],
          [
            4.918321,
            52.360409
          ],
          [
            4.918392,
            52.36042
          ],
          [
            4.918468,
            52.360428
          ],
          [
            4.918543,
            52.360436
          ],
          [
            4.918608,
            52.360443
          ],
          [
            4.918668,
            52.360455
          ],
          [
            4.918735,
            52.360466
          ],
          [
            4.918794,
            52.360481
          ],
          [
            4.918852,
            52.360497
          ],
          [
            4.918909,
            52.360508
          ],
          [
            4.918962,
            52.360512
          ],
          [
            4.919088,
            52.360512
          ],
          [
            4.919154,
            52.360516
          ],
          [
            4.919224,
            52.360519
          ],
          [
            4.91938,
            52.360535
          ],
          [
            4.919457,
            52.360546
          ],
          [
            4.919534,
            52.360558
          ],
          [
            4.919629,
            52.36058
          ],
          [
            4.919709,
            52.360607
          ],
          [
            4.919783,
            52.360638
          ],
          [
            4.919852,
            52.360676
          ],
          [
            4.919923,
            52.360714
          ],
          [
            4.919994,
            52.360756
          ],
          [
            4.920065,
            52.360802
          ],
          [
            4.920128,
            52.360844
          ],
          [
            4.920185,
            52.360889
          ],
          [
            4.920237,
            52.360935
          ],
          [
            4.920319,
            52.361031
          ],
          [
            4.920355,
            52.361076
          ],
          [
            4.920392,
            52.361126
          ],
          [
            4.920418,
            52.361168
          ],
          [
            4.920446,
            52.361214
          ],
          [
            4.920471,
            52.361259
          ],
          [
            4.920494,
            52.361305
          ],
          [
            4.920516,
            52.361347
          ],
          [
            4.920543,
            52.361397
          ],
          [
            4.920565,
            52.361443
          ],
          [
            4.920588,
            52.361496
          ],
          [
            4.920601,
            52.361542
          ],
          [
            4.920617,
            52.361591
          ],
          [
            4.920632,
            52.361641
          ],
          [
            4.920632,
            52.361687
          ],
          [
            4.920628,
            52.361736
          ],
          [
            4.920617,
            52.361786
          ],
          [
            4.920602,
            52.361828
          ],
          [
            4.920579,
            52.361874
          ],
          [
            4.920553,
            52.361919
          ],
          [
            4.920523,
            52.361965
          ],
          [
            4.920489,
            52.362015
          ],
          [
            4.920455,
            52.362068
          ],
          [
            4.920419,
            52.362122
          ],
          [
            4.92038,
            52.362175
          ],
          [
            4.920332,
            52.362221
          ],
          [
            4.920283,
            52.36227
          ],
          [
            4.920238,
            52.36232
          ],
          [
            4.920192,
            52.36237
          ],
          [
            4.920144,
            52.362415
          ],
          [
            4.920094,
            52.362461
          ],
          [
            4.920041,
            52.362503
          ],
          [
            4.919992,
            52.362537
          ],
          [
            4.919948,
            52.362572
          ],
          [
            4.919913,
            52.362595
          ],
          [
            4.919905,
            52.362617
          ],
          [
            4.919909,
            52.362637
          ],
          [
            4.919936,
            52.362659
          ],
          [
            4.920028,
            52.362728
          ],
          [
            4.920073,
            52.362751
          ],
          [
            4.920122,
            52.362774
          ],
          [
            4.920169,
            52.362793
          ],
          [
            4.920212,
            52.362808
          ],
          [
            4.920265,
            52.362831
          ],
          [
            4.920295,
            52.362846
          ],
          [
            4.920295,
            52.362846
          ],
          [
            4.920295,
            52.362846
          ],
          [
            4.920294,
            52.362869
          ],
          [
            4.920287,
            52.362881
          ],
          [
            4.920269,
            52.362896
          ],
          [
            4.92024,
            52.362915
          ],
          [
            4.920227,
            52.362923
          ],
          [
            4.920208,
            52.362934
          ],
          [
            4.920191,
            52.362938
          ],
          [
            4.920159,
            52.362957
          ],
          [
            4.920136,
            52.362968
          ],
          [
            4.920119,
            52.362976
          ],
          [
            4.920021,
            52.363079
          ],
          [
            4.92,
            52.36311
          ],
          [
            4.91998,
            52.363136
          ],
          [
            4.919951,
            52.363171
          ],
          [
            4.919925,
            52.363197
          ],
          [
            4.919894,
            52.363224
          ],
          [
            4.919859,
            52.363251
          ],
          [
            4.919832,
            52.363274
          ],
          [
            4.919799,
            52.3633
          ],
          [
            4.919756,
            52.363323
          ],
          [
            4.919712,
            52.363338
          ],
          [
            4.919675,
            52.36335
          ],
          [
            4.919646,
            52.363361
          ],
          [
            4.919605,
            52.363369
          ],
          [
            4.919561,
            52.363373
          ],
          [
            4.919516,
            52.363369
          ],
          [
            4.91947,
            52.363361
          ],
          [
            4.91945,
            52.363346
          ],
          [
            4.919426,
            52.363316
          ],
          [
            4.919424,
            52.363277
          ],
          [
            4.919412,
            52.363239
          ],
          [
            4.919348,
            52.363174
          ],
          [
            4.919307,
            52.363144
          ],
          [
            4.919273,
            52.363117
          ],
          [
            4.919238,
            52.363091
          ],
          [
            4.919211,
            52.363068
          ],
          [
            4.91919,
            52.363049
          ],
          [
            4.919192,
            52.363029
          ],
          [
            4.919207,
            52.363033
          ],
          [
            4.919207,
            52.363033
          ],
          [
            4.919238,
            52.36306
          ],
          [
            4.919247,
            52.363071
          ],
          [
            4.919282,
            52.363102
          ],
          [
            4.919308,
            52.363117
          ],
          [
            4.919338,
            52.363148
          ],
          [
            4.91937,
            52.363171
          ],
          [
            4.919392,
            52.363197
          ],
          [
            4.919402,
            52.363228
          ],
          [
            4.919404,
            52.363262
          ],
          [
            4.919401,
            52.363285
          ],
          [
            4.919393,
            52.363312
          ],
          [
            4.919374,
            52.363331
          ],
          [
            4.91935,
            52.36335
          ],
          [
            4.919322,
            52.363369
          ],
          [
            4.919285,
            52.363388
          ],
          [
            4.919245,
            52.363411
          ],
          [
            4.919145,
            52.363434
          ],
          [
            4.919094,
            52.363434
          ],
          [
            4.919055,
            52.363442
          ],
          [
            4.919028,
            52.363442
          ],
          [
            4.918996,
            52.36343
          ],
          [
            4.918952,
            52.363419
          ],
          [
            4.91892,
            52.363411
          ],
          [
            4.91888,
            52.363426
          ],
          [
            4.918834,
            52.363449
          ],
          [
            4.918797,
            52.363472
          ],
          [
            4.918756,
            52.363499
          ],
          [
            4.918723,
            52.363518
          ],
          [
            4.918677,
            52.363518
          ],
          [
            4.918619,
            52.363506
          ],
          [
            4.918558,
            52.363476
          ],
          [
            4.91849,
            52.363442
          ],
          [
            4.918416,
            52.363415
          ],
          [
            4.918333,
            52.363388
          ],
          [
            4.918313,
            52.36338
          ],
          [
            4.918146,
            52.363338
          ],
          [
            4.918072,
            52.363323
          ],
          [
            4.917948,
            52.3633
          ],
          [
            4.917854,
            52.363281
          ],
          [
            4.917797,
            52.36327
          ],
          [
            4.917661,
            52.363239
          ],
          [
            4.917558,
            52.36322
          ],
          [
            4.917464,
            52.363201
          ],
          [
            4.917362,
            52.363178
          ],
          [
            4.917091,
            52.363113
          ],
          [
            4.917052,
            52.363106
          ],
          [
            4.916893,
            52.363075
          ],
          [
            4.916838,
            52.363064
          ],
          [
            4.916704,
            52.363041
          ],
          [
            4.916612,
            52.363022
          ],
          [
            4.916432,
            52.362984
          ],
          [
            4.916318,
            52.362961
          ],
          [
            4.916289,
            52.362953
          ],
          [
            4.916182,
            52.362927
          ],
          [
            4.916109,
            52.362911
          ],
          [
            4.916117,
            52.362911
          ],
          [
            4.915934,
            52.362869
          ],
          [
            4.915837,
            52.36285
          ],
          [
            4.915748,
            52.362831
          ],
          [
            4.915656,
            52.362816
          ],
          [
            4.915646,
            52.362812
          ],
          [
            4.915468,
            52.362778
          ],
          [
            4.915361,
            52.362759
          ],
          [
            4.915276,
            52.36274
          ],
          [
            4.915178,
            52.36272
          ],
          [
            4.915166,
            52.362717
          ],
          [
            4.914992,
            52.362678
          ],
          [
            4.914881,
            52.362656
          ],
          [
            4.914802,
            52.362637
          ],
          [
            4.914688,
            52.362614
          ],
          [
            4.91459,
            52.362595
          ],
          [
            4.914503,
            52.362576
          ],
          [
            4.914521,
            52.362576
          ],
          [
            4.914349,
            52.362545
          ],
          [
            4.914215,
            52.362514
          ],
          [
            4.914111,
            52.362495
          ],
          [
            4.914018,
            52.362473
          ],
          [
            4.913918,
            52.362453
          ],
          [
            4.913726,
            52.362415
          ],
          [
            4.913639,
            52.362396
          ],
          [
            4.913484,
            52.362381
          ],
          [
            4.913408,
            52.362381
          ],
          [
            4.913363,
            52.362392
          ],
          [
            4.913334,
            52.362404
          ],
          [
            4.913317,
            52.362423
          ],
          [
            4.9133,
            52.36245
          ],
          [
            4.913293,
            52.36248
          ],
          [
            4.913298,
            52.362499
          ],
          [
            4.913291,
            52.362526
          ],
          [
            4.913291,
            52.362526
          ],
          [
            4.913263,
            52.362568
          ],
          [
            4.913261,
            52.362568
          ],
          [
            4.913264,
            52.362568
          ],
          [
            4.913268,
            52.36256
          ],
          [
            4.913277,
            52.362545
          ],
          [
            4.913318,
            52.362503
          ],
          [
            4.913327,
            52.36248
          ],
          [
            4.913338,
            52.36245
          ],
          [
            4.913334,
            52.362404
          ],
          [
            4.913314,
            52.362381
          ],
          [
            4.913291,
            52.362366
          ],
          [
            4.913235,
            52.362343
          ],
          [
            4.913175,
            52.362324
          ],
          [
            4.913076,
            52.362297
          ],
          [
            4.913028,
            52.362278
          ],
          [
            4.912928,
            52.362255
          ],
          [
            4.912783,
            52.362221
          ],
          [
            4.912707,
            52.362206
          ],
          [
            4.912632,
            52.36219
          ],
          [
            4.912563,
            52.362175
          ],
          [
            4.912487,
            52.36216
          ],
          [
            4.91242,
            52.362148
          ],
          [
            4.912344,
            52.362133
          ],
          [
            4.912272,
            52.362122
          ],
          [
            4.912196,
            52.362106
          ],
          [
            4.912129,
            52.362099
          ],
          [
            4.912052,
            52.362083
          ],
          [
            4.911974,
            52.362068
          ],
          [
            4.911898,
            52.362049
          ],
          [
            4.911817,
            52.36203
          ],
          [
            4.911721,
            52.362007
          ],
          [
            4.911635,
            52.361988
          ],
          [
            4.911541,
            52.361965
          ],
          [
            4.911444,
            52.361946
          ],
          [
            4.911362,
            52.361927
          ],
          [
            4.911255,
            52.361904
          ],
          [
            4.911164,
            52.361889
          ],
          [
            4.911066,
            52.36187
          ],
          [
            4.910967,
            52.361847
          ],
          [
            4.910776,
            52.361805
          ],
          [
            4.910683,
            52.36179
          ],
          [
            4.910583,
            52.361771
          ],
          [
            4.910483,
            52.361752
          ],
          [
            4.910414,
            52.361736
          ],
          [
            4.910293,
            52.361713
          ],
          [
            4.910197,
            52.361694
          ],
          [
            4.910095,
            52.361671
          ],
          [
            4.909995,
            52.361649
          ],
          [
            4.909914,
            52.361633
          ],
          [
            4.909801,
            52.36161
          ],
          [
            4.90971,
            52.361591
          ],
          [
            4.909611,
            52.361572
          ],
          [
            4.909515,
            52.361549
          ],
          [
            4.909421,
            52.36153
          ],
          [
            4.909325,
            52.361507
          ],
          [
            4.909235,
            52.361496
          ],
          [
            4.909142,
            52.361481
          ],
          [
            4.909052,
            52.361469
          ],
          [
            4.908962,
            52.361458
          ],
          [
            4.908879,
            52.361443
          ],
          [
            4.908793,
            52.361427
          ],
          [
            4.908712,
            52.361412
          ],
          [
            4.908637,
            52.361397
          ],
          [
            4.908557,
            52.361382
          ],
          [
            4.908484,
            52.361366
          ],
          [
            4.908336,
            52.361347
          ],
          [
            4.90827,
            52.361343
          ],
          [
            4.908208,
            52.361347
          ],
          [
            4.908161,
            52.361359
          ],
          [
            4.908117,
            52.361382
          ],
          [
            4.908084,
            52.361408
          ],
          [
            4.908052,
            52.361454
          ],
          [
            4.908023,
            52.3615
          ],
          [
            4.907995,
            52.361549
          ],
          [
            4.907969,
            52.361603
          ],
          [
            4.907938,
            52.361656
          ],
          [
            4.907913,
            52.361706
          ],
          [
            4.907879,
            52.361763
          ],
          [
            4.907847,
            52.361824
          ],
          [
            4.907815,
            52.361885
          ],
          [
            4.907784,
            52.361942
          ],
          [
            4.907747,
            52.362007
          ],
          [
            4.907708,
            52.362064
          ],
          [
            4.907671,
            52.362122
          ],
          [
            4.907635,
            52.362179
          ],
          [
            4.907594,
            52.362236
          ],
          [
            4.907555,
            52.362289
          ],
          [
            4.907516,
            52.362343
          ],
          [
            4.907479,
            52.3624
          ],
          [
            4.90744,
            52.362457
          ],
          [
            4.907404,
            52.362507
          ],
          [
            4.907366,
            52.362568
          ],
          [
            4.907327,
            52.362629
          ],
          [
            4.907293,
            52.362682
          ],
          [
            4.907254,
            52.362743
          ],
          [
            4.907216,
            52.362808
          ],
          [
            4.907182,
            52.362865
          ],
          [
            4.90715,
            52.362919
          ],
          [
            4.907118,
            52.36298
          ],
          [
            4.907086,
            52.363041
          ],
          [
            4.907053,
            52.363106
          ],
          [
            4.90702,
            52.363159
          ],
          [
            4.906996,
            52.363216
          ],
          [
            4.906956,
            52.363274
          ],
          [
            4.906919,
            52.363331
          ],
          [
            4.906883,
            52.363392
          ],
          [
            4.906846,
            52.363445
          ],
          [
            4.906808,
            52.363499
          ],
          [
            4.906768,
            52.36356
          ],
          [
            4.906726,
            52.363621
          ],
          [
            4.906688,
            52.363678
          ],
          [
            4.906643,
            52.363739
          ],
          [
            4.906604,
            52.363796
          ],
          [
            4.906565,
            52.363853
          ],
          [
            4.906527,
            52.363911
          ],
          [
            4.906477,
            52.363976
          ],
          [
            4.906425,
            52.36404
          ],
          [
            4.906385,
            52.364101
          ],
          [
            4.906337,
            52.364159
          ],
          [
            4.906299,
            52.364216
          ],
          [
            4.906262,
            52.364265
          ],
          [
            4.906225,
            52.364323
          ],
          [
            4.906195,
            52.36438
          ],
          [
            4.90617,
            52.364426
          ],
          [
            4.906144,
            52.364483
          ],
          [
            4.906117,
            52.364536
          ],
          [
            4.906085,
            52.364578
          ],
          [
            4.906055,
            52.364628
          ],
          [
            4.906018,
            52.364677
          ],
          [
            4.905976,
            52.364731
          ],
          [
            4.905942,
            52.364773
          ],
          [
            4.90591,
            52.364819
          ],
          [
            4.905875,
            52.364872
          ],
          [
            4.905858,
            52.364914
          ],
          [
            4.905852,
            52.36496
          ],
          [
            4.90586,
            52.364998
          ],
          [
            4.905899,
            52.365032
          ],
          [
            4.905917,
            52.365044
          ],
          [
            4.906024,
            52.36507
          ],
          [
            4.906072,
            52.365086
          ],
          [
            4.906155,
            52.365101
          ],
          [
            4.906278,
            52.365128
          ],
          [
            4.906374,
            52.365147
          ],
          [
            4.906448,
            52.365162
          ],
          [
            4.906527,
            52.365181
          ],
          [
            4.906654,
            52.365208
          ],
          [
            4.906763,
            52.365231
          ],
          [
            4.906861,
            52.36525
          ],
          [
            4.906946,
            52.365265
          ],
          [
            4.907053,
            52.365284
          ],
          [
            4.907145,
            52.365303
          ],
          [
            4.907231,
            52.365322
          ],
          [
            4.907332,
            52.365341
          ],
          [
            4.907428,
            52.36536
          ],
          [
            4.907522,
            52.365383
          ],
          [
            4.907611,
            52.365402
          ],
          [
            4.907697,
            52.365414
          ],
          [
            4.907751,
            52.365425
          ],
          [
            4.907884,
            52.365452
          ],
          [
            4.907988,
            52.365471
          ],
          [
            4.908081,
            52.36549
          ],
          [
            4.908132,
            52.365498
          ],
          [
            4.908257,
            52.36552
          ],
          [
            4.908358,
            52.365536
          ],
          [
            4.908453,
            52.365555
          ],
          [
            4.908547,
            52.365574
          ],
          [
            4.908644,
            52.365589
          ],
          [
            4.908739,
            52.365597
          ],
          [
            4.908829,
            52.365593
          ],
          [
            4.908915,
            52.365578
          ],
          [
            4.908998,
            52.365555
          ],
          [
            4.909075,
            52.365532
          ],
          [
            4.909145,
            52.365509
          ],
          [
            4.909217,
            52.365482
          ],
          [
            4.909295,
            52.365456
          ],
          [
            4.909347,
            52.36544
          ],
          [
            4.909433,
            52.365414
          ],
          [
            4.909502,
            52.365391
          ],
          [
            4.909563,
            52.365368
          ],
          [
            4.909628,
            52.365345
          ],
          [
            4.909692,
            52.365326
          ],
          [
            4.909756,
            52.365303
          ],
          [
            4.90981,
            52.36528
          ],
          [
            4.909867,
            52.365261
          ],
          [
            4.909915,
            52.365246
          ],
          [
            4.909965,
            52.365231
          ],
          [
            4.910008,
            52.365215
          ],
          [
            4.910054,
            52.365196
          ],
          [
            4.910087,
            52.365185
          ],
          [
            4.910087,
            52.365185
          ],
          [
            4.910087,
            52.365185
          ],
          [
            4.910087,
            52.365185
          ],
          [
            4.910087,
            52.365185
          ],
          [
            4.910087,
            52.365185
          ],
          [
            4.910193,
            52.365154
          ],
          [
            4.91021,
            52.36515
          ],
          [
            4.910228,
            52.365147
          ],
          [
            4.91025,
            52.365139
          ],
          [
            4.910272,
            52.365128
          ],
          [
            4.910295,
            52.36512
          ],
          [
            4.910328,
            52.365105
          ],
          [
            4.910357,
            52.365097
          ],
          [
            4.910393,
            52.365089
          ],
          [
            4.910441,
            52.365089
          ],
          [
            4.910484,
            52.365093
          ],
          [
            4.910527,
            52.365097
          ],
          [
            4.910576,
            52.365108
          ],
          [
            4.910613,
            52.365124
          ],
          [
            4.910649,
            52.365143
          ],
          [
            4.910682,
            52.36517
          ],
          [
            4.91071,
            52.365196
          ],
          [
            4.910738,
            52.365223
          ],
          [
            4.910768,
            52.365257
          ],
          [
            4.910797,
            52.365292
          ],
          [
            4.910834,
            52.36533
          ],
          [
            4.910871,
            52.365368
          ],
          [
            4.910908,
            52.36541
          ],
          [
            4.910948,
            52.365456
          ],
          [
            4.910984,
            52.365494
          ],
          [
            4.911024,
            52.36554
          ],
          [
            4.911063,
            52.365581
          ],
          [
            4.911106,
            52.365627
          ],
          [
            4.911146,
            52.365673
          ],
          [
            4.911187,
            52.365723
          ],
          [
            4.91123,
            52.365768
          ],
          [
            4.911266,
            52.36581
          ],
          [
            4.911305,
            52.365856
          ],
          [
            4.911347,
            52.365898
          ],
          [
            4.911387,
            52.36594
          ],
          [
            4.911428,
            52.365982
          ],
          [
            4.911454,
            52.366013
          ],
          [
            4.911482,
            52.366039
          ],
          [
            4.9115,
            52.366062
          ],
          [
            4.9115,
            52.366062
          ],
          [
            4.911537,
            52.366112
          ],
          [
            4.911552,
            52.366135
          ],
          [
            4.911562,
            52.36615
          ],
          [
            4.911583,
            52.366177
          ],
          [
            4.911607,
            52.366203
          ],
          [
            4.911635,
            52.366238
          ],
          [
            4.911665,
            52.366276
          ],
          [
            4.911696,
            52.36631
          ],
          [
            4.91172,
            52.366348
          ],
          [
            4.911737,
            52.366386
          ],
          [
            4.91174,
            52.366425
          ],
          [
            4.911725,
            52.366459
          ],
          [
            4.911684,
            52.366497
          ],
          [
            4.91163,
            52.366528
          ],
          [
            4.911571,
            52.366554
          ],
          [
            4.9115,
            52.366581
          ],
          [
            4.911438,
            52.3666
          ],
          [
            4.91134,
            52.366631
          ],
          [
            4.911268,
            52.366657
          ],
          [
            4.911181,
            52.366688
          ],
          [
            4.911125,
            52.366703
          ],
          [
            4.911002,
            52.366745
          ],
          [
            4.910915,
            52.366779
          ],
          [
            4.910835,
            52.366802
          ],
          [
            4.910759,
            52.366829
          ],
          [
            4.910651,
            52.366867
          ],
          [
            4.910556,
            52.366898
          ],
          [
            4.910493,
            52.366917
          ],
          [
            4.910378,
            52.366951
          ],
          [
            4.910287,
            52.366978
          ],
          [
            4.910194,
            52.367008
          ],
          [
            4.910105,
            52.367039
          ],
          [
            4.910021,
            52.367065
          ],
          [
            4.909921,
            52.367096
          ],
          [
            4.909829,
            52.367123
          ],
          [
            4.909747,
            52.367153
          ],
          [
            4.909664,
            52.367184
          ],
          [
            4.909586,
            52.367214
          ],
          [
            4.909523,
            52.367252
          ],
          [
            4.909478,
            52.367287
          ],
          [
            4.909448,
            52.367317
          ],
          [
            4.90942,
            52.367359
          ],
          [
            4.909389,
            52.367393
          ],
          [
            4.909355,
            52.367432
          ],
          [
            4.909317,
            52.367458
          ],
          [
            4.909272,
            52.367481
          ],
          [
            4.909283,
            52.367481
          ],
          [
            4.909267,
            52.367489
          ],
          [
            4.909233,
            52.3675
          ],
          [
            4.909184,
            52.367519
          ],
          [
            4.909135,
            52.367535
          ],
          [
            4.909026,
            52.367558
          ],
          [
            4.908957,
            52.367565
          ],
          [
            4.9089,
            52.367569
          ],
          [
            4.908842,
            52.367569
          ],
          [
            4.908785,
            52.367569
          ],
          [
            4.908725,
            52.367573
          ],
          [
            4.908677,
            52.367577
          ],
          [
            4.908639,
            52.367588
          ],
          [
            4.908597,
            52.367603
          ],
          [
            4.908559,
            52.367619
          ],
          [
            4.908526,
            52.367634
          ],
          [
            4.908497,
            52.367649
          ],
          [
            4.908471,
            52.367668
          ],
          [
            4.908453,
            52.36768
          ],
          [
            4.908438,
            52.36771
          ],
          [
            4.908433,
            52.367741
          ],
          [
            4.908428,
            52.367756
          ],
          [
            4.908436,
            52.367779
          ],
          [
            4.908452,
            52.367805
          ],
          [
            4.908485,
            52.367832
          ],
          [
            4.90851,
            52.367855
          ],
          [
            4.908538,
            52.367878
          ],
          [
            4.908568,
            52.367901
          ],
          [
            4.908609,
            52.367931
          ],
          [
            4.908651,
            52.367954
          ],
          [
            4.908692,
            52.367989
          ],
          [
            4.908725,
            52.368023
          ],
          [
            4.908762,
            52.368057
          ],
          [
            4.908794,
            52.368092
          ],
          [
            4.908825,
            52.36813
          ],
          [
            4.908851,
            52.368164
          ],
          [
            4.908876,
            52.368198
          ],
          [
            4.908898,
            52.368229
          ],
          [
            4.908926,
            52.368267
          ],
          [
            4.908958,
            52.368305
          ],
          [
            4.908993,
            52.368343
          ],
          [
            4.909029,
            52.368374
          ],
          [
            4.909072,
            52.368404
          ],
          [
            4.909113,
            52.368435
          ],
          [
            4.909155,
            52.368462
          ],
          [
            4.909205,
            52.368496
          ],
          [
            4.909255,
            52.368526
          ],
          [
            4.909301,
            52.368561
          ],
          [
            4.909343,
            52.368591
          ],
          [
            4.909392,
            52.368626
          ],
          [
            4.909439,
            52.36866
          ],
          [
            4.909484,
            52.368694
          ],
          [
            4.909533,
            52.368721
          ],
          [
            4.909582,
            52.368755
          ],
          [
            4.909627,
            52.368778
          ],
          [
            4.909669,
            52.368805
          ],
          [
            4.909709,
            52.368832
          ],
          [
            4.90975,
            52.368855
          ],
          [
            4.909782,
            52.368877
          ],
          [
            4.909817,
            52.368904
          ],
          [
            4.909844,
            52.368919
          ],
          [
            4.909866,
            52.368919
          ],
          [
            4.909904,
            52.368916
          ],
          [
            4.909948,
            52.3689
          ],
          [
            4.909987,
            52.368877
          ],
          [
            4.910028,
            52.368851
          ],
          [
            4.910063,
            52.368832
          ],
          [
            4.910098,
            52.368809
          ],
          [
            4.910131,
            52.368794
          ],
          [
            4.910172,
            52.368778
          ],
          [
            4.910206,
            52.368759
          ],
          [
            4.910234,
            52.36874
          ],
          [
            4.91026,
            52.368729
          ],
          [
            4.910289,
            52.368713
          ],
          [
            4.910289,
            52.368713
          ],
          [
            4.910346,
            52.368721
          ],
          [
            4.91036,
            52.36874
          ],
          [
            4.910368,
            52.368755
          ],
          [
            4.910378,
            52.368774
          ],
          [
            4.910393,
            52.368797
          ],
          [
            4.910413,
            52.36882
          ],
          [
            4.910423,
            52.368851
          ],
          [
            4.91043,
            52.368877
          ],
          [
            4.910425,
            52.368908
          ],
          [
            4.910397,
            52.368938
          ],
          [
            4.910361,
            52.368958
          ],
          [
            4.910303,
            52.368988
          ],
          [
            4.910264,
            52.369015
          ],
          [
            4.910225,
            52.369041
          ],
          [
            4.910184,
            52.369068
          ],
          [
            4.910142,
            52.369095
          ],
          [
            4.910097,
            52.369118
          ],
          [
            4.910055,
            52.369141
          ],
          [
            4.91001,
            52.369163
          ],
          [
            4.909969,
            52.369183
          ],
          [
            4.909928,
            52.369202
          ],
          [
            4.909893,
            52.369225
          ],
          [
            4.909854,
            52.369244
          ],
          [
            4.90982,
            52.369263
          ],
          [
            4.909787,
            52.369286
          ],
          [
            4.909774,
            52.369308
          ],
          [
            4.909774,
            52.36932
          ],
          [
            4.909774,
            52.369324
          ],
          [
            4.909776,
            52.369335
          ],
          [
            4.90977,
            52.369335
          ],
          [
            4.909779,
            52.369354
          ],
          [
            4.909796,
            52.369373
          ],
          [
            4.909819,
            52.369392
          ],
          [
            4.909861,
            52.369427
          ],
          [
            4.909904,
            52.369457
          ],
          [
            4.909945,
            52.369488
          ],
          [
            4.909993,
            52.369518
          ],
          [
            4.910033,
            52.369545
          ],
          [
            4.91033,
            52.369751
          ],
          [
            4.910386,
            52.369789
          ],
          [
            4.910436,
            52.369816
          ],
          [
            4.910475,
            52.369843
          ],
          [
            4.910509,
            52.369869
          ],
          [
            4.910537,
            52.369892
          ],
          [
            4.910569,
            52.369915
          ],
          [
            4.910609,
            52.369942
          ],
          [
            4.91065,
            52.369968
          ],
          [
            4.910885,
            52.370102
          ],
          [
            4.910904,
            52.370113
          ],
          [
            4.910938,
            52.370132
          ],
          [
            4.910976,
            52.370155
          ],
          [
            4.91102,
            52.370186
          ],
          [
            4.911065,
            52.370213
          ],
          [
            4.911114,
            52.370243
          ],
          [
            4.911159,
            52.370266
          ],
          [
            4.911203,
            52.370289
          ],
          [
            4.911252,
            52.370316
          ],
          [
            4.911303,
            52.370342
          ],
          [
            4.911351,
            52.370369
          ],
          [
            4.911407,
            52.370384
          ],
          [
            4.911458,
            52.370388
          ],
          [
            4.911509,
            52.37038
          ],
          [
            4.911554,
            52.370369
          ],
          [
            4.9116,
            52.37035
          ],
          [
            4.911648,
            52.370323
          ],
          [
            4.911693,
            52.3703
          ],
          [
            4.911732,
            52.370274
          ],
          [
            4.911778,
            52.370243
          ],
          [
            4.91182,
            52.370213
          ],
          [
            4.91187,
            52.370182
          ],
          [
            4.911921,
            52.370152
          ],
          [
            4.911973,
            52.370121
          ],
          [
            4.912027,
            52.37009
          ],
          [
            4.912091,
            52.370056
          ],
          [
            4.912152,
            52.370029
          ],
          [
            4.91221,
            52.369995
          ],
          [
            4.912274,
            52.369953
          ],
          [
            4.91233,
            52.369919
          ],
          [
            4.912386,
            52.369881
          ],
          [
            4.912447,
            52.369843
          ],
          [
            4.912485,
            52.369823
          ],
          [
            4.912574,
            52.369781
          ],
          [
            4.912644,
            52.369755
          ],
          [
            4.912713,
            52.369728
          ],
          [
            4.912779,
            52.369705
          ],
          [
            4.912856,
            52.369682
          ],
          [
            4.912932,
            52.369652
          ],
          [
            4.913005,
            52.369629
          ],
          [
            4.913073,
            52.369602
          ],
          [
            4.913152,
            52.369579
          ],
          [
            4.913218,
            52.369556
          ],
          [
            4.913265,
            52.369541
          ],
          [
            4.913363,
            52.369514
          ],
          [
            4.913446,
            52.369492
          ],
          [
            4.913526,
            52.369461
          ],
          [
            4.913599,
            52.369434
          ],
          [
            4.913676,
            52.369408
          ],
          [
            4.913758,
            52.369381
          ],
          [
            4.913829,
            52.36935
          ],
          [
            4.913909,
            52.369328
          ],
          [
            4.913982,
            52.369301
          ],
          [
            4.914058,
            52.369278
          ],
          [
            4.914136,
            52.369267
          ],
          [
            4.914211,
            52.369259
          ],
          [
            4.91428,
            52.369259
          ],
          [
            4.914335,
            52.36927
          ],
          [
            4.914387,
            52.369278
          ],
          [
            4.914429,
            52.369308
          ],
          [
            4.914466,
            52.369343
          ],
          [
            4.914498,
            52.36937
          ],
          [
            4.914547,
            52.369411
          ],
          [
            4.914587,
            52.369453
          ],
          [
            4.914636,
            52.369476
          ],
          [
            4.914696,
            52.369499
          ],
          [
            4.914755,
            52.369514
          ],
          [
            4.914813,
            52.369518
          ],
          [
            4.914878,
            52.369507
          ],
          [
            4.914941,
            52.369492
          ],
          [
            4.915014,
            52.369473
          ],
          [
            4.91509,
            52.369446
          ],
          [
            4.91517,
            52.369419
          ],
          [
            4.91525,
            52.369392
          ],
          [
            4.915326,
            52.369366
          ],
          [
            4.915418,
            52.369335
          ],
          [
            4.915507,
            52.369305
          ],
          [
            4.915595,
            52.369274
          ],
          [
            4.915681,
            52.369247
          ],
          [
            4.915762,
            52.369221
          ],
          [
            4.915852,
            52.36919
          ],
          [
            4.915939,
            52.369163
          ],
          [
            4.916027,
            52.369129
          ],
          [
            4.916112,
            52.369099
          ],
          [
            4.916185,
            52.369076
          ],
          [
            4.916285,
            52.369038
          ],
          [
            4.916377,
            52.369003
          ],
          [
            4.916466,
            52.368973
          ],
          [
            4.916554,
            52.368938
          ],
          [
            4.916616,
            52.368916
          ],
          [
            4.916723,
            52.368877
          ],
          [
            4.91682,
            52.368847
          ],
          [
            4.916906,
            52.368813
          ],
          [
            4.916984,
            52.368782
          ],
          [
            4.917026,
            52.368771
          ],
          [
            4.917148,
            52.368725
          ],
          [
            4.917241,
            52.368691
          ],
          [
            4.917319,
            52.368656
          ],
          [
            4.917374,
            52.368633
          ],
          [
            4.917419,
            52.368614
          ],
          [
            4.91744,
            52.36858
          ],
          [
            4.917443,
            52.368549
          ],
          [
            4.917427,
            52.368515
          ],
          [
            4.917413,
            52.368484
          ],
          [
            4.917389,
            52.368454
          ],
          [
            4.917379,
            52.36842
          ],
          [
            4.917356,
            52.368385
          ],
          [
            4.917339,
            52.368362
          ],
          [
            4.917339,
            52.368362
          ],
          [
            4.917278,
            52.368313
          ],
          [
            4.917278,
            52.368313
          ],
          [
            4.917264,
            52.368286
          ],
          [
            4.917264,
            52.368286
          ],
          [
            4.917269,
            52.368279
          ],
          [
            4.917276,
            52.368282
          ],
          [
            4.917284,
            52.36829
          ],
          [
            4.917295,
            52.368294
          ],
          [
            4.917308,
            52.368313
          ],
          [
            4.917308,
            52.368313
          ],
          [
            4.917308,
            52.368313
          ],
          [
            4.917308,
            52.368313
          ],
          [
            4.917308,
            52.368351
          ],
          [
            4.917313,
            52.368347
          ],
          [
            4.917308,
            52.368347
          ],
          [
            4.917316,
            52.36834
          ],
          [
            4.91733,
            52.368336
          ],
          [
            4.917348,
            52.368309
          ],
          [
            4.917367,
            52.368294
          ],
          [
            4.917435,
            52.368252
          ],
          [
            4.917489,
            52.368221
          ],
          [
            4.91756,
            52.368195
          ],
          [
            4.917616,
            52.368164
          ],
          [
            4.917672,
            52.368137
          ],
          [
            4.917735,
            52.368107
          ],
          [
            4.917786,
            52.36808
          ],
          [
            4.917843,
            52.368042
          ],
          [
            4.9179,
            52.368004
          ],
          [
            4.91795,
            52.367977
          ],
          [
            4.918007,
            52.367939
          ],
          [
            4.918055,
            52.367908
          ],
          [
            4.918096,
            52.367878
          ],
          [
            4.918122,
            52.367855
          ],
          [
            4.918134,
            52.367817
          ],
          [
            4.918131,
            52.367767
          ],
          [
            4.91812,
            52.367729
          ],
          [
            4.918094,
            52.367683
          ],
          [
            4.918072,
            52.367649
          ],
          [
            4.91804,
            52.367619
          ],
          [
            4.918018,
            52.367592
          ],
          [
            4.91798,
            52.367565
          ],
          [
            4.917942,
            52.36755
          ],
          [
            4.91791,
            52.367538
          ],
          [
            4.917859,
            52.367538
          ],
          [
            4.91781,
            52.367542
          ],
          [
            4.917762,
            52.36755
          ],
          [
            4.917706,
            52.367565
          ],
          [
            4.917649,
            52.36758
          ],
          [
            4.917601,
            52.367596
          ],
          [
            4.917526,
            52.367622
          ],
          [
            4.917463,
            52.367645
          ],
          [
            4.917395,
            52.367672
          ],
          [
            4.917337,
            52.367687
          ],
          [
            4.91727,
            52.367714
          ],
          [
            4.917206,
            52.367733
          ],
          [
            4.917154,
            52.367752
          ],
          [
            4.917103,
            52.367767
          ],
          [
            4.917056,
            52.367779
          ],
          [
            4.917,
            52.367798
          ],
          [
            4.91695,
            52.367817
          ],
          [
            4.9169,
            52.367832
          ],
          [
            4.916837,
            52.367851
          ],
          [
            4.916779,
            52.367874
          ],
          [
            4.916751,
            52.367882
          ],
          [
            4.916653,
            52.367916
          ],
          [
            4.916574,
            52.367943
          ],
          [
            4.916531,
            52.367958
          ],
          [
            4.916428,
            52.367996
          ],
          [
            4.916345,
            52.368027
          ],
          [
            4.916257,
            52.368057
          ],
          [
            4.916166,
            52.368092
          ],
          [
            4.916077,
            52.368122
          ],
          [
            4.915986,
            52.368153
          ],
          [
            4.915904,
            52.368179
          ],
          [
            4.915815,
            52.368214
          ],
          [
            4.915724,
            52.368244
          ],
          [
            4.915634,
            52.368279
          ],
          [
            4.915546,
            52.368305
          ],
          [
            4.915466,
            52.368332
          ],
          [
            4.915377,
            52.368366
          ],
          [
            4.915286,
            52.368401
          ],
          [
            4.9152,
            52.368435
          ],
          [
            4.915153,
            52.368454
          ],
          [
            4.915035,
            52.368496
          ],
          [
            4.9149,
            52.368542
          ],
          [
            4.914763,
            52.368587
          ],
          [
            4.914637,
            52.368629
          ],
          [
            4.914565,
            52.368652
          ],
          [
            4.914384,
            52.368713
          ],
          [
            4.914269,
            52.368755
          ],
          [
            4.914187,
            52.368782
          ],
          [
            4.9141,
            52.368801
          ],
          [
            4.914066,
            52.368797
          ],
          [
            4.914046,
            52.368794
          ],
          [
            4.913926,
            52.368752
          ],
          [
            4.913886,
            52.368721
          ],
          [
            4.913869,
            52.368683
          ],
          [
            4.913839,
            52.368652
          ],
          [
            4.913809,
            52.368618
          ],
          [
            4.913779,
            52.368587
          ],
          [
            4.913752,
            52.368557
          ],
          [
            4.913729,
            52.36853
          ],
          [
            4.913703,
            52.368504
          ],
          [
            4.913673,
            52.368477
          ],
          [
            4.913651,
            52.36845
          ],
          [
            4.913632,
            52.368423
          ],
          [
            4.913611,
            52.368397
          ],
          [
            4.913589,
            52.36837
          ],
          [
            4.913571,
            52.368343
          ],
          [
            4.913545,
            52.368313
          ],
          [
            4.913523,
            52.36829
          ],
          [
            4.913492,
            52.368263
          ],
          [
            4.913462,
            52.368244
          ],
          [
            4.913436,
            52.368221
          ],
          [
            4.913419,
            52.368202
          ],
          [
            4.913411,
            52.368176
          ],
          [
            4.913416,
            52.368149
          ],
          [
            4.913442,
            52.368126
          ],
          [
            4.913479,
            52.368103
          ],
          [
            4.913519,
            52.368092
          ],
          [
            4.913562,
            52.36808
          ],
          [
            4.9136,
            52.368076
          ],
          [
            4.913629,
            52.368065
          ],
          [
            4.913657,
            52.368053
          ],
          [
            4.913686,
            52.368046
          ],
          [
            4.913714,
            52.368038
          ],
          [
            4.913744,
            52.368031
          ],
          [
            4.913775,
            52.368019
          ],
          [
            4.913811,
            52.368004
          ],
          [
            4.913848,
            52.367989
          ],
          [
            4.913876,
            52.367973
          ],
          [
            4.913874,
            52.36795
          ],
          [
            4.913861,
            52.36792
          ],
          [
            4.913828,
            52.367897
          ],
          [
            4.913784,
            52.367882
          ],
          [
            4.913735,
            52.367889
          ],
          [
            4.913675,
            52.367908
          ],
          [
            4.91362,
            52.367928
          ],
          [
            4.913556,
            52.36795
          ],
          [
            4.913496,
            52.367966
          ],
          [
            4.913444,
            52.367989
          ],
          [
            4.913427,
            52.368019
          ],
          [
            4.913429,
            52.368031
          ],
          [
            4.913425,
            52.368034
          ],
          [
            4.913423,
            52.368046
          ],
          [
            4.913427,
            52.368053
          ],
          [
            4.913468,
            52.368187
          ],
          [
            4.913485,
            52.368217
          ],
          [
            4.913503,
            52.368225
          ],
          [
            4.913503,
            52.368225
          ],
          [
            4.913577,
            52.368252
          ],
          [
            4.913604,
            52.368248
          ],
          [
            4.913604,
            52.368248
          ],
          [
            4.91363,
            52.368214
          ],
          [
            4.913627,
            52.368206
          ],
          [
            4.913627,
            52.368206
          ],
          [
            4.913619,
            52.368179
          ],
          [
            4.913619,
            52.368179
          ],
          [
            4.913619,
            52.368179
          ],
          [
            4.913339,
            52.36816
          ],
          [
            4.913328,
            52.368156
          ],
          [
            4.913314,
            52.368153
          ],
          [
            4.9133,
            52.368145
          ],
          [
            4.913281,
            52.368134
          ],
          [
            4.913249,
            52.368118
          ],
          [
            4.913222,
            52.368114
          ],
          [
            4.91319,
            52.368111
          ],
          [
            4.913147,
            52.368114
          ],
          [
            4.913095,
            52.368122
          ],
          [
            4.913047,
            52.368134
          ],
          [
            4.912984,
            52.368156
          ],
          [
            4.912916,
            52.368172
          ],
          [
            4.912853,
            52.368198
          ],
          [
            4.912848,
            52.368198
          ],
          [
            4.912784,
            52.368225
          ],
          [
            4.912643,
            52.368282
          ],
          [
            4.912541,
            52.368324
          ],
          [
            4.912454,
            52.368355
          ],
          [
            4.912365,
            52.368389
          ],
          [
            4.912277,
            52.368423
          ],
          [
            4.91219,
            52.368458
          ],
          [
            4.912107,
            52.368488
          ],
          [
            4.912025,
            52.368523
          ],
          [
            4.911949,
            52.368553
          ],
          [
            4.911889,
            52.368576
          ],
          [
            4.91178,
            52.368618
          ],
          [
            4.911681,
            52.368649
          ],
          [
            4.911581,
            52.368675
          ],
          [
            4.911494,
            52.368706
          ],
          [
            4.911469,
            52.36871
          ],
          [
            4.911322,
            52.368748
          ],
          [
            4.911214,
            52.368774
          ],
          [
            4.91118,
            52.368778
          ],
          [
            4.911041,
            52.368794
          ],
          [
            4.910941,
            52.368801
          ],
          [
            4.910862,
            52.368805
          ],
          [
            4.910786,
            52.368801
          ],
          [
            4.910726,
            52.368797
          ],
          [
            4.910665,
            52.368805
          ],
          [
            4.910609,
            52.368824
          ],
          [
            4.910552,
            52.368855
          ],
          [
            4.910494,
            52.368881
          ],
          [
            4.910441,
            52.368916
          ],
          [
            4.910376,
            52.36895
          ],
          [
            4.910318,
            52.36898
          ],
          [
            4.910254,
            52.369015
          ],
          [
            4.910202,
            52.369041
          ],
          [
            4.910146,
            52.369072
          ],
          [
            4.910084,
            52.369106
          ],
          [
            4.910028,
            52.369141
          ],
          [
            4.909969,
            52.369175
          ],
          [
            4.90992,
            52.369202
          ],
          [
            4.909881,
            52.369225
          ],
          [
            4.909843,
            52.369251
          ],
          [
            4.909812,
            52.369286
          ],
          [
            4.909798,
            52.369312
          ],
          [
            4.909801,
            52.36935
          ],
          [
            4.909823,
            52.369392
          ],
          [
            4.909858,
            52.369431
          ],
          [
            4.909908,
            52.369473
          ],
          [
            4.909968,
            52.369518
          ],
          [
            4.910037,
            52.369564
          ],
          [
            4.910104,
            52.36961
          ],
          [
            4.910177,
            52.369659
          ],
          [
            4.910246,
            52.369705
          ],
          [
            4.910311,
            52.369747
          ],
          [
            4.910371,
            52.369789
          ],
          [
            4.910437,
            52.369839
          ],
          [
            4.910505,
            52.369888
          ],
          [
            4.910577,
            52.369934
          ],
          [
            4.910638,
            52.369972
          ],
          [
            4.910702,
            52.370014
          ],
          [
            4.910761,
            52.370049
          ],
          [
            4.910832,
            52.370083
          ],
          [
            4.910894,
            52.370121
          ],
          [
            4.910954,
            52.370152
          ],
          [
            4.91102,
            52.370186
          ],
          [
            4.911082,
            52.37022
          ],
          [
            4.911142,
            52.370258
          ],
          [
            4.911196,
            52.370289
          ],
          [
            4.911257,
            52.370327
          ],
          [
            4.911316,
            52.370365
          ],
          [
            4.91137,
            52.370396
          ],
          [
            4.911431,
            52.370434
          ],
          [
            4.911483,
            52.370468
          ],
          [
            4.91153,
            52.370503
          ],
          [
            4.911588,
            52.370541
          ],
          [
            4.911641,
            52.370583
          ],
          [
            4.911702,
            52.370625
          ],
          [
            4.911764,
            52.37067
          ],
          [
            4.911883,
            52.370747
          ],
          [
            4.911939,
            52.370785
          ],
          [
            4.911993,
            52.370819
          ],
          [
            4.912042,
            52.370846
          ],
          [
            4.912084,
            52.370872
          ],
          [
            4.912125,
            52.370899
          ],
          [
            4.91216,
            52.370918
          ],
          [
            4.912197,
            52.370941
          ],
          [
            4.912223,
            52.370956
          ],
          [
            4.912223,
            52.370956
          ],
          [
            4.91229,
            52.370991
          ],
          [
            4.912304,
            52.370998
          ],
          [
            4.912315,
            52.371006
          ],
          [
            4.912315,
            52.371006
          ],
          [
            4.912349,
            52.371037
          ],
          [
            4.912363,
            52.371052
          ],
          [
            4.912378,
            52.371067
          ],
          [
            4.912428,
            52.37112
          ],
          [
            4.912452,
            52.371155
          ],
          [
            4.912466,
            52.371185
          ],
          [
            4.912474,
            52.371216
          ],
          [
            4.912479,
            52.37122
          ],
          [
            4.912478,
            52.371231
          ],
          [
            4.912423,
            52.371292
          ],
          [
            4.912387,
            52.371319
          ],
          [
            4.912347,
            52.371342
          ],
          [
            4.912312,
            52.371357
          ],
          [
            4.912261,
            52.37138
          ],
          [
            4.912213,
            52.371399
          ],
          [
            4.912154,
            52.371422
          ],
          [
            4.912097,
            52.371445
          ],
          [
            4.912032,
            52.371468
          ],
          [
            4.911985,
            52.371494
          ],
          [
            4.911948,
            52.371521
          ],
          [
            4.911912,
            52.37154
          ],
          [
            4.911883,
            52.371563
          ],
          [
            4.911851,
            52.371582
          ],
          [
            4.911815,
            52.371601
          ],
          [
            4.911782,
            52.37162
          ],
          [
            4.911752,
            52.371635
          ],
          [
            4.911688,
            52.37167
          ],
          [
            4.911648,
            52.371685
          ],
          [
            4.911632,
            52.371689
          ],
          [
            4.911597,
            52.371697
          ],
          [
            4.91153,
            52.371704
          ],
          [
            4.911492,
            52.371708
          ],
          [
            4.911463,
            52.371708
          ],
          [
            4.911399,
            52.371716
          ],
          [
            4.91136,
            52.371719
          ],
          [
            4.911305,
            52.371731
          ],
          [
            4.911247,
            52.371742
          ],
          [
            4.911121,
            52.37178
          ],
          [
            4.911104,
            52.371784
          ],
          [
            4.910945,
            52.371853
          ],
          [
            4.910882,
            52.37188
          ],
          [
            4.910834,
            52.371902
          ],
          [
            4.910778,
            52.371929
          ],
          [
            4.910747,
            52.371941
          ],
          [
            4.910702,
            52.371956
          ],
          [
            4.910616,
            52.371986
          ],
          [
            4.910511,
            52.372013
          ],
          [
            4.910413,
            52.372044
          ],
          [
            4.91039,
            52.372051
          ],
          [
            4.910292,
            52.372089
          ],
          [
            4.910212,
            52.37212
          ],
          [
            4.91005,
            52.372177
          ],
          [
            4.909992,
            52.3722
          ],
          [
            4.909786,
            52.372273
          ],
          [
            4.909609,
            52.37233
          ],
          [
            4.909507,
            52.372364
          ],
          [
            4.909351,
            52.37241
          ],
          [
            4.909371,
            52.372406
          ],
          [
            4.909154,
            52.372478
          ],
          [
            4.909035,
            52.372524
          ],
          [
            4.909049,
            52.372517
          ],
          [
            4.908976,
            52.37254
          ],
          [
            4.908902,
            52.372559
          ],
          [
            4.908802,
            52.372578
          ],
          [
            4.90857,
            52.372585
          ],
          [
            4.908435,
            52.37257
          ],
          [
            4.908439,
            52.372574
          ],
          [
            4.908293,
            52.372581
          ],
          [
            4.908156,
            52.372631
          ],
          [
            4.908092,
            52.372658
          ],
          [
            4.908018,
            52.372696
          ],
          [
            4.90796,
            52.372723
          ],
          [
            4.907798,
            52.37281
          ],
          [
            4.907724,
            52.372852
          ],
          [
            4.907588,
            52.372929
          ],
          [
            4.907566,
            52.37294
          ],
          [
            4.907347,
            52.373066
          ],
          [
            4.907275,
            52.373108
          ],
          [
            4.907205,
            52.373154
          ],
          [
            4.907188,
            52.373161
          ],
          [
            4.906989,
            52.373295
          ],
          [
            4.906918,
            52.373341
          ],
          [
            4.90685,
            52.373383
          ],
          [
            4.906776,
            52.373428
          ],
          [
            4.906696,
            52.373474
          ],
          [
            4.906621,
            52.373516
          ],
          [
            4.90655,
            52.373558
          ],
          [
            4.906498,
            52.373589
          ],
          [
            4.906404,
            52.373642
          ],
          [
            4.906326,
            52.373692
          ],
          [
            4.90625,
            52.37373
          ],
          [
            4.906174,
            52.373772
          ],
          [
            4.906105,
            52.37381
          ],
          [
            4.906082,
            52.373821
          ],
          [
            4.905954,
            52.373886
          ],
          [
            4.905796,
            52.373974
          ],
          [
            4.905726,
            52.374012
          ],
          [
            4.90565,
            52.374054
          ],
          [
            4.905571,
            52.3741
          ],
          [
            4.905495,
            52.374146
          ],
          [
            4.905422,
            52.374187
          ],
          [
            4.905354,
            52.374226
          ],
          [
            4.905278,
            52.374271
          ],
          [
            4.905126,
            52.374359
          ],
          [
            4.90505,
            52.374397
          ],
          [
            4.904903,
            52.374477
          ],
          [
            4.90482,
            52.374519
          ],
          [
            4.904739,
            52.374561
          ],
          [
            4.904662,
            52.374599
          ],
          [
            4.904589,
            52.374634
          ],
          [
            4.904512,
            52.374676
          ],
          [
            4.904439,
            52.374714
          ],
          [
            4.904372,
            52.374752
          ],
          [
            4.904307,
            52.37479
          ],
          [
            4.904256,
            52.374821
          ],
          [
            4.904217,
            52.37484
          ],
          [
            4.904182,
            52.374863
          ],
          [
            4.904157,
            52.374874
          ],
          [
            4.904121,
            52.374897
          ],
          [
            4.904082,
            52.374908
          ],
          [
            4.904047,
            52.374916
          ],
          [
            4.903949,
            52.374912
          ],
          [
            4.903903,
            52.374908
          ],
          [
            4.903877,
            52.374905
          ],
          [
            4.903853,
            52.374905
          ],
          [
            4.903806,
            52.374916
          ],
          [
            4.903764,
            52.374928
          ],
          [
            4.90372,
            52.374947
          ],
          [
            4.903679,
            52.374969
          ],
          [
            4.903634,
            52.374992
          ],
          [
            4.903596,
            52.375015
          ],
          [
            4.903544,
            52.375046
          ],
          [
            4.903498,
            52.375072
          ],
          [
            4.903448,
            52.375107
          ],
          [
            4.903405,
            52.375137
          ],
          [
            4.903367,
            52.375172
          ],
          [
            4.903334,
            52.375202
          ],
          [
            4.903299,
            52.375244
          ],
          [
            4.903271,
            52.375282
          ],
          [
            4.903245,
            52.375332
          ],
          [
            4.903224,
            52.375359
          ],
          [
            4.903212,
            52.375393
          ],
          [
            4.903176,
            52.375465
          ],
          [
            4.903094,
            52.375523
          ],
          [
            4.90306,
            52.37553
          ],
          [
            4.903007,
            52.375473
          ],
          [
            4.902963,
            52.375389
          ],
          [
            4.902926,
            52.37529
          ],
          [
            4.902908,
            52.375233
          ],
          [
            4.902883,
            52.375172
          ],
          [
            4.902861,
            52.375111
          ],
          [
            4.902838,
            52.375053
          ],
          [
            4.902787,
            52.374928
          ],
          [
            4.902761,
            52.374866
          ],
          [
            4.902714,
            52.374733
          ],
          [
            4.902687,
            52.374672
          ],
          [
            4.902663,
            52.374607
          ],
          [
            4.902639,
            52.37455
          ],
          [
            4.902608,
            52.374439
          ],
          [
            4.902612,
            52.374374
          ],
          [
            4.902621,
            52.374306
          ],
          [
            4.902666,
            52.374187
          ],
          [
            4.902694,
            52.37413
          ],
          [
            4.902731,
            52.374065
          ],
          [
            4.902771,
            52.374004
          ],
          [
            4.902842,
            52.373894
          ],
          [
            4.902876,
            52.37384
          ],
          [
            4.902956,
            52.373722
          ],
          [
            4.902993,
            52.373669
          ],
          [
            4.903035,
            52.373615
          ],
          [
            4.90312,
            52.373508
          ],
          [
            4.903166,
            52.373467
          ],
          [
            4.903229,
            52.373417
          ],
          [
            4.903295,
            52.373367
          ],
          [
            4.90337,
            52.373322
          ],
          [
            4.903442,
            52.37328
          ],
          [
            4.90351,
            52.373241
          ],
          [
            4.903587,
            52.373203
          ],
          [
            4.903666,
            52.373161
          ],
          [
            4.903744,
            52.373116
          ],
          [
            4.903892,
            52.373032
          ],
          [
            4.904037,
            52.372948
          ],
          [
            4.904118,
            52.37291
          ],
          [
            4.904194,
            52.372868
          ],
          [
            4.904265,
            52.372826
          ],
          [
            4.904338,
            52.372787
          ],
          [
            4.9044,
            52.372749
          ],
          [
            4.904478,
            52.372707
          ],
          [
            4.904551,
            52.372662
          ],
          [
            4.904628,
            52.37262
          ],
          [
            4.904703,
            52.372578
          ],
          [
            4.904774,
            52.372536
          ],
          [
            4.904852,
            52.372498
          ],
          [
            4.904924,
            52.372456
          ],
          [
            4.904993,
            52.372417
          ],
          [
            4.905138,
            52.372341
          ],
          [
            4.905206,
            52.372299
          ],
          [
            4.905273,
            52.372261
          ],
          [
            4.905341,
            52.372223
          ],
          [
            4.905388,
            52.372192
          ],
          [
            4.905427,
            52.372162
          ],
          [
            4.905453,
            52.372135
          ],
          [
            4.905465,
            52.372108
          ],
          [
            4.905454,
            52.372078
          ],
          [
            4.905421,
            52.372047
          ],
          [
            4.905372,
            52.372013
          ],
          [
            4.905319,
            52.371983
          ],
          [
            4.905258,
            52.371956
          ],
          [
            4.905199,
            52.371937
          ],
          [
            4.905145,
            52.371914
          ],
          [
            4.905061,
            52.37188
          ],
          [
            4.904995,
            52.371853
          ],
          [
            4.904931,
            52.371826
          ],
          [
            4.904854,
            52.371792
          ],
          [
            4.90479,
            52.371765
          ],
          [
            4.904724,
            52.371735
          ],
          [
            4.904666,
            52.371708
          ],
          [
            4.904604,
            52.371685
          ],
          [
            4.904544,
            52.371666
          ],
          [
            4.904494,
            52.371647
          ],
          [
            4.904439,
            52.371624
          ],
          [
            4.904385,
            52.371597
          ],
          [
            4.904325,
            52.371567
          ],
          [
            4.904263,
            52.371536
          ],
          [
            4.904189,
            52.371498
          ],
          [
            4.904114,
            52.371464
          ],
          [
            4.904035,
            52.371429
          ],
          [
            4.903967,
            52.371403
          ],
          [
            4.903881,
            52.371372
          ],
          [
            4.903807,
            52.371361
          ],
          [
            4.903739,
            52.371368
          ],
          [
            4.903675,
            52.37138
          ],
          [
            4.903604,
            52.371414
          ],
          [
            4.90355,
            52.371445
          ],
          [
            4.903492,
            52.371479
          ],
          [
            4.903426,
            52.371517
          ],
          [
            4.903369,
            52.371544
          ],
          [
            4.903304,
            52.37159
          ],
          [
            4.903236,
            52.371632
          ],
          [
            4.903166,
            52.371677
          ],
          [
            4.9031,
            52.371723
          ],
          [
            4.903026,
            52.371765
          ],
          [
            4.902951,
            52.371807
          ],
          [
            4.902882,
            52.371853
          ],
          [
            4.902816,
            52.371887
          ],
          [
            4.902743,
            52.371925
          ],
          [
            4.902671,
            52.371963
          ],
          [
            4.902603,
            52.372002
          ],
          [
            4.902537,
            52.372032
          ],
          [
            4.902472,
            52.372066
          ],
          [
            4.902403,
            52.372105
          ],
          [
            4.902327,
            52.372147
          ],
          [
            4.902254,
            52.372185
          ],
          [
            4.902179,
            52.372227
          ],
          [
            4.902106,
            52.372265
          ],
          [
            4.902031,
            52.372307
          ],
          [
            4.901958,
            52.372349
          ],
          [
            4.901891,
            52.372391
          ],
          [
            4.901821,
            52.372429
          ],
          [
            4.901744,
            52.372467
          ],
          [
            4.901677,
            52.372509
          ],
          [
            4.901612,
            52.372551
          ],
          [
            4.901546,
            52.372593
          ],
          [
            4.901481,
            52.372635
          ],
          [
            4.901396,
            52.372673
          ],
          [
            4.901322,
            52.372719
          ],
          [
            4.901247,
            52.372757
          ],
          [
            4.901173,
            52.372776
          ],
          [
            4.901118,
            52.372807
          ],
          [
            4.901067,
            52.372826
          ],
          [
            4.901067,
            52.372826
          ],
          [
            4.900987,
            52.372837
          ],
          [
            4.900967,
            52.372845
          ],
          [
            4.900925,
            52.372849
          ],
          [
            4.900907,
            52.372845
          ],
          [
            4.900885,
            52.372833
          ],
          [
            4.900832,
            52.372776
          ],
          [
            4.900803,
            52.372734
          ],
          [
            4.900759,
            52.372654
          ],
          [
            4.900734,
            52.372601
          ],
          [
            4.900713,
            52.372555
          ],
          [
            4.900651,
            52.372444
          ],
          [
            4.900616,
            52.372387
          ],
          [
            4.900577,
            52.372334
          ],
          [
            4.900733,
            52.370022
          ],
          [
            4.900702,
            52.370029
          ],
          [
            4.900702,
            52.370029
          ],
          [
            4.900731,
            52.370022
          ],
          [
            4.900734,
            52.370018
          ],
          [
            4.900724,
            52.370014
          ],
          [
            4.90073,
            52.37001
          ],
          [
            4.900733,
            52.369999
          ],
          [
            4.900718,
            52.369991
          ],
          [
            4.900751,
            52.369946
          ],
          [
            4.900779,
            52.369911
          ],
          [
            4.900817,
            52.369881
          ],
          [
            4.900819,
            52.369862
          ],
          [
            4.900871,
            52.369804
          ],
          [
            4.900922,
            52.369774
          ],
          [
            4.90096,
            52.369728
          ],
          [
            4.901,
            52.369698
          ],
          [
            4.901038,
            52.369667
          ],
          [
            4.901074,
            52.369644
          ],
          [
            4.901112,
            52.369614
          ],
          [
            4.901145,
            52.369591
          ],
          [
            4.901192,
            52.36956
          ],
          [
            4.901242,
            52.36953
          ],
          [
            4.901296,
            52.369499
          ],
          [
            4.901357,
            52.369461
          ],
          [
            4.901424,
            52.369427
          ],
          [
            4.901501,
            52.369389
          ],
          [
            4.901489,
            52.369389
          ],
          [
            4.901638,
            52.369331
          ],
          [
            4.901752,
            52.369289
          ],
          [
            4.901845,
            52.369255
          ],
          [
            4.901934,
            52.369236
          ],
          [
            4.902005,
            52.36919
          ],
          [
            4.902105,
            52.36916
          ],
          [
            4.902194,
            52.369125
          ],
          [
            4.902278,
            52.369087
          ],
          [
            4.902359,
            52.369053
          ],
          [
            4.902434,
            52.369026
          ],
          [
            4.902517,
            52.368992
          ],
          [
            4.902598,
            52.368954
          ],
          [
            4.902681,
            52.368919
          ],
          [
            4.902766,
            52.368877
          ],
          [
            4.902842,
            52.368839
          ],
          [
            4.902919,
            52.368805
          ],
          [
            4.903002,
            52.368767
          ],
          [
            4.903088,
            52.368732
          ],
          [
            4.903178,
            52.368694
          ],
          [
            4.903258,
            52.36866
          ],
          [
            4.903344,
            52.368626
          ],
          [
            4.903423,
            52.368595
          ],
          [
            4.903488,
            52.368568
          ],
          [
            4.903558,
            52.368538
          ],
          [
            4.903605,
            52.368504
          ],
          [
            4.903643,
            52.368473
          ],
          [
            4.903661,
            52.368435
          ],
          [
            4.903651,
            52.368389
          ],
          [
            4.903627,
            52.368343
          ],
          [
            4.90359,
            52.368305
          ],
          [
            4.903547,
            52.368259
          ],
          [
            4.903494,
            52.368214
          ],
          [
            4.903457,
            52.368179
          ],
          [
            4.90342,
            52.368145
          ],
          [
            4.90342,
            52.368145
          ],
          [
            4.90342,
            52.368145
          ],
          [
            4.90342,
            52.368145
          ],
          [
            4.903322,
            52.368027
          ],
          [
            4.903323,
            52.368015
          ],
          [
            4.903325,
            52.368011
          ],
          [
            4.903331,
            52.368008
          ],
          [
            4.90334,
            52.367985
          ],
          [
            4.903353,
            52.367958
          ],
          [
            4.903377,
            52.367928
          ],
          [
            4.903398,
            52.367897
          ],
          [
            4.903439,
            52.367855
          ],
          [
            4.903479,
            52.367821
          ],
          [
            4.903525,
            52.367783
          ],
          [
            4.903589,
            52.367741
          ],
          [
            4.903644,
            52.367706
          ],
          [
            4.903699,
            52.367668
          ],
          [
            4.90376,
            52.36763
          ],
          [
            4.903822,
            52.367588
          ],
          [
            4.903875,
            52.367546
          ],
          [
            4.903924,
            52.367504
          ],
          [
            4.903973,
            52.367458
          ],
          [
            4.904012,
            52.367413
          ],
          [
            4.904058,
            52.367355
          ],
          [
            4.904105,
            52.367298
          ],
          [
            4.904148,
            52.367241
          ],
          [
            4.904192,
            52.367187
          ],
          [
            4.904238,
            52.367134
          ],
          [
            4.904277,
            52.367088
          ],
          [
            4.904313,
            52.367027
          ],
          [
            4.904354,
            52.36697
          ],
          [
            4.904389,
            52.366909
          ],
          [
            4.904426,
            52.366848
          ],
          [
            4.904457,
            52.366791
          ],
          [
            4.904486,
            52.366737
          ],
          [
            4.904516,
            52.366684
          ],
          [
            4.904542,
            52.366627
          ],
          [
            4.904572,
            52.36657
          ],
          [
            4.904597,
            52.36652
          ],
          [
            4.904625,
            52.36647
          ],
          [
            4.90466,
            52.366417
          ],
          [
            4.904695,
            52.366371
          ],
          [
            4.904737,
            52.366318
          ],
          [
            4.904779,
            52.366268
          ],
          [
            4.904823,
            52.366219
          ],
          [
            4.904862,
            52.366173
          ],
          [
            4.904903,
            52.366116
          ],
          [
            4.904941,
            52.366055
          ],
          [
            4.904973,
            52.366005
          ],
          [
            4.905006,
            52.36594
          ],
          [
            4.905041,
            52.365879
          ],
          [
            4.905072,
            52.365822
          ],
          [
            4.905102,
            52.365768
          ],
          [
            4.905141,
            52.365704
          ],
          [
            4.90518,
            52.365643
          ],
          [
            4.905214,
            52.365581
          ],
          [
            4.905253,
            52.365524
          ],
          [
            4.905292,
            52.365467
          ],
          [
            4.905325,
            52.365414
          ],
          [
            4.905355,
            52.365364
          ],
          [
            4.905387,
            52.365311
          ],
          [
            4.905423,
            52.36525
          ],
          [
            4.905454,
            52.365204
          ],
          [
            4.905484,
            52.365154
          ],
          [
            4.905511,
            52.365101
          ],
          [
            4.905543,
            52.365055
          ],
          [
            4.905572,
            52.364994
          ],
          [
            4.905605,
            52.364937
          ],
          [
            4.905643,
            52.36488
          ],
          [
            4.905677,
            52.364815
          ],
          [
            4.905716,
            52.36475
          ],
          [
            4.90574,
            52.364716
          ],
          [
            4.905772,
            52.364662
          ],
          [
            4.905805,
            52.364601
          ],
          [
            4.905837,
            52.364544
          ],
          [
            4.905871,
            52.36449
          ],
          [
            4.905894,
            52.364441
          ],
          [
            4.90591,
            52.364395
          ],
          [
            4.905938,
            52.364395
          ],
          [
            4.905883,
            52.36433
          ],
          [
            4.905841,
            52.364288
          ],
          [
            4.905788,
            52.364258
          ],
          [
            4.90575,
            52.364239
          ],
          [
            4.905658,
            52.364212
          ],
          [
            4.905569,
            52.364189
          ],
          [
            4.905489,
            52.364166
          ],
          [
            4.9054,
            52.364147
          ],
          [
            4.90531,
            52.364128
          ],
          [
            4.905218,
            52.364109
          ],
          [
            4.905121,
            52.36409
          ],
          [
            4.905028,
            52.364067
          ],
          [
            4.904943,
            52.364048
          ],
          [
            4.904844,
            52.364033
          ],
          [
            4.904794,
            52.364021
          ],
          [
            4.904647,
            52.363995
          ],
          [
            4.904596,
            52.363987
          ],
          [
            4.904425,
            52.363956
          ],
          [
            4.904311,
            52.363937
          ],
          [
            4.904201,
            52.363918
          ],
          [
            4.904156,
            52.363911
          ],
          [
            4.903991,
            52.36388
          ],
          [
            4.903882,
            52.363857
          ],
          [
            4.903776,
            52.363838
          ],
          [
            4.903729,
            52.363827
          ],
          [
            4.903584,
            52.363796
          ],
          [
            4.903471,
            52.363773
          ],
          [
            4.903371,
            52.36375
          ],
          [
            4.903277,
            52.363735
          ],
          [
            4.903191,
            52.36372
          ],
          [
            4.903111,
            52.363705
          ],
          [
            4.90304,
            52.363697
          ],
          [
            4.902964,
            52.363689
          ],
          [
            4.90289,
            52.363682
          ],
          [
            4.902812,
            52.36367
          ],
          [
            4.90274,
            52.363659
          ],
          [
            4.902671,
            52.363651
          ],
          [
            4.90266,
            52.363647
          ],
          [
            4.902534,
            52.363625
          ],
          [
            4.902485,
            52.363617
          ],
          [
            4.902388,
            52.363598
          ],
          [
            4.90232,
            52.363586
          ],
          [
            4.902263,
            52.363575
          ],
          [
            4.902233,
            52.363571
          ],
          [
            4.902111,
            52.363544
          ],
          [
            4.90203,
            52.363525
          ],
          [
            4.901953,
            52.36351
          ],
          [
            4.901866,
            52.363495
          ],
          [
            4.901779,
            52.36348
          ],
          [
            4.90169,
            52.363468
          ],
          [
            4.901599,
            52.363453
          ],
          [
            4.901516,
            52.363438
          ],
          [
            4.901508,
            52.363438
          ],
          [
            4.901328,
            52.363403
          ],
          [
            4.901217,
            52.36338
          ],
          [
            4.901119,
            52.363361
          ],
          [
            4.901025,
            52.363342
          ],
          [
            4.901026,
            52.363342
          ],
          [
            4.900853,
            52.363312
          ],
          [
            4.900744,
            52.363293
          ],
          [
            4.900685,
            52.363281
          ],
          [
            4.900557,
            52.363258
          ],
          [
            4.90057,
            52.363262
          ],
          [
            4.900372,
            52.363224
          ],
          [
            4.900256,
            52.363201
          ],
          [
            4.900162,
            52.363178
          ],
          [
            4.900107,
            52.363171
          ],
          [
            4.899988,
            52.363144
          ],
          [
            4.899875,
            52.363121
          ],
          [
            4.899781,
            52.363106
          ],
          [
            4.899679,
            52.363087
          ],
          [
            4.899603,
            52.363075
          ],
          [
            4.899485,
            52.363056
          ],
          [
            4.899386,
            52.363037
          ],
          [
            4.899292,
            52.363022
          ],
          [
            4.899205,
            52.363003
          ],
          [
            4.899109,
            52.362988
          ],
          [
            4.899012,
            52.362968
          ],
          [
            4.898923,
            52.362953
          ],
          [
            4.898844,
            52.362938
          ],
          [
            4.898778,
            52.362923
          ],
          [
            4.898731,
            52.362907
          ],
          [
            4.898697,
            52.362885
          ],
          [
            4.898678,
            52.362858
          ],
          [
            4.898675,
            52.36282
          ],
          [
            4.898679,
            52.362782
          ],
          [
            4.89869,
            52.362743
          ],
          [
            4.898709,
            52.362698
          ],
          [
            4.898731,
            52.362648
          ],
          [
            4.89875,
            52.362595
          ],
          [
            4.898771,
            52.362545
          ],
          [
            4.898789,
            52.362495
          ],
          [
            4.898807,
            52.362446
          ],
          [
            4.898829,
            52.362381
          ],
          [
            4.898845,
            52.362316
          ],
          [
            4.898863,
            52.362259
          ],
          [
            4.898875,
            52.362202
          ],
          [
            4.89889,
            52.362152
          ],
          [
            4.898906,
            52.362099
          ],
          [
            4.898931,
            52.362049
          ],
          [
            4.898964,
            52.361992
          ],
          [
            4.898994,
            52.361935
          ],
          [
            4.899026,
            52.361877
          ],
          [
            4.899054,
            52.361824
          ],
          [
            4.899086,
            52.361771
          ],
          [
            4.89912,
            52.361698
          ],
          [
            4.899154,
            52.361626
          ],
          [
            4.899178,
            52.361561
          ],
          [
            4.899206,
            52.361507
          ],
          [
            4.89923,
            52.361443
          ],
          [
            4.899254,
            52.361378
          ],
          [
            4.899281,
            52.361313
          ],
          [
            4.899308,
            52.361252
          ],
          [
            4.899327,
            52.361195
          ],
          [
            4.899354,
            52.361141
          ],
          [
            4.899358,
            52.361073
          ],
          [
            4.899367,
            52.361004
          ],
          [
            4.899371,
            52.360943
          ],
          [
            4.899378,
            52.360889
          ],
          [
            4.899381,
            52.360828
          ],
          [
            4.899383,
            52.360767
          ],
          [
            4.899383,
            52.360703
          ],
          [
            4.899373,
            52.360641
          ],
          [
            4.899359,
            52.360584
          ],
          [
            4.899326,
            52.360523
          ],
          [
            4.899287,
            52.360466
          ],
          [
            4.899241,
            52.360405
          ],
          [
            4.899199,
            52.360355
          ],
          [
            4.899149,
            52.360298
          ],
          [
            4.899098,
            52.360241
          ],
          [
            4.899049,
            52.360184
          ],
          [
            4.899003,
            52.360126
          ],
          [
            4.898959,
            52.360081
          ],
          [
            4.898916,
            52.360027
          ],
          [
            4.898873,
            52.35997
          ],
          [
            4.898831,
            52.359913
          ],
          [
            4.898793,
            52.359856
          ],
          [
            4.898761,
            52.359802
          ],
          [
            4.898731,
            52.359753
          ],
          [
            4.898702,
            52.359707
          ],
          [
            4.898672,
            52.35965
          ],
          [
            4.898653,
            52.359608
          ],
          [
            4.898635,
            52.359554
          ],
          [
            4.898625,
            52.359512
          ],
          [
            4.898623,
            52.359463
          ],
          [
            4.89863,
            52.359398
          ],
          [
            4.898637,
            52.359345
          ],
          [
            4.89865,
            52.359291
          ],
          [
            4.898668,
            52.359238
          ],
          [
            4.898693,
            52.359173
          ],
          [
            4.898722,
            52.359108
          ],
          [
            4.898749,
            52.359047
          ],
          [
            4.898773,
            52.358994
          ],
          [
            4.898803,
            52.358932
          ],
          [
            4.898829,
            52.358871
          ],
          [
            4.898857,
            52.358807
          ],
          [
            4.898882,
            52.358746
          ],
          [
            4.898905,
            52.358688
          ],
          [
            4.898926,
            52.358635
          ],
          [
            4.898949,
            52.35857
          ],
          [
            4.898971,
            52.358505
          ],
          [
            4.898985,
            52.358444
          ],
          [
            4.898999,
            52.358391
          ],
          [
            4.899014,
            52.358337
          ],
          [
            4.899025,
            52.358269
          ],
          [
            4.899035,
            52.358219
          ],
          [
            4.899045,
            52.35817
          ],
          [
            4.899055,
            52.358109
          ],
          [
            4.899064,
            52.358063
          ],
          [
            4.899076,
            52.358013
          ],
          [
            4.899098,
            52.35796
          ],
          [
            4.899128,
            52.357895
          ],
          [
            4.89916,
            52.357834
          ],
          [
            4.899197,
            52.357773
          ],
          [
            4.89923,
            52.357716
          ],
          [
            4.899268,
            52.357655
          ],
          [
            4.899298,
            52.357597
          ],
          [
            4.899324,
            52.357544
          ],
          [
            4.899346,
            52.357494
          ],
          [
            4.899373,
            52.357437
          ],
          [
            4.899403,
            52.357368
          ],
          [
            4.899429,
            52.3573
          ],
          [
            4.899462,
            52.357239
          ],
          [
            4.899503,
            52.357166
          ],
          [
            4.899538,
            52.357098
          ],
          [
            4.899567,
            52.357037
          ],
          [
            4.899607,
            52.356972
          ],
          [
            4.899639,
            52.356907
          ],
          [
            4.899667,
            52.356853
          ],
          [
            4.899703,
            52.356785
          ],
          [
            4.899737,
            52.356724
          ],
          [
            4.899768,
            52.35667
          ],
          [
            4.899801,
            52.356617
          ],
          [
            4.899837,
            52.356552
          ],
          [
            4.899881,
            52.356487
          ],
          [
            4.89992,
            52.35643
          ],
          [
            4.899962,
            52.356373
          ],
          [
            4.900003,
            52.356319
          ],
          [
            4.900036,
            52.356277
          ],
          [
            4.900068,
            52.356224
          ],
          [
            4.900091,
            52.356174
          ],
          [
            4.900085,
            52.356136
          ],
          [
            4.900074,
            52.356113
          ],
          [
            4.900098,
            52.35611
          ],
          [
            4.900064,
            52.356087
          ],
          [
            4.899882,
            52.356014
          ],
          [
            4.899787,
            52.35598
          ],
          [
            4.899702,
            52.355949
          ],
          [
            4.899613,
            52.355923
          ],
          [
            4.899526,
            52.3559
          ],
          [
            4.899437,
            52.355873
          ],
          [
            4.899348,
            52.355846
          ],
          [
            4.899256,
            52.35582
          ],
          [
            4.899168,
            52.355793
          ],
          [
            4.899078,
            52.355766
          ],
          [
            4.898994,
            52.35574
          ],
          [
            4.898902,
            52.355713
          ],
          [
            4.898809,
            52.355686
          ],
          [
            4.898718,
            52.355656
          ],
          [
            4.898627,
            52.355629
          ],
          [
            4.898542,
            52.355606
          ],
          [
            4.898447,
            52.355583
          ],
          [
            4.898422,
            52.355572
          ],
          [
            4.898307,
            52.35553
          ],
          [
            4.898263,
            52.355499
          ],
          [
            4.898241,
            52.355457
          ],
          [
            4.898239,
            52.355419
          ],
          [
            4.898263,
            52.355373
          ],
          [
            4.898291,
            52.355331
          ],
          [
            4.898329,
            52.355282
          ],
          [
            4.898363,
            52.355228
          ],
          [
            4.898397,
            52.355183
          ],
          [
            4.898433,
            52.355133
          ],
          [
            4.898469,
            52.35508
          ],
          [
            4.898506,
            52.355022
          ],
          [
            4.898543,
            52.354977
          ],
          [
            4.898569,
            52.354931
          ],
          [
            4.898587,
            52.354893
          ],
          [
            4.898587,
            52.354866
          ],
          [
            4.898569,
            52.354839
          ],
          [
            4.898531,
            52.354816
          ],
          [
            4.898484,
            52.354794
          ],
          [
            4.898438,
            52.354767
          ],
          [
            4.898398,
            52.35474
          ],
          [
            4.898357,
            52.354698
          ],
          [
            4.898317,
            52.354652
          ],
          [
            4.898263,
            52.354607
          ],
          [
            4.898197,
            52.354557
          ],
          [
            4.898127,
            52.354515
          ],
          [
            4.898046,
            52.354477
          ],
          [
            4.897958,
            52.354446
          ],
          [
            4.897867,
            52.354423
          ],
          [
            4.897783,
            52.354412
          ],
          [
            4.897702,
            52.354404
          ],
          [
            4.897619,
            52.354401
          ],
          [
            4.897545,
            52.354404
          ],
          [
            4.897477,
            52.354412
          ],
          [
            4.897412,
            52.354416
          ],
          [
            4.897358,
            52.354408
          ],
          [
            4.897298,
            52.354397
          ],
          [
            4.897247,
            52.354374
          ],
          [
            4.8972,
            52.354347
          ],
          [
            4.897154,
            52.354309
          ],
          [
            4.897109,
            52.354271
          ],
          [
            4.897057,
            52.354221
          ],
          [
            4.897008,
            52.354183
          ],
          [
            4.896952,
            52.354145
          ],
          [
            4.89688,
            52.354103
          ],
          [
            4.896824,
            52.354065
          ],
          [
            4.896774,
            52.354042
          ],
          [
            4.896684,
            52.353996
          ],
          [
            4.896618,
            52.353966
          ],
          [
            4.896545,
            52.353935
          ],
          [
            4.896481,
            52.353916
          ],
          [
            4.896411,
            52.353897
          ],
          [
            4.896351,
            52.353882
          ],
          [
            4.896291,
            52.35387
          ],
          [
            4.896225,
            52.353855
          ],
          [
            4.896164,
            52.353844
          ],
          [
            4.896095,
            52.353836
          ],
          [
            4.896033,
            52.353832
          ],
          [
            4.895965,
            52.353832
          ],
          [
            4.895909,
            52.353832
          ],
          [
            4.895858,
            52.353825
          ],
          [
            4.895813,
            52.353825
          ],
          [
            4.895763,
            52.353825
          ],
          [
            4.895713,
            52.353825
          ],
          [
            4.895661,
            52.353817
          ],
          [
            4.8956,
            52.353798
          ],
          [
            4.895535,
            52.353779
          ],
          [
            4.895471,
            52.353752
          ],
          [
            4.895403,
            52.353722
          ],
          [
            4.895331,
            52.353691
          ],
          [
            4.895259,
            52.353672
          ],
          [
            4.895182,
            52.353661
          ],
          [
            4.895107,
            52.353653
          ],
          [
            4.895037,
            52.353653
          ],
          [
            4.89498,
            52.353653
          ],
          [
            4.894924,
            52.353657
          ],
          [
            4.894868,
            52.353661
          ],
          [
            4.894807,
            52.353664
          ],
          [
            4.894764,
            52.353672
          ],
          [
            4.894727,
            52.353683
          ],
          [
            4.894687,
            52.353706
          ],
          [
            4.894655,
            52.353729
          ],
          [
            4.894627,
            52.353756
          ],
          [
            4.89461,
            52.353783
          ],
          [
            4.894582,
            52.353817
          ],
          [
            4.89457,
            52.353844
          ],
          [
            4.894552,
            52.353874
          ],
          [
            4.894529,
            52.353909
          ],
          [
            4.894504,
            52.353928
          ],
          [
            4.894478,
            52.353947
          ],
          [
            4.894438,
            52.353958
          ],
          [
            4.894395,
            52.353962
          ],
          [
            4.894356,
            52.353958
          ],
          [
            4.894314,
            52.353954
          ],
          [
            4.89428,
            52.353947
          ],
          [
            4.89424,
            52.353939
          ],
          [
            4.894202,
            52.353931
          ],
          [
            4.894165,
            52.353924
          ],
          [
            4.894106,
            52.353916
          ],
          [
            4.894052,
            52.353901
          ],
          [
            4.893991,
            52.353893
          ],
          [
            4.893919,
            52.353882
          ],
          [
            4.893848,
            52.35387
          ],
          [
            4.893778,
            52.353855
          ],
          [
            4.893717,
            52.353847
          ],
          [
            4.893615,
            52.353828
          ],
          [
            4.893529,
            52.353817
          ],
          [
            4.893438,
            52.353806
          ],
          [
            4.893351,
            52.35379
          ],
          [
            4.893259,
            52.353775
          ],
          [
            4.893168,
            52.353764
          ],
          [
            4.893075,
            52.353752
          ],
          [
            4.892987,
            52.353741
          ],
          [
            4.892894,
            52.353729
          ],
          [
            4.892801,
            52.353714
          ],
          [
            4.8927,
            52.353703
          ],
          [
            4.892604,
            52.353687
          ],
          [
            4.892508,
            52.353676
          ],
          [
            4.892443,
            52.353664
          ],
          [
            4.892323,
            52.353649
          ],
          [
            4.892227,
            52.353634
          ],
          [
            4.892127,
            52.353622
          ],
          [
            4.892032,
            52.353611
          ],
          [
            4.891991,
            52.353603
          ],
          [
            4.891847,
            52.353584
          ],
          [
            4.891742,
            52.353569
          ],
          [
            4.891646,
            52.353554
          ],
          [
            4.891553,
            52.353542
          ],
          [
            4.89146,
            52.353527
          ],
          [
            4.891371,
            52.353512
          ],
          [
            4.891286,
            52.3535
          ],
          [
            4.891206,
            52.353493
          ],
          [
            4.89113,
            52.353485
          ],
          [
            4.891068,
            52.353478
          ],
          [
            4.891013,
            52.35347
          ],
          [
            4.890963,
            52.353462
          ],
          [
            4.89091,
            52.353455
          ],
          [
            4.890839,
            52.353447
          ],
          [
            4.890791,
            52.353443
          ],
          [
            4.890708,
            52.353428
          ],
          [
            4.890638,
            52.35342
          ],
          [
            4.890597,
            52.353413
          ],
          [
            4.890477,
            52.353397
          ],
          [
            4.890389,
            52.353386
          ],
          [
            4.890303,
            52.353375
          ],
          [
            4.890211,
            52.353363
          ],
          [
            4.890122,
            52.353348
          ],
          [
            4.890037,
            52.353336
          ],
          [
            4.889967,
            52.353325
          ],
          [
            4.88984,
            52.353306
          ],
          [
            4.889735,
            52.353298
          ],
          [
            4.889642,
            52.353287
          ],
          [
            4.889544,
            52.353275
          ],
          [
            4.889468,
            52.353268
          ],
          [
            4.889353,
            52.353249
          ],
          [
            4.889259,
            52.353229
          ],
          [
            4.889171,
            52.353218
          ],
          [
            4.889129,
            52.353214
          ],
          [
            4.889009,
            52.353191
          ],
          [
            4.888921,
            52.35318
          ],
          [
            4.888846,
            52.353168
          ],
          [
            4.88874,
            52.353153
          ],
          [
            4.888644,
            52.353138
          ],
          [
            4.888546,
            52.353123
          ],
          [
            4.88849,
            52.353115
          ],
          [
            4.88836,
            52.353092
          ],
          [
            4.888264,
            52.353081
          ],
          [
            4.888163,
            52.353065
          ],
          [
            4.888067,
            52.35305
          ],
          [
            4.887976,
            52.353039
          ],
          [
            4.887885,
            52.353027
          ],
          [
            4.887795,
            52.353016
          ],
          [
            4.887712,
            52.353004
          ],
          [
            4.88762,
            52.352993
          ],
          [
            4.88753,
            52.352982
          ],
          [
            4.88744,
            52.35297
          ],
          [
            4.887348,
            52.352955
          ],
          [
            4.887254,
            52.352943
          ],
          [
            4.887162,
            52.352932
          ],
          [
            4.887077,
            52.352917
          ],
          [
            4.886993,
            52.352901
          ],
          [
            4.886929,
            52.352879
          ],
          [
            4.88688,
            52.352848
          ],
          [
            4.886847,
            52.352818
          ],
          [
            4.886822,
            52.352776
          ],
          [
            4.886809,
            52.352726
          ],
          [
            4.886804,
            52.352688
          ],
          [
            4.886802,
            52.352638
          ],
          [
            4.886803,
            52.352581
          ],
          [
            4.886799,
            52.352535
          ],
          [
            4.886796,
            52.352489
          ],
          [
            4.886793,
            52.352451
          ],
          [
            4.886788,
            52.352421
          ],
          [
            4.886771,
            52.352386
          ],
          [
            4.886749,
            52.352367
          ],
          [
            4.886718,
            52.352348
          ],
          [
            4.886691,
            52.352341
          ],
          [
            4.886612,
            52.352337
          ],
          [
            4.886553,
            52.352337
          ],
          [
            4.8865,
            52.352337
          ],
          [
            4.886457,
            52.352337
          ],
          [
            4.886457,
            52.352337
          ],
          [
            4.886369,
            52.352345
          ],
          [
            4.886352,
            52.352345
          ],
          [
            4.886352,
            52.352345
          ],
          [
            4.886352,
            52.352345
          ],
          [
            4.886352,
            52.352345
          ],
          [
            4.886352,
            52.352345
          ],
          [
            4.886288,
            52.352348
          ],
          [
            4.886263,
            52.352345
          ],
          [
            4.886231,
            52.352345
          ],
          [
            4.88619,
            52.352345
          ],
          [
            4.886129,
            52.352345
          ],
          [
            4.886061,
            52.352352
          ],
          [
            4.885997,
            52.352356
          ],
          [
            4.885902,
            52.35236
          ],
          [
            4.885819,
            52.352367
          ],
          [
            4.885723,
            52.352375
          ],
          [
            4.885633,
            52.352383
          ],
          [
            4.885534,
            52.35239
          ],
          [
            4.885436,
            52.352398
          ],
          [
            4.885388,
            52.352406
          ],
          [
            4.885243,
            52.352413
          ],
          [
            4.88514,
            52.352421
          ],
          [
            4.88504,
            52.352428
          ],
          [
            4.884943,
            52.352436
          ],
          [
            4.88486,
            52.35244
          ],
          [
            4.88475,
            52.352448
          ],
          [
            4.884657,
            52.352455
          ],
          [
            4.884622,
            52.352459
          ],
          [
            4.884487,
            52.35247
          ],
          [
            4.884396,
            52.352478
          ],
          [
            4.884336,
            52.352486
          ],
          [
            4.884232,
            52.352501
          ],
          [
            4.884152,
            52.352512
          ],
          [
            4.884065,
            52.352528
          ],
          [
            4.883983,
            52.352543
          ],
          [
            4.883903,
            52.352558
          ],
          [
            4.883821,
            52.352573
          ],
          [
            4.883739,
            52.352596
          ],
          [
            4.883657,
            52.352619
          ],
          [
            4.883578,
            52.352646
          ],
          [
            4.883502,
            52.352673
          ],
          [
            4.883421,
            52.352703
          ],
          [
            4.883342,
            52.352734
          ],
          [
            4.883259,
            52.352764
          ],
          [
            4.883178,
            52.352791
          ],
          [
            4.883093,
            52.352818
          ],
          [
            4.883015,
            52.352844
          ],
          [
            4.882936,
            52.352871
          ],
          [
            4.882861,
            52.352898
          ],
          [
            4.882779,
            52.352924
          ],
          [
            4.882706,
            52.352951
          ],
          [
            4.882628,
            52.352982
          ],
          [
            4.882548,
            52.35302
          ],
          [
            4.882476,
            52.353058
          ],
          [
            4.882407,
            52.353096
          ],
          [
            4.882341,
            52.353142
          ],
          [
            4.882284,
            52.353191
          ],
          [
            4.882233,
            52.353241
          ],
          [
            4.88219,
            52.353287
          ],
          [
            4.88215,
            52.353336
          ],
          [
            4.882113,
            52.353386
          ],
          [
            4.882072,
            52.353443
          ],
          [
            4.882041,
            52.353489
          ],
          [
            4.882007,
            52.353539
          ],
          [
            4.88197,
            52.353592
          ],
          [
            4.881935,
            52.353645
          ],
          [
            4.881897,
            52.353699
          ],
          [
            4.881857,
            52.353752
          ],
          [
            4.881816,
            52.353809
          ],
          [
            4.881777,
            52.353863
          ],
          [
            4.881734,
            52.353916
          ],
          [
            4.881698,
            52.35397
          ],
          [
            4.881657,
            52.354023
          ],
          [
            4.881621,
            52.354076
          ],
          [
            4.881582,
            52.35413
          ],
          [
            4.881547,
            52.354183
          ],
          [
            4.881506,
            52.354237
          ],
          [
            4.881469,
            52.35429
          ],
          [
            4.88143,
            52.354343
          ],
          [
            4.881394,
            52.354401
          ],
          [
            4.881359,
            52.35445
          ],
          [
            4.881322,
            52.354511
          ],
          [
            4.881286,
            52.354565
          ],
          [
            4.881251,
            52.354622
          ],
          [
            4.881217,
            52.354679
          ],
          [
            4.881184,
            52.354733
          ],
          [
            4.881153,
            52.354782
          ],
          [
            4.881115,
            52.354836
          ],
          [
            4.881083,
            52.354881
          ],
          [
            4.881047,
            52.354927
          ],
          [
            4.881003,
            52.354984
          ],
          [
            4.880963,
            52.355034
          ],
          [
            4.880925,
            52.355083
          ],
          [
            4.880884,
            52.355137
          ],
          [
            4.880849,
            52.355187
          ],
          [
            4.880802,
            52.355244
          ],
          [
            4.880757,
            52.355301
          ],
          [
            4.880714,
            52.355354
          ],
          [
            4.880663,
            52.355404
          ],
          [
            4.880607,
            52.355453
          ],
          [
            4.880564,
            52.355499
          ],
          [
            4.880525,
            52.355541
          ],
          [
            4.880484,
            52.355583
          ],
          [
            4.880439,
            52.355637
          ],
          [
            4.880407,
            52.355682
          ],
          [
            4.880374,
            52.355728
          ],
          [
            4.880342,
            52.355774
          ],
          [
            4.880313,
            52.355816
          ],
          [
            4.880293,
            52.35585
          ],
          [
            4.880268,
            52.355892
          ],
          [
            4.880239,
            52.355934
          ],
          [
            4.88022,
            52.35598
          ],
          [
            4.880196,
            52.356026
          ],
          [
            4.88018,
            52.356064
          ],
          [
            4.880162,
            52.35611
          ],
          [
            4.880146,
            52.356155
          ],
          [
            4.88013,
            52.356205
          ],
          [
            4.880113,
            52.356251
          ],
          [
            4.880089,
            52.3563
          ],
          [
            4.880058,
            52.356354
          ],
          [
            4.880031,
            52.3564
          ],
          [
            4.879997,
            52.356445
          ],
          [
            4.879959,
            52.356495
          ],
          [
            4.879925,
            52.356544
          ],
          [
            4.879889,
            52.356594
          ],
          [
            4.879853,
            52.356644
          ],
          [
            4.879817,
            52.356697
          ],
          [
            4.879778,
            52.35675
          ],
          [
            4.879738,
            52.356808
          ],
          [
            4.8797,
            52.356861
          ],
          [
            4.879663,
            52.356915
          ],
          [
            4.879625,
            52.356968
          ],
          [
            4.879586,
            52.357021
          ],
          [
            4.87955,
            52.357071
          ],
          [
            4.879515,
            52.357121
          ],
          [
            4.879479,
            52.35717
          ],
          [
            4.879439,
            52.357223
          ],
          [
            4.879406,
            52.357269
          ],
          [
            4.879373,
            52.357315
          ],
          [
            4.879333,
            52.357372
          ],
          [
            4.879301,
            52.357418
          ],
          [
            4.879267,
            52.357468
          ],
          [
            4.87923,
            52.357517
          ],
          [
            4.879197,
            52.357563
          ],
          [
            4.879161,
            52.357616
          ],
          [
            4.879127,
            52.357662
          ],
          [
            4.879097,
            52.357708
          ],
          [
            4.87906,
            52.357754
          ],
          [
            4.87903,
            52.357796
          ],
          [
            4.879001,
            52.357838
          ],
          [
            4.878975,
            52.357872
          ],
          [
            4.878956,
            52.357899
          ],
          [
            4.878936,
            52.357933
          ],
          [
            4.878915,
            52.35796
          ],
          [
            4.878899,
            52.357979
          ],
          [
            4.878899,
            52.357979
          ],
          [
            4.878849,
            52.358028
          ],
          [
            4.878849,
            52.358028
          ],
          [
            4.878849,
            52.358028
          ],
          [
            4.878849,
            52.358028
          ],
          [
            4.878803,
            52.35807
          ],
          [
            4.8788,
            52.358074
          ],
          [
            4.878795,
            52.358078
          ],
          [
            4.878787,
            52.358093
          ],
          [
            4.878765,
            52.35812
          ],
          [
            4.87874,
            52.358151
          ],
          [
            4.878716,
            52.358177
          ],
          [
            4.878686,
            52.358212
          ],
          [
            4.878656,
            52.35825
          ],
          [
            4.878656,
            52.35825
          ],
          [
            4.878656,
            52.35825
          ],
          [
            4.878656,
            52.35825
          ],
          [
            4.878656,
            52.35825
          ],
          [
            4.878557,
            52.358356
          ],
          [
            4.878557,
            52.358356
          ],
          [
            4.878557,
            52.358356
          ],
          [
            4.878557,
            52.358356
          ],
          [
            4.878557,
            52.358356
          ],
          [
            4.878532,
            52.358364
          ],
          [
            4.878516,
            52.358356
          ],
          [
            4.878503,
            52.358349
          ],
          [
            4.878482,
            52.358334
          ],
          [
            4.878462,
            52.358322
          ],
          [
            4.878441,
            52.358303
          ],
          [
            4.878419,
            52.358273
          ],
          [
            4.878386,
            52.358246
          ],
          [
            4.878355,
            52.358215
          ],
          [
            4.878325,
            52.358185
          ],
          [
            4.878271,
            52.358151
          ],
          [
            4.878226,
            52.358124
          ],
          [
            4.87814,
            52.358093
          ],
          [
            4.878063,
            52.358067
          ],
          [
            4.878031,
            52.358059
          ],
          [
            4.87791,
            52.358021
          ],
          [
            4.877807,
            52.357986
          ],
          [
            4.877712,
            52.35796
          ],
          [
            4.877625,
            52.357933
          ],
          [
            4.87753,
            52.357902
          ],
          [
            4.87743,
            52.35788
          ],
          [
            4.877337,
            52.357849
          ],
          [
            4.877245,
            52.357822
          ],
          [
            4.877161,
            52.3578
          ],
          [
            4.877103,
            52.357784
          ],
          [
            4.876982,
            52.357746
          ],
          [
            4.876883,
            52.357716
          ],
          [
            4.876794,
            52.357693
          ],
          [
            4.876699,
            52.357662
          ],
          [
            4.876605,
            52.357636
          ],
          [
            4.876506,
            52.357609
          ],
          [
            4.876414,
            52.357578
          ],
          [
            4.876328,
            52.357555
          ],
          [
            4.876235,
            52.357525
          ],
          [
            4.876147,
            52.357502
          ],
          [
            4.876044,
            52.357475
          ],
          [
            4.87595,
            52.357449
          ],
          [
            4.875864,
            52.357422
          ],
          [
            4.875771,
            52.357395
          ],
          [
            4.875696,
            52.357376
          ],
          [
            4.875587,
            52.357346
          ],
          [
            4.875493,
            52.357319
          ],
          [
            4.875406,
            52.357296
          ],
          [
            4.875309,
            52.357269
          ],
          [
            4.875236,
            52.35725
          ],
          [
            4.875118,
            52.357227
          ],
          [
            4.87502,
            52.357201
          ],
          [
            4.874931,
            52.357182
          ],
          [
            4.874834,
            52.357162
          ],
          [
            4.874737,
            52.357143
          ],
          [
            4.874638,
            52.357121
          ],
          [
            4.874548,
            52.357098
          ],
          [
            4.874464,
            52.357079
          ],
          [
            4.874371,
            52.357048
          ],
          [
            4.874307,
            52.357029
          ],
          [
            4.874193,
            52.356995
          ],
          [
            4.874102,
            52.356964
          ],
          [
            4.874006,
            52.356941
          ],
          [
            4.873909,
            52.356915
          ],
          [
            4.873856,
            52.356899
          ],
          [
            4.873731,
            52.356865
          ],
          [
            4.873636,
            52.356834
          ],
          [
            4.873538,
            52.356804
          ],
          [
            4.873444,
            52.356773
          ],
          [
            4.873358,
            52.35675
          ],
          [
            4.873259,
            52.35672
          ],
          [
            4.873174,
            52.356693
          ],
          [
            4.87308,
            52.356663
          ],
          [
            4.872985,
            52.356636
          ],
          [
            4.872893,
            52.356609
          ],
          [
            4.872798,
            52.356583
          ],
          [
            4.872714,
            52.35656
          ],
          [
            4.87262,
            52.356529
          ],
          [
            4.872524,
            52.356503
          ],
          [
            4.872429,
            52.356476
          ],
          [
            4.872334,
            52.356449
          ],
          [
            4.872249,
            52.356422
          ],
          [
            4.872156,
            52.356396
          ],
          [
            4.872061,
            52.356369
          ],
          [
            4.871969,
            52.356342
          ],
          [
            4.871907,
            52.356323
          ],
          [
            4.871794,
            52.356293
          ],
          [
            4.871693,
            52.356262
          ],
          [
            4.871597,
            52.356235
          ],
          [
            4.871507,
            52.356213
          ],
          [
            4.871432,
            52.35619
          ],
          [
            4.871328,
            52.356159
          ],
          [
            4.871257,
            52.356144
          ],
          [
            4.871182,
            52.356129
          ],
          [
            4.87105,
            52.35611
          ],
          [
            4.870936,
            52.356094
          ],
          [
            4.870844,
            52.356079
          ],
          [
            4.870746,
            52.356064
          ],
          [
            4.870653,
            52.356041
          ],
          [
            4.870564,
            52.356018
          ],
          [
            4.870471,
            52.355988
          ],
          [
            4.870389,
            52.355957
          ],
          [
            4.870296,
            52.355927
          ],
          [
            4.870202,
            52.355896
          ],
          [
            4.870108,
            52.355869
          ],
          [
            4.870021,
            52.355846
          ],
          [
            4.869922,
            52.355816
          ],
          [
            4.869827,
            52.355793
          ],
          [
            4.869734,
            52.355763
          ],
          [
            4.869643,
            52.355736
          ],
          [
            4.869558,
            52.355709
          ],
          [
            4.86946,
            52.355679
          ],
          [
            4.869366,
            52.355652
          ],
          [
            4.869276,
            52.355621
          ],
          [
            4.869194,
            52.355595
          ],
          [
            4.869119,
            52.355568
          ],
          [
            4.869015,
            52.35553
          ],
          [
            4.868923,
            52.355499
          ],
          [
            4.868838,
            52.355469
          ],
          [
            4.868742,
            52.355442
          ],
          [
            4.868698,
            52.355431
          ],
          [
            4.868564,
            52.355396
          ],
          [
            4.868481,
            52.355377
          ],
          [
            4.868361,
            52.355351
          ],
          [
            4.868284,
            52.355339
          ],
          [
            4.868165,
            52.355316
          ],
          [
            4.868079,
            52.355297
          ],
          [
            4.868002,
            52.355267
          ],
          [
            4.867942,
            52.355236
          ],
          [
            4.867898,
            52.355194
          ],
          [
            4.867871,
            52.355148
          ],
          [
            4.867858,
            52.355106
          ],
          [
            4.867857,
            52.355049
          ],
          [
            4.867861,
            52.354992
          ],
          [
            4.867861,
            52.354935
          ],
          [
            4.867856,
            52.354885
          ],
          [
            4.867845,
            52.35482
          ],
          [
            4.867825,
            52.354755
          ],
          [
            4.867794,
            52.354694
          ],
          [
            4.867754,
            52.354637
          ],
          [
            4.86771,
            52.354584
          ],
          [
            4.867646,
            52.35453
          ],
          [
            4.867572,
            52.354481
          ],
          [
            4.867494,
            52.354439
          ],
          [
            4.867414,
            52.354401
          ],
          [
            4.867335,
            52.35437
          ],
          [
            4.867245,
            52.354336
          ],
          [
            4.867149,
            52.354305
          ],
          [
            4.867058,
            52.354279
          ],
          [
            4.866972,
            52.354252
          ],
          [
            4.866874,
            52.354225
          ],
          [
            4.866819,
            52.354214
          ],
          [
            4.866693,
            52.354183
          ],
          [
            4.866585,
            52.35416
          ],
          [
            4.866491,
            52.354137
          ],
          [
            4.866393,
            52.354115
          ],
          [
            4.866326,
            52.354103
          ],
          [
            4.866208,
            52.354069
          ],
          [
            4.866107,
            52.354046
          ],
          [
            4.866021,
            52.354019
          ],
          [
            4.865926,
            52.353992
          ],
          [
            4.86587,
            52.353977
          ],
          [
            4.865749,
            52.353939
          ],
          [
            4.865656,
            52.353909
          ],
          [
            4.86556,
            52.353882
          ],
          [
            4.865467,
            52.353851
          ],
          [
            4.8654,
            52.353832
          ],
          [
            4.865292,
            52.353798
          ],
          [
            4.865201,
            52.353771
          ],
          [
            4.865104,
            52.353744
          ],
          [
            4.86501,
            52.353714
          ],
          [
            4.864937,
            52.353695
          ],
          [
            4.864827,
            52.353668
          ],
          [
            4.864729,
            52.353645
          ],
          [
            4.864635,
            52.35363
          ],
          [
            4.864559,
            52.353615
          ],
          [
            4.864452,
            52.3536
          ],
          [
            4.864398,
            52.353592
          ],
          [
            4.864272,
            52.353573
          ],
          [
            4.864165,
            52.35355
          ],
          [
            4.864073,
            52.353527
          ],
          [
            4.863991,
            52.353504
          ],
          [
            4.863903,
            52.35347
          ],
          [
            4.863817,
            52.353436
          ],
          [
            4.863729,
            52.353405
          ],
          [
            4.863647,
            52.353375
          ],
          [
            4.863589,
            52.353355
          ],
          [
            4.863468,
            52.353325
          ],
          [
            4.863383,
            52.353306
          ],
          [
            4.86327,
            52.353283
          ],
          [
            4.863172,
            52.353264
          ],
          [
            4.863133,
            52.353256
          ],
          [
            4.862988,
            52.353237
          ],
          [
            4.862875,
            52.353222
          ],
          [
            4.862783,
            52.353203
          ],
          [
            4.86269,
            52.35318
          ],
          [
            4.862603,
            52.353153
          ],
          [
            4.862508,
            52.353123
          ],
          [
            4.862425,
            52.353092
          ],
          [
            4.862334,
            52.353058
          ],
          [
            4.862242,
            52.353027
          ],
          [
            4.862154,
            52.352997
          ],
          [
            4.86212,
            52.352985
          ],
          [
            4.861993,
            52.352943
          ],
          [
            4.861888,
            52.352909
          ],
          [
            4.861791,
            52.352875
          ],
          [
            4.861699,
            52.352844
          ],
          [
            4.861613,
            52.352818
          ],
          [
            4.861513,
            52.352795
          ],
          [
            4.861416,
            52.352768
          ],
          [
            4.86132,
            52.352745
          ],
          [
            4.861228,
            52.352722
          ],
          [
            4.861175,
            52.352711
          ],
          [
            4.861057,
            52.352676
          ],
          [
            4.860956,
            52.35265
          ],
          [
            4.860859,
            52.352623
          ],
          [
            4.860771,
            52.352592
          ],
          [
            4.860688,
            52.352566
          ],
          [
            4.860593,
            52.352531
          ],
          [
            4.860503,
            52.352501
          ],
          [
            4.860414,
            52.352474
          ],
          [
            4.860322,
            52.352448
          ],
          [
            4.860238,
            52.352421
          ],
          [
            4.860141,
            52.35239
          ],
          [
            4.860046,
            52.352371
          ],
          [
            4.859954,
            52.352345
          ],
          [
            4.859868,
            52.352318
          ],
          [
            4.85981,
            52.352303
          ],
          [
            4.859683,
            52.352268
          ],
          [
            4.859578,
            52.352245
          ],
          [
            4.859484,
            52.352222
          ],
          [
            4.859384,
            52.352196
          ],
          [
            4.859308,
            52.352177
          ],
          [
            4.859192,
            52.352146
          ],
          [
            4.859092,
            52.352119
          ],
          [
            4.859005,
            52.3521
          ],
          [
            4.858947,
            52.352085
          ],
          [
            4.858861,
            52.352066
          ],
          [
            4.858729,
            52.352039
          ],
          [
            4.858628,
            52.352016
          ],
          [
            4.858528,
            52.35199
          ],
          [
            4.858433,
            52.351963
          ],
          [
            4.858384,
            52.351955
          ],
          [
            4.85826,
            52.351917
          ],
          [
            4.858165,
            52.351887
          ],
          [
            4.858065,
            52.35186
          ],
          [
            4.857965,
            52.351837
          ],
          [
            4.857923,
            52.351822
          ],
          [
            4.857788,
            52.351791
          ],
          [
            4.857683,
            52.351772
          ],
          [
            4.857593,
            52.351753
          ],
          [
            4.857572,
            52.351749
          ],
          [
            4.857427,
            52.351715
          ],
          [
            4.857327,
            52.351696
          ],
          [
            4.857249,
            52.351677
          ],
          [
            4.857151,
            52.351654
          ],
          [
            4.857069,
            52.351635
          ],
          [
            4.856994,
            52.351612
          ],
          [
            4.856901,
            52.351597
          ],
          [
            4.856824,
            52.351578
          ],
          [
            4.856745,
            52.351563
          ],
          [
            4.856662,
            52.351543
          ],
          [
            4.856571,
            52.351521
          ],
          [
            4.856486,
            52.351501
          ],
          [
            4.856398,
            52.351479
          ],
          [
            4.856317,
            52.351456
          ],
          [
            4.856227,
            52.351429
          ],
          [
            4.856137,
            52.351402
          ],
          [
            4.856048,
            52.351379
          ],
          [
            4.855963,
            52.351353
          ],
          [
            4.855866,
            52.351322
          ],
          [
            4.855817,
            52.351307
          ],
          [
            4.855691,
            52.351269
          ],
          [
            4.855585,
            52.351238
          ],
          [
            4.855489,
            52.351208
          ],
          [
            4.855401,
            52.351181
          ],
          [
            4.85533,
            52.351158
          ],
          [
            4.855214,
            52.351128
          ],
          [
            4.855115,
            52.351101
          ],
          [
            4.855026,
            52.351078
          ],
          [
            4.854932,
            52.351048
          ],
          [
            4.854841,
            52.351025
          ],
          [
            4.854742,
            52.350994
          ],
          [
            4.854655,
            52.350971
          ],
          [
            4.854559,
            52.350941
          ],
          [
            4.854464,
            52.350914
          ],
          [
            4.854372,
            52.350895
          ],
          [
            4.854281,
            52.350876
          ],
          [
            4.854194,
            52.350857
          ],
          [
            4.854102,
            52.350845
          ],
          [
            4.854073,
            52.350841
          ],
          [
            4.853959,
            52.350838
          ],
          [
            4.853824,
            52.350834
          ],
          [
            4.853745,
            52.350834
          ],
          [
            4.853621,
            52.350838
          ],
          [
            4.853536,
            52.350841
          ],
          [
            4.853415,
            52.350853
          ],
          [
            4.85331,
            52.350864
          ],
          [
            4.853211,
            52.350876
          ],
          [
            4.853118,
            52.350891
          ],
          [
            4.853031,
            52.350906
          ],
          [
            4.852921,
            52.350922
          ],
          [
            4.852822,
            52.350937
          ],
          [
            4.852727,
            52.350952
          ],
          [
            4.852654,
            52.350964
          ],
          [
            4.852535,
            52.350983
          ],
          [
            4.852439,
            52.350994
          ],
          [
            4.852396,
            52.350998
          ],
          [
            4.85225,
            52.351017
          ],
          [
            4.852179,
            52.351025
          ],
          [
            4.852036,
            52.351044
          ],
          [
            4.851917,
            52.351055
          ],
          [
            4.851913,
            52.351059
          ],
          [
            4.851722,
            52.35107
          ],
          [
            4.851684,
            52.35107
          ],
          [
            4.851496,
            52.351074
          ],
          [
            4.851452,
            52.351082
          ],
          [
            4.851265,
            52.351078
          ],
          [
            4.851128,
            52.351078
          ],
          [
            4.85109,
            52.351078
          ],
          [
            4.850993,
            52.351078
          ],
          [
            4.850823,
            52.351082
          ],
          [
            4.850719,
            52.35109
          ],
          [
            4.850639,
            52.351105
          ],
          [
            4.850583,
            52.351131
          ],
          [
            4.85054,
            52.351162
          ],
          [
            4.850516,
            52.351192
          ],
          [
            4.850507,
            52.351234
          ],
          [
            4.850502,
            52.351273
          ],
          [
            4.850499,
            52.351318
          ],
          [
            4.850492,
            52.351368
          ],
          [
            4.850476,
            52.351425
          ],
          [
            4.850454,
            52.351479
          ],
          [
            4.850417,
            52.351528
          ],
          [
            4.85036,
            52.35157
          ],
          [
            4.850288,
            52.351601
          ],
          [
            4.850259,
            52.35162
          ],
          [
            4.850134,
            52.351639
          ],
          [
            4.850032,
            52.351646
          ],
          [
            4.849927,
            52.351654
          ],
          [
            4.849833,
            52.351662
          ],
          [
            4.849784,
            52.351662
          ],
          [
            4.849644,
            52.351666
          ],
          [
            4.84955,
            52.351669
          ],
          [
            4.849432,
            52.351673
          ],
          [
            4.849332,
            52.351673
          ],
          [
            4.849303,
            52.351673
          ],
          [
            4.849145,
            52.351673
          ],
          [
            4.849024,
            52.351673
          ],
          [
            4.848922,
            52.351673
          ],
          [
            4.848816,
            52.351673
          ],
          [
            4.848795,
            52.351677
          ],
          [
            4.848635,
            52.351677
          ],
          [
            4.84852,
            52.351673
          ],
          [
            4.848424,
            52.351677
          ],
          [
            4.848336,
            52.351677
          ],
          [
            4.848208,
            52.351677
          ],
          [
            4.84817,
            52.351677
          ],
          [
            4.848016,
            52.351677
          ],
          [
            4.847894,
            52.351673
          ],
          [
            4.847805,
            52.351673
          ],
          [
            4.847689,
            52.351673
          ],
          [
            4.847631,
            52.351673
          ],
          [
            4.847497,
            52.351673
          ],
          [
            4.847384,
            52.351669
          ],
          [
            4.847279,
            52.351669
          ],
          [
            4.847178,
            52.351669
          ],
          [
            4.847154,
            52.351669
          ],
          [
            4.847005,
            52.351669
          ],
          [
            4.846888,
            52.351666
          ],
          [
            4.846788,
            52.351666
          ],
          [
            4.846719,
            52.351666
          ],
          [
            4.846588,
            52.351666
          ],
          [
            4.84648,
            52.351669
          ],
          [
            4.846386,
            52.351669
          ],
          [
            4.846285,
            52.351669
          ],
          [
            4.846243,
            52.351669
          ],
          [
            4.846103,
            52.351669
          ],
          [
            4.845991,
            52.351669
          ],
          [
            4.845891,
            52.351669
          ],
          [
            4.845794,
            52.351669
          ],
          [
            4.845693,
            52.351669
          ],
          [
            4.845598,
            52.351669
          ],
          [
            4.845503,
            52.351669
          ],
          [
            4.845408,
            52.351669
          ],
          [
            4.845308,
            52.351669
          ],
          [
            4.84521,
            52.351669
          ],
          [
            4.845114,
            52.351669
          ],
          [
            4.845012,
            52.351669
          ],
          [
            4.844995,
            52.351666
          ],
          [
            4.844872,
            52.351666
          ],
          [
            4.844725,
            52.351666
          ],
          [
            4.844672,
            52.351669
          ],
          [
            4.844517,
            52.351669
          ],
          [
            4.844467,
            52.351669
          ],
          [
            4.844302,
            52.351673
          ],
          [
            4.844288,
            52.351673
          ],
          [
            4.84409,
            52.351673
          ],
          [
            4.843954,
            52.351673
          ],
          [
            4.843936,
            52.351673
          ],
          [
            4.843743,
            52.351673
          ],
          [
            4.843603,
            52.351669
          ],
          [
            4.843451,
            52.351666
          ],
          [
            4.843405,
            52.351666
          ],
          [
            4.843204,
            52.351666
          ],
          [
            4.843087,
            52.351669
          ],
          [
            4.842957,
            52.351666
          ],
          [
            4.842867,
            52.351666
          ],
          [
            4.842844,
            52.351666
          ],
          [
            4.842663,
            52.351669
          ],
          [
            4.842628,
            52.351666
          ],
          [
            4.842395,
            52.351669
          ],
          [
            4.84234,
            52.351666
          ],
          [
            4.842218,
            52.351666
          ],
          [
            4.84198,
            52.351673
          ],
          [
            4.841864,
            52.351673
          ],
          [
            4.841738,
            52.351673
          ],
          [
            4.841608,
            52.351673
          ],
          [
            4.841507,
            52.351673
          ],
          [
            4.841407,
            52.351673
          ],
          [
            4.841317,
            52.351673
          ],
          [
            4.841241,
            52.351673
          ],
          [
            4.841187,
            52.351669
          ],
          [
            4.841136,
            52.351669
          ],
          [
            4.841095,
            52.351669
          ],
          [
            4.841095,
            52.351669
          ],
          [
            4.841095,
            52.351669
          ],
          [
            4.840989,
            52.351662
          ],
          [
            4.84096,
            52.351658
          ],
          [
            4.840928,
            52.351662
          ],
          [
            4.840881,
            52.351662
          ],
          [
            4.840815,
            52.351662
          ],
          [
            4.840752,
            52.351662
          ],
          [
            4.840697,
            52.351666
          ],
          [
            4.840643,
            52.351666
          ],
          [
            4.840578,
            52.351662
          ],
          [
            4.840506,
            52.351662
          ],
          [
            4.840432,
            52.351662
          ],
          [
            4.840338,
            52.351662
          ],
          [
            4.840276,
            52.351658
          ],
          [
            4.840186,
            52.351658
          ],
          [
            4.840053,
            52.351662
          ],
          [
            4.840016,
            52.351662
          ],
          [
            4.839857,
            52.351662
          ],
          [
            4.839745,
            52.351662
          ],
          [
            4.839665,
            52.351662
          ],
          [
            4.839579,
            52.351662
          ],
          [
            4.8395,
            52.351662
          ],
          [
            4.839342,
            52.351658
          ],
          [
            4.83924,
            52.351658
          ],
          [
            4.839127,
            52.351658
          ],
          [
            4.839029,
            52.351658
          ],
          [
            4.838919,
            52.351658
          ],
          [
            4.838861,
            52.351658
          ],
          [
            4.838742,
            52.351658
          ],
          [
            4.838633,
            52.351658
          ],
          [
            4.83851,
            52.351654
          ],
          [
            4.838408,
            52.351654
          ],
          [
            4.838355,
            52.351654
          ],
          [
            4.838205,
            52.35165
          ],
          [
            4.838093,
            52.35165
          ],
          [
            4.837991,
            52.351654
          ],
          [
            4.837894,
            52.351654
          ],
          [
            4.837827,
            52.351654
          ],
          [
            4.837694,
            52.35165
          ],
          [
            4.837584,
            52.35165
          ],
          [
            4.837488,
            52.35165
          ],
          [
            4.837383,
            52.35165
          ],
          [
            4.837292,
            52.35165
          ],
          [
            4.83711,
            52.351639
          ],
          [
            4.836968,
            52.351627
          ],
          [
            4.836863,
            52.351624
          ],
          [
            4.836759,
            52.35162
          ],
          [
            4.836679,
            52.351616
          ],
          [
            4.836559,
            52.351612
          ],
          [
            4.836459,
            52.351616
          ],
          [
            4.836361,
            52.351612
          ],
          [
            4.836267,
            52.351604
          ],
          [
            4.836182,
            52.351604
          ],
          [
            4.83605,
            52.351597
          ],
          [
            4.83597,
            52.351593
          ],
          [
            4.835841,
            52.351593
          ],
          [
            4.835736,
            52.351593
          ],
          [
            4.835646,
            52.351597
          ],
          [
            4.835535,
            52.351597
          ],
          [
            4.835437,
            52.351593
          ],
          [
            4.835334,
            52.351593
          ],
          [
            4.835232,
            52.351597
          ],
          [
            4.835144,
            52.351597
          ],
          [
            4.835032,
            52.351601
          ],
          [
            4.834934,
            52.351601
          ],
          [
            4.834841,
            52.351597
          ],
          [
            4.834734,
            52.351601
          ],
          [
            4.834655,
            52.351604
          ],
          [
            4.834536,
            52.351604
          ],
          [
            4.834415,
            52.351608
          ],
          [
            4.83432,
            52.351608
          ],
          [
            4.834233,
            52.351604
          ],
          [
            4.834155,
            52.351604
          ],
          [
            4.83403,
            52.351597
          ],
          [
            4.833944,
            52.351585
          ],
          [
            4.833842,
            52.351585
          ],
          [
            4.833707,
            52.351585
          ],
          [
            4.833605,
            52.351585
          ],
          [
            4.833542,
            52.351585
          ],
          [
            4.833395,
            52.351582
          ],
          [
            4.833287,
            52.351585
          ],
          [
            4.83319,
            52.351582
          ],
          [
            4.833081,
            52.351585
          ],
          [
            4.833003,
            52.351589
          ],
          [
            4.832878,
            52.351593
          ],
          [
            4.832775,
            52.351589
          ],
          [
            4.832677,
            52.351585
          ],
          [
            4.832573,
            52.351585
          ],
          [
            4.832502,
            52.351589
          ],
          [
            4.83237,
            52.351585
          ],
          [
            4.832269,
            52.351585
          ],
          [
            4.83217,
            52.351585
          ],
          [
            4.832068,
            52.351585
          ],
          [
            4.832017,
            52.351585
          ],
          [
            4.831874,
            52.351585
          ],
          [
            4.831807,
            52.351585
          ],
          [
            4.831699,
            52.351585
          ],
          [
            4.831592,
            52.351585
          ],
          [
            4.83151,
            52.351585
          ],
          [
            4.831422,
            52.351585
          ],
          [
            4.831311,
            52.351582
          ],
          [
            4.831217,
            52.351582
          ],
          [
            4.831112,
            52.351582
          ],
          [
            4.83101,
            52.351582
          ],
          [
            4.830914,
            52.351582
          ],
          [
            4.830842,
            52.351578
          ],
          [
            4.830694,
            52.351574
          ],
          [
            4.830586,
            52.351574
          ],
          [
            4.830489,
            52.351574
          ],
          [
            4.830388,
            52.35157
          ],
          [
            4.830342,
            52.35157
          ],
          [
            4.830179,
            52.35157
          ],
          [
            4.830077,
            52.351566
          ],
          [
            4.829981,
            52.351566
          ],
          [
            4.829883,
            52.351566
          ],
          [
            4.829829,
            52.351566
          ],
          [
            4.829679,
            52.351566
          ],
          [
            4.829582,
            52.351563
          ],
          [
            4.829485,
            52.351563
          ],
          [
            4.82938,
            52.351559
          ],
          [
            4.829323,
            52.351559
          ],
          [
            4.829164,
            52.351555
          ],
          [
            4.829061,
            52.351555
          ],
          [
            4.828967,
            52.351559
          ],
          [
            4.828874,
            52.351559
          ],
          [
            4.828834,
            52.351559
          ],
          [
            4.828727,
            52.351563
          ],
          [
            4.828589,
            52.351566
          ],
          [
            4.828474,
            52.351566
          ],
          [
            4.828377,
            52.351566
          ],
          [
            4.828357,
            52.351566
          ],
          [
            4.828194,
            52.351566
          ],
          [
            4.828091,
            52.351563
          ],
          [
            4.828011,
            52.351563
          ],
          [
            4.827924,
            52.351563
          ],
          [
            4.82785,
            52.351563
          ],
          [
            4.82777,
            52.351563
          ],
          [
            4.827694,
            52.351559
          ],
          [
            4.827619,
            52.351555
          ],
          [
            4.827564,
            52.351555
          ],
          [
            4.827503,
            52.351555
          ],
          [
            4.827428,
            52.351555
          ],
          [
            4.82734,
            52.351551
          ],
          [
            4.82723,
            52.351543
          ],
          [
            4.827123,
            52.351532
          ],
          [
            4.827069,
            52.351532
          ],
          [
            4.827026,
            52.351528
          ],
          [
            4.82686,
            52.351524
          ],
          [
            4.826828,
            52.351524
          ],
          [
            4.826653,
            52.351524
          ],
          [
            4.826616,
            52.351524
          ],
          [
            4.82643,
            52.351521
          ],
          [
            4.826343,
            52.351521
          ],
          [
            4.826162,
            52.351513
          ],
          [
            4.826089,
            52.351509
          ],
          [
            4.825919,
            52.351505
          ],
          [
            4.825849,
            52.351501
          ],
          [
            4.825669,
            52.351494
          ],
          [
            4.825581,
            52.351479
          ],
          [
            4.825444,
            52.351467
          ],
          [
            4.825325,
            52.351463
          ],
          [
            4.825232,
            52.351467
          ],
          [
            4.825153,
            52.351467
          ],
          [
            4.825008,
            52.351471
          ],
          [
            4.824911,
            52.351467
          ],
          [
            4.82481,
            52.351459
          ],
          [
            4.824705,
            52.351463
          ],
          [
            4.824605,
            52.351463
          ],
          [
            4.824535,
            52.351463
          ],
          [
            4.824395,
            52.351467
          ],
          [
            4.824293,
            52.351463
          ],
          [
            4.824187,
            52.351463
          ],
          [
            4.82409,
            52.351459
          ],
          [
            4.824022,
            52.351456
          ],
          [
            4.823883,
            52.351456
          ],
          [
            4.82378,
            52.351459
          ],
          [
            4.823683,
            52.351459
          ],
          [
            4.823581,
            52.351463
          ],
          [
            4.823518,
            52.351452
          ],
          [
            4.823376,
            52.35144
          ],
          [
            4.823275,
            52.35144
          ],
          [
            4.82318,
            52.351433
          ],
          [
            4.823071,
            52.351433
          ],
          [
            4.822998,
            52.351433
          ],
          [
            4.822865,
            52.351429
          ],
          [
            4.822764,
            52.351429
          ],
          [
            4.822664,
            52.351429
          ],
          [
            4.822556,
            52.351429
          ],
          [
            4.82249,
            52.351425
          ],
          [
            4.82235,
            52.351425
          ],
          [
            4.82225,
            52.351425
          ],
          [
            4.822143,
            52.351429
          ],
          [
            4.822042,
            52.351433
          ],
          [
            4.821972,
            52.351429
          ],
          [
            4.821836,
            52.351429
          ],
          [
            4.821735,
            52.351429
          ],
          [
            4.821643,
            52.351425
          ],
          [
            4.821523,
            52.351429
          ],
          [
            4.821423,
            52.351429
          ],
          [
            4.821354,
            52.351429
          ],
          [
            4.821224,
            52.351429
          ],
          [
            4.821123,
            52.351429
          ],
          [
            4.82102,
            52.351433
          ],
          [
            4.820946,
            52.351437
          ],
          [
            4.820856,
            52.35144
          ],
          [
            4.82077,
            52.351444
          ],
          [
            4.820691,
            52.351444
          ],
          [
            4.820496,
            52.351433
          ],
          [
            4.820401,
            52.351429
          ],
          [
            4.820309,
            52.351425
          ],
          [
            4.820176,
            52.351418
          ],
          [
            4.820088,
            52.351418
          ],
          [
            4.819966,
            52.351414
          ],
          [
            4.819864,
            52.351418
          ],
          [
            4.819763,
            52.351421
          ],
          [
            4.819702,
            52.351421
          ],
          [
            4.819586,
            52.351425
          ],
          [
            4.81948,
            52.351421
          ],
          [
            4.819387,
            52.351421
          ],
          [
            4.819296,
            52.351425
          ],
          [
            4.819199,
            52.351418
          ],
          [
            4.819053,
            52.351402
          ],
          [
            4.818947,
            52.351398
          ],
          [
            4.818851,
            52.351395
          ],
          [
            4.818741,
            52.351395
          ],
          [
            4.818668,
            52.351391
          ],
          [
            4.818541,
            52.351387
          ],
          [
            4.818435,
            52.351387
          ],
          [
            4.818335,
            52.351387
          ],
          [
            4.818233,
            52.351387
          ],
          [
            4.818171,
            52.351383
          ],
          [
            4.818029,
            52.351383
          ],
          [
            4.817924,
            52.351387
          ],
          [
            4.817824,
            52.351387
          ],
          [
            4.817725,
            52.351383
          ],
          [
            4.817662,
            52.351383
          ],
          [
            4.817523,
            52.351387
          ],
          [
            4.817422,
            52.351383
          ],
          [
            4.817319,
            52.351379
          ],
          [
            4.817221,
            52.351376
          ],
          [
            4.817146,
            52.351372
          ],
          [
            4.81701,
            52.351376
          ],
          [
            4.816954,
            52.351376
          ],
          [
            4.816806,
            52.351376
          ],
          [
            4.816709,
            52.351372
          ],
          [
            4.816639,
            52.351372
          ],
          [
            4.816499,
            52.351372
          ],
          [
            4.816397,
            52.351372
          ],
          [
            4.816359,
            52.351372
          ],
          [
            4.816196,
            52.351376
          ],
          [
            4.816132,
            52.351372
          ],
          [
            4.815996,
            52.351372
          ],
          [
            4.815889,
            52.351368
          ],
          [
            4.815785,
            52.351372
          ],
          [
            4.815691,
            52.351368
          ],
          [
            4.815616,
            52.351368
          ],
          [
            4.81549,
            52.351368
          ],
          [
            4.815386,
            52.351368
          ],
          [
            4.815286,
            52.351368
          ],
          [
            4.815188,
            52.351364
          ],
          [
            4.815119,
            52.35136
          ],
          [
            4.814993,
            52.351353
          ],
          [
            4.814869,
            52.351349
          ],
          [
            4.814772,
            52.351345
          ],
          [
            4.814675,
            52.351341
          ],
          [
            4.814604,
            52.351337
          ],
          [
            4.814532,
            52.351334
          ],
          [
            4.814361,
            52.351326
          ],
          [
            4.814271,
            52.351318
          ],
          [
            4.81416,
            52.351311
          ],
          [
            4.81405,
            52.351303
          ],
          [
            4.813982,
            52.351295
          ],
          [
            4.813847,
            52.351284
          ],
          [
            4.813744,
            52.351276
          ],
          [
            4.813644,
            52.351269
          ],
          [
            4.813609,
            52.351265
          ],
          [
            4.813444,
            52.351246
          ],
          [
            4.813353,
            52.351238
          ],
          [
            4.813252,
            52.351227
          ],
          [
            4.813151,
            52.351215
          ],
          [
            4.813116,
            52.351215
          ],
          [
            4.812959,
            52.351192
          ],
          [
            4.812867,
            52.351177
          ],
          [
            4.812767,
            52.351162
          ],
          [
            4.812668,
            52.351143
          ],
          [
            4.81264,
            52.351139
          ],
          [
            4.812468,
            52.351109
          ],
          [
            4.812368,
            52.35109
          ],
          [
            4.812276,
            52.35107
          ],
          [
            4.81218,
            52.351055
          ],
          [
            4.812165,
            52.351048
          ],
          [
            4.811971,
            52.351002
          ],
          [
            4.811908,
            52.35099
          ],
          [
            4.811785,
            52.350964
          ],
          [
            4.811687,
            52.350941
          ],
          [
            4.811617,
            52.350929
          ],
          [
            4.8116,
            52.350933
          ],
          [
            4.81135,
            52.350948
          ],
          [
            4.811296,
            52.35096
          ],
          [
            4.811222,
            52.350967
          ],
          [
            4.811149,
            52.350967
          ],
          [
            4.811076,
            52.350956
          ],
          [
            4.811043,
            52.350945
          ],
          [
            4.811015,
            52.350929
          ],
          [
            4.810966,
            52.350899
          ],
          [
            4.810799,
            52.3508
          ],
          [
            4.810755,
            52.350792
          ],
          [
            4.810658,
            52.350777
          ],
          [
            4.810587,
            52.350765
          ],
          [
            4.810514,
            52.350758
          ],
          [
            4.810527,
            52.350761
          ],
          [
            4.810397,
            52.350742
          ],
          [
            4.810259,
            52.350719
          ],
          [
            4.81018,
            52.350704
          ],
          [
            4.810029,
            52.35067
          ],
          [
            4.809953,
            52.350651
          ],
          [
            4.809795,
            52.350613
          ],
          [
            4.809652,
            52.350571
          ],
          [
            4.809561,
            52.35054
          ],
          [
            4.809472,
            52.350517
          ],
          [
            4.809411,
            52.350506
          ],
          [
            4.809291,
            52.350479
          ],
          [
            4.809176,
            52.350456
          ],
          [
            4.809079,
            52.350437
          ],
          [
            4.808986,
            52.350418
          ],
          [
            4.808898,
            52.350399
          ],
          [
            4.808865,
            52.350395
          ],
          [
            4.8087,
            52.350361
          ],
          [
            4.808602,
            52.350338
          ],
          [
            4.808507,
            52.350319
          ],
          [
            4.808416,
            52.3503
          ],
          [
            4.808337,
            52.350285
          ],
          [
            4.808221,
            52.350258
          ],
          [
            4.808123,
            52.350239
          ],
          [
            4.808034,
            52.350224
          ],
          [
            4.807985,
            52.350212
          ],
          [
            4.807858,
            52.350185
          ],
          [
            4.807733,
            52.350162
          ],
          [
            4.807637,
            52.350143
          ],
          [
            4.807544,
            52.350124
          ],
          [
            4.807497,
            52.350113
          ],
          [
            4.807371,
            52.35009
          ],
          [
            4.807251,
            52.350067
          ],
          [
            4.807156,
            52.350044
          ],
          [
            4.807065,
            52.350029
          ],
          [
            4.807017,
            52.350018
          ],
          [
            4.806892,
            52.349995
          ],
          [
            4.80677,
            52.349972
          ],
          [
            4.806675,
            52.349953
          ],
          [
            4.806638,
            52.349945
          ],
          [
            4.806516,
            52.349918
          ],
          [
            4.80646,
            52.349903
          ],
          [
            4.806355,
            52.349876
          ],
          [
            4.806269,
            52.349854
          ],
          [
            4.806187,
            52.349834
          ],
          [
            4.806095,
            52.349815
          ],
          [
            4.806036,
            52.349804
          ],
          [
            4.805914,
            52.349777
          ],
          [
            4.805924,
            52.349781
          ],
          [
            4.805738,
            52.349743
          ],
          [
            4.805621,
            52.34972
          ],
          [
            4.805538,
            52.349705
          ],
          [
            4.805424,
            52.349682
          ],
          [
            4.805328,
            52.349663
          ],
          [
            4.805308,
            52.349659
          ],
          [
            4.805154,
            52.349628
          ],
          [
            4.805069,
            52.349613
          ],
          [
            4.804952,
            52.349586
          ],
          [
            4.804858,
            52.349567
          ],
          [
            4.804779,
            52.349552
          ],
          [
            4.804743,
            52.349545
          ],
          [
            4.804615,
            52.349514
          ],
          [
            4.80448,
            52.349483
          ],
          [
            4.804381,
            52.349461
          ],
          [
            4.80429,
            52.349442
          ],
          [
            4.804191,
            52.349419
          ],
          [
            4.804093,
            52.3494
          ],
          [
            4.803993,
            52.349381
          ],
          [
            4.803899,
            52.349361
          ],
          [
            4.803808,
            52.349346
          ],
          [
            4.803709,
            52.349327
          ],
          [
            4.803609,
            52.349312
          ],
          [
            4.803442,
            52.349285
          ],
          [
            4.803319,
            52.349258
          ],
          [
            4.803209,
            52.349239
          ],
          [
            4.803111,
            52.349216
          ],
          [
            4.803044,
            52.349205
          ],
          [
            4.802913,
            52.349178
          ],
          [
            4.802819,
            52.349159
          ],
          [
            4.802721,
            52.349136
          ],
          [
            4.802621,
            52.349117
          ],
          [
            4.802525,
            52.349098
          ],
          [
            4.802466,
            52.349087
          ],
          [
            4.80233,
            52.349064
          ],
          [
            4.802232,
            52.349037
          ],
          [
            4.802134,
            52.349022
          ],
          [
            4.802058,
            52.349007
          ],
          [
            4.801945,
            52.34898
          ],
          [
            4.80185,
            52.348965
          ],
          [
            4.801752,
            52.348946
          ],
          [
            4.801655,
            52.348927
          ],
          [
            4.801585,
            52.348907
          ],
          [
            4.801461,
            52.348881
          ],
          [
            4.801365,
            52.348866
          ],
          [
            4.801262,
            52.348846
          ],
          [
            4.801166,
            52.348824
          ],
          [
            4.801084,
            52.348812
          ],
          [
            4.800971,
            52.348793
          ],
          [
            4.800879,
            52.34877
          ],
          [
            4.80078,
            52.348751
          ],
          [
            4.800687,
            52.348724
          ],
          [
            4.800611,
            52.348713
          ],
          [
            4.800494,
            52.34869
          ],
          [
            4.800403,
            52.348663
          ],
          [
            4.800304,
            52.34864
          ],
          [
            4.800209,
            52.348618
          ],
          [
            4.80012,
            52.348598
          ],
          [
            4.800028,
            52.348564
          ],
          [
            4.799942,
            52.348541
          ],
          [
            4.799857,
            52.348507
          ],
          [
            4.799769,
            52.348484
          ],
          [
            4.799685,
            52.348457
          ],
          [
            4.799594,
            52.348415
          ],
          [
            4.799503,
            52.348389
          ],
          [
            4.79942,
            52.348351
          ],
          [
            4.799328,
            52.348324
          ],
          [
            4.799247,
            52.348282
          ],
          [
            4.799153,
            52.348255
          ],
          [
            4.79907,
            52.348225
          ],
          [
            4.79899,
            52.348183
          ],
          [
            4.798904,
            52.348148
          ],
          [
            4.798819,
            52.34811
          ],
          [
            4.798741,
            52.348072
          ],
          [
            4.79866,
            52.348038
          ],
          [
            4.798588,
            52.348
          ],
          [
            4.798504,
            52.347958
          ],
          [
            4.798419,
            52.347927
          ],
          [
            4.798358,
            52.347916
          ],
          [
            4.798256,
            52.347912
          ],
          [
            4.798168,
            52.347904
          ],
          [
            4.798048,
            52.347893
          ],
          [
            4.798027,
            52.347885
          ],
          [
            4.79795,
            52.347855
          ],
          [
            4.797846,
            52.34779
          ],
          [
            4.797809,
            52.347736
          ],
          [
            4.797792,
            52.347679
          ],
          [
            4.797775,
            52.347622
          ],
          [
            4.797728,
            52.347569
          ],
          [
            4.797661,
            52.347519
          ],
          [
            4.797592,
            52.347469
          ],
          [
            4.797522,
            52.347424
          ],
          [
            4.797461,
            52.347378
          ],
          [
            4.797401,
            52.347324
          ],
          [
            4.797336,
            52.347275
          ],
          [
            4.797269,
            52.347225
          ],
          [
            4.797201,
            52.347179
          ],
          [
            4.797139,
            52.347134
          ],
          [
            4.797082,
            52.347084
          ],
          [
            4.797021,
            52.347034
          ],
          [
            4.796961,
            52.346981
          ],
          [
            4.796899,
            52.346935
          ],
          [
            4.796847,
            52.346882
          ],
          [
            4.796786,
            52.346832
          ],
          [
            4.796736,
            52.346775
          ],
          [
            4.796686,
            52.346722
          ],
          [
            4.796637,
            52.346672
          ],
          [
            4.796585,
            52.346615
          ],
          [
            4.796536,
            52.346561
          ],
          [
            4.796496,
            52.346508
          ],
          [
            4.79645,
            52.346458
          ],
          [
            4.796413,
            52.346405
          ],
          [
            4.796375,
            52.346355
          ],
          [
            4.796338,
            52.346306
          ],
          [
            4.796306,
            52.346252
          ],
          [
            4.796267,
            52.346195
          ],
          [
            4.796231,
            52.346138
          ],
          [
            4.796194,
            52.346077
          ],
          [
            4.796155,
            52.34602
          ],
          [
            4.796119,
            52.345966
          ],
          [
            4.796078,
            52.345909
          ],
          [
            4.796039,
            52.345852
          ],
          [
            4.796007,
            52.345791
          ],
          [
            4.795972,
            52.345734
          ],
          [
            4.795944,
            52.345676
          ],
          [
            4.795907,
            52.345619
          ],
          [
            4.795884,
            52.345558
          ],
          [
            4.795845,
            52.345505
          ],
          [
            4.795804,
            52.345448
          ],
          [
            4.795763,
            52.34539
          ],
          [
            4.79573,
            52.345337
          ],
          [
            4.795698,
            52.345284
          ],
          [
            4.79567,
            52.345226
          ],
          [
            4.79563,
            52.345177
          ],
          [
            4.7956,
            52.345123
          ],
          [
            4.795571,
            52.345074
          ],
          [
            4.795543,
            52.345024
          ],
          [
            4.79551,
            52.344974
          ],
          [
            4.795475,
            52.344925
          ],
          [
            4.795442,
            52.344875
          ],
          [
            4.795408,
            52.344822
          ],
          [
            4.795382,
            52.344772
          ],
          [
            4.795359,
            52.344719
          ],
          [
            4.795334,
            52.344666
          ],
          [
            4.795308,
            52.344612
          ],
          [
            4.795294,
            52.344555
          ],
          [
            4.795281,
            52.344505
          ],
          [
            4.795278,
            52.344452
          ],
          [
            4.795276,
            52.344395
          ],
          [
            4.795274,
            52.344337
          ],
          [
            4.795263,
            52.344276
          ],
          [
            4.795239,
            52.344215
          ],
          [
            4.795208,
            52.344162
          ],
          [
            4.795184,
            52.344128
          ],
          [
            4.795151,
            52.344078
          ],
          [
            4.795114,
            52.344029
          ],
          [
            4.795075,
            52.343971
          ],
          [
            4.795038,
            52.343922
          ],
          [
            4.795005,
            52.343876
          ],
          [
            4.794968,
            52.343822
          ],
          [
            4.794931,
            52.343773
          ],
          [
            4.794892,
            52.343716
          ],
          [
            4.794852,
            52.343658
          ],
          [
            4.794818,
            52.343609
          ],
          [
            4.794779,
            52.343544
          ],
          [
            4.794745,
            52.343502
          ],
          [
            4.794715,
            52.343452
          ],
          [
            4.79468,
            52.343407
          ],
          [
            4.794647,
            52.343357
          ],
          [
            4.794612,
            52.343311
          ],
          [
            4.79458,
            52.343266
          ],
          [
            4.794548,
            52.34322
          ],
          [
            4.794481,
            52.343121
          ],
          [
            4.794446,
            52.343067
          ],
          [
            4.794419,
            52.343021
          ],
          [
            4.794388,
            52.342976
          ],
          [
            4.794356,
            52.342922
          ],
          [
            4.794329,
            52.34288
          ],
          [
            4.7943,
            52.342835
          ],
          [
            4.79427,
            52.342789
          ],
          [
            4.794237,
            52.342739
          ],
          [
            4.794201,
            52.342693
          ],
          [
            4.794161,
            52.34264
          ],
          [
            4.794126,
            52.342586
          ],
          [
            4.794085,
            52.342537
          ],
          [
            4.79405,
            52.342484
          ],
          [
            4.79401,
            52.34243
          ],
          [
            4.793977,
            52.342384
          ],
          [
            4.79395,
            52.34235
          ],
          [
            4.793932,
            52.342335
          ],
          [
            4.793932,
            52.342335
          ],
          [
            4.793932,
            52.342335
          ],
          [
            4.793899,
            52.342304
          ],
          [
            4.793898,
            52.342297
          ],
          [
            4.793888,
            52.342281
          ],
          [
            4.793873,
            52.342258
          ],
          [
            4.793855,
            52.342236
          ],
          [
            4.793831,
            52.342217
          ],
          [
            4.793806,
            52.342194
          ],
          [
            4.793778,
            52.342171
          ],
          [
            4.793744,
            52.342144
          ],
          [
            4.793709,
            52.342113
          ],
          [
            4.793664,
            52.342087
          ],
          [
            4.793613,
            52.342052
          ],
          [
            4.793554,
            52.342018
          ],
          [
            4.793495,
            52.34198
          ],
          [
            4.793427,
            52.341942
          ],
          [
            4.793351,
            52.341904
          ],
          [
            4.793277,
            52.341873
          ],
          [
            4.793202,
            52.341835
          ],
          [
            4.793119,
            52.341793
          ],
          [
            4.793044,
            52.341751
          ],
          [
            4.792976,
            52.341705
          ],
          [
            4.792911,
            52.34166
          ],
          [
            4.792852,
            52.34161
          ],
          [
            4.7928,
            52.341568
          ],
          [
            4.792758,
            52.341522
          ],
          [
            4.792725,
            52.341473
          ],
          [
            4.792689,
            52.341423
          ],
          [
            4.792657,
            52.341377
          ],
          [
            4.79262,
            52.341331
          ],
          [
            4.792584,
            52.34129
          ],
          [
            4.792547,
            52.34124
          ],
          [
            4.792513,
            52.34119
          ],
          [
            4.792476,
            52.341137
          ],
          [
            4.79244,
            52.341087
          ],
          [
            4.792404,
            52.341034
          ],
          [
            4.792367,
            52.340981
          ],
          [
            4.792325,
            52.340927
          ],
          [
            4.792281,
            52.340881
          ],
          [
            4.792233,
            52.340832
          ],
          [
            4.792175,
            52.340794
          ],
          [
            4.792098,
            52.340752
          ],
          [
            4.792028,
            52.340713
          ],
          [
            4.791959,
            52.340679
          ],
          [
            4.791888,
            52.340652
          ],
          [
            4.791816,
            52.340645
          ],
          [
            4.791753,
            52.34066
          ],
          [
            4.791747,
            52.340668
          ],
          [
            4.791657,
            52.34074
          ],
          [
            4.791605,
            52.340782
          ],
          [
            4.791555,
            52.34082
          ],
          [
            4.791505,
            52.340862
          ],
          [
            4.791457,
            52.3409
          ],
          [
            4.791409,
            52.340942
          ],
          [
            4.791369,
            52.340984
          ],
          [
            4.791325,
            52.341023
          ],
          [
            4.791286,
            52.341053
          ],
          [
            4.791249,
            52.341072
          ],
          [
            4.791234,
            52.34108
          ],
          [
            4.791234,
            52.34108
          ],
          [
            4.791234,
            52.34108
          ],
          [
            4.79119,
            52.341103
          ],
          [
            4.791172,
            52.341106
          ],
          [
            4.791138,
            52.341118
          ],
          [
            4.791094,
            52.341118
          ],
          [
            4.79105,
            52.341118
          ],
          [
            4.791003,
            52.341114
          ],
          [
            4.790965,
            52.34111
          ],
          [
            4.790929,
            52.341106
          ],
          [
            4.790873,
            52.341091
          ],
          [
            4.79082,
            52.341064
          ],
          [
            4.790759,
            52.341034
          ],
          [
            4.790693,
            52.340996
          ],
          [
            4.790624,
            52.340958
          ],
          [
            4.79055,
            52.340916
          ],
          [
            4.790478,
            52.34087
          ],
          [
            4.790412,
            52.340824
          ],
          [
            4.790342,
            52.340775
          ],
          [
            4.790273,
            52.340729
          ],
          [
            4.790215,
            52.340679
          ],
          [
            4.790137,
            52.340637
          ],
          [
            4.790075,
            52.340588
          ],
          [
            4.790014,
            52.340546
          ],
          [
            4.789948,
            52.3405
          ],
          [
            4.789881,
            52.34045
          ],
          [
            4.789813,
            52.340405
          ],
          [
            4.789743,
            52.340355
          ],
          [
            4.789677,
            52.340309
          ],
          [
            4.789609,
            52.340267
          ],
          [
            4.789542,
            52.340221
          ],
          [
            4.789476,
            52.340176
          ],
          [
            4.78941,
            52.340126
          ],
          [
            4.789344,
            52.34008
          ],
          [
            4.789272,
            52.340031
          ],
          [
            4.789201,
            52.339981
          ],
          [
            4.789129,
            52.339935
          ],
          [
            4.78906,
            52.339886
          ],
          [
            4.788987,
            52.33984
          ],
          [
            4.788921,
            52.339794
          ],
          [
            4.788853,
            52.339745
          ],
          [
            4.788788,
            52.339699
          ],
          [
            4.788717,
            52.339649
          ],
          [
            4.788648,
            52.339603
          ],
          [
            4.788579,
            52.339554
          ],
          [
            4.78851,
            52.339508
          ],
          [
            4.788437,
            52.339455
          ],
          [
            4.788372,
            52.339409
          ],
          [
            4.788307,
            52.339359
          ],
          [
            4.788232,
            52.339317
          ],
          [
            4.788153,
            52.339275
          ],
          [
            4.78807,
            52.339241
          ],
          [
            4.787982,
            52.339199
          ],
          [
            4.78789,
            52.339165
          ],
          [
            4.787801,
            52.339134
          ],
          [
            4.787709,
            52.339115
          ],
          [
            4.787636,
            52.339096
          ],
          [
            4.787521,
            52.339069
          ],
          [
            4.787426,
            52.33905
          ],
          [
            4.787333,
            52.339031
          ],
          [
            4.787241,
            52.339012
          ],
          [
            4.787148,
            52.338993
          ],
          [
            4.787065,
            52.33897
          ],
          [
            4.786979,
            52.338951
          ],
          [
            4.78689,
            52.338924
          ],
          [
            4.786795,
            52.338905
          ],
          [
            4.786695,
            52.338886
          ],
          [
            4.786598,
            52.338871
          ],
          [
            4.786499,
            52.338852
          ],
          [
            4.786425,
            52.338837
          ],
          [
            4.786304,
            52.33881
          ],
          [
            4.78621,
            52.338787
          ],
          [
            4.786117,
            52.338764
          ],
          [
            4.786021,
            52.338745
          ],
          [
            4.785951,
            52.33873
          ],
          [
            4.785824,
            52.338699
          ],
          [
            4.785732,
            52.338684
          ],
          [
            4.785636,
            52.338665
          ],
          [
            4.785541,
            52.338638
          ],
          [
            4.785454,
            52.338619
          ],
          [
            4.785347,
            52.338593
          ],
          [
            4.785251,
            52.338573
          ],
          [
            4.785156,
            52.338554
          ],
          [
            4.785065,
            52.338535
          ],
          [
            4.784976,
            52.338516
          ],
          [
            4.784872,
            52.338493
          ],
          [
            4.784774,
            52.33847
          ],
          [
            4.784684,
            52.338451
          ],
          [
            4.784588,
            52.338432
          ],
          [
            4.784508,
            52.338413
          ],
          [
            4.784395,
            52.33839
          ],
          [
            4.784299,
            52.338367
          ],
          [
            4.78421,
            52.338352
          ],
          [
            4.784118,
            52.338333
          ],
          [
            4.784041,
            52.338314
          ],
          [
            4.783917,
            52.338287
          ],
          [
            4.783825,
            52.338261
          ],
          [
            4.783738,
            52.33823
          ],
          [
            4.783653,
            52.338192
          ],
          [
            4.783569,
            52.338158
          ],
          [
            4.783488,
            52.33812
          ],
          [
            4.783414,
            52.338078
          ],
          [
            4.783345,
            52.338036
          ],
          [
            4.783275,
            52.33799
          ],
          [
            4.783201,
            52.337944
          ],
          [
            4.783131,
            52.337894
          ],
          [
            4.783063,
            52.337852
          ],
          [
            4.783001,
            52.337807
          ],
          [
            4.782929,
            52.337761
          ],
          [
            4.782852,
            52.337715
          ],
          [
            4.782771,
            52.337677
          ],
          [
            4.782689,
            52.337643
          ],
          [
            4.782604,
            52.337612
          ],
          [
            4.782516,
            52.337582
          ],
          [
            4.782427,
            52.337555
          ],
          [
            4.782325,
            52.337528
          ],
          [
            4.782229,
            52.337505
          ],
          [
            4.782135,
            52.33749
          ],
          [
            4.782031,
            52.337482
          ],
          [
            4.781955,
            52.337471
          ],
          [
            4.781832,
            52.337463
          ],
          [
            4.781731,
            52.33746
          ],
          [
            4.781627,
            52.337456
          ],
          [
            4.781527,
            52.33746
          ],
          [
            4.781451,
            52.337463
          ],
          [
            4.781322,
            52.337475
          ],
          [
            4.781222,
            52.337494
          ],
          [
            4.781127,
            52.337509
          ],
          [
            4.781039,
            52.337528
          ],
          [
            4.78095,
            52.337547
          ],
          [
            4.780849,
            52.337574
          ],
          [
            4.780762,
            52.337605
          ],
          [
            4.780673,
            52.337631
          ],
          [
            4.780582,
            52.337658
          ],
          [
            4.780488,
            52.337688
          ],
          [
            4.780395,
            52.337715
          ],
          [
            4.780304,
            52.337742
          ],
          [
            4.780214,
            52.337769
          ],
          [
            4.780127,
            52.337795
          ],
          [
            4.780034,
            52.337818
          ],
          [
            4.779943,
            52.337845
          ],
          [
            4.779857,
            52.337868
          ],
          [
            4.77978,
            52.337894
          ],
          [
            4.779714,
            52.337917
          ],
          [
            4.779655,
            52.33794
          ],
          [
            4.779602,
            52.337955
          ],
          [
            4.779548,
            52.337971
          ],
          [
            4.779502,
            52.33799
          ],
          [
            4.779464,
            52.338009
          ],
          [
            4.779441,
            52.338024
          ],
          [
            4.779441,
            52.338024
          ],
          [
            4.779423,
            52.338059
          ],
          [
            4.779414,
            52.338078
          ],
          [
            4.779394,
            52.338097
          ],
          [
            4.779356,
            52.338112
          ],
          [
            4.77929,
            52.338127
          ],
          [
            4.779224,
            52.338142
          ],
          [
            4.779159,
            52.338169
          ],
          [
            4.779098,
            52.3382
          ],
          [
            4.779036,
            52.33823
          ],
          [
            4.778966,
            52.338264
          ],
          [
            4.778898,
            52.338299
          ],
          [
            4.778827,
            52.338337
          ],
          [
            4.778753,
            52.338375
          ],
          [
            4.778679,
            52.338409
          ],
          [
            4.778603,
            52.338444
          ],
          [
            4.778527,
            52.338478
          ],
          [
            4.778447,
            52.338505
          ],
          [
            4.778374,
            52.338531
          ],
          [
            4.778293,
            52.338562
          ],
          [
            4.778224,
            52.338585
          ],
          [
            4.778161,
            52.338612
          ],
          [
            4.778092,
            52.338638
          ],
          [
            4.778039,
            52.338661
          ],
          [
            4.778007,
            52.338692
          ],
          [
            4.777987,
            52.338722
          ],
          [
            4.777983,
            52.338757
          ],
          [
            4.777989,
            52.338764
          ],
          [
            4.778053,
            52.338814
          ],
          [
            4.778096,
            52.338852
          ],
          [
            4.778138,
            52.338882
          ],
          [
            4.778176,
            52.338917
          ],
          [
            4.778216,
            52.338951
          ],
          [
            4.778258,
            52.338974
          ],
          [
            4.778301,
            52.339004
          ],
          [
            4.778345,
            52.339027
          ],
          [
            4.7784,
            52.339027
          ],
          [
            4.778447,
            52.339035
          ],
          [
            4.778486,
            52.33905
          ],
          [
            4.778514,
            52.339077
          ],
          [
            4.778544,
            52.339107
          ],
          [
            4.778576,
            52.339138
          ],
          [
            4.778602,
            52.339157
          ],
          [
            4.778631,
            52.339195
          ],
          [
            4.778665,
            52.339226
          ],
          [
            4.778702,
            52.339253
          ],
          [
            4.778749,
            52.339272
          ],
          [
            4.778798,
            52.339275
          ],
          [
            4.778867,
            52.339283
          ],
          [
            4.778914,
            52.339287
          ],
          [
            4.77895,
            52.339306
          ],
          [
            4.778977,
            52.339333
          ],
          [
            4.77897,
            52.339359
          ],
          [
            4.778962,
            52.339386
          ],
          [
            4.778979,
            52.339394
          ],
          [
            4.778997,
            52.339409
          ],
          [
            4.779017,
            52.339424
          ],
          [
            4.779038,
            52.339439
          ],
          [
            4.779059,
            52.339455
          ],
          [
            4.77907,
            52.339466
          ],
          [
            4.77907,
            52.339466
          ],
          [
            4.779065,
            52.339474
          ],
          [
            4.779065,
            52.339474
          ],
          [
            4.779065,
            52.339474
          ]
        ]
      }
    }
  ]
}