{
  "type": "FeatureCollection",
  "features": [
    {
      "type": "Feature",
      "properties": {
        "id": "badhoevedorp-to-amsterdam-ride-db3e4880-6d1c-11f1-8ad1-a40dbc8fa83a",
        "title": "Badhoevedorp to Amsterdam ride",
        "source": "Badhoevedorp to Amsterdam ride-db3e4880-6d1c-11f1-8ad1-a40dbc8fa83a.fit"
      },
      "geometry": {
        "type": "LineString",
        "coordinates": [
          [
            4.779107,
            52.339497
          ],
          [
            4.779104,
            52.339497
          ],
          [
            4.779104,
            52.339497
          ],
          [
            4.779135,
            52.339523
          ],
          [
            4.77914,
            52.339527
          ],
          [
            4.77914,
            52.339527
          ],
          [
            4.77914,
            52.339527
          ],
          [
            4.77914,
            52.339527
          ],
          [
            4.779111,
            52.339561
          ],
          [
            4.779111,
            52.339561
          ],
          [
            4.779119,
            52.339577
          ],
          [
            4.779122,
            52.339581
          ],
          [
            4.779138,
            52.339588
          ],
          [
            4.779163,
            52.3396
          ],
          [
            4.779206,
            52.339607
          ],
          [
            4.779244,
            52.339619
          ],
          [
            4.779277,
            52.339634
          ],
          [
            4.779319,
            52.339649
          ],
          [
            4.779365,
            52.339676
          ],
          [
            4.779402,
            52.339695
          ],
          [
            4.779432,
            52.339718
          ],
          [
            4.779514,
            52.339767
          ],
          [
            4.779555,
            52.339802
          ],
          [
            4.77961,
            52.339836
          ],
          [
            4.779662,
            52.339882
          ],
          [
            4.779722,
            52.339928
          ],
          [
            4.779775,
            52.339966
          ],
          [
            4.779829,
            52.340012
          ],
          [
            4.779868,
            52.34005
          ],
          [
            4.779895,
            52.340069
          ],
          [
            4.779977,
            52.340141
          ],
          [
            4.780024,
            52.340183
          ],
          [
            4.780087,
            52.340237
          ],
          [
            4.780141,
            52.34029
          ],
          [
            4.780191,
            52.340332
          ],
          [
            4.780249,
            52.340385
          ],
          [
            4.78031,
            52.340435
          ],
          [
            4.780352,
            52.340473
          ],
          [
            4.780418,
            52.340523
          ],
          [
            4.780523,
            52.340611
          ],
          [
            4.780573,
            52.340652
          ],
          [
            4.780624,
            52.340691
          ],
          [
            4.780692,
            52.340721
          ],
          [
            4.780703,
            52.340706
          ],
          [
            4.780838,
            52.34066
          ],
          [
            4.780914,
            52.340618
          ],
          [
            4.78096,
            52.340591
          ],
          [
            4.781017,
            52.340572
          ],
          [
            4.781079,
            52.340546
          ],
          [
            4.781102,
            52.340534
          ],
          [
            4.781233,
            52.340481
          ],
          [
            4.7813,
            52.34045
          ],
          [
            4.781337,
            52.340435
          ],
          [
            4.781452,
            52.340385
          ],
          [
            4.781524,
            52.340355
          ],
          [
            4.781581,
            52.340313
          ],
          [
            4.781712,
            52.340237
          ],
          [
            4.781782,
            52.340202
          ],
          [
            4.781852,
            52.340172
          ],
          [
            4.781923,
            52.340141
          ],
          [
            4.782008,
            52.340103
          ],
          [
            4.782044,
            52.340084
          ],
          [
            4.782071,
            52.340076
          ],
          [
            4.782106,
            52.340065
          ],
          [
            4.782164,
            52.340061
          ],
          [
            4.782224,
            52.340073
          ],
          [
            4.78227,
            52.340096
          ],
          [
            4.782323,
            52.34013
          ],
          [
            4.782372,
            52.340164
          ],
          [
            4.782428,
            52.340198
          ],
          [
            4.782478,
            52.340233
          ],
          [
            4.782531,
            52.340271
          ],
          [
            4.782588,
            52.340313
          ],
          [
            4.782646,
            52.340351
          ],
          [
            4.782709,
            52.340389
          ],
          [
            4.782764,
            52.340427
          ],
          [
            4.782821,
            52.340469
          ],
          [
            4.782881,
            52.340511
          ],
          [
            4.782938,
            52.340557
          ],
          [
            4.783005,
            52.340599
          ],
          [
            4.783072,
            52.340641
          ],
          [
            4.783135,
            52.340687
          ],
          [
            4.783201,
            52.340733
          ],
          [
            4.783265,
            52.340778
          ],
          [
            4.783326,
            52.34082
          ],
          [
            4.783395,
            52.340862
          ],
          [
            4.783461,
            52.340912
          ],
          [
            4.783524,
            52.340958
          ],
          [
            4.783584,
            52.340996
          ],
          [
            4.783647,
            52.341042
          ],
          [
            4.783715,
            52.341087
          ],
          [
            4.78378,
            52.341133
          ],
          [
            4.783844,
            52.341179
          ],
          [
            4.783911,
            52.341225
          ],
          [
            4.783976,
            52.34127
          ],
          [
            4.784045,
            52.341312
          ],
          [
            4.784107,
            52.341362
          ],
          [
            4.784174,
            52.341408
          ],
          [
            4.784237,
            52.341454
          ],
          [
            4.7843,
            52.341499
          ],
          [
            4.784366,
            52.341549
          ],
          [
            4.784427,
            52.341591
          ],
          [
            4.784491,
            52.341633
          ],
          [
            4.784549,
            52.341671
          ],
          [
            4.784686,
            52.341766
          ],
          [
            4.784743,
            52.341805
          ],
          [
            4.784808,
            52.341854
          ],
          [
            4.784876,
            52.3419
          ],
          [
            4.785,
            52.341988
          ],
          [
            4.78514,
            52.342083
          ],
          [
            4.785207,
            52.342136
          ],
          [
            4.785274,
            52.342182
          ],
          [
            4.785336,
            52.342224
          ],
          [
            4.785406,
            52.342239
          ],
          [
            4.785483,
            52.342239
          ],
          [
            4.785687,
            52.342205
          ],
          [
            4.785773,
            52.342182
          ],
          [
            4.785861,
            52.342163
          ],
          [
            4.785951,
            52.34214
          ],
          [
            4.786042,
            52.342117
          ],
          [
            4.786115,
            52.342098
          ],
          [
            4.786201,
            52.342075
          ],
          [
            4.786283,
            52.342056
          ],
          [
            4.78638,
            52.342033
          ],
          [
            4.786402,
            52.342026
          ],
          [
            4.786565,
            52.341984
          ],
          [
            4.786648,
            52.341961
          ],
          [
            4.786737,
            52.341938
          ],
          [
            4.786822,
            52.341915
          ],
          [
            4.786907,
            52.341896
          ],
          [
            4.786993,
            52.341877
          ],
          [
            4.787158,
            52.341831
          ],
          [
            4.787237,
            52.341812
          ],
          [
            4.78733,
            52.341793
          ],
          [
            4.787419,
            52.34177
          ],
          [
            4.787508,
            52.341743
          ],
          [
            4.787586,
            52.341721
          ],
          [
            4.787678,
            52.341698
          ],
          [
            4.787702,
            52.34169
          ],
          [
            4.787855,
            52.341656
          ],
          [
            4.787938,
            52.341633
          ],
          [
            4.788022,
            52.341614
          ],
          [
            4.788106,
            52.341595
          ],
          [
            4.788187,
            52.341576
          ],
          [
            4.788209,
            52.341568
          ],
          [
            4.788358,
            52.341526
          ],
          [
            4.78839,
            52.341518
          ],
          [
            4.788522,
            52.341484
          ],
          [
            4.788612,
            52.341461
          ],
          [
            4.788691,
            52.341442
          ],
          [
            4.788778,
            52.341415
          ],
          [
            4.788867,
            52.341392
          ],
          [
            4.788953,
            52.341373
          ],
          [
            4.789028,
            52.341351
          ],
          [
            4.78922,
            52.341305
          ],
          [
            4.789226,
            52.341305
          ],
          [
            4.789472,
            52.341236
          ],
          [
            4.789565,
            52.341213
          ],
          [
            4.789655,
            52.34119
          ],
          [
            4.78969,
            52.341183
          ],
          [
            4.789829,
            52.341145
          ],
          [
            4.789906,
            52.341114
          ],
          [
            4.789968,
            52.341087
          ],
          [
            4.790045,
            52.341049
          ],
          [
            4.790189,
            52.340965
          ],
          [
            4.790305,
            52.340889
          ],
          [
            4.790416,
            52.340843
          ],
          [
            4.790576,
            52.340847
          ],
          [
            4.790639,
            52.340874
          ],
          [
            4.79071,
            52.340904
          ],
          [
            4.790774,
            52.340923
          ],
          [
            4.790801,
            52.340931
          ],
          [
            4.790923,
            52.340958
          ],
          [
            4.79097,
            52.340961
          ],
          [
            4.791157,
            52.340942
          ],
          [
            4.791182,
            52.340931
          ],
          [
            4.791288,
            52.340881
          ],
          [
            4.791343,
            52.340847
          ],
          [
            4.791388,
            52.340809
          ],
          [
            4.791435,
            52.340767
          ],
          [
            4.791482,
            52.340725
          ],
          [
            4.791523,
            52.340694
          ],
          [
            4.791574,
            52.340656
          ],
          [
            4.791627,
            52.340622
          ],
          [
            4.791682,
            52.340595
          ],
          [
            4.791743,
            52.34058
          ],
          [
            4.791819,
            52.34058
          ],
          [
            4.791873,
            52.340591
          ],
          [
            4.791914,
            52.340611
          ],
          [
            4.791958,
            52.340641
          ],
          [
            4.792014,
            52.340664
          ],
          [
            4.792087,
            52.340691
          ],
          [
            4.792158,
            52.340721
          ],
          [
            4.792226,
            52.340755
          ],
          [
            4.792287,
            52.340794
          ],
          [
            4.79234,
            52.340839
          ],
          [
            4.792393,
            52.340893
          ],
          [
            4.792449,
            52.34095
          ],
          [
            4.7925,
            52.341003
          ],
          [
            4.792556,
            52.341061
          ],
          [
            4.792665,
            52.341167
          ],
          [
            4.792716,
            52.341221
          ],
          [
            4.792774,
            52.341274
          ],
          [
            4.792835,
            52.341324
          ],
          [
            4.792964,
            52.341415
          ],
          [
            4.793031,
            52.341465
          ],
          [
            4.793097,
            52.341507
          ],
          [
            4.79317,
            52.341549
          ],
          [
            4.793247,
            52.341587
          ],
          [
            4.793404,
            52.341667
          ],
          [
            4.793562,
            52.34174
          ],
          [
            4.79372,
            52.341812
          ],
          [
            4.793787,
            52.341854
          ],
          [
            4.793857,
            52.3419
          ],
          [
            4.793921,
            52.341946
          ],
          [
            4.793982,
            52.341995
          ],
          [
            4.794038,
            52.342045
          ],
          [
            4.794089,
            52.342098
          ],
          [
            4.794174,
            52.342209
          ],
          [
            4.794212,
            52.342262
          ],
          [
            4.794249,
            52.34232
          ],
          [
            4.794321,
            52.34243
          ],
          [
            4.794356,
            52.342484
          ],
          [
            4.794392,
            52.342537
          ],
          [
            4.794427,
            52.34259
          ],
          [
            4.794466,
            52.342644
          ],
          [
            4.794505,
            52.342701
          ],
          [
            4.794544,
            52.342754
          ],
          [
            4.794583,
            52.342812
          ],
          [
            4.794622,
            52.342865
          ],
          [
            4.794663,
            52.342918
          ],
          [
            4.794758,
            52.343029
          ],
          [
            4.794802,
            52.343082
          ],
          [
            4.794845,
            52.343136
          ],
          [
            4.794883,
            52.343185
          ],
          [
            4.794966,
            52.3433
          ],
          [
            4.795005,
            52.343357
          ],
          [
            4.795039,
            52.343418
          ],
          [
            4.795072,
            52.343475
          ],
          [
            4.7951,
            52.343533
          ],
          [
            4.795127,
            52.343586
          ],
          [
            4.795159,
            52.343643
          ],
          [
            4.795194,
            52.3437
          ],
          [
            4.795232,
            52.343761
          ],
          [
            4.795272,
            52.343819
          ],
          [
            4.79531,
            52.343876
          ],
          [
            4.795345,
            52.343929
          ],
          [
            4.795385,
            52.343987
          ],
          [
            4.795423,
            52.344048
          ],
          [
            4.795456,
            52.344112
          ],
          [
            4.795481,
            52.34417
          ],
          [
            4.795494,
            52.344231
          ],
          [
            4.795505,
            52.344292
          ],
          [
            4.795515,
            52.344353
          ],
          [
            4.795523,
            52.344418
          ],
          [
            4.79553,
            52.344479
          ],
          [
            4.795553,
            52.344601
          ],
          [
            4.795576,
            52.344658
          ],
          [
            4.795599,
            52.344723
          ],
          [
            4.795633,
            52.34478
          ],
          [
            4.795668,
            52.344841
          ],
          [
            4.795702,
            52.344898
          ],
          [
            4.795774,
            52.345013
          ],
          [
            4.795811,
            52.34507
          ],
          [
            4.795846,
            52.345127
          ],
          [
            4.795882,
            52.345184
          ],
          [
            4.79592,
            52.345242
          ],
          [
            4.795986,
            52.345352
          ],
          [
            4.796021,
            52.345406
          ],
          [
            4.796055,
            52.345467
          ],
          [
            4.796123,
            52.345585
          ],
          [
            4.796158,
            52.345642
          ],
          [
            4.796191,
            52.345699
          ],
          [
            4.796223,
            52.345757
          ],
          [
            4.796262,
            52.345821
          ],
          [
            4.796299,
            52.345879
          ],
          [
            4.796337,
            52.345936
          ],
          [
            4.796374,
            52.345993
          ],
          [
            4.796412,
            52.34605
          ],
          [
            4.796483,
            52.346168
          ],
          [
            4.796523,
            52.34623
          ],
          [
            4.796565,
            52.346283
          ],
          [
            4.796652,
            52.346394
          ],
          [
            4.796698,
            52.346451
          ],
          [
            4.796741,
            52.346508
          ],
          [
            4.796845,
            52.346619
          ],
          [
            4.796896,
            52.346668
          ],
          [
            4.796952,
            52.346722
          ],
          [
            4.797005,
            52.346779
          ],
          [
            4.79706,
            52.346828
          ],
          [
            4.797186,
            52.346928
          ],
          [
            4.797244,
            52.346973
          ],
          [
            4.797305,
            52.347027
          ],
          [
            4.797371,
            52.347073
          ],
          [
            4.797439,
            52.347122
          ],
          [
            4.797508,
            52.347168
          ],
          [
            4.797577,
            52.34721
          ],
          [
            4.797715,
            52.347301
          ],
          [
            4.797783,
            52.347351
          ],
          [
            4.797851,
            52.347397
          ],
          [
            4.797926,
            52.347443
          ],
          [
            4.797977,
            52.347458
          ],
          [
            4.79797,
            52.347454
          ],
          [
            4.79811,
            52.347469
          ],
          [
            4.798222,
            52.347488
          ],
          [
            4.798312,
            52.347511
          ],
          [
            4.798393,
            52.347546
          ],
          [
            4.798451,
            52.347588
          ],
          [
            4.798484,
            52.347626
          ],
          [
            4.798513,
            52.347672
          ],
          [
            4.79854,
            52.347698
          ],
          [
            4.798616,
            52.347778
          ],
          [
            4.798687,
            52.347832
          ],
          [
            4.798759,
            52.347881
          ],
          [
            4.798915,
            52.347965
          ],
          [
            4.798994,
            52.348003
          ],
          [
            4.799076,
            52.348045
          ],
          [
            4.799163,
            52.348087
          ],
          [
            4.799239,
            52.348118
          ],
          [
            4.799366,
            52.348171
          ],
          [
            4.799477,
            52.348217
          ],
          [
            4.799567,
            52.348248
          ],
          [
            4.799647,
            52.348278
          ],
          [
            4.799733,
            52.348312
          ],
          [
            4.799829,
            52.348343
          ],
          [
            4.799911,
            52.348366
          ],
          [
            4.799993,
            52.348392
          ],
          [
            4.800085,
            52.348419
          ],
          [
            4.800176,
            52.348446
          ],
          [
            4.800244,
            52.348461
          ],
          [
            4.800357,
            52.348492
          ],
          [
            4.800458,
            52.348518
          ],
          [
            4.800549,
            52.348537
          ],
          [
            4.800647,
            52.348556
          ],
          [
            4.800692,
            52.348564
          ],
          [
            4.800812,
            52.348587
          ],
          [
            4.800902,
            52.348606
          ],
          [
            4.801022,
            52.348633
          ],
          [
            4.80106,
            52.34864
          ],
          [
            4.801294,
            52.348682
          ],
          [
            4.801393,
            52.348702
          ],
          [
            4.801497,
            52.348724
          ],
          [
            4.801557,
            52.348736
          ],
          [
            4.801675,
            52.348759
          ],
          [
            4.801775,
            52.348778
          ],
          [
            4.801871,
            52.348797
          ],
          [
            4.801962,
            52.348812
          ],
          [
            4.802061,
            52.348835
          ],
          [
            4.802153,
            52.348854
          ],
          [
            4.802258,
            52.348877
          ],
          [
            4.802342,
            52.348892
          ],
          [
            4.802443,
            52.348911
          ],
          [
            4.802501,
            52.348923
          ],
          [
            4.802632,
            52.348949
          ],
          [
            4.802738,
            52.348972
          ],
          [
            4.802824,
            52.348988
          ],
          [
            4.802927,
            52.34901
          ],
          [
            4.802991,
            52.349022
          ],
          [
            4.803125,
            52.349049
          ],
          [
            4.803228,
            52.349071
          ],
          [
            4.803328,
            52.349091
          ],
          [
            4.803421,
            52.34911
          ],
          [
            4.803476,
            52.349125
          ],
          [
            4.803618,
            52.349155
          ],
          [
            4.803699,
            52.349167
          ],
          [
            4.803779,
            52.349182
          ],
          [
            4.803867,
            52.349197
          ],
          [
            4.803938,
            52.349209
          ],
          [
            4.803996,
            52.34922
          ],
          [
            4.804085,
            52.349239
          ],
          [
            4.804085,
            52.349239
          ],
          [
            4.804085,
            52.349239
          ],
          [
            4.804085,
            52.349239
          ],
          [
            4.804157,
            52.349255
          ],
          [
            4.804178,
            52.349239
          ],
          [
            4.804177,
            52.349228
          ],
          [
            4.804177,
            52.349232
          ],
          [
            4.804177,
            52.349228
          ],
          [
            4.804246,
            52.34906
          ],
          [
            4.804262,
            52.349014
          ],
          [
            4.804269,
            52.348965
          ],
          [
            4.804268,
            52.348938
          ],
          [
            4.804268,
            52.348919
          ],
          [
            4.804271,
            52.348896
          ],
          [
            4.804279,
            52.34885
          ],
          [
            4.804293,
            52.348782
          ],
          [
            4.804306,
            52.348721
          ],
          [
            4.804334,
            52.34866
          ],
          [
            4.80437,
            52.348591
          ],
          [
            4.804405,
            52.34853
          ],
          [
            4.804443,
            52.348465
          ],
          [
            4.804471,
            52.348412
          ],
          [
            4.804507,
            52.348354
          ],
          [
            4.804532,
            52.348301
          ],
          [
            4.804578,
            52.348228
          ],
          [
            4.804609,
            52.348167
          ],
          [
            4.80464,
            52.34811
          ],
          [
            4.804673,
            52.348053
          ],
          [
            4.804703,
            52.348
          ],
          [
            4.804728,
            52.34795
          ],
          [
            4.804758,
            52.347889
          ],
          [
            4.804785,
            52.347828
          ],
          [
            4.804814,
            52.347771
          ],
          [
            4.804836,
            52.347721
          ],
          [
            4.804878,
            52.347652
          ],
          [
            4.804907,
            52.347591
          ],
          [
            4.804938,
            52.347538
          ],
          [
            4.804967,
            52.347481
          ],
          [
            4.804992,
            52.347431
          ],
          [
            4.805022,
            52.347378
          ],
          [
            4.805058,
            52.347309
          ],
          [
            4.805085,
            52.347252
          ],
          [
            4.805115,
            52.347198
          ],
          [
            4.805144,
            52.347141
          ],
          [
            4.805179,
            52.347076
          ],
          [
            4.805214,
            52.347008
          ],
          [
            4.80525,
            52.346943
          ],
          [
            4.805285,
            52.346878
          ],
          [
            4.805308,
            52.346828
          ],
          [
            4.805347,
            52.346771
          ],
          [
            4.80537,
            52.346714
          ],
          [
            4.805406,
            52.346653
          ],
          [
            4.805438,
            52.346592
          ],
          [
            4.805464,
            52.346539
          ],
          [
            4.805497,
            52.346485
          ],
          [
            4.805524,
            52.346428
          ],
          [
            4.805563,
            52.346363
          ],
          [
            4.805598,
            52.346298
          ],
          [
            4.805631,
            52.346237
          ],
          [
            4.805661,
            52.346184
          ],
          [
            4.805699,
            52.346119
          ],
          [
            4.805737,
            52.346054
          ],
          [
            4.805771,
            52.345993
          ],
          [
            4.805807,
            52.345928
          ],
          [
            4.805832,
            52.345879
          ],
          [
            4.805865,
            52.345821
          ],
          [
            4.805894,
            52.345764
          ],
          [
            4.805923,
            52.345707
          ],
          [
            4.805951,
            52.34565
          ],
          [
            4.805974,
            52.3456
          ],
          [
            4.806007,
            52.345539
          ],
          [
            4.806038,
            52.345474
          ],
          [
            4.806071,
            52.345413
          ],
          [
            4.806106,
            52.345348
          ],
          [
            4.806139,
            52.345287
          ],
          [
            4.806171,
            52.34523
          ],
          [
            4.806202,
            52.345177
          ],
          [
            4.806235,
            52.345127
          ],
          [
            4.806272,
            52.345074
          ],
          [
            4.806334,
            52.345013
          ],
          [
            4.806403,
            52.344959
          ],
          [
            4.806519,
            52.344902
          ],
          [
            4.806588,
            52.344875
          ],
          [
            4.806599,
            52.344868
          ],
          [
            4.806777,
            52.344852
          ],
          [
            4.806881,
            52.344845
          ],
          [
            4.806978,
            52.344845
          ],
          [
            4.807095,
            52.344845
          ],
          [
            4.807134,
            52.344845
          ],
          [
            4.807272,
            52.344845
          ],
          [
            4.807382,
            52.344841
          ],
          [
            4.807487,
            52.344841
          ],
          [
            4.807596,
            52.344845
          ],
          [
            4.807665,
            52.344845
          ],
          [
            4.807743,
            52.344845
          ],
          [
            4.80787,
            52.344845
          ],
          [
            4.807921,
            52.344845
          ],
          [
            4.808081,
            52.344849
          ],
          [
            4.808176,
            52.344849
          ],
          [
            4.808282,
            52.344849
          ],
          [
            4.808391,
            52.344849
          ],
          [
            4.808468,
            52.344849
          ],
          [
            4.808585,
            52.344849
          ],
          [
            4.808757,
            52.344879
          ],
          [
            4.808893,
            52.344879
          ],
          [
            4.808987,
            52.344887
          ],
          [
            4.809073,
            52.344887
          ],
          [
            4.80925,
            52.344883
          ],
          [
            4.809336,
            52.344883
          ],
          [
            4.809427,
            52.344883
          ],
          [
            4.809478,
            52.344883
          ],
          [
            4.809618,
            52.344883
          ],
          [
            4.809732,
            52.344887
          ],
          [
            4.809824,
            52.344887
          ],
          [
            4.809891,
            52.344887
          ],
          [
            4.810089,
            52.344883
          ],
          [
            4.810183,
            52.344883
          ],
          [
            4.810282,
            52.344883
          ],
          [
            4.810369,
            52.344883
          ],
          [
            4.810492,
            52.344887
          ],
          [
            4.810587,
            52.344887
          ],
          [
            4.810698,
            52.344887
          ],
          [
            4.810793,
            52.344887
          ],
          [
            4.810855,
            52.344887
          ],
          [
            4.810993,
            52.344891
          ],
          [
            4.811097,
            52.344894
          ],
          [
            4.811242,
            52.344913
          ],
          [
            4.811322,
            52.34491
          ],
          [
            4.811406,
            52.344913
          ],
          [
            4.811443,
            52.344913
          ],
          [
            4.811546,
            52.34491
          ],
          [
            4.811611,
            52.344906
          ],
          [
            4.811671,
            52.344902
          ],
          [
            4.811734,
            52.344902
          ],
          [
            4.811819,
            52.344902
          ],
          [
            4.811917,
            52.344902
          ],
          [
            4.812004,
            52.344902
          ],
          [
            4.812098,
            52.344902
          ],
          [
            4.812168,
            52.344902
          ],
          [
            4.812296,
            52.344906
          ],
          [
            4.812386,
            52.344906
          ],
          [
            4.812484,
            52.344906
          ],
          [
            4.812604,
            52.344906
          ],
          [
            4.81267,
            52.344906
          ],
          [
            4.812785,
            52.344906
          ],
          [
            4.812881,
            52.344906
          ],
          [
            4.81297,
            52.344906
          ],
          [
            4.813107,
            52.344906
          ],
          [
            4.813248,
            52.344906
          ],
          [
            4.813324,
            52.344906
          ],
          [
            4.813449,
            52.344902
          ],
          [
            4.81355,
            52.344902
          ],
          [
            4.813726,
            52.344929
          ],
          [
            4.81385,
            52.344929
          ],
          [
            4.813944,
            52.344933
          ],
          [
            4.81403,
            52.344933
          ],
          [
            4.81407,
            52.344933
          ],
          [
            4.8142,
            52.344933
          ],
          [
            4.814308,
            52.344933
          ],
          [
            4.814402,
            52.344933
          ],
          [
            4.814498,
            52.344933
          ],
          [
            4.81457,
            52.344933
          ],
          [
            4.814684,
            52.344933
          ],
          [
            4.814716,
            52.344933
          ],
          [
            4.814978,
            52.344933
          ],
          [
            4.815063,
            52.344933
          ],
          [
            4.815178,
            52.344933
          ],
          [
            4.815276,
            52.344933
          ],
          [
            4.815462,
            52.344933
          ],
          [
            4.815573,
            52.344933
          ],
          [
            4.815818,
            52.344955
          ],
          [
            4.815838,
            52.344944
          ],
          [
            4.815858,
            52.34494
          ],
          [
            4.815874,
            52.344936
          ],
          [
            4.81588,
            52.344936
          ],
          [
            4.815892,
            52.344936
          ],
          [
            4.815908,
            52.344788
          ],
          [
            4.815917,
            52.344742
          ],
          [
            4.815926,
            52.344692
          ],
          [
            4.815929,
            52.344646
          ],
          [
            4.815935,
            52.344593
          ],
          [
            4.815942,
            52.34454
          ],
          [
            4.815943,
            52.344482
          ],
          [
            4.815945,
            52.344429
          ],
          [
            4.815945,
            52.344372
          ],
          [
            4.815948,
            52.344322
          ],
          [
            4.81595,
            52.344273
          ],
          [
            4.815959,
            52.344212
          ],
          [
            4.815959,
            52.344154
          ],
          [
            4.815956,
            52.344093
          ],
          [
            4.815958,
            52.344036
          ],
          [
            4.815958,
            52.343971
          ],
          [
            4.815959,
            52.34391
          ],
          [
            4.815956,
            52.343849
          ],
          [
            4.815957,
            52.343796
          ],
          [
            4.815959,
            52.343731
          ],
          [
            4.815964,
            52.343674
          ],
          [
            4.815967,
            52.343613
          ],
          [
            4.815968,
            52.343552
          ],
          [
            4.81597,
            52.343487
          ],
          [
            4.815965,
            52.34343
          ],
          [
            4.815962,
            52.343376
          ],
          [
            4.815965,
            52.343315
          ],
          [
            4.815971,
            52.343254
          ],
          [
            4.815981,
            52.343193
          ],
          [
            4.815989,
            52.34314
          ],
          [
            4.815987,
            52.343086
          ],
          [
            4.815986,
            52.343033
          ],
          [
            4.815979,
            52.342987
          ],
          [
            4.815982,
            52.342937
          ],
          [
            4.815982,
            52.342892
          ],
          [
            4.815986,
            52.342854
          ],
          [
            4.815993,
            52.342812
          ],
          [
            4.815996,
            52.342773
          ],
          [
            4.815993,
            52.342739
          ],
          [
            4.815993,
            52.342739
          ],
          [
            4.815993,
            52.342739
          ],
          [
            4.815993,
            52.342739
          ],
          [
            4.816001,
            52.342697
          ],
          [
            4.81601,
            52.342686
          ],
          [
            4.81601,
            52.342667
          ],
          [
            4.816008,
            52.342632
          ],
          [
            4.816008,
            52.342621
          ],
          [
            4.816015,
            52.342606
          ],
          [
            4.816109,
            52.342602
          ],
          [
            4.816169,
            52.342602
          ],
          [
            4.816237,
            52.342602
          ],
          [
            4.816311,
            52.342602
          ],
          [
            4.816385,
            52.342598
          ],
          [
            4.816465,
            52.342594
          ],
          [
            4.816553,
            52.34259
          ],
          [
            4.816636,
            52.342583
          ],
          [
            4.816717,
            52.342564
          ],
          [
            4.816791,
            52.342548
          ],
          [
            4.816887,
            52.342533
          ],
          [
            4.816973,
            52.342525
          ],
          [
            4.817058,
            52.342518
          ],
          [
            4.817144,
            52.342518
          ],
          [
            4.817198,
            52.342522
          ],
          [
            4.81732,
            52.342522
          ],
          [
            4.817407,
            52.342518
          ],
          [
            4.817467,
            52.342522
          ],
          [
            4.817577,
            52.342525
          ],
          [
            4.817659,
            52.342525
          ],
          [
            4.817715,
            52.342525
          ],
          [
            4.81783,
            52.342525
          ],
          [
            4.817913,
            52.342525
          ],
          [
            4.817974,
            52.342529
          ],
          [
            4.818078,
            52.342537
          ],
          [
            4.818148,
            52.342548
          ],
          [
            4.818219,
            52.34256
          ],
          [
            4.818279,
            52.342579
          ],
          [
            4.818345,
            52.342606
          ],
          [
            4.818409,
            52.34264
          ],
          [
            4.818468,
            52.34267
          ],
          [
            4.818521,
            52.342697
          ],
          [
            4.81861,
            52.342743
          ],
          [
            4.818679,
            52.342777
          ],
          [
            4.81875,
            52.342812
          ],
          [
            4.818816,
            52.342846
          ],
          [
            4.81888,
            52.342873
          ],
          [
            4.818953,
            52.342888
          ],
          [
            4.819029,
            52.342899
          ],
          [
            4.819099,
            52.342899
          ],
          [
            4.819178,
            52.342903
          ],
          [
            4.819247,
            52.342907
          ],
          [
            4.819312,
            52.342907
          ],
          [
            4.81938,
            52.342903
          ],
          [
            4.819439,
            52.342903
          ],
          [
            4.819503,
            52.342903
          ],
          [
            4.819566,
            52.342903
          ],
          [
            4.81963,
            52.342907
          ],
          [
            4.819685,
            52.342907
          ],
          [
            4.819741,
            52.342907
          ],
          [
            4.819792,
            52.342911
          ],
          [
            4.819846,
            52.342911
          ],
          [
            4.819884,
            52.342907
          ],
          [
            4.819884,
            52.342907
          ],
          [
            4.819884,
            52.342907
          ],
          [
            4.819884,
            52.342907
          ],
          [
            4.819948,
            52.342934
          ],
          [
            4.81996,
            52.342941
          ],
          [
            4.819982,
            52.342957
          ],
          [
            4.820049,
            52.342995
          ],
          [
            4.820115,
            52.343048
          ],
          [
            4.820147,
            52.343086
          ],
          [
            4.820178,
            52.343124
          ],
          [
            4.820208,
            52.343166
          ],
          [
            4.820237,
            52.343208
          ],
          [
            4.820298,
            52.343269
          ],
          [
            4.8204,
            52.343292
          ],
          [
            4.820457,
            52.343292
          ],
          [
            4.820518,
            52.343288
          ],
          [
            4.820628,
            52.343288
          ],
          [
            4.820679,
            52.343285
          ],
          [
            4.82073,
            52.343288
          ],
          [
            4.820787,
            52.343304
          ],
          [
            4.820837,
            52.34333
          ],
          [
            4.820886,
            52.343365
          ],
          [
            4.820937,
            52.343399
          ],
          [
            4.821045,
            52.343479
          ],
          [
            4.821096,
            52.343521
          ],
          [
            4.82116,
            52.343555
          ],
          [
            4.821305,
            52.343624
          ],
          [
            4.821388,
            52.34367
          ],
          [
            4.821463,
            52.343712
          ],
          [
            4.821545,
            52.343758
          ],
          [
            4.821702,
            52.343845
          ],
          [
            4.821777,
            52.343887
          ],
          [
            4.821857,
            52.343929
          ],
          [
            4.821923,
            52.343967
          ],
          [
            4.821989,
            52.344009
          ],
          [
            4.822056,
            52.344048
          ],
          [
            4.822136,
            52.344093
          ],
          [
            4.822285,
            52.344177
          ],
          [
            4.822364,
            52.344219
          ],
          [
            4.822444,
            52.344257
          ],
          [
            4.822521,
            52.344299
          ],
          [
            4.822593,
            52.344345
          ],
          [
            4.822652,
            52.344395
          ],
          [
            4.822716,
            52.344444
          ],
          [
            4.822823,
            52.344551
          ],
          [
            4.82286,
            52.344605
          ],
          [
            4.822894,
            52.344662
          ],
          [
            4.822922,
            52.344719
          ],
          [
            4.822944,
            52.344776
          ],
          [
            4.822961,
            52.344902
          ],
          [
            4.822951,
            52.344959
          ],
          [
            4.822943,
            52.34502
          ],
          [
            4.822968,
            52.345074
          ],
          [
            4.823052,
            52.3451
          ],
          [
            4.823195,
            52.345093
          ],
          [
            4.823333,
            52.345047
          ],
          [
            4.823417,
            52.345005
          ],
          [
            4.823502,
            52.344974
          ],
          [
            4.823604,
            52.344944
          ],
          [
            4.823657,
            52.344929
          ],
          [
            4.823754,
            52.344917
          ],
          [
            4.823809,
            52.34491
          ],
          [
            4.823976,
            52.344906
          ],
          [
            4.824162,
            52.344913
          ],
          [
            4.824276,
            52.344925
          ],
          [
            4.824349,
            52.344936
          ],
          [
            4.824579,
            52.344994
          ],
          [
            4.82469,
            52.345028
          ],
          [
            4.824772,
            52.345047
          ],
          [
            4.824858,
            52.345062
          ],
          [
            4.824944,
            52.345085
          ],
          [
            4.825113,
            52.345127
          ],
          [
            4.825187,
            52.345142
          ],
          [
            4.825332,
            52.345181
          ],
          [
            4.825392,
            52.345188
          ],
          [
            4.825536,
            52.345223
          ],
          [
            4.825525,
            52.345219
          ],
          [
            4.825621,
            52.345234
          ],
          [
            4.825836,
            52.345272
          ],
          [
            4.825949,
            52.345287
          ],
          [
            4.826021,
            52.345299
          ],
          [
            4.826175,
            52.345318
          ],
          [
            4.826328,
            52.345337
          ],
          [
            4.826441,
            52.345345
          ],
          [
            4.826505,
            52.345356
          ],
          [
            4.826593,
            52.345364
          ],
          [
            4.826698,
            52.345375
          ],
          [
            4.826701,
            52.345375
          ],
          [
            4.826791,
            52.345379
          ],
          [
            4.826992,
            52.345383
          ],
          [
            4.827088,
            52.345386
          ],
          [
            4.827174,
            52.345386
          ],
          [
            4.82724,
            52.34539
          ],
          [
            4.827285,
            52.345406
          ],
          [
            4.827321,
            52.345436
          ],
          [
            4.827329,
            52.345482
          ],
          [
            4.827328,
            52.345528
          ],
          [
            4.827326,
            52.345573
          ],
          [
            4.827321,
            52.345631
          ],
          [
            4.827318,
            52.345684
          ],
          [
            4.827316,
            52.345741
          ],
          [
            4.827312,
            52.345802
          ],
          [
            4.827311,
            52.345863
          ],
          [
            4.827311,
            52.345924
          ],
          [
            4.827309,
            52.345982
          ],
          [
            4.827304,
            52.346046
          ],
          [
            4.827301,
            52.346107
          ],
          [
            4.8273,
            52.346172
          ],
          [
            4.827301,
            52.346233
          ],
          [
            4.827299,
            52.346291
          ],
          [
            4.827297,
            52.346355
          ],
          [
            4.827298,
            52.346416
          ],
          [
            4.827297,
            52.346481
          ],
          [
            4.827297,
            52.346542
          ],
          [
            4.827297,
            52.346596
          ],
          [
            4.827301,
            52.346645
          ],
          [
            4.827293,
            52.346695
          ],
          [
            4.827284,
            52.346752
          ],
          [
            4.827283,
            52.346806
          ],
          [
            4.82728,
            52.346867
          ],
          [
            4.827281,
            52.346924
          ],
          [
            4.827292,
            52.346977
          ],
          [
            4.827321,
            52.347031
          ],
          [
            4.827331,
            52.347088
          ],
          [
            4.827327,
            52.347145
          ],
          [
            4.827333,
            52.347259
          ],
          [
            4.827332,
            52.347328
          ],
          [
            4.827327,
            52.347393
          ],
          [
            4.827327,
            52.347454
          ],
          [
            4.827325,
            52.347515
          ],
          [
            4.827324,
            52.347572
          ],
          [
            4.827324,
            52.347549
          ],
          [
            4.827324,
            52.347553
          ],
          [
            4.827324,
            52.347633
          ],
          [
            4.827323,
            52.347881
          ],
          [
            4.82732,
            52.347954
          ],
          [
            4.827316,
            52.348019
          ],
          [
            4.827309,
            52.348076
          ],
          [
            4.827306,
            52.348137
          ],
          [
            4.827303,
            52.348202
          ],
          [
            4.827301,
            52.348267
          ],
          [
            4.827298,
            52.348328
          ],
          [
            4.827297,
            52.348389
          ],
          [
            4.827296,
            52.34845
          ],
          [
            4.827291,
            52.348507
          ],
          [
            4.827287,
            52.348576
          ],
          [
            4.827282,
            52.34864
          ],
          [
            4.82728,
            52.348698
          ],
          [
            4.827277,
            52.348755
          ],
          [
            4.827273,
            52.348812
          ],
          [
            4.82727,
            52.348877
          ],
          [
            4.827269,
            52.348934
          ],
          [
            4.827267,
            52.348988
          ],
          [
            4.827262,
            52.349041
          ],
          [
            4.827257,
            52.349087
          ],
          [
            4.827261,
            52.349129
          ],
          [
            4.827281,
            52.349152
          ],
          [
            4.827317,
            52.349163
          ],
          [
            4.827392,
            52.349171
          ],
          [
            4.827446,
            52.349171
          ],
          [
            4.827491,
            52.349171
          ],
          [
            4.827544,
            52.349167
          ],
          [
            4.827593,
            52.349163
          ],
          [
            4.827643,
            52.349167
          ],
          [
            4.827694,
            52.349178
          ],
          [
            4.827739,
            52.349197
          ],
          [
            4.827787,
            52.349216
          ],
          [
            4.827836,
            52.349228
          ],
          [
            4.827891,
            52.349243
          ],
          [
            4.82795,
            52.349255
          ],
          [
            4.828019,
            52.349262
          ],
          [
            4.82809,
            52.349266
          ],
          [
            4.82817,
            52.34927
          ],
          [
            4.828246,
            52.34927
          ],
          [
            4.828331,
            52.349266
          ],
          [
            4.828414,
            52.349266
          ],
          [
            4.828499,
            52.34927
          ],
          [
            4.828583,
            52.349274
          ],
          [
            4.828654,
            52.349278
          ],
          [
            4.828763,
            52.349281
          ],
          [
            4.828854,
            52.349281
          ],
          [
            4.828945,
            52.349281
          ],
          [
            4.829032,
            52.349278
          ],
          [
            4.829083,
            52.349278
          ],
          [
            4.829213,
            52.349285
          ],
          [
            4.8293,
            52.349285
          ],
          [
            4.829383,
            52.349289
          ],
          [
            4.829435,
            52.349274
          ],
          [
            4.829554,
            52.349274
          ],
          [
            4.829635,
            52.34927
          ],
          [
            4.829721,
            52.34927
          ],
          [
            4.829796,
            52.34927
          ],
          [
            4.829897,
            52.34927
          ],
          [
            4.82998,
            52.349274
          ],
          [
            4.830062,
            52.349274
          ],
          [
            4.830143,
            52.349278
          ],
          [
            4.830225,
            52.349281
          ],
          [
            4.830326,
            52.349278
          ],
          [
            4.830417,
            52.349281
          ],
          [
            4.830512,
            52.349281
          ],
          [
            4.830568,
            52.349285
          ],
          [
            4.830702,
            52.349285
          ],
          [
            4.830794,
            52.349281
          ],
          [
            4.830887,
            52.349281
          ],
          [
            4.830987,
            52.349278
          ],
          [
            4.83108,
            52.349281
          ],
          [
            4.831174,
            52.349281
          ],
          [
            4.831265,
            52.349281
          ],
          [
            4.831361,
            52.349285
          ],
          [
            4.831457,
            52.349285
          ],
          [
            4.831553,
            52.349289
          ],
          [
            4.831648,
            52.349293
          ],
          [
            4.831744,
            52.349297
          ],
          [
            4.831835,
            52.3493
          ],
          [
            4.831883,
            52.3493
          ],
          [
            4.832013,
            52.349297
          ],
          [
            4.83209,
            52.349297
          ],
          [
            4.832159,
            52.3493
          ],
          [
            4.832212,
            52.349308
          ],
          [
            4.832249,
            52.349331
          ],
          [
            4.832249,
            52.349335
          ],
          [
            4.83225,
            52.349339
          ],
          [
            4.832279,
            52.349434
          ],
          [
            4.832316,
            52.349457
          ],
          [
            4.832361,
            52.349464
          ],
          [
            4.832356,
            52.349464
          ],
          [
            4.832356,
            52.349464
          ],
          [
            4.832393,
            52.349468
          ],
          [
            4.832407,
            52.349472
          ],
          [
            4.832414,
            52.349476
          ],
          [
            4.832452,
            52.349575
          ],
          [
            4.832453,
            52.349621
          ],
          [
            4.832452,
            52.349667
          ],
          [
            4.832446,
            52.349712
          ],
          [
            4.832439,
            52.349762
          ],
          [
            4.832432,
            52.349815
          ],
          [
            4.832432,
            52.349869
          ],
          [
            4.832435,
            52.349922
          ],
          [
            4.832427,
            52.349976
          ],
          [
            4.832425,
            52.350025
          ],
          [
            4.832424,
            52.350071
          ],
          [
            4.832437,
            52.350109
          ],
          [
            4.832464,
            52.350136
          ],
          [
            4.832505,
            52.350155
          ],
          [
            4.832563,
            52.350159
          ],
          [
            4.83263,
            52.350155
          ],
          [
            4.832702,
            52.350155
          ],
          [
            4.832782,
            52.350155
          ],
          [
            4.832848,
            52.350155
          ],
          [
            4.832943,
            52.350151
          ],
          [
            4.83302,
            52.350147
          ],
          [
            4.833097,
            52.350151
          ],
          [
            4.833173,
            52.350155
          ],
          [
            4.833227,
            52.350151
          ],
          [
            4.833282,
            52.350147
          ],
          [
            4.833312,
            52.350159
          ],
          [
            4.833338,
            52.350162
          ],
          [
            4.833338,
            52.350162
          ],
          [
            4.83337,
            52.350166
          ],
          [
            4.833373,
            52.350159
          ],
          [
            4.833352,
            52.350155
          ],
          [
            4.833324,
            52.35014
          ],
          [
            4.83328,
            52.350124
          ],
          [
            4.833221,
            52.350128
          ],
          [
            4.833199,
            52.350128
          ],
          [
            4.833063,
            52.350136
          ],
          [
            4.832993,
            52.35014
          ],
          [
            4.832948,
            52.350143
          ],
          [
            4.832833,
            52.350147
          ],
          [
            4.832748,
            52.350147
          ],
          [
            4.832681,
            52.350151
          ],
          [
            4.832611,
            52.350147
          ],
          [
            4.832554,
            52.350143
          ],
          [
            4.832511,
            52.350151
          ],
          [
            4.832489,
            52.350166
          ],
          [
            4.832471,
            52.350197
          ],
          [
            4.832461,
            52.350239
          ],
          [
            4.832459,
            52.350277
          ],
          [
            4.832452,
            52.350323
          ],
          [
            4.832445,
            52.350368
          ],
          [
            4.832445,
            52.350418
          ],
          [
            4.832439,
            52.350468
          ],
          [
            4.832435,
            52.350525
          ],
          [
            4.832433,
            52.350578
          ],
          [
            4.832425,
            52.350632
          ],
          [
            4.832418,
            52.350685
          ],
          [
            4.832418,
            52.350746
          ],
          [
            4.832417,
            52.350811
          ],
          [
            4.832414,
            52.350872
          ],
          [
            4.832416,
            52.350933
          ],
          [
            4.832417,
            52.35099
          ],
          [
            4.832418,
            52.351055
          ],
          [
            4.832415,
            52.351112
          ],
          [
            4.8324,
            52.35117
          ],
          [
            4.832371,
            52.351223
          ],
          [
            4.832339,
            52.351269
          ],
          [
            4.832325,
            52.351292
          ],
          [
            4.832316,
            52.351315
          ],
          [
            4.832319,
            52.35133
          ],
          [
            4.832335,
            52.351341
          ],
          [
            4.832373,
            52.351353
          ],
          [
            4.83238,
            52.351353
          ],
          [
            4.832397,
            52.351353
          ],
          [
            4.832522,
            52.351353
          ],
          [
            4.832611,
            52.351353
          ],
          [
            4.832682,
            52.351353
          ],
          [
            4.832751,
            52.351353
          ],
          [
            4.832832,
            52.351353
          ],
          [
            4.832928,
            52.351356
          ],
          [
            4.833061,
            52.351372
          ],
          [
            4.833152,
            52.351368
          ],
          [
            4.833219,
            52.351372
          ],
          [
            4.833345,
            52.351376
          ],
          [
            4.833447,
            52.351376
          ],
          [
            4.833547,
            52.351379
          ],
          [
            4.833648,
            52.351379
          ],
          [
            4.833682,
            52.351379
          ],
          [
            4.833831,
            52.351379
          ],
          [
            4.833944,
            52.351383
          ],
          [
            4.834055,
            52.351387
          ],
          [
            4.834198,
            52.351406
          ],
          [
            4.834288,
            52.351414
          ],
          [
            4.834394,
            52.351418
          ],
          [
            4.834482,
            52.351418
          ],
          [
            4.834513,
            52.351414
          ],
          [
            4.834725,
            52.351421
          ],
          [
            4.834801,
            52.351421
          ],
          [
            4.834923,
            52.351429
          ],
          [
            4.835043,
            52.351433
          ],
          [
            4.835144,
            52.351433
          ],
          [
            4.835226,
            52.351433
          ],
          [
            4.835338,
            52.351433
          ],
          [
            4.835439,
            52.351433
          ],
          [
            4.835526,
            52.351433
          ],
          [
            4.835628,
            52.351433
          ],
          [
            4.835725,
            52.35144
          ],
          [
            4.835821,
            52.351448
          ],
          [
            4.835918,
            52.351452
          ],
          [
            4.836035,
            52.351459
          ],
          [
            4.836139,
            52.351456
          ],
          [
            4.836202,
            52.351456
          ],
          [
            4.836289,
            52.351456
          ],
          [
            4.836468,
            52.351463
          ],
          [
            4.83657,
            52.351456
          ],
          [
            4.836677,
            52.351456
          ],
          [
            4.836774,
            52.351456
          ],
          [
            4.836839,
            52.351459
          ],
          [
            4.836983,
            52.351456
          ],
          [
            4.837067,
            52.351448
          ],
          [
            4.837125,
            52.351448
          ],
          [
            4.837238,
            52.351444
          ],
          [
            4.837278,
            52.35144
          ],
          [
            4.837416,
            52.351437
          ],
          [
            4.837536,
            52.351437
          ],
          [
            4.837621,
            52.351433
          ],
          [
            4.83779,
            52.351452
          ],
          [
            4.837884,
            52.351459
          ],
          [
            4.837995,
            52.351463
          ],
          [
            4.838076,
            52.351467
          ],
          [
            4.838201,
            52.351471
          ],
          [
            4.838294,
            52.351475
          ],
          [
            4.838352,
            52.351479
          ],
          [
            4.838502,
            52.351482
          ],
          [
            4.838604,
            52.351482
          ],
          [
            4.838706,
            52.351479
          ],
          [
            4.8388,
            52.351479
          ],
          [
            4.838865,
            52.351482
          ],
          [
            4.839008,
            52.351482
          ],
          [
            4.839113,
            52.351482
          ],
          [
            4.839206,
            52.351486
          ],
          [
            4.839295,
            52.351479
          ],
          [
            4.839369,
            52.351471
          ],
          [
            4.839514,
            52.351467
          ],
          [
            4.839614,
            52.351467
          ],
          [
            4.839715,
            52.351471
          ],
          [
            4.839814,
            52.351475
          ],
          [
            4.8399,
            52.351475
          ],
          [
            4.840017,
            52.351471
          ],
          [
            4.840114,
            52.351467
          ],
          [
            4.840198,
            52.351475
          ],
          [
            4.840295,
            52.351479
          ],
          [
            4.840382,
            52.351486
          ],
          [
            4.840444,
            52.351486
          ],
          [
            4.840492,
            52.35149
          ],
          [
            4.840541,
            52.35149
          ],
          [
            4.840582,
            52.351486
          ],
          [
            4.840582,
            52.351486
          ],
          [
            4.840582,
            52.351486
          ],
          [
            4.840582,
            52.351486
          ],
          [
            4.840582,
            52.351486
          ],
          [
            4.840679,
            52.351452
          ],
          [
            4.840692,
            52.351448
          ],
          [
            4.840719,
            52.351448
          ],
          [
            4.840756,
            52.351448
          ],
          [
            4.840812,
            52.351452
          ],
          [
            4.840854,
            52.351452
          ],
          [
            4.84095,
            52.351456
          ],
          [
            4.841026,
            52.351456
          ],
          [
            4.841108,
            52.351452
          ],
          [
            4.841153,
            52.351456
          ],
          [
            4.841283,
            52.351456
          ],
          [
            4.841377,
            52.351456
          ],
          [
            4.841468,
            52.351456
          ],
          [
            4.841555,
            52.351456
          ],
          [
            4.841645,
            52.351456
          ],
          [
            4.84172,
            52.351456
          ],
          [
            4.841835,
            52.351456
          ],
          [
            4.841937,
            52.351456
          ],
          [
            4.842038,
            52.351456
          ],
          [
            4.842114,
            52.351456
          ],
          [
            4.842178,
            52.351456
          ],
          [
            4.842333,
            52.351456
          ],
          [
            4.842418,
            52.351456
          ],
          [
            4.842493,
            52.351452
          ],
          [
            4.842508,
            52.351463
          ],
          [
            4.842601,
            52.351471
          ],
          [
            4.842796,
            52.351505
          ],
          [
            4.842921,
            52.351521
          ],
          [
            4.843031,
            52.351528
          ],
          [
            4.84313,
            52.351528
          ],
          [
            4.843193,
            52.351532
          ],
          [
            4.843325,
            52.351528
          ],
          [
            4.843445,
            52.351532
          ],
          [
            4.843552,
            52.351536
          ],
          [
            4.843654,
            52.35154
          ],
          [
            4.84377,
            52.351543
          ],
          [
            4.843915,
            52.351543
          ],
          [
            4.844049,
            52.35154
          ],
          [
            4.844164,
            52.35154
          ],
          [
            4.844245,
            52.35154
          ],
          [
            4.84436,
            52.351536
          ],
          [
            4.844451,
            52.351532
          ],
          [
            4.844546,
            52.351528
          ],
          [
            4.844636,
            52.351536
          ],
          [
            4.844737,
            52.35154
          ],
          [
            4.844832,
            52.351547
          ],
          [
            4.844927,
            52.351551
          ],
          [
            4.845005,
            52.351547
          ],
          [
            4.845124,
            52.351547
          ],
          [
            4.84522,
            52.351543
          ],
          [
            4.845311,
            52.351547
          ],
          [
            4.845401,
            52.351547
          ],
          [
            4.84548,
            52.351547
          ],
          [
            4.84555,
            52.351551
          ],
          [
            4.845626,
            52.351555
          ],
          [
            4.845649,
            52.351555
          ],
          [
            4.845793,
            52.351555
          ],
          [
            4.845886,
            52.351551
          ],
          [
            4.845972,
            52.351551
          ],
          [
            4.846027,
            52.351555
          ],
          [
            4.846127,
            52.351555
          ],
          [
            4.846268,
            52.351555
          ],
          [
            4.846378,
            52.351559
          ],
          [
            4.846406,
            52.351559
          ],
          [
            4.84653,
            52.351563
          ],
          [
            4.846654,
            52.351563
          ],
          [
            4.846792,
            52.351563
          ],
          [
            4.846912,
            52.351566
          ],
          [
            4.847047,
            52.351566
          ],
          [
            4.847167,
            52.351566
          ],
          [
            4.847264,
            52.35157
          ],
          [
            4.847415,
            52.351574
          ],
          [
            4.847581,
            52.35157
          ],
          [
            4.847631,
            52.35157
          ],
          [
            4.847818,
            52.351566
          ],
          [
            4.847854,
            52.351563
          ],
          [
            4.848047,
            52.351559
          ],
          [
            4.848135,
            52.351559
          ],
          [
            4.848277,
            52.351555
          ],
          [
            4.848388,
            52.351555
          ],
          [
            4.848498,
            52.351555
          ],
          [
            4.848559,
            52.351555
          ],
          [
            4.8487,
            52.351551
          ],
          [
            4.848805,
            52.351551
          ],
          [
            4.84891,
            52.351551
          ],
          [
            4.849013,
            52.351551
          ],
          [
            4.84911,
            52.351551
          ],
          [
            4.849199,
            52.35154
          ],
          [
            4.849258,
            52.351521
          ],
          [
            4.849299,
            52.35149
          ],
          [
            4.849331,
            52.351459
          ],
          [
            4.849343,
            52.351418
          ],
          [
            4.84935,
            52.351372
          ],
          [
            4.849355,
            52.351334
          ],
          [
            4.849358,
            52.351284
          ],
          [
            4.849365,
            52.351238
          ],
          [
            4.849375,
            52.351204
          ],
          [
            4.84939,
            52.35117
          ],
          [
            4.849412,
            52.351135
          ],
          [
            4.849449,
            52.351105
          ],
          [
            4.849478,
            52.351082
          ],
          [
            4.849513,
            52.351063
          ],
          [
            4.849561,
            52.35104
          ],
          [
            4.849605,
            52.351025
          ],
          [
            4.849662,
            52.351009
          ],
          [
            4.849709,
            52.351002
          ],
          [
            4.849758,
            52.350998
          ],
          [
            4.849818,
            52.350998
          ],
          [
            4.849876,
            52.350994
          ],
          [
            4.849929,
            52.350994
          ],
          [
            4.849981,
            52.35099
          ],
          [
            4.850038,
            52.35099
          ],
          [
            4.850086,
            52.35099
          ],
          [
            4.850136,
            52.35099
          ],
          [
            4.850183,
            52.35099
          ],
          [
            4.850235,
            52.35099
          ],
          [
            4.850279,
            52.35099
          ],
          [
            4.850335,
            52.35099
          ],
          [
            4.850381,
            52.35099
          ],
          [
            4.850436,
            52.350994
          ],
          [
            4.850498,
            52.350994
          ],
          [
            4.850572,
            52.350994
          ],
          [
            4.850647,
            52.350994
          ],
          [
            4.850726,
            52.350998
          ],
          [
            4.850812,
            52.350998
          ],
          [
            4.850903,
            52.351002
          ],
          [
            4.850952,
            52.351002
          ],
          [
            4.851089,
            52.350998
          ],
          [
            4.851195,
            52.350998
          ],
          [
            4.85129,
            52.350998
          ],
          [
            4.851393,
            52.350998
          ],
          [
            4.851463,
            52.350998
          ],
          [
            4.851586,
            52.35099
          ],
          [
            4.851682,
            52.350986
          ],
          [
            4.851772,
            52.350975
          ],
          [
            4.85186,
            52.350964
          ],
          [
            4.851953,
            52.350948
          ],
          [
            4.852019,
            52.350937
          ],
          [
            4.852129,
            52.350918
          ],
          [
            4.852218,
            52.35091
          ],
          [
            4.852299,
            52.350899
          ],
          [
            4.852384,
            52.350887
          ],
          [
            4.852467,
            52.350883
          ],
          [
            4.85253,
            52.350876
          ],
          [
            4.852636,
            52.350864
          ],
          [
            4.852733,
            52.350857
          ],
          [
            4.852825,
            52.350845
          ],
          [
            4.8529,
            52.350838
          ],
          [
            4.853008,
            52.35083
          ],
          [
            4.853079,
            52.350819
          ],
          [
            4.853213,
            52.350803
          ],
          [
            4.853315,
            52.350792
          ],
          [
            4.853416,
            52.350784
          ],
          [
            4.853515,
            52.350777
          ],
          [
            4.853578,
            52.350773
          ],
          [
            4.853704,
            52.350777
          ],
          [
            4.853808,
            52.35078
          ],
          [
            4.853906,
            52.350792
          ],
          [
            4.853971,
            52.3508
          ],
          [
            4.854098,
            52.350815
          ],
          [
            4.854199,
            52.350834
          ],
          [
            4.854288,
            52.350849
          ],
          [
            4.854301,
            52.350853
          ],
          [
            4.854469,
            52.350895
          ],
          [
            4.854571,
            52.350922
          ],
          [
            4.85465,
            52.350941
          ],
          [
            4.854738,
            52.350964
          ],
          [
            4.854846,
            52.35099
          ],
          [
            4.85487,
            52.350998
          ],
          [
            4.855027,
            52.35104
          ],
          [
            4.855128,
            52.351067
          ],
          [
            4.855209,
            52.35109
          ],
          [
            4.855303,
            52.35112
          ],
          [
            4.855393,
            52.351147
          ],
          [
            4.855481,
            52.35117
          ],
          [
            4.855568,
            52.351192
          ],
          [
            4.855613,
            52.351204
          ],
          [
            4.855725,
            52.351234
          ],
          [
            4.855804,
            52.351254
          ],
          [
            4.855864,
            52.351269
          ],
          [
            4.85593,
            52.351288
          ],
          [
            4.855985,
            52.351303
          ],
          [
            4.856038,
            52.351318
          ],
          [
            4.856078,
            52.35133
          ],
          [
            4.856104,
            52.351337
          ],
          [
            4.856104,
            52.351337
          ],
          [
            4.856171,
            52.351353
          ],
          [
            4.856188,
            52.351356
          ],
          [
            4.856188,
            52.351356
          ],
          [
            4.856188,
            52.351356
          ],
          [
            4.856188,
            52.351356
          ],
          [
            4.85627,
            52.351353
          ],
          [
            4.85629,
            52.351356
          ],
          [
            4.856313,
            52.351364
          ],
          [
            4.856348,
            52.351372
          ],
          [
            4.856393,
            52.351387
          ],
          [
            4.856452,
            52.351406
          ],
          [
            4.856514,
            52.351425
          ],
          [
            4.856581,
            52.351444
          ],
          [
            4.856654,
            52.351471
          ],
          [
            4.856727,
            52.351494
          ],
          [
            4.856805,
            52.351521
          ],
          [
            4.856885,
            52.351543
          ],
          [
            4.856969,
            52.35157
          ],
          [
            4.857052,
            52.351597
          ],
          [
            4.857149,
            52.351627
          ],
          [
            4.857241,
            52.351654
          ],
          [
            4.857327,
            52.351677
          ],
          [
            4.857424,
            52.351704
          ],
          [
            4.857517,
            52.351727
          ],
          [
            4.857612,
            52.351753
          ],
          [
            4.857701,
            52.351776
          ],
          [
            4.857791,
            52.351799
          ],
          [
            4.857872,
            52.351822
          ],
          [
            4.857973,
            52.351849
          ],
          [
            4.858058,
            52.351871
          ],
          [
            4.858152,
            52.351898
          ],
          [
            4.858248,
            52.351925
          ],
          [
            4.85832,
            52.351944
          ],
          [
            4.858431,
            52.351974
          ],
          [
            4.858524,
            52.351994
          ],
          [
            4.85862,
            52.352016
          ],
          [
            4.858718,
            52.352039
          ],
          [
            4.858786,
            52.352055
          ],
          [
            4.858907,
            52.352081
          ],
          [
            4.859003,
            52.3521
          ],
          [
            4.859102,
            52.352123
          ],
          [
            4.859198,
            52.352146
          ],
          [
            4.859281,
            52.352165
          ],
          [
            4.859387,
            52.352188
          ],
          [
            4.859478,
            52.352211
          ],
          [
            4.85957,
            52.352238
          ],
          [
            4.859664,
            52.352261
          ],
          [
            4.85973,
            52.352272
          ],
          [
            4.85985,
            52.352303
          ],
          [
            4.859941,
            52.352329
          ],
          [
            4.860032,
            52.352356
          ],
          [
            4.860123,
            52.352386
          ],
          [
            4.860196,
            52.352409
          ],
          [
            4.860301,
            52.352444
          ],
          [
            4.860387,
            52.352474
          ],
          [
            4.860479,
            52.352501
          ],
          [
            4.860572,
            52.352528
          ],
          [
            4.860663,
            52.352558
          ],
          [
            4.860757,
            52.352585
          ],
          [
            4.860845,
            52.352608
          ],
          [
            4.860941,
            52.352631
          ],
          [
            4.861038,
            52.352653
          ],
          [
            4.861095,
            52.352665
          ],
          [
            4.861225,
            52.352692
          ],
          [
            4.861321,
            52.352711
          ],
          [
            4.86142,
            52.352734
          ],
          [
            4.861518,
            52.352757
          ],
          [
            4.861597,
            52.352776
          ],
          [
            4.861706,
            52.352802
          ],
          [
            4.861796,
            52.352825
          ],
          [
            4.86189,
            52.352852
          ],
          [
            4.861983,
            52.352879
          ],
          [
            4.862065,
            52.352905
          ],
          [
            4.862165,
            52.352936
          ],
          [
            4.86225,
            52.352963
          ],
          [
            4.862342,
            52.352993
          ],
          [
            4.862432,
            52.353027
          ],
          [
            4.86252,
            52.353058
          ],
          [
            4.86261,
            52.353088
          ],
          [
            4.862695,
            52.353111
          ],
          [
            4.862792,
            52.35313
          ],
          [
            4.862892,
            52.353142
          ],
          [
            4.86298,
            52.353146
          ],
          [
            4.863088,
            52.353149
          ],
          [
            4.863183,
            52.353149
          ],
          [
            4.863274,
            52.353149
          ],
          [
            4.863362,
            52.353153
          ],
          [
            4.863436,
            52.353161
          ],
          [
            4.863489,
            52.353168
          ],
          [
            4.863528,
            52.353184
          ],
          [
            4.86355,
            52.353203
          ],
          [
            4.863546,
            52.353241
          ],
          [
            4.863531,
            52.353275
          ],
          [
            4.863508,
            52.35331
          ],
          [
            4.863477,
            52.353348
          ],
          [
            4.863448,
            52.353382
          ],
          [
            4.86342,
            52.35342
          ],
          [
            4.863385,
            52.353466
          ],
          [
            4.86336,
            52.353504
          ],
          [
            4.863325,
            52.35355
          ],
          [
            4.863297,
            52.353592
          ],
          [
            4.863277,
            52.353626
          ],
          [
            4.863249,
            52.353668
          ],
          [
            4.863226,
            52.353706
          ],
          [
            4.863201,
            52.353748
          ],
          [
            4.863178,
            52.35379
          ],
          [
            4.863152,
            52.353832
          ],
          [
            4.863136,
            52.35387
          ],
          [
            4.863136,
            52.353916
          ],
          [
            4.863143,
            52.353935
          ],
          [
            4.863194,
            52.353985
          ],
          [
            4.863234,
            52.354031
          ],
          [
            4.863263,
            52.354069
          ],
          [
            4.863272,
            52.354107
          ],
          [
            4.863265,
            52.354157
          ],
          [
            4.863255,
            52.354198
          ],
          [
            4.863231,
            52.354244
          ],
          [
            4.863199,
            52.354298
          ],
          [
            4.863163,
            52.354336
          ],
          [
            4.863128,
            52.354389
          ],
          [
            4.863094,
            52.354427
          ],
          [
            4.863057,
            52.354473
          ],
          [
            4.863021,
            52.354515
          ],
          [
            4.862986,
            52.354557
          ],
          [
            4.862956,
            52.354595
          ],
          [
            4.862912,
            52.354641
          ],
          [
            4.862888,
            52.354656
          ],
          [
            4.862793,
            52.354698
          ],
          [
            4.862723,
            52.354717
          ],
          [
            4.862649,
            52.354729
          ],
          [
            4.86258,
            52.354744
          ],
          [
            4.862516,
            52.354763
          ],
          [
            4.862463,
            52.35479
          ],
          [
            4.862425,
            52.354816
          ],
          [
            4.862391,
            52.354858
          ],
          [
            4.862356,
            52.354908
          ],
          [
            4.862325,
            52.354958
          ],
          [
            4.862293,
            52.355007
          ],
          [
            4.86226,
            52.355057
          ],
          [
            4.862221,
            52.35511
          ],
          [
            4.862188,
            52.355164
          ],
          [
            4.862154,
            52.355213
          ],
          [
            4.862122,
            52.355267
          ],
          [
            4.862085,
            52.355324
          ],
          [
            4.862047,
            52.355377
          ],
          [
            4.862012,
            52.355427
          ],
          [
            4.861975,
            52.35548
          ],
          [
            4.861943,
            52.355526
          ],
          [
            4.861906,
            52.355572
          ],
          [
            4.861867,
            52.355621
          ],
          [
            4.861826,
            52.355675
          ],
          [
            4.861803,
            52.355713
          ],
          [
            4.861783,
            52.355755
          ],
          [
            4.861776,
            52.355797
          ],
          [
            4.861793,
            52.355846
          ],
          [
            4.861834,
            52.355885
          ],
          [
            4.861876,
            52.355907
          ],
          [
            4.861906,
            52.355919
          ],
          [
            4.862066,
            52.355957
          ],
          [
            4.862171,
            52.355972
          ],
          [
            4.862274,
            52.355988
          ],
          [
            4.862372,
            52.356003
          ],
          [
            4.862471,
            52.356018
          ],
          [
            4.862544,
            52.356029
          ],
          [
            4.862663,
            52.356049
          ],
          [
            4.862764,
            52.356064
          ],
          [
            4.862863,
            52.356079
          ],
          [
            4.862907,
            52.356083
          ],
          [
            4.863052,
            52.356098
          ],
          [
            4.863155,
            52.356106
          ],
          [
            4.863259,
            52.356113
          ],
          [
            4.863362,
            52.356117
          ],
          [
            4.86341,
            52.356121
          ],
          [
            4.863557,
            52.356129
          ],
          [
            4.863661,
            52.356132
          ],
          [
            4.863765,
            52.356136
          ],
          [
            4.863868,
            52.35614
          ],
          [
            4.863931,
            52.356144
          ],
          [
            4.864063,
            52.356148
          ],
          [
            4.864163,
            52.356148
          ],
          [
            4.864266,
            52.356152
          ],
          [
            4.864384,
            52.356152
          ],
          [
            4.864473,
            52.356152
          ],
          [
            4.864614,
            52.356155
          ],
          [
            4.864728,
            52.356163
          ],
          [
            4.864831,
            52.356174
          ],
          [
            4.864939,
            52.356182
          ],
          [
            4.865037,
            52.35619
          ],
          [
            4.865141,
            52.356197
          ],
          [
            4.865234,
            52.356205
          ],
          [
            4.865329,
            52.356213
          ],
          [
            4.865408,
            52.356224
          ],
          [
            4.865494,
            52.356235
          ],
          [
            4.865579,
            52.356247
          ],
          [
            4.865667,
            52.356262
          ],
          [
            4.865728,
            52.356274
          ],
          [
            4.865843,
            52.356293
          ],
          [
            4.865934,
            52.356308
          ],
          [
            4.866032,
            52.356323
          ],
          [
            4.866129,
            52.356339
          ],
          [
            4.866205,
            52.356354
          ],
          [
            4.866317,
            52.356377
          ],
          [
            4.866421,
            52.3564
          ],
          [
            4.866532,
            52.356422
          ],
          [
            4.86664,
            52.356449
          ],
          [
            4.866741,
            52.356476
          ],
          [
            4.866842,
            52.356503
          ],
          [
            4.866939,
            52.356529
          ],
          [
            4.86703,
            52.356556
          ],
          [
            4.867127,
            52.356586
          ],
          [
            4.867222,
            52.356617
          ],
          [
            4.867316,
            52.356644
          ],
          [
            4.867423,
            52.356678
          ],
          [
            4.867508,
            52.356708
          ],
          [
            4.867601,
            52.356735
          ],
          [
            4.867688,
            52.356762
          ],
          [
            4.867782,
            52.356796
          ],
          [
            4.867867,
            52.356831
          ],
          [
            4.86795,
            52.356865
          ],
          [
            4.868043,
            52.356895
          ],
          [
            4.868128,
            52.356926
          ],
          [
            4.868224,
            52.35696
          ],
          [
            4.868306,
            52.356995
          ],
          [
            4.868384,
            52.357033
          ],
          [
            4.868465,
            52.357071
          ],
          [
            4.868542,
            52.357113
          ],
          [
            4.868621,
            52.357147
          ],
          [
            4.868696,
            52.357189
          ],
          [
            4.868769,
            52.357231
          ],
          [
            4.868843,
            52.357269
          ],
          [
            4.868922,
            52.357307
          ],
          [
            4.869006,
            52.357349
          ],
          [
            4.869089,
            52.357388
          ],
          [
            4.869178,
            52.357422
          ],
          [
            4.869271,
            52.357445
          ],
          [
            4.869355,
            52.35746
          ],
          [
            4.869472,
            52.357468
          ],
          [
            4.869572,
            52.357464
          ],
          [
            4.869674,
            52.357456
          ],
          [
            4.869774,
            52.357445
          ],
          [
            4.869842,
            52.357445
          ],
          [
            4.869974,
            52.357445
          ],
          [
            4.870074,
            52.357452
          ],
          [
            4.870168,
            52.357464
          ],
          [
            4.870259,
            52.357479
          ],
          [
            4.870316,
            52.357487
          ],
          [
            4.870459,
            52.357506
          ],
          [
            4.87057,
            52.357517
          ],
          [
            4.870668,
            52.357536
          ],
          [
            4.870762,
            52.357563
          ],
          [
            4.870851,
            52.357594
          ],
          [
            4.870938,
            52.357632
          ],
          [
            4.87102,
            52.357666
          ],
          [
            4.8711,
            52.3577
          ],
          [
            4.871179,
            52.357738
          ],
          [
            4.871263,
            52.357777
          ],
          [
            4.871347,
            52.357815
          ],
          [
            4.871428,
            52.357849
          ],
          [
            4.871511,
            52.357883
          ],
          [
            4.871594,
            52.357918
          ],
          [
            4.871681,
            52.357948
          ],
          [
            4.87178,
            52.357979
          ],
          [
            4.871868,
            52.358002
          ],
          [
            4.871959,
            52.358021
          ],
          [
            4.872051,
            52.358036
          ],
          [
            4.872149,
            52.358055
          ],
          [
            4.872246,
            52.35807
          ],
          [
            4.872343,
            52.358078
          ],
          [
            4.872444,
            52.358086
          ],
          [
            4.872515,
            52.358093
          ],
          [
            4.872642,
            52.358105
          ],
          [
            4.872741,
            52.358116
          ],
          [
            4.872811,
            52.358128
          ],
          [
            4.872891,
            52.358143
          ],
          [
            4.872959,
            52.358158
          ],
          [
            4.873058,
            52.358181
          ],
          [
            4.873144,
            52.358204
          ],
          [
            4.873228,
            52.358227
          ],
          [
            4.873308,
            52.35825
          ],
          [
            4.873391,
            52.358276
          ],
          [
            4.87349,
            52.358303
          ],
          [
            4.873579,
            52.358334
          ],
          [
            4.873664,
            52.358364
          ],
          [
            4.873741,
            52.358395
          ],
          [
            4.873826,
            52.358429
          ],
          [
            4.873909,
            52.358467
          ],
          [
            4.873982,
            52.358505
          ],
          [
            4.87405,
            52.358547
          ],
          [
            4.874116,
            52.358589
          ],
          [
            4.874177,
            52.358631
          ],
          [
            4.87425,
            52.358681
          ],
          [
            4.874317,
            52.358727
          ],
          [
            4.874378,
            52.358772
          ],
          [
            4.874434,
            52.358818
          ],
          [
            4.874488,
            52.358868
          ],
          [
            4.874533,
            52.358913
          ],
          [
            4.874578,
            52.358971
          ],
          [
            4.87462,
            52.359028
          ],
          [
            4.874656,
            52.359085
          ],
          [
            4.874687,
            52.359142
          ],
          [
            4.87471,
            52.359196
          ],
          [
            4.874732,
            52.359257
          ],
          [
            4.874751,
            52.359318
          ],
          [
            4.874771,
            52.359379
          ],
          [
            4.874795,
            52.35944
          ],
          [
            4.874829,
            52.359497
          ],
          [
            4.874873,
            52.359543
          ],
          [
            4.874926,
            52.359585
          ],
          [
            4.875001,
            52.359631
          ],
          [
            4.875075,
            52.359669
          ],
          [
            4.875153,
            52.359711
          ],
          [
            4.875223,
            52.359749
          ],
          [
            4.875296,
            52.359795
          ],
          [
            4.875371,
            52.359844
          ],
          [
            4.875439,
            52.359898
          ],
          [
            4.875498,
            52.359947
          ],
          [
            4.875555,
            52.359997
          ],
          [
            4.875608,
            52.360043
          ],
          [
            4.875667,
            52.360092
          ],
          [
            4.875741,
            52.360138
          ],
          [
            4.875817,
            52.360188
          ],
          [
            4.875897,
            52.360226
          ],
          [
            4.875984,
            52.360264
          ],
          [
            4.876064,
            52.36029
          ],
          [
            4.876169,
            52.360321
          ],
          [
            4.876264,
            52.360344
          ],
          [
            4.876357,
            52.360371
          ],
          [
            4.876453,
            52.360394
          ],
          [
            4.87654,
            52.360416
          ],
          [
            4.876638,
            52.360447
          ],
          [
            4.876732,
            52.360474
          ],
          [
            4.87682,
            52.360504
          ],
          [
            4.876905,
            52.360527
          ],
          [
            4.876981,
            52.36055
          ],
          [
            4.877092,
            52.360577
          ],
          [
            4.877172,
            52.360584
          ],
          [
            4.877297,
            52.3606
          ],
          [
            4.877396,
            52.360607
          ],
          [
            4.877473,
            52.360615
          ],
          [
            4.8776,
            52.360626
          ],
          [
            4.877704,
            52.360638
          ],
          [
            4.877801,
            52.360645
          ],
          [
            4.877903,
            52.360649
          ],
          [
            4.877996,
            52.360653
          ],
          [
            4.878098,
            52.360657
          ],
          [
            4.878199,
            52.360664
          ],
          [
            4.878307,
            52.36068
          ],
          [
            4.878406,
            52.360687
          ],
          [
            4.878479,
            52.360695
          ],
          [
            4.878601,
            52.360714
          ],
          [
            4.878701,
            52.360729
          ],
          [
            4.878805,
            52.360748
          ],
          [
            4.878905,
            52.360767
          ],
          [
            4.878975,
            52.360779
          ],
          [
            4.879098,
            52.360802
          ],
          [
            4.879198,
            52.360821
          ],
          [
            4.879294,
            52.36084
          ],
          [
            4.879387,
            52.360863
          ],
          [
            4.879473,
            52.360889
          ],
          [
            4.879565,
            52.360924
          ],
          [
            4.879653,
            52.360958
          ],
          [
            4.87974,
            52.360992
          ],
          [
            4.879826,
            52.361023
          ],
          [
            4.879907,
            52.361053
          ],
          [
            4.879994,
            52.361092
          ],
          [
            4.880064,
            52.361115
          ],
          [
            4.88013,
            52.361137
          ],
          [
            4.880203,
            52.361164
          ],
          [
            4.880276,
            52.361191
          ],
          [
            4.880363,
            52.361221
          ],
          [
            4.880449,
            52.361248
          ],
          [
            4.880536,
            52.361275
          ],
          [
            4.880623,
            52.361301
          ],
          [
            4.880705,
            52.361328
          ],
          [
            4.880798,
            52.361355
          ],
          [
            4.880887,
            52.361382
          ],
          [
            4.880974,
            52.361404
          ],
          [
            4.88106,
            52.361427
          ],
          [
            4.881145,
            52.361454
          ],
          [
            4.881225,
            52.361477
          ],
          [
            4.881298,
            52.3615
          ],
          [
            4.881382,
            52.361526
          ],
          [
            4.881443,
            52.361546
          ],
          [
            4.881507,
            52.361565
          ],
          [
            4.88157,
            52.361584
          ],
          [
            4.881624,
            52.361603
          ],
          [
            4.881669,
            52.361618
          ],
          [
            4.881669,
            52.361618
          ],
          [
            4.881669,
            52.361618
          ],
          [
            4.881744,
            52.36166
          ],
          [
            4.881744,
            52.36166
          ],
          [
            4.881744,
            52.36166
          ],
          [
            4.881744,
            52.36166
          ],
          [
            4.881744,
            52.36166
          ],
          [
            4.881744,
            52.36166
          ],
          [
            4.881748,
            52.361679
          ],
          [
            4.88178,
            52.361706
          ],
          [
            4.881793,
            52.361717
          ],
          [
            4.88181,
            52.361729
          ],
          [
            4.881836,
            52.361752
          ],
          [
            4.881861,
            52.361771
          ],
          [
            4.881897,
            52.361797
          ],
          [
            4.881926,
            52.361816
          ],
          [
            4.881955,
            52.361839
          ],
          [
            4.881982,
            52.361862
          ],
          [
            4.882036,
            52.361912
          ],
          [
            4.882061,
            52.361935
          ],
          [
            4.88212,
            52.36198
          ],
          [
            4.882146,
            52.361999
          ],
          [
            4.882168,
            52.362015
          ],
          [
            4.882205,
            52.362038
          ],
          [
            4.882242,
            52.362061
          ],
          [
            4.88228,
            52.362087
          ],
          [
            4.882316,
            52.36211
          ],
          [
            4.88235,
            52.362133
          ],
          [
            4.882389,
            52.362156
          ],
          [
            4.882432,
            52.362183
          ],
          [
            4.882486,
            52.362209
          ],
          [
            4.882546,
            52.362232
          ],
          [
            4.882615,
            52.362251
          ],
          [
            4.882643,
            52.362255
          ],
          [
            4.88276,
            52.362259
          ],
          [
            4.882847,
            52.362259
          ],
          [
            4.88293,
            52.362263
          ],
          [
            4.882983,
            52.362267
          ],
          [
            4.883087,
            52.362286
          ],
          [
            4.883152,
            52.362305
          ],
          [
            4.883212,
            52.362331
          ],
          [
            4.883281,
            52.36237
          ],
          [
            4.883343,
            52.362404
          ],
          [
            4.883407,
            52.362442
          ],
          [
            4.883485,
            52.362469
          ],
          [
            4.883561,
            52.362488
          ],
          [
            4.883626,
            52.362492
          ],
          [
            4.883733,
            52.362476
          ],
          [
            4.883817,
            52.362453
          ],
          [
            4.883906,
            52.362419
          ],
          [
            4.883998,
            52.362381
          ],
          [
            4.884098,
            52.362339
          ],
          [
            4.884197,
            52.362297
          ],
          [
            4.884278,
            52.362263
          ],
          [
            4.884362,
            52.362225
          ],
          [
            4.884448,
            52.362183
          ],
          [
            4.884532,
            52.362148
          ],
          [
            4.884613,
            52.36211
          ],
          [
            4.884692,
            52.362076
          ],
          [
            4.884778,
            52.362041
          ],
          [
            4.884862,
            52.362003
          ],
          [
            4.884945,
            52.361965
          ],
          [
            4.885022,
            52.361935
          ],
          [
            4.885094,
            52.361893
          ],
          [
            4.88517,
            52.361851
          ],
          [
            4.88525,
            52.36182
          ],
          [
            4.88533,
            52.361778
          ],
          [
            4.885411,
            52.361748
          ],
          [
            4.885498,
            52.36171
          ],
          [
            4.885579,
            52.361683
          ],
          [
            4.885659,
            52.361645
          ],
          [
            4.885815,
            52.361553
          ],
          [
            4.885894,
            52.361507
          ],
          [
            4.885972,
            52.361462
          ],
          [
            4.886055,
            52.361423
          ],
          [
            4.886138,
            52.361385
          ],
          [
            4.886216,
            52.361351
          ],
          [
            4.886292,
            52.361313
          ],
          [
            4.886369,
            52.361275
          ],
          [
            4.886445,
            52.361233
          ],
          [
            4.886577,
            52.361149
          ],
          [
            4.886654,
            52.361107
          ],
          [
            4.88674,
            52.36108
          ],
          [
            4.886829,
            52.361057
          ],
          [
            4.887002,
            52.361
          ],
          [
            4.88709,
            52.360966
          ],
          [
            4.887256,
            52.360893
          ],
          [
            4.887332,
            52.360859
          ],
          [
            4.887414,
            52.360817
          ],
          [
            4.887496,
            52.360779
          ],
          [
            4.887582,
            52.360744
          ],
          [
            4.88767,
            52.360703
          ],
          [
            4.887748,
            52.360661
          ],
          [
            4.887829,
            52.360622
          ],
          [
            4.887904,
            52.36058
          ],
          [
            4.887982,
            52.36055
          ],
          [
            4.88806,
            52.360512
          ],
          [
            4.888132,
            52.360477
          ],
          [
            4.888205,
            52.360439
          ],
          [
            4.888282,
            52.360397
          ],
          [
            4.888365,
            52.360355
          ],
          [
            4.888449,
            52.360317
          ],
          [
            4.888529,
            52.360279
          ],
          [
            4.888611,
            52.360245
          ],
          [
            4.888685,
            52.360207
          ],
          [
            4.888725,
            52.360188
          ],
          [
            4.888838,
            52.36013
          ],
          [
            4.888906,
            52.360096
          ],
          [
            4.888926,
            52.360088
          ],
          [
            4.88915,
            52.359982
          ],
          [
            4.889313,
            52.359901
          ],
          [
            4.889478,
            52.359825
          ],
          [
            4.889539,
            52.359806
          ],
          [
            4.889655,
            52.359772
          ],
          [
            4.889827,
            52.359726
          ],
          [
            4.889895,
            52.359703
          ],
          [
            4.889992,
            52.359676
          ],
          [
            4.890069,
            52.359657
          ],
          [
            4.890138,
            52.359638
          ],
          [
            4.890192,
            52.359631
          ],
          [
            4.890248,
            52.359615
          ],
          [
            4.890263,
            52.359611
          ],
          [
            4.890286,
            52.359596
          ],
          [
            4.890342,
            52.359566
          ],
          [
            4.890376,
            52.359562
          ],
          [
            4.890447,
            52.359562
          ],
          [
            4.890468,
            52.35957
          ],
          [
            4.890468,
            52.35957
          ],
          [
            4.890468,
            52.35957
          ],
          [
            4.890564,
            52.359573
          ],
          [
            4.890612,
            52.359573
          ],
          [
            4.890674,
            52.35957
          ],
          [
            4.890747,
            52.359566
          ],
          [
            4.890815,
            52.359562
          ],
          [
            4.890902,
            52.359558
          ],
          [
            4.890978,
            52.359547
          ],
          [
            4.891044,
            52.359539
          ],
          [
            4.891136,
            52.359528
          ],
          [
            4.891202,
            52.359528
          ],
          [
            4.891253,
            52.359539
          ],
          [
            4.891284,
            52.359558
          ],
          [
            4.891284,
            52.359566
          ],
          [
            4.891228,
            52.359634
          ],
          [
            4.891185,
            52.359673
          ],
          [
            4.891118,
            52.359745
          ],
          [
            4.891104,
            52.359795
          ],
          [
            4.89111,
            52.359844
          ],
          [
            4.891127,
            52.359898
          ],
          [
            4.891145,
            52.360008
          ],
          [
            4.891151,
            52.360062
          ],
          [
            4.891153,
            52.360119
          ],
          [
            4.891158,
            52.360241
          ],
          [
            4.891167,
            52.360298
          ],
          [
            4.891187,
            52.360359
          ],
          [
            4.891209,
            52.360424
          ],
          [
            4.891259,
            52.360539
          ],
          [
            4.891272,
            52.360592
          ],
          [
            4.891286,
            52.360653
          ],
          [
            4.891305,
            52.360714
          ],
          [
            4.89133,
            52.360779
          ],
          [
            4.89135,
            52.360836
          ],
          [
            4.891365,
            52.360878
          ],
          [
            4.891378,
            52.36092
          ],
          [
            4.891418,
            52.361027
          ],
          [
            4.891439,
            52.36108
          ],
          [
            4.89146,
            52.361134
          ],
          [
            4.891493,
            52.361244
          ],
          [
            4.891513,
            52.361301
          ],
          [
            4.891544,
            52.361423
          ],
          [
            4.891564,
            52.361484
          ],
          [
            4.891582,
            52.361542
          ],
          [
            4.891599,
            52.361595
          ],
          [
            4.891618,
            52.361656
          ],
          [
            4.891637,
            52.361717
          ],
          [
            4.89166,
            52.361771
          ],
          [
            4.891677,
            52.361824
          ],
          [
            4.891721,
            52.361935
          ],
          [
            4.891767,
            52.362034
          ],
          [
            4.89179,
            52.362087
          ],
          [
            4.891815,
            52.362141
          ],
          [
            4.891863,
            52.362251
          ],
          [
            4.891882,
            52.362301
          ],
          [
            4.891903,
            52.362354
          ],
          [
            4.891924,
            52.362404
          ],
          [
            4.891944,
            52.362465
          ],
          [
            4.891964,
            52.362518
          ],
          [
            4.891996,
            52.362625
          ],
          [
            4.892008,
            52.362675
          ],
          [
            4.892016,
            52.362705
          ],
          [
            4.892023,
            52.362736
          ],
          [
            4.892033,
            52.362778
          ],
          [
            4.892047,
            52.362816
          ],
          [
            4.892061,
            52.362846
          ],
          [
            4.892076,
            52.362888
          ],
          [
            4.892092,
            52.362927
          ],
          [
            4.892108,
            52.362965
          ],
          [
            4.892122,
            52.363007
          ],
          [
            4.892143,
            52.36306
          ],
          [
            4.892157,
            52.36311
          ],
          [
            4.892171,
            52.363159
          ],
          [
            4.892194,
            52.363224
          ],
          [
            4.892214,
            52.363289
          ],
          [
            4.892233,
            52.36335
          ],
          [
            4.892285,
            52.363487
          ],
          [
            4.892338,
            52.363625
          ],
          [
            4.892361,
            52.363686
          ],
          [
            4.892383,
            52.363747
          ],
          [
            4.892405,
            52.363808
          ],
          [
            4.892428,
            52.363869
          ],
          [
            4.892448,
            52.363934
          ],
          [
            4.892468,
            52.363995
          ],
          [
            4.892507,
            52.364109
          ],
          [
            4.892524,
            52.364166
          ],
          [
            4.892542,
            52.364223
          ],
          [
            4.892563,
            52.364281
          ],
          [
            4.892574,
            52.364319
          ],
          [
            4.892592,
            52.364376
          ],
          [
            4.89261,
            52.364429
          ],
          [
            4.892634,
            52.364506
          ],
          [
            4.892644,
            52.36454
          ],
          [
            4.892683,
            52.364647
          ],
          [
            4.892703,
            52.364704
          ],
          [
            4.89275,
            52.364834
          ],
          [
            4.892778,
            52.364891
          ],
          [
            4.892824,
            52.365017
          ],
          [
            4.892843,
            52.365074
          ],
          [
            4.892864,
            52.365131
          ],
          [
            4.892884,
            52.365192
          ],
          [
            4.892907,
            52.365253
          ],
          [
            4.892925,
            52.365315
          ],
          [
            4.892969,
            52.365437
          ],
          [
            4.892992,
            52.365501
          ],
          [
            4.893012,
            52.365559
          ],
          [
            4.89303,
            52.365612
          ],
          [
            4.893043,
            52.365662
          ],
          [
            4.893057,
            52.365715
          ],
          [
            4.893073,
            52.365765
          ],
          [
            4.893086,
            52.365814
          ],
          [
            4.893104,
            52.365875
          ],
          [
            4.893113,
            52.365929
          ],
          [
            4.893138,
            52.366039
          ],
          [
            4.893143,
            52.3661
          ],
          [
            4.893154,
            52.366157
          ],
          [
            4.893164,
            52.366215
          ],
          [
            4.89319,
            52.366329
          ],
          [
            4.893198,
            52.366386
          ],
          [
            4.893209,
            52.36644
          ],
          [
            4.89323,
            52.366497
          ],
          [
            4.893266,
            52.366611
          ],
          [
            4.893296,
            52.366669
          ],
          [
            4.893373,
            52.366772
          ],
          [
            4.893414,
            52.366817
          ],
          [
            4.893495,
            52.366901
          ],
          [
            4.893534,
            52.366943
          ],
          [
            4.893568,
            52.366985
          ],
          [
            4.893599,
            52.367024
          ],
          [
            4.893622,
            52.367058
          ],
          [
            4.893644,
            52.3671
          ],
          [
            4.893661,
            52.367146
          ],
          [
            4.893671,
            52.367191
          ],
          [
            4.893673,
            52.367237
          ],
          [
            4.893667,
            52.367344
          ],
          [
            4.893672,
            52.367393
          ],
          [
            4.893693,
            52.367455
          ],
          [
            4.893813,
            52.367542
          ],
          [
            4.89394,
            52.367611
          ],
          [
            4.893996,
            52.367638
          ],
          [
            4.894077,
            52.367676
          ],
          [
            4.894147,
            52.367702
          ],
          [
            4.894217,
            52.367729
          ],
          [
            4.894293,
            52.36776
          ],
          [
            4.894368,
            52.36779
          ],
          [
            4.894443,
            52.367817
          ],
          [
            4.894525,
            52.367847
          ],
          [
            4.894604,
            52.367878
          ],
          [
            4.894687,
            52.367908
          ],
          [
            4.89477,
            52.367939
          ],
          [
            4.89486,
            52.367973
          ],
          [
            4.894939,
            52.368004
          ],
          [
            4.895016,
            52.368038
          ],
          [
            4.895102,
            52.368073
          ],
          [
            4.895277,
            52.368134
          ],
          [
            4.895363,
            52.368164
          ],
          [
            4.895441,
            52.368195
          ],
          [
            4.89552,
            52.368217
          ],
          [
            4.895682,
            52.368271
          ],
          [
            4.895755,
            52.368294
          ],
          [
            4.895832,
            52.36832
          ],
          [
            4.895909,
            52.368347
          ],
          [
            4.896059,
            52.368378
          ],
          [
            4.896124,
            52.368381
          ],
          [
            4.896193,
            52.368374
          ],
          [
            4.896248,
            52.368362
          ],
          [
            4.896298,
            52.368355
          ],
          [
            4.896416,
            52.368332
          ],
          [
            4.896477,
            52.368324
          ],
          [
            4.896547,
            52.368317
          ],
          [
            4.896618,
            52.368309
          ],
          [
            4.896679,
            52.368298
          ],
          [
            4.896834,
            52.368282
          ],
          [
            4.896993,
            52.368267
          ],
          [
            4.897105,
            52.368256
          ],
          [
            4.897207,
            52.368248
          ],
          [
            4.897331,
            52.36824
          ],
          [
            4.897424,
            52.368237
          ],
          [
            4.897498,
            52.368233
          ],
          [
            4.897503,
            52.368221
          ],
          [
            4.897734,
            52.368225
          ],
          [
            4.897782,
            52.368221
          ],
          [
            4.897897,
            52.368214
          ],
          [
            4.897969,
            52.368206
          ],
          [
            4.898068,
            52.368198
          ],
          [
            4.898147,
            52.368191
          ],
          [
            4.898228,
            52.368183
          ],
          [
            4.898307,
            52.368176
          ],
          [
            4.898377,
            52.368164
          ],
          [
            4.898447,
            52.368168
          ],
          [
            4.898503,
            52.368156
          ],
          [
            4.898562,
            52.368156
          ],
          [
            4.898651,
            52.368153
          ],
          [
            4.898651,
            52.368153
          ],
          [
            4.898712,
            52.368168
          ],
          [
            4.898728,
            52.368183
          ],
          [
            4.898738,
            52.368198
          ],
          [
            4.89876,
            52.368214
          ],
          [
            4.898781,
            52.368248
          ],
          [
            4.898853,
            52.368317
          ],
          [
            4.8989,
            52.368355
          ],
          [
            4.898941,
            52.368389
          ],
          [
            4.898984,
            52.368427
          ],
          [
            4.899029,
            52.368469
          ],
          [
            4.899063,
            52.368504
          ],
          [
            4.899116,
            52.368545
          ],
          [
            4.899158,
            52.368587
          ],
          [
            4.899206,
            52.368629
          ],
          [
            4.89925,
            52.368664
          ],
          [
            4.899293,
            52.368698
          ],
          [
            4.899335,
            52.368729
          ],
          [
            4.899374,
            52.368771
          ],
          [
            4.899417,
            52.368809
          ],
          [
            4.899457,
            52.368839
          ],
          [
            4.899499,
            52.368885
          ],
          [
            4.899539,
            52.368923
          ],
          [
            4.899581,
            52.368954
          ],
          [
            4.89963,
            52.368999
          ],
          [
            4.899674,
            52.369038
          ],
          [
            4.899749,
            52.369106
          ],
          [
            4.899793,
            52.369144
          ],
          [
            4.899832,
            52.369183
          ],
          [
            4.899868,
            52.369221
          ],
          [
            4.899931,
            52.369282
          ],
          [
            4.89997,
            52.369316
          ],
          [
            4.900025,
            52.369381
          ],
          [
            4.900049,
            52.369408
          ],
          [
            4.900069,
            52.369431
          ],
          [
            4.900093,
            52.369457
          ],
          [
            4.90012,
            52.369476
          ],
          [
            4.900155,
            52.369492
          ],
          [
            4.900176,
            52.369495
          ],
          [
            4.900198,
            52.369492
          ],
          [
            4.900206,
            52.369492
          ],
          [
            4.900223,
            52.36948
          ],
          [
            4.900242,
            52.369469
          ],
          [
            4.900269,
            52.36945
          ],
          [
            4.90031,
            52.369434
          ],
          [
            4.900374,
            52.369415
          ],
          [
            4.900396,
            52.369411
          ],
          [
            4.900427,
            52.369408
          ],
          [
            4.900463,
            52.369408
          ],
          [
            4.900498,
            52.369411
          ],
          [
            4.900528,
            52.369419
          ],
          [
            4.900547,
            52.369423
          ],
          [
            4.900547,
            52.369423
          ],
          [
            4.9006,
            52.369434
          ],
          [
            4.900611,
            52.369442
          ],
          [
            4.900616,
            52.369446
          ],
          [
            4.900606,
            52.369442
          ],
          [
            4.900606,
            52.369442
          ],
          [
            4.900525,
            52.369419
          ],
          [
            4.900525,
            52.369419
          ],
          [
            4.900525,
            52.369419
          ],
          [
            4.900472,
            52.369396
          ],
          [
            4.900395,
            52.3694
          ],
          [
            4.900363,
            52.369415
          ],
          [
            4.900323,
            52.369434
          ],
          [
            4.900289,
            52.369453
          ],
          [
            4.900254,
            52.369473
          ],
          [
            4.900223,
            52.369488
          ],
          [
            4.900223,
            52.369488
          ],
          [
            4.900189,
            52.369499
          ],
          [
            4.900189,
            52.369499
          ],
          [
            4.900159,
            52.369488
          ],
          [
            4.900132,
            52.369476
          ],
          [
            4.90011,
            52.369461
          ],
          [
            4.900093,
            52.369442
          ],
          [
            4.900043,
            52.369396
          ],
          [
            4.900011,
            52.36937
          ],
          [
            4.899981,
            52.369343
          ],
          [
            4.899999,
            52.369358
          ],
          [
            4.899993,
            52.36935
          ],
          [
            4.899985,
            52.369347
          ],
          [
            4.899971,
            52.369331
          ],
          [
            4.899949,
            52.369305
          ],
          [
            4.899921,
            52.36927
          ],
          [
            4.899897,
            52.36924
          ],
          [
            4.899896,
            52.36924
          ],
          [
            4.899796,
            52.369167
          ],
          [
            4.899704,
            52.369099
          ],
          [
            4.899673,
            52.369072
          ],
          [
            4.899641,
            52.369045
          ],
          [
            4.899625,
            52.369022
          ],
          [
            4.899569,
            52.368969
          ],
          [
            4.89955,
            52.368946
          ],
          [
            4.899533,
            52.368927
          ],
          [
            4.899511,
            52.368904
          ],
          [
            4.899496,
            52.368881
          ],
          [
            4.899472,
            52.368855
          ],
          [
            4.899458,
            52.368835
          ],
          [
            4.899437,
            52.368813
          ],
          [
            4.899413,
            52.368794
          ],
          [
            4.899379,
            52.368767
          ],
          [
            4.899353,
            52.368744
          ],
          [
            4.899317,
            52.368717
          ],
          [
            4.899289,
            52.368698
          ],
          [
            4.899261,
            52.368675
          ],
          [
            4.899229,
            52.368652
          ],
          [
            4.899196,
            52.368614
          ],
          [
            4.899165,
            52.368587
          ],
          [
            4.899143,
            52.368561
          ],
          [
            4.899112,
            52.36853
          ],
          [
            4.899084,
            52.3685
          ],
          [
            4.89905,
            52.368469
          ],
          [
            4.899018,
            52.368443
          ],
          [
            4.898983,
            52.368412
          ],
          [
            4.898942,
            52.368378
          ],
          [
            4.898914,
            52.368347
          ],
          [
            4.89888,
            52.368324
          ],
          [
            4.898849,
            52.368294
          ],
          [
            4.898822,
            52.368267
          ],
          [
            4.89879,
            52.36824
          ],
          [
            4.898777,
            52.368217
          ],
          [
            4.898767,
            52.368198
          ],
          [
            4.898787,
            52.368176
          ],
          [
            4.898815,
            52.36816
          ],
          [
            4.898836,
            52.368149
          ],
          [
            4.898871,
            52.368137
          ],
          [
            4.898904,
            52.368126
          ],
          [
            4.898934,
            52.368118
          ],
          [
            4.898962,
            52.368111
          ],
          [
            4.898998,
            52.368103
          ],
          [
            4.899033,
            52.368095
          ],
          [
            4.899066,
            52.368088
          ],
          [
            4.89911,
            52.368076
          ],
          [
            4.899158,
            52.368065
          ],
          [
            4.899203,
            52.368046
          ],
          [
            4.899236,
            52.368027
          ],
          [
            4.899268,
            52.368004
          ],
          [
            4.899281,
            52.367973
          ],
          [
            4.899277,
            52.367935
          ],
          [
            4.899267,
            52.367897
          ],
          [
            4.899233,
            52.367855
          ],
          [
            4.899202,
            52.367821
          ],
          [
            4.899166,
            52.367783
          ],
          [
            4.899129,
            52.367733
          ],
          [
            4.899108,
            52.367699
          ],
          [
            4.899103,
            52.367657
          ],
          [
            4.899119,
            52.367615
          ],
          [
            4.899156,
            52.367577
          ],
          [
            4.899199,
            52.367546
          ],
          [
            4.899258,
            52.367519
          ],
          [
            4.899325,
            52.367489
          ],
          [
            4.899387,
            52.367462
          ],
          [
            4.899457,
            52.367435
          ],
          [
            4.899529,
            52.367409
          ],
          [
            4.899594,
            52.367382
          ],
          [
            4.899667,
            52.367355
          ],
          [
            4.899743,
            52.367329
          ],
          [
            4.89981,
            52.367306
          ],
          [
            4.899882,
            52.367279
          ],
          [
            4.899956,
            52.367249
          ],
          [
            4.900028,
            52.367222
          ],
          [
            4.900108,
            52.367187
          ],
          [
            4.900175,
            52.367161
          ],
          [
            4.900253,
            52.367134
          ],
          [
            4.900318,
            52.367104
          ],
          [
            4.900388,
            52.367077
          ],
          [
            4.900456,
            52.36705
          ],
          [
            4.900527,
            52.367024
          ],
          [
            4.900594,
            52.366997
          ],
          [
            4.90067,
            52.366966
          ],
          [
            4.900742,
            52.36694
          ],
          [
            4.900809,
            52.366913
          ],
          [
            4.900881,
            52.36689
          ],
          [
            4.900948,
            52.366867
          ],
          [
            4.901002,
            52.366844
          ],
          [
            4.90106,
            52.366821
          ],
          [
            4.901125,
            52.366798
          ],
          [
            4.901175,
            52.366779
          ],
          [
            4.901218,
            52.366764
          ],
          [
            4.901263,
            52.366741
          ],
          [
            4.901298,
            52.366722
          ],
          [
            4.901326,
            52.366707
          ],
          [
            4.901357,
            52.366695
          ],
          [
            4.901388,
            52.366676
          ],
          [
            4.90141,
            52.366669
          ],
          [
            4.90141,
            52.366669
          ],
          [
            4.90141,
            52.366669
          ],
          [
            4.90141,
            52.366669
          ],
          [
            4.901509,
            52.366627
          ],
          [
            4.901528,
            52.366619
          ],
          [
            4.901549,
            52.366608
          ],
          [
            4.901567,
            52.366592
          ],
          [
            4.901586,
            52.366577
          ],
          [
            4.901603,
            52.366554
          ],
          [
            4.901619,
            52.366531
          ],
          [
            4.901634,
            52.366509
          ],
          [
            4.901654,
            52.366478
          ],
          [
            4.90167,
            52.366451
          ],
          [
            4.90169,
            52.366413
          ],
          [
            4.901708,
            52.366375
          ],
          [
            4.901724,
            52.366341
          ],
          [
            4.901742,
            52.366302
          ],
          [
            4.901763,
            52.366261
          ],
          [
            4.90178,
            52.366222
          ],
          [
            4.901796,
            52.366188
          ],
          [
            4.901815,
            52.366146
          ],
          [
            4.901835,
            52.366108
          ],
          [
            4.901861,
            52.36607
          ],
          [
            4.901887,
            52.366039
          ],
          [
            4.901914,
            52.366009
          ],
          [
            4.901933,
            52.365978
          ],
          [
            4.901951,
            52.365952
          ],
          [
            4.901963,
            52.365929
          ],
          [
            4.901976,
            52.365902
          ],
          [
            4.901982,
            52.365879
          ],
          [
            4.901992,
            52.365856
          ],
          [
            4.90201,
            52.365822
          ],
          [
            4.902032,
            52.36578
          ],
          [
            4.90207,
            52.365711
          ],
          [
            4.902097,
            52.365654
          ],
          [
            4.902093,
            52.365662
          ],
          [
            4.902121,
            52.365612
          ],
          [
            4.902165,
            52.365517
          ],
          [
            4.902207,
            52.365429
          ],
          [
            4.902231,
            52.365379
          ],
          [
            4.902264,
            52.365307
          ],
          [
            4.90231,
            52.3652
          ],
          [
            4.902331,
            52.365158
          ],
          [
            4.902362,
            52.365093
          ],
          [
            4.902389,
            52.365036
          ],
          [
            4.902423,
            52.364971
          ],
          [
            4.902467,
            52.364895
          ],
          [
            4.902484,
            52.364853
          ],
          [
            4.902517,
            52.364788
          ],
          [
            4.90255,
            52.364727
          ],
          [
            4.90258,
            52.36467
          ],
          [
            4.902603,
            52.36462
          ],
          [
            4.902618,
            52.364586
          ],
          [
            4.902638,
            52.364548
          ],
          [
            4.902665,
            52.364502
          ],
          [
            4.902696,
            52.364452
          ],
          [
            4.902719,
            52.364399
          ],
          [
            4.902745,
            52.364342
          ],
          [
            4.902776,
            52.364285
          ],
          [
            4.902801,
            52.364223
          ],
          [
            4.902826,
            52.364159
          ],
          [
            4.902845,
            52.364098
          ],
          [
            4.902872,
            52.36404
          ],
          [
            4.902903,
            52.363979
          ],
          [
            4.902933,
            52.363926
          ],
          [
            4.902967,
            52.363865
          ],
          [
            4.902988,
            52.363823
          ],
          [
            4.903024,
            52.363762
          ],
          [
            4.903052,
            52.363716
          ],
          [
            4.903084,
            52.363667
          ],
          [
            4.903116,
            52.363609
          ],
          [
            4.903147,
            52.363556
          ],
          [
            4.903187,
            52.363491
          ],
          [
            4.903224,
            52.363419
          ],
          [
            4.903287,
            52.363296
          ],
          [
            4.903322,
            52.363224
          ],
          [
            4.903345,
            52.363163
          ],
          [
            4.903378,
            52.36311
          ],
          [
            4.903403,
            52.363056
          ],
          [
            4.90342,
            52.363003
          ],
          [
            4.903435,
            52.362965
          ],
          [
            4.90345,
            52.362927
          ],
          [
            4.903465,
            52.362892
          ],
          [
            4.903485,
            52.362854
          ],
          [
            4.903509,
            52.362804
          ],
          [
            4.903537,
            52.362755
          ],
          [
            4.903569,
            52.362701
          ],
          [
            4.903594,
            52.362644
          ],
          [
            4.903627,
            52.362587
          ],
          [
            4.903653,
            52.362534
          ],
          [
            4.903673,
            52.362476
          ],
          [
            4.903707,
            52.362412
          ],
          [
            4.903735,
            52.36235
          ],
          [
            4.903765,
            52.362293
          ],
          [
            4.903801,
            52.362236
          ],
          [
            4.903835,
            52.362175
          ],
          [
            4.90386,
            52.362118
          ],
          [
            4.903892,
            52.362053
          ],
          [
            4.903923,
            52.361996
          ],
          [
            4.903955,
            52.361938
          ],
          [
            4.903986,
            52.361881
          ],
          [
            4.904019,
            52.36182
          ],
          [
            4.904054,
            52.361763
          ],
          [
            4.904092,
            52.36171
          ],
          [
            4.90413,
            52.361652
          ],
          [
            4.904165,
            52.361595
          ],
          [
            4.904189,
            52.361534
          ],
          [
            4.904206,
            52.361477
          ],
          [
            4.904238,
            52.361416
          ],
          [
            4.904271,
            52.361355
          ],
          [
            4.904311,
            52.361294
          ],
          [
            4.904348,
            52.36124
          ],
          [
            4.904384,
            52.361179
          ],
          [
            4.904417,
            52.361122
          ],
          [
            4.904444,
            52.361065
          ],
          [
            4.904469,
            52.361004
          ],
          [
            4.904486,
            52.360943
          ],
          [
            4.904511,
            52.360886
          ],
          [
            4.904537,
            52.360828
          ],
          [
            4.904564,
            52.360771
          ],
          [
            4.904599,
            52.360722
          ],
          [
            4.904623,
            52.360672
          ],
          [
            4.904644,
            52.36063
          ],
          [
            4.904667,
            52.360592
          ],
          [
            4.904687,
            52.360569
          ],
          [
            4.904697,
            52.360546
          ],
          [
            4.904716,
            52.360508
          ],
          [
            4.904747,
            52.360481
          ],
          [
            4.904804,
            52.360466
          ],
          [
            4.904859,
            52.360466
          ],
          [
            4.904958,
            52.360477
          ],
          [
            4.905037,
            52.360493
          ],
          [
            4.905075,
            52.3605
          ],
          [
            4.905219,
            52.360519
          ],
          [
            4.905312,
            52.360539
          ],
          [
            4.905403,
            52.360558
          ],
          [
            4.905502,
            52.360588
          ],
          [
            4.90558,
            52.360607
          ],
          [
            4.905701,
            52.360634
          ],
          [
            4.905796,
            52.360657
          ],
          [
            4.905901,
            52.36068
          ],
          [
            4.905989,
            52.360699
          ],
          [
            4.906086,
            52.360718
          ],
          [
            4.906175,
            52.360733
          ],
          [
            4.906249,
            52.360748
          ],
          [
            4.906322,
            52.360764
          ],
          [
            4.906424,
            52.360783
          ],
          [
            4.906513,
            52.360802
          ],
          [
            4.906597,
            52.360817
          ],
          [
            4.906701,
            52.36084
          ],
          [
            4.906735,
            52.360844
          ],
          [
            4.906853,
            52.360859
          ],
          [
            4.906992,
            52.360878
          ],
          [
            4.907096,
            52.360889
          ],
          [
            4.907184,
            52.360905
          ],
          [
            4.907271,
            52.36092
          ],
          [
            4.907358,
            52.360935
          ],
          [
            4.907429,
            52.36095
          ],
          [
            4.907489,
            52.360962
          ],
          [
            4.907539,
            52.360973
          ],
          [
            4.907589,
            52.360985
          ],
          [
            4.907639,
            52.360996
          ],
          [
            4.907679,
            52.361004
          ],
          [
            4.907721,
            52.361012
          ],
          [
            4.907763,
            52.361015
          ],
          [
            4.907792,
            52.361019
          ],
          [
            4.907832,
            52.361027
          ],
          [
            4.907872,
            52.361031
          ],
          [
            4.907908,
            52.361038
          ],
          [
            4.907941,
            52.361046
          ],
          [
            4.907976,
            52.361057
          ],
          [
            4.908012,
            52.361065
          ],
          [
            4.908042,
            52.361073
          ],
          [
            4.908086,
            52.36108
          ],
          [
            4.908127,
            52.361092
          ],
          [
            4.908162,
            52.361099
          ],
          [
            4.908215,
            52.361115
          ],
          [
            4.908264,
            52.361126
          ],
          [
            4.908319,
            52.361137
          ],
          [
            4.908383,
            52.361156
          ],
          [
            4.908445,
            52.361172
          ],
          [
            4.908509,
            52.361191
          ],
          [
            4.908563,
            52.361206
          ],
          [
            4.908627,
            52.361229
          ],
          [
            4.908699,
            52.361252
          ],
          [
            4.908724,
            52.361256
          ],
          [
            4.908842,
            52.361286
          ],
          [
            4.908929,
            52.361309
          ],
          [
            4.909014,
            52.361332
          ],
          [
            4.909102,
            52.361355
          ],
          [
            4.909195,
            52.361378
          ],
          [
            4.909285,
            52.361401
          ],
          [
            4.909375,
            52.361423
          ],
          [
            4.909465,
            52.361446
          ],
          [
            4.909524,
            52.361458
          ],
          [
            4.909657,
            52.361484
          ],
          [
            4.909756,
            52.361507
          ],
          [
            4.909859,
            52.361526
          ],
          [
            4.909958,
            52.361549
          ],
          [
            4.910036,
            52.361565
          ],
          [
            4.91015,
            52.361588
          ],
          [
            4.910242,
            52.361607
          ],
          [
            4.91034,
            52.36163
          ],
          [
            4.910439,
            52.361649
          ],
          [
            4.910537,
            52.361668
          ],
          [
            4.910583,
            52.361675
          ],
          [
            4.910723,
            52.361706
          ],
          [
            4.910831,
            52.361725
          ],
          [
            4.910928,
            52.361744
          ],
          [
            4.911006,
            52.361755
          ],
          [
            4.911117,
            52.361774
          ],
          [
            4.911211,
            52.361797
          ],
          [
            4.911303,
            52.361813
          ],
          [
            4.911401,
            52.361832
          ],
          [
            4.911454,
            52.361843
          ],
          [
            4.911587,
            52.361874
          ],
          [
            4.911685,
            52.361893
          ],
          [
            4.911785,
            52.361912
          ],
          [
            4.911882,
            52.361931
          ],
          [
            4.911957,
            52.361946
          ],
          [
            4.912074,
            52.361969
          ],
          [
            4.912174,
            52.361988
          ],
          [
            4.912264,
            52.362007
          ],
          [
            4.912349,
            52.362026
          ],
          [
            4.912426,
            52.362041
          ],
          [
            4.912537,
            52.362064
          ],
          [
            4.912634,
            52.362083
          ],
          [
            4.912732,
            52.362102
          ],
          [
            4.912792,
            52.36211
          ],
          [
            4.91292,
            52.362133
          ],
          [
            4.913008,
            52.362152
          ],
          [
            4.913115,
            52.362171
          ],
          [
            4.913216,
            52.362194
          ],
          [
            4.913289,
            52.362209
          ],
          [
            4.913409,
            52.362232
          ],
          [
            4.913507,
            52.362255
          ],
          [
            4.913598,
            52.36227
          ],
          [
            4.913695,
            52.362293
          ],
          [
            4.913755,
            52.362305
          ],
          [
            4.913883,
            52.362331
          ],
          [
            4.913983,
            52.362354
          ],
          [
            4.914058,
            52.36237
          ],
          [
            4.914065,
            52.362377
          ],
          [
            4.914204,
            52.3624
          ],
          [
            4.914347,
            52.362427
          ],
          [
            4.914453,
            52.362446
          ],
          [
            4.914552,
            52.362465
          ],
          [
            4.914638,
            52.362488
          ],
          [
            4.914691,
            52.362499
          ],
          [
            4.914828,
            52.36253
          ],
          [
            4.914934,
            52.362553
          ],
          [
            4.915032,
            52.362576
          ],
          [
            4.915122,
            52.362595
          ],
          [
            4.915208,
            52.362614
          ],
          [
            4.915317,
            52.362637
          ],
          [
            4.915414,
            52.362652
          ],
          [
            4.91551,
            52.362671
          ],
          [
            4.915607,
            52.36269
          ],
          [
            4.915685,
            52.362705
          ],
          [
            4.915795,
            52.362728
          ],
          [
            4.915885,
            52.362747
          ],
          [
            4.915992,
            52.362766
          ],
          [
            4.916039,
            52.362778
          ],
          [
            4.916177,
            52.362804
          ],
          [
            4.916277,
            52.362827
          ],
          [
            4.916377,
            52.362846
          ],
          [
            4.916474,
            52.362869
          ],
          [
            4.916566,
            52.362888
          ],
          [
            4.916659,
            52.362907
          ],
          [
            4.916746,
            52.362927
          ],
          [
            4.91683,
            52.362942
          ],
          [
            4.916903,
            52.362968
          ],
          [
            4.916964,
            52.362991
          ],
          [
            4.917,
            52.363014
          ],
          [
            4.917027,
            52.363041
          ],
          [
            4.917055,
            52.363064
          ],
          [
            4.917089,
            52.363098
          ],
          [
            4.917133,
            52.363121
          ],
          [
            4.917162,
            52.363132
          ],
          [
            4.917256,
            52.363152
          ],
          [
            4.917331,
            52.363167
          ],
          [
            4.917372,
            52.363174
          ],
          [
            4.917479,
            52.363197
          ],
          [
            4.91756,
            52.363213
          ],
          [
            4.917639,
            52.363228
          ],
          [
            4.917734,
            52.363243
          ],
          [
            4.917823,
            52.363258
          ],
          [
            4.917913,
            52.363277
          ],
          [
            4.918004,
            52.363296
          ],
          [
            4.918095,
            52.363319
          ],
          [
            4.91818,
            52.363342
          ],
          [
            4.918262,
            52.363365
          ],
          [
            4.918331,
            52.363384
          ],
          [
            4.918419,
            52.363415
          ],
          [
            4.918482,
            52.363438
          ],
          [
            4.918544,
            52.363464
          ],
          [
            4.918592,
            52.363491
          ],
          [
            4.918636,
            52.363518
          ],
          [
            4.918675,
            52.363544
          ],
          [
            4.918712,
            52.363575
          ],
          [
            4.918743,
            52.363602
          ],
          [
            4.918773,
            52.363625
          ],
          [
            4.9188,
            52.363651
          ],
          [
            4.918833,
            52.363682
          ],
          [
            4.918857,
            52.363705
          ],
          [
            4.918887,
            52.363731
          ],
          [
            4.918924,
            52.363766
          ],
          [
            4.918959,
            52.363796
          ],
          [
            4.919005,
            52.363831
          ],
          [
            4.919019,
            52.363838
          ],
          [
            4.919035,
            52.36385
          ],
          [
            4.919174,
            52.363914
          ],
          [
            4.919254,
            52.363949
          ],
          [
            4.919327,
            52.363979
          ],
          [
            4.9194,
            52.364006
          ],
          [
            4.919466,
            52.364033
          ],
          [
            4.919519,
            52.364052
          ],
          [
            4.919571,
            52.364071
          ],
          [
            4.919614,
            52.364086
          ],
          [
            4.919647,
            52.36409
          ],
          [
            4.919647,
            52.36409
          ],
          [
            4.919647,
            52.36409
          ],
          [
            4.919721,
            52.364094
          ],
          [
            4.919721,
            52.364094
          ],
          [
            4.919737,
            52.364086
          ],
          [
            4.919737,
            52.364086
          ],
          [
            4.919773,
            52.364079
          ],
          [
            4.919773,
            52.364079
          ],
          [
            4.919788,
            52.364063
          ],
          [
            4.91979,
            52.364056
          ],
          [
            4.91979,
            52.364056
          ],
          [
            4.919803,
            52.364025
          ],
          [
            4.919812,
            52.364014
          ],
          [
            4.91982,
            52.364006
          ],
          [
            4.919838,
            52.363998
          ],
          [
            4.919864,
            52.363987
          ],
          [
            4.919891,
            52.363972
          ],
          [
            4.919914,
            52.363956
          ],
          [
            4.919945,
            52.363934
          ],
          [
            4.919967,
            52.363918
          ],
          [
            4.919991,
            52.363895
          ],
          [
            4.920025,
            52.363869
          ],
          [
            4.920051,
            52.363846
          ],
          [
            4.920084,
            52.363819
          ],
          [
            4.920112,
            52.3638
          ],
          [
            4.920143,
            52.363777
          ],
          [
            4.920172,
            52.36375
          ],
          [
            4.920203,
            52.363728
          ],
          [
            4.920236,
            52.363697
          ],
          [
            4.92026,
            52.363674
          ],
          [
            4.920274,
            52.363659
          ],
          [
            4.920274,
            52.363659
          ],
          [
            4.920298,
            52.363602
          ],
          [
            4.920298,
            52.363602
          ],
          [
            4.920312,
            52.363575
          ],
          [
            4.920312,
            52.363567
          ],
          [
            4.920299,
            52.363564
          ],
          [
            4.920274,
            52.363556
          ],
          [
            4.92027,
            52.363552
          ],
          [
            4.920177,
            52.363533
          ],
          [
            4.920118,
            52.363518
          ],
          [
            4.920065,
            52.363495
          ],
          [
            4.92001,
            52.363472
          ],
          [
            4.919968,
            52.363453
          ],
          [
            4.919947,
            52.363438
          ],
          [
            4.919939,
            52.363422
          ],
          [
            4.919949,
            52.363403
          ],
          [
            4.919964,
            52.36338
          ],
          [
            4.919987,
            52.363358
          ],
          [
            4.920011,
            52.363335
          ],
          [
            4.92004,
            52.363308
          ],
          [
            4.920059,
            52.363289
          ],
          [
            4.920084,
            52.363262
          ],
          [
            4.920114,
            52.363235
          ],
          [
            4.92014,
            52.363209
          ],
          [
            4.920171,
            52.363186
          ],
          [
            4.920191,
            52.363174
          ],
          [
            4.920191,
            52.363174
          ],
          [
            4.920243,
            52.363125
          ],
          [
            4.92024,
            52.36311
          ],
          [
            4.920232,
            52.363102
          ],
          [
            4.920201,
            52.363083
          ],
          [
            4.920175,
            52.363071
          ],
          [
            4.92014,
            52.363056
          ],
          [
            4.920115,
            52.363045
          ],
          [
            4.9201,
            52.363037
          ],
          [
            4.9201,
            52.363037
          ],
          [
            4.9201,
            52.363037
          ],
          [
            4.9201,
            52.363037
          ],
          [
            4.92012,
            52.362972
          ],
          [
            4.920143,
            52.362961
          ],
          [
            4.920167,
            52.362953
          ],
          [
            4.920185,
            52.362946
          ],
          [
            4.920216,
            52.36293
          ],
          [
            4.920249,
            52.362915
          ],
          [
            4.920283,
            52.362896
          ],
          [
            4.920304,
            52.362881
          ],
          [
            4.920321,
            52.362858
          ],
          [
            4.920324,
            52.362843
          ],
          [
            4.920325,
            52.362835
          ],
          [
            4.920273,
            52.362808
          ],
          [
            4.920235,
            52.362793
          ],
          [
            4.920196,
            52.362774
          ],
          [
            4.920156,
            52.362755
          ],
          [
            4.920114,
            52.362732
          ],
          [
            4.920072,
            52.362709
          ],
          [
            4.920023,
            52.362682
          ],
          [
            4.91998,
            52.362656
          ],
          [
            4.919942,
            52.362629
          ],
          [
            4.919916,
            52.362614
          ],
          [
            4.919912,
            52.362587
          ],
          [
            4.919921,
            52.36256
          ],
          [
            4.919943,
            52.362534
          ],
          [
            4.919974,
            52.362503
          ],
          [
            4.92001,
            52.362473
          ],
          [
            4.920046,
            52.362438
          ],
          [
            4.920087,
            52.362404
          ],
          [
            4.920136,
            52.362362
          ],
          [
            4.920182,
            52.362316
          ],
          [
            4.92023,
            52.362278
          ],
          [
            4.920272,
            52.362232
          ],
          [
            4.920322,
            52.36219
          ],
          [
            4.92037,
            52.362141
          ],
          [
            4.920406,
            52.362102
          ],
          [
            4.920446,
            52.362057
          ],
          [
            4.920476,
            52.362019
          ],
          [
            4.920501,
            52.361973
          ],
          [
            4.920532,
            52.361927
          ],
          [
            4.920555,
            52.361897
          ],
          [
            4.920577,
            52.361866
          ],
          [
            4.920597,
            52.361835
          ],
          [
            4.920628,
            52.361816
          ],
          [
            4.920664,
            52.361805
          ],
          [
            4.920696,
            52.361805
          ],
          [
            4.920737,
            52.361816
          ],
          [
            4.92077,
            52.361828
          ],
          [
            4.92081,
            52.361847
          ],
          [
            4.920855,
            52.36187
          ],
          [
            4.920896,
            52.361893
          ],
          [
            4.920929,
            52.361912
          ],
          [
            4.920973,
            52.361935
          ],
          [
            4.921016,
            52.361954
          ],
          [
            4.921064,
            52.361969
          ],
          [
            4.921122,
            52.361988
          ],
          [
            4.921181,
            52.362007
          ],
          [
            4.921248,
            52.362026
          ],
          [
            4.921311,
            52.362041
          ],
          [
            4.921373,
            52.362057
          ],
          [
            4.921429,
            52.362072
          ],
          [
            4.921483,
            52.362091
          ],
          [
            4.921536,
            52.362102
          ],
          [
            4.921581,
            52.362106
          ],
          [
            4.921622,
            52.362099
          ],
          [
            4.92165,
            52.362083
          ],
          [
            4.921671,
            52.362064
          ],
          [
            4.921693,
            52.362038
          ],
          [
            4.921717,
            52.362003
          ],
          [
            4.921741,
            52.361969
          ],
          [
            4.921767,
            52.361931
          ],
          [
            4.921787,
            52.361893
          ],
          [
            4.921814,
            52.361855
          ],
          [
            4.921842,
            52.361813
          ],
          [
            4.921868,
            52.361771
          ],
          [
            4.921898,
            52.361729
          ],
          [
            4.92193,
            52.361683
          ],
          [
            4.921957,
            52.361641
          ],
          [
            4.921983,
            52.361607
          ],
          [
            4.92201,
            52.361568
          ],
          [
            4.922034,
            52.36153
          ],
          [
            4.922058,
            52.3615
          ],
          [
            4.922088,
            52.361465
          ],
          [
            4.922115,
            52.361435
          ],
          [
            4.922137,
            52.361401
          ],
          [
            4.922155,
            52.361378
          ],
          [
            4.922153,
            52.361351
          ],
          [
            4.922145,
            52.36132
          ],
          [
            4.922139,
            52.361301
          ],
          [
            4.922105,
            52.361275
          ],
          [
            4.922066,
            52.361252
          ],
          [
            4.922011,
            52.361229
          ],
          [
            4.921945,
            52.36121
          ],
          [
            4.921872,
            52.361195
          ],
          [
            4.921801,
            52.361179
          ],
          [
            4.921732,
            52.361164
          ],
          [
            4.921676,
            52.361149
          ],
          [
            4.921612,
            52.36113
          ],
          [
            4.921563,
            52.361111
          ],
          [
            4.921526,
            52.361095
          ],
          [
            4.921496,
            52.36108
          ],
          [
            4.921435,
            52.361069
          ],
          [
            4.921401,
            52.361061
          ],
          [
            4.921358,
            52.36105
          ],
          [
            4.921311,
            52.361042
          ],
          [
            4.921258,
            52.361031
          ],
          [
            4.921141,
            52.361
          ],
          [
            4.921099,
            52.360985
          ],
          [
            4.921053,
            52.36097
          ],
          [
            4.921011,
            52.36095
          ],
          [
            4.920961,
            52.360939
          ],
          [
            4.920915,
            52.360931
          ],
          [
            4.920868,
            52.360943
          ],
          [
            4.920834,
            52.360954
          ],
          [
            4.920808,
            52.36097
          ],
          [
            4.920782,
            52.360989
          ],
          [
            4.920762,
            52.361008
          ],
          [
            4.920744,
            52.361023
          ],
          [
            4.920726,
            52.361038
          ],
          [
            4.920702,
            52.361061
          ],
          [
            4.920684,
            52.361084
          ],
          [
            4.920669,
            52.361111
          ],
          [
            4.92065,
            52.361141
          ],
          [
            4.920629,
            52.361172
          ],
          [
            4.920613,
            52.361202
          ],
          [
            4.920599,
            52.361237
          ],
          [
            4.920584,
            52.361267
          ],
          [
            4.920566,
            52.361286
          ],
          [
            4.920543,
            52.361301
          ],
          [
            4.920492,
            52.361298
          ],
          [
            4.920478,
            52.361282
          ],
          [
            4.920459,
            52.361244
          ],
          [
            4.92044,
            52.361221
          ],
          [
            4.920421,
            52.361187
          ],
          [
            4.920394,
            52.361149
          ],
          [
            4.920368,
            52.361111
          ],
          [
            4.920341,
            52.361069
          ],
          [
            4.9203,
            52.361023
          ],
          [
            4.920259,
            52.360981
          ],
          [
            4.920211,
            52.360931
          ],
          [
            4.920152,
            52.360893
          ],
          [
            4.920088,
            52.360844
          ],
          [
            4.920029,
            52.360802
          ],
          [
            4.919969,
            52.360756
          ],
          [
            4.919901,
            52.360714
          ],
          [
            4.919829,
            52.360672
          ],
          [
            4.919752,
            52.360638
          ],
          [
            4.919674,
            52.360611
          ],
          [
            4.91959,
            52.360588
          ],
          [
            4.919506,
            52.360573
          ],
          [
            4.919423,
            52.360565
          ],
          [
            4.919335,
            52.360554
          ],
          [
            4.91925,
            52.360546
          ],
          [
            4.91919,
            52.360539
          ],
          [
            4.919067,
            52.360523
          ],
          [
            4.918974,
            52.360512
          ],
          [
            4.918886,
            52.360508
          ],
          [
            4.9188,
            52.360512
          ],
          [
            4.918725,
            52.360539
          ],
          [
            4.918659,
            52.360569
          ],
          [
            4.918614,
            52.3606
          ],
          [
            4.918575,
            52.360638
          ],
          [
            4.918539,
            52.360668
          ],
          [
            4.918507,
            52.360703
          ],
          [
            4.918487,
            52.360737
          ],
          [
            4.918465,
            52.360767
          ],
          [
            4.918446,
            52.360794
          ],
          [
            4.918432,
            52.360828
          ],
          [
            4.918425,
            52.360859
          ],
          [
            4.918417,
            52.360905
          ],
          [
            4.918411,
            52.360943
          ],
          [
            4.918404,
            52.360992
          ],
          [
            4.918386,
            52.361023
          ],
          [
            4.918384,
            52.361076
          ],
          [
            4.918363,
            52.361115
          ],
          [
            4.918343,
            52.361156
          ],
          [
            4.918323,
            52.361202
          ],
          [
            4.918308,
            52.361237
          ],
          [
            4.918316,
            52.361275
          ],
          [
            4.918333,
            52.361305
          ],
          [
            4.918354,
            52.361332
          ],
          [
            4.918373,
            52.361351
          ],
          [
            4.918397,
            52.36137
          ],
          [
            4.918428,
            52.361385
          ],
          [
            4.918471,
            52.361401
          ],
          [
            4.918508,
            52.361412
          ],
          [
            4.918556,
            52.36142
          ],
          [
            4.918594,
            52.361423
          ],
          [
            4.918622,
            52.361427
          ],
          [
            4.91866,
            52.361439
          ],
          [
            4.918695,
            52.36145
          ],
          [
            4.918716,
            52.361462
          ],
          [
            4.918751,
            52.361492
          ],
          [
            4.918766,
            52.361481
          ],
          [
            4.918775,
            52.361477
          ],
          [
            4.918818,
            52.361458
          ],
          [
            4.918817,
            52.361446
          ],
          [
            4.918817,
            52.361446
          ],
          [
            4.918824,
            52.361443
          ],
          [
            4.918839,
            52.361431
          ],
          [
            4.918857,
            52.361431
          ],
          [
            4.918874,
            52.361427
          ],
          [
            4.918953,
            52.361416
          ],
          [
            4.918984,
            52.361404
          ],
          [
            4.919036,
            52.361397
          ],
          [
            4.919066,
            52.361404
          ],
          [
            4.919106,
            52.361404
          ],
          [
            4.919143,
            52.361416
          ],
          [
            4.919173,
            52.36142
          ],
          [
            4.91921,
            52.361439
          ],
          [
            4.91921,
            52.361439
          ],
          [
            4.919285,
            52.361496
          ],
          [
            4.919302,
            52.361511
          ],
          [
            4.919314,
            52.361515
          ],
          [
            4.919329,
            52.361526
          ],
          [
            4.919347,
            52.361538
          ],
          [
            4.919385,
            52.361553
          ],
          [
            4.919405,
            52.361553
          ],
          [
            4.919423,
            52.361549
          ],
          [
            4.919441,
            52.361538
          ],
          [
            4.919452,
            52.361534
          ],
          [
            4.919485,
            52.361492
          ],
          [
            4.919497,
            52.361477
          ],
          [
            4.919519,
            52.361454
          ],
          [
            4.919528,
            52.361435
          ],
          [
            4.91955,
            52.361412
          ],
          [
            4.919557,
            52.361389
          ],
          [
            4.919572,
            52.361366
          ],
          [
            4.919577,
            52.361343
          ],
          [
            4.919577,
            52.36132
          ],
          [
            4.919569,
            52.361271
          ],
          [
            4.919571,
            52.361256
          ],
          [
            4.919575,
            52.361248
          ],
          [
            4.919593,
            52.361237
          ],
          [
            4.91962,
            52.361229
          ],
          [
            4.919677,
            52.361214
          ],
          [
            4.919711,
            52.361214
          ],
          [
            4.919758,
            52.361206
          ],
          [
            4.919801,
            52.361198
          ],
          [
            4.919834,
            52.361191
          ],
          [
            4.919925,
            52.361168
          ],
          [
            4.919951,
            52.36116
          ],
          [
            4.919999,
            52.361153
          ],
          [
            4.92004,
            52.361145
          ],
          [
            4.920086,
            52.361137
          ],
          [
            4.920175,
            52.361115
          ],
          [
            4.920204,
            52.361099
          ],
          [
            4.920228,
            52.36108
          ],
          [
            4.920247,
            52.361053
          ],
          [
            4.920246,
            52.361019
          ],
          [
            4.920242,
            52.360981
          ],
          [
            4.920217,
            52.360943
          ],
          [
            4.920182,
            52.360908
          ],
          [
            4.920137,
            52.36087
          ],
          [
            4.920096,
            52.36084
          ],
          [
            4.920045,
            52.360805
          ],
          [
            4.919987,
            52.360775
          ],
          [
            4.919934,
            52.360748
          ],
          [
            4.919869,
            52.360718
          ],
          [
            4.919801,
            52.360691
          ],
          [
            4.919731,
            52.360664
          ],
          [
            4.919666,
            52.360641
          ],
          [
            4.919591,
            52.360615
          ],
          [
            4.919513,
            52.360592
          ],
          [
            4.919433,
            52.360573
          ],
          [
            4.919407,
            52.360569
          ],
          [
            4.919265,
            52.360542
          ],
          [
            4.919173,
            52.360523
          ],
          [
            4.919103,
            52.360512
          ],
          [
            4.918998,
            52.3605
          ],
          [
            4.918911,
            52.360493
          ],
          [
            4.918824,
            52.360493
          ],
          [
            4.918777,
            52.360493
          ],
          [
            4.918648,
            52.360485
          ],
          [
            4.918558,
            52.360477
          ],
          [
            4.918503,
            52.36047
          ],
          [
            4.918392,
            52.360447
          ],
          [
            4.918316,
            52.360432
          ],
          [
            4.918242,
            52.360413
          ],
          [
            4.91816,
            52.360394
          ],
          [
            4.918089,
            52.360378
          ],
          [
            4.918018,
            52.360363
          ],
          [
            4.917943,
            52.360352
          ],
          [
            4.917865,
            52.360336
          ],
          [
            4.917795,
            52.360321
          ],
          [
            4.917725,
            52.360298
          ],
          [
            4.917649,
            52.360271
          ],
          [
            4.917574,
            52.360245
          ],
          [
            4.917496,
            52.360218
          ],
          [
            4.917421,
            52.360184
          ],
          [
            4.917357,
            52.360153
          ],
          [
            4.917298,
            52.360123
          ],
          [
            4.917242,
            52.360085
          ],
          [
            4.917197,
            52.36005
          ],
          [
            4.917156,
            52.360016
          ],
          [
            4.917117,
            52.35997
          ],
          [
            4.91709,
            52.359928
          ],
          [
            4.917062,
            52.359894
          ],
          [
            4.91704,
            52.359859
          ],
          [
            4.917023,
            52.359818
          ],
          [
            4.917001,
            52.359776
          ],
          [
            4.916986,
            52.35973
          ],
          [
            4.91697,
            52.359653
          ],
          [
            4.916968,
            52.359604
          ],
          [
            4.916974,
            52.359558
          ],
          [
            4.916984,
            52.359512
          ],
          [
            4.916998,
            52.35947
          ],
          [
            4.917018,
            52.359421
          ],
          [
            4.917043,
            52.359379
          ],
          [
            4.917082,
            52.359329
          ],
          [
            4.917125,
            52.359291
          ],
          [
            4.917167,
            52.359253
          ],
          [
            4.917209,
            52.359219
          ],
          [
            4.91726,
            52.359184
          ],
          [
            4.917388,
            52.359104
          ],
          [
            4.917472,
            52.359062
          ],
          [
            4.917569,
            52.359028
          ],
          [
            4.917776,
            52.358967
          ],
          [
            4.917887,
            52.35894
          ],
          [
            4.918003,
            52.358921
          ],
          [
            4.918092,
            52.358906
          ],
          [
            4.918236,
            52.358883
          ],
          [
            4.91833,
            52.358864
          ],
          [
            4.918416,
            52.358856
          ],
          [
            4.918514,
            52.358845
          ],
          [
            4.918609,
            52.358841
          ],
          [
            4.918642,
            52.358837
          ],
          [
            4.918823,
            52.35883
          ],
          [
            4.918902,
            52.358826
          ],
          [
            4.918938,
            52.35883
          ],
          [
            4.919203,
            52.358849
          ],
          [
            4.919403,
            52.358891
          ],
          [
            4.919595,
            52.358925
          ],
          [
            4.919599,
            52.358925
          ],
          [
            4.919768,
            52.358944
          ],
          [
            4.919862,
            52.358959
          ],
          [
            4.919962,
            52.358982
          ],
          [
            4.920028,
            52.358997
          ],
          [
            4.920155,
            52.359028
          ],
          [
            4.920248,
            52.359051
          ],
          [
            4.920352,
            52.359077
          ],
          [
            4.920528,
            52.359135
          ],
          [
            4.920536,
            52.359138
          ],
          [
            4.920651,
            52.359177
          ],
          [
            4.920745,
            52.359207
          ],
          [
            4.920934,
            52.359268
          ],
          [
            4.921026,
            52.359295
          ],
          [
            4.921106,
            52.359325
          ],
          [
            4.921168,
            52.359348
          ],
          [
            4.92125,
            52.359383
          ],
          [
            4.921339,
            52.359413
          ],
          [
            4.921418,
            52.359436
          ],
          [
            4.921616,
            52.359482
          ],
          [
            4.921613,
            52.359482
          ],
          [
            4.921805,
            52.359524
          ],
          [
            4.921906,
            52.359547
          ],
          [
            4.921998,
            52.359566
          ],
          [
            4.922178,
            52.359608
          ],
          [
            4.922291,
            52.359627
          ],
          [
            4.922486,
            52.359665
          ],
          [
            4.922677,
            52.359699
          ],
          [
            4.92278,
            52.359718
          ],
          [
            4.922874,
            52.359737
          ],
          [
            4.922943,
            52.359753
          ],
          [
            4.923024,
            52.359776
          ],
          [
            4.923109,
            52.359806
          ],
          [
            4.923199,
            52.35984
          ],
          [
            4.923261,
            52.359859
          ],
          [
            4.923368,
            52.359894
          ],
          [
            4.923507,
            52.359955
          ],
          [
            4.923569,
            52.359993
          ],
          [
            4.923624,
            52.360035
          ],
          [
            4.92367,
            52.360073
          ],
          [
            4.923714,
            52.360115
          ],
          [
            4.923757,
            52.360161
          ],
          [
            4.923817,
            52.360256
          ],
          [
            4.923843,
            52.360306
          ],
          [
            4.923867,
            52.360352
          ],
          [
            4.923889,
            52.360397
          ],
          [
            4.923901,
            52.360436
          ],
          [
            4.923908,
            52.360481
          ],
          [
            4.923909,
            52.360573
          ],
          [
            4.923901,
            52.360626
          ],
          [
            4.923892,
            52.360668
          ],
          [
            4.92387,
            52.360718
          ],
          [
            4.923819,
            52.360825
          ],
          [
            4.923788,
            52.36087
          ],
          [
            4.923762,
            52.360912
          ],
          [
            4.923735,
            52.360962
          ],
          [
            4.92371,
            52.361012
          ],
          [
            4.92368,
            52.361061
          ],
          [
            4.92366,
            52.361103
          ],
          [
            4.923632,
            52.361149
          ],
          [
            4.923614,
            52.361191
          ],
          [
            4.923594,
            52.361237
          ],
          [
            4.923584,
            52.361286
          ],
          [
            4.923583,
            52.361328
          ],
          [
            4.923605,
            52.361385
          ],
          [
            4.923604,
            52.361427
          ],
          [
            4.923616,
            52.361462
          ],
          [
            4.923635,
            52.3615
          ],
          [
            4.923655,
            52.361526
          ],
          [
            4.923711,
            52.361538
          ],
          [
            4.923773,
            52.361561
          ],
          [
            4.923804,
            52.361572
          ],
          [
            4.923819,
            52.361588
          ],
          [
            4.923835,
            52.361599
          ],
          [
            4.923862,
            52.361607
          ],
          [
            4.923888,
            52.361618
          ],
          [
            4.923917,
            52.36163
          ],
          [
            4.923951,
            52.361637
          ],
          [
            4.923976,
            52.361645
          ],
          [
            4.923993,
            52.361652
          ],
          [
            4.923996,
            52.361668
          ],
          [
            4.923991,
            52.361691
          ],
          [
            4.923967,
            52.361713
          ],
          [
            4.923934,
            52.361736
          ],
          [
            4.923899,
            52.361767
          ],
          [
            4.923863,
            52.361801
          ],
          [
            4.923815,
            52.361858
          ],
          [
            4.923794,
            52.361889
          ],
          [
            4.923778,
            52.361919
          ],
          [
            4.923778,
            52.361919
          ],
          [
            4.923765,
            52.361969
          ],
          [
            4.923764,
            52.361977
          ],
          [
            4.923764,
            52.361977
          ],
          [
            4.92378,
            52.361996
          ],
          [
            4.92378,
            52.361996
          ],
          [
            4.923838,
            52.362011
          ],
          [
            4.923867,
            52.362019
          ],
          [
            4.923906,
            52.362026
          ],
          [
            4.923953,
            52.36203
          ],
          [
            4.924008,
            52.362038
          ],
          [
            4.92406,
            52.36203
          ],
          [
            4.924099,
            52.362022
          ],
          [
            4.924147,
            52.362007
          ],
          [
            4.924191,
            52.361996
          ],
          [
            4.924244,
            52.361992
          ],
          [
            4.924296,
            52.361988
          ],
          [
            4.924336,
            52.361977
          ],
          [
            4.924381,
            52.361961
          ],
          [
            4.92442,
            52.361958
          ],
          [
            4.924469,
            52.36195
          ],
          [
            4.92452,
            52.361954
          ],
          [
            4.924558,
            52.361958
          ],
          [
            4.924601,
            52.361965
          ],
          [
            4.924668,
            52.361984
          ],
          [
            4.924711,
            52.361999
          ],
          [
            4.924796,
            52.36203
          ],
          [
            4.924851,
            52.362045
          ],
          [
            4.924911,
            52.362057
          ],
          [
            4.924982,
            52.362068
          ],
          [
            4.925049,
            52.36208
          ],
          [
            4.925121,
            52.362091
          ],
          [
            4.925182,
            52.362099
          ],
          [
            4.925239,
            52.36211
          ],
          [
            4.925292,
            52.362122
          ],
          [
            4.925348,
            52.362133
          ],
          [
            4.9254,
            52.362144
          ],
          [
            4.925455,
            52.362156
          ],
          [
            4.925507,
            52.362164
          ],
          [
            4.925565,
            52.362175
          ],
          [
            4.92562,
            52.362186
          ],
          [
            4.925675,
            52.362198
          ],
          [
            4.925725,
            52.362209
          ],
          [
            4.925777,
            52.362221
          ],
          [
            4.925825,
            52.362232
          ],
          [
            4.925882,
            52.362244
          ],
          [
            4.925927,
            52.362255
          ],
          [
            4.926022,
            52.362278
          ],
          [
            4.926054,
            52.362293
          ],
          [
            4.926087,
            52.362301
          ],
          [
            4.926118,
            52.36232
          ],
          [
            4.926142,
            52.362335
          ],
          [
            4.926183,
            52.362358
          ],
          [
            4.92622,
            52.362373
          ],
          [
            4.926268,
            52.362392
          ],
          [
            4.926319,
            52.362408
          ],
          [
            4.926376,
            52.362423
          ],
          [
            4.926433,
            52.362438
          ],
          [
            4.926493,
            52.362453
          ],
          [
            4.926552,
            52.362469
          ],
          [
            4.926616,
            52.362484
          ],
          [
            4.926678,
            52.362495
          ],
          [
            4.926744,
            52.362507
          ],
          [
            4.926807,
            52.362518
          ],
          [
            4.926867,
            52.36253
          ],
          [
            4.926932,
            52.362541
          ],
          [
            4.926999,
            52.362553
          ],
          [
            4.927062,
            52.362564
          ],
          [
            4.927126,
            52.362576
          ],
          [
            4.927186,
            52.362587
          ],
          [
            4.927244,
            52.362595
          ],
          [
            4.927297,
            52.362595
          ],
          [
            4.927349,
            52.362595
          ],
          [
            4.927397,
            52.362587
          ],
          [
            4.927471,
            52.362564
          ],
          [
            4.927492,
            52.362549
          ],
          [
            4.927512,
            52.362522
          ],
          [
            4.927525,
            52.362495
          ],
          [
            4.927523,
            52.362446
          ],
          [
            4.927515,
            52.362423
          ],
          [
            4.927492,
            52.362396
          ],
          [
            4.927472,
            52.36237
          ],
          [
            4.92746,
            52.362354
          ],
          [
            4.92744,
            52.362301
          ],
          [
            4.927439,
            52.362255
          ],
          [
            4.927437,
            52.362228
          ],
          [
            4.927436,
            52.362202
          ],
          [
            4.927437,
            52.362183
          ],
          [
            4.927446,
            52.362133
          ],
          [
            4.927448,
            52.362118
          ],
          [
            4.927466,
            52.362095
          ],
          [
            4.927485,
            52.362068
          ],
          [
            4.927502,
            52.362053
          ],
          [
            4.927533,
            52.362026
          ],
          [
            4.927567,
            52.362003
          ],
          [
            4.927592,
            52.361984
          ],
          [
            4.927629,
            52.361965
          ],
          [
            4.927661,
            52.361954
          ],
          [
            4.927686,
            52.361942
          ],
          [
            4.927707,
            52.361938
          ],
          [
            4.927791,
            52.361916
          ],
          [
            4.927825,
            52.361904
          ],
          [
            4.927869,
            52.361893
          ],
          [
            4.927933,
            52.36187
          ],
          [
            4.927961,
            52.361851
          ],
          [
            4.92799,
            52.36182
          ],
          [
            4.928012,
            52.36179
          ],
          [
            4.928039,
            52.361755
          ],
          [
            4.928065,
            52.361717
          ],
          [
            4.928092,
            52.361675
          ],
          [
            4.928115,
            52.361641
          ],
          [
            4.928145,
            52.361595
          ],
          [
            4.928172,
            52.361553
          ],
          [
            4.928202,
            52.361507
          ],
          [
            4.928231,
            52.361462
          ],
          [
            4.928261,
            52.361412
          ],
          [
            4.928289,
            52.36137
          ],
          [
            4.92832,
            52.36132
          ],
          [
            4.928354,
            52.361267
          ],
          [
            4.928381,
            52.361221
          ],
          [
            4.928414,
            52.361172
          ],
          [
            4.928447,
            52.361122
          ],
          [
            4.928475,
            52.361084
          ],
          [
            4.928503,
            52.361038
          ],
          [
            4.928515,
            52.361
          ],
          [
            4.928519,
            52.360954
          ],
          [
            4.928513,
            52.360916
          ],
          [
            4.9285,
            52.360889
          ],
          [
            4.92848,
            52.360874
          ],
          [
            4.928454,
            52.360859
          ],
          [
            4.928419,
            52.360851
          ],
          [
            4.928319,
            52.360825
          ],
          [
            4.92822,
            52.360798
          ],
          [
            4.928172,
            52.360786
          ],
          [
            4.928067,
            52.36076
          ],
          [
            4.928023,
            52.360752
          ],
          [
            4.927986,
            52.360741
          ],
          [
            4.927986,
            52.360741
          ],
          [
            4.92793,
            52.36071
          ],
          [
            4.927919,
            52.360687
          ],
          [
            4.92792,
            52.360672
          ],
          [
            4.927923,
            52.360661
          ],
          [
            4.927926,
            52.360649
          ],
          [
            4.927939,
            52.360638
          ],
          [
            4.927971,
            52.360634
          ],
          [
            4.928007,
            52.360634
          ],
          [
            4.928048,
            52.360634
          ],
          [
            4.928092,
            52.360638
          ],
          [
            4.928147,
            52.360649
          ],
          [
            4.928206,
            52.360661
          ],
          [
            4.928274,
            52.360676
          ],
          [
            4.928339,
            52.360691
          ],
          [
            4.9284,
            52.360703
          ],
          [
            4.928466,
            52.360714
          ],
          [
            4.928535,
            52.360725
          ],
          [
            4.928594,
            52.360733
          ],
          [
            4.928645,
            52.360733
          ],
          [
            4.928689,
            52.360725
          ],
          [
            4.928726,
            52.36071
          ],
          [
            4.92876,
            52.360691
          ],
          [
            4.928785,
            52.360661
          ],
          [
            4.928806,
            52.360626
          ],
          [
            4.928829,
            52.360584
          ],
          [
            4.928844,
            52.360558
          ],
          [
            4.928869,
            52.360519
          ],
          [
            4.928897,
            52.360477
          ],
          [
            4.928921,
            52.360443
          ],
          [
            4.928933,
            52.360405
          ],
          [
            4.928936,
            52.360363
          ],
          [
            4.928928,
            52.360332
          ],
          [
            4.928899,
            52.360302
          ],
          [
            4.928859,
            52.360275
          ],
          [
            4.928802,
            52.360249
          ],
          [
            4.928746,
            52.360229
          ],
          [
            4.928676,
            52.36021
          ],
          [
            4.928604,
            52.360188
          ],
          [
            4.928532,
            52.360168
          ],
          [
            4.928452,
            52.360146
          ],
          [
            4.928304,
            52.360107
          ],
          [
            4.92822,
            52.360088
          ],
          [
            4.928141,
            52.360069
          ],
          [
            4.928062,
            52.36005
          ],
          [
            4.927985,
            52.360031
          ],
          [
            4.927894,
            52.360012
          ],
          [
            4.927822,
            52.359993
          ],
          [
            4.927758,
            52.359978
          ],
          [
            4.927666,
            52.359955
          ],
          [
            4.927589,
            52.359936
          ],
          [
            4.927562,
            52.359928
          ],
          [
            4.927439,
            52.359898
          ],
          [
            4.927349,
            52.359875
          ],
          [
            4.927264,
            52.359859
          ],
          [
            4.927178,
            52.35984
          ],
          [
            4.927089,
            52.359821
          ],
          [
            4.927008,
            52.359802
          ],
          [
            4.926917,
            52.359787
          ],
          [
            4.926824,
            52.359764
          ],
          [
            4.926727,
            52.359741
          ],
          [
            4.92663,
            52.359722
          ],
          [
            4.926545,
            52.359699
          ],
          [
            4.926458,
            52.359684
          ],
          [
            4.92637,
            52.359665
          ],
          [
            4.926291,
            52.35965
          ],
          [
            4.926205,
            52.359631
          ],
          [
            4.926136,
            52.359615
          ],
          [
            4.926065,
            52.3596
          ],
          [
            4.92601,
            52.359589
          ],
          [
            4.92596,
            52.359581
          ],
          [
            4.925915,
            52.35957
          ],
          [
            4.925874,
            52.359562
          ],
          [
            4.925874,
            52.359562
          ],
          [
            4.925782,
            52.359539
          ],
          [
            4.925744,
            52.359524
          ],
          [
            4.92572,
            52.359512
          ],
          [
            4.925699,
            52.359509
          ],
          [
            4.92567,
            52.359497
          ],
          [
            4.925636,
            52.359486
          ],
          [
            4.925604,
            52.359478
          ],
          [
            4.925575,
            52.35947
          ],
          [
            4.925575,
            52.35947
          ],
          [
            4.925498,
            52.359451
          ],
          [
            4.925472,
            52.359444
          ],
          [
            4.925447,
            52.359436
          ],
          [
            4.925421,
            52.359428
          ],
          [
            4.92538,
            52.359417
          ],
          [
            4.925271,
            52.359386
          ],
          [
            4.925214,
            52.359371
          ],
          [
            4.925158,
            52.359352
          ],
          [
            4.925032,
            52.359318
          ],
          [
            4.924963,
            52.359299
          ],
          [
            4.9249,
            52.359283
          ],
          [
            4.924749,
            52.359241
          ],
          [
            4.924672,
            52.359219
          ],
          [
            4.924605,
            52.3592
          ],
          [
            4.924603,
            52.3592
          ],
          [
            4.924472,
            52.359165
          ],
          [
            4.924411,
            52.359146
          ],
          [
            4.924236,
            52.3591
          ],
          [
            4.924167,
            52.359081
          ],
          [
            4.9241,
            52.359062
          ],
          [
            4.924032,
            52.359047
          ],
          [
            4.923978,
            52.359028
          ],
          [
            4.923921,
            52.359005
          ],
          [
            4.923875,
            52.358974
          ],
          [
            4.923835,
            52.358948
          ],
          [
            4.923803,
            52.358921
          ],
          [
            4.923801,
            52.358913
          ],
          [
            4.923785,
            52.358898
          ],
          [
            4.923769,
            52.358887
          ],
          [
            4.923753,
            52.358868
          ],
          [
            4.923727,
            52.358845
          ],
          [
            4.923699,
            52.358818
          ],
          [
            4.923626,
            52.358776
          ],
          [
            4.923598,
            52.358768
          ],
          [
            4.923547,
            52.358723
          ],
          [
            4.923542,
            52.358711
          ],
          [
            4.923525,
            52.358692
          ],
          [
            4.923512,
            52.358669
          ],
          [
            4.923508,
            52.358654
          ],
          [
            4.923563,
            52.358585
          ],
          [
            4.923636,
            52.358566
          ],
          [
            4.923675,
            52.358566
          ],
          [
            4.923718,
            52.358574
          ],
          [
            4.923756,
            52.358585
          ],
          [
            4.923825,
            52.358612
          ],
          [
            4.923851,
            52.358624
          ],
          [
            4.923906,
            52.358662
          ],
          [
            4.923913,
            52.358673
          ],
          [
            4.923917,
            52.358692
          ],
          [
            4.923917,
            52.358692
          ],
          [
            4.923917,
            52.358692
          ],
          [
            4.92393,
            52.358738
          ],
          [
            4.92393,
            52.358738
          ],
          [
            4.923921,
            52.358757
          ],
          [
            4.923921,
            52.358757
          ],
          [
            4.923901,
            52.358803
          ],
          [
            4.923896,
            52.35881
          ],
          [
            4.9239,
            52.358822
          ],
          [
            4.9239,
            52.358822
          ],
          [
            4.92393,
            52.358841
          ],
          [
            4.923941,
            52.358849
          ],
          [
            4.923953,
            52.358849
          ],
          [
            4.923964,
            52.358841
          ],
          [
            4.92398,
            52.35883
          ],
          [
            4.923995,
            52.358818
          ],
          [
            4.924025,
            52.358776
          ],
          [
            4.924047,
            52.358742
          ],
          [
            4.924063,
            52.358707
          ],
          [
            4.92408,
            52.358681
          ],
          [
            4.924098,
            52.358608
          ],
          [
            4.924096,
            52.358566
          ],
          [
            4.924083,
            52.358528
          ],
          [
            4.924051,
            52.35849
          ],
          [
            4.923984,
            52.358437
          ],
          [
            4.923947,
            52.358414
          ],
          [
            4.923885,
            52.358379
          ],
          [
            4.923851,
            52.358364
          ],
          [
            4.923869,
            52.358315
          ],
          [
            4.923899,
            52.35825
          ],
          [
            4.923918,
            52.358219
          ],
          [
            4.923937,
            52.358181
          ],
          [
            4.923981,
            52.358109
          ],
          [
            4.924,
            52.358074
          ],
          [
            4.924028,
            52.358044
          ],
          [
            4.924064,
            52.358013
          ],
          [
            4.924174,
            52.357986
          ],
          [
            4.92424,
            52.357986
          ],
          [
            4.924304,
            52.357994
          ],
          [
            4.924442,
            52.358021
          ],
          [
            4.92451,
            52.358036
          ],
          [
            4.924585,
            52.358055
          ],
          [
            4.924663,
            52.358074
          ],
          [
            4.924817,
            52.358112
          ],
          [
            4.924876,
            52.358128
          ],
          [
            4.924971,
            52.358154
          ],
          [
            4.925054,
            52.358177
          ],
          [
            4.92513,
            52.358196
          ],
          [
            4.925212,
            52.358215
          ],
          [
            4.925286,
            52.358238
          ],
          [
            4.92536,
            52.358257
          ],
          [
            4.925438,
            52.358273
          ],
          [
            4.925502,
            52.358292
          ],
          [
            4.925577,
            52.358307
          ],
          [
            4.925657,
            52.358326
          ],
          [
            4.925729,
            52.358341
          ],
          [
            4.925792,
            52.358356
          ],
          [
            4.925863,
            52.358372
          ],
          [
            4.925928,
            52.358387
          ],
          [
            4.925984,
            52.358395
          ],
          [
            4.926033,
            52.358402
          ],
          [
            4.926108,
            52.358395
          ],
          [
            4.926133,
            52.358391
          ],
          [
            4.926133,
            52.358391
          ],
          [
            4.926168,
            52.358364
          ],
          [
            4.92618,
            52.358353
          ],
          [
            4.92618,
            52.358353
          ],
          [
            4.926172,
            52.358337
          ],
          [
            4.926194,
            52.358311
          ],
          [
            4.926198,
            52.358303
          ],
          [
            4.926209,
            52.358284
          ],
          [
            4.926226,
            52.358257
          ],
          [
            4.926245,
            52.358234
          ],
          [
            4.926263,
            52.358208
          ],
          [
            4.926293,
            52.358162
          ],
          [
            4.926299,
            52.358147
          ],
          [
            4.926299,
            52.358147
          ],
          [
            4.926339,
            52.358093
          ],
          [
            4.926339,
            52.358093
          ],
          [
            4.926375,
            52.358059
          ],
          [
            4.926375,
            52.358059
          ],
          [
            4.926363,
            52.358036
          ],
          [
            4.926363,
            52.358036
          ],
          [
            4.926379,
            52.358021
          ],
          [
            4.926379,
            52.358021
          ],
          [
            4.926394,
            52.358002
          ],
          [
            4.926405,
            52.358002
          ],
          [
            4.926426,
            52.358002
          ],
          [
            4.926447,
            52.358002
          ],
          [
            4.92651,
            52.358013
          ],
          [
            4.92654,
            52.358021
          ],
          [
            4.926563,
            52.358028
          ],
          [
            4.92659,
            52.35804
          ],
          [
            4.926619,
            52.358047
          ],
          [
            4.926641,
            52.358051
          ],
          [
            4.926663,
            52.358059
          ],
          [
            4.926685,
            52.358051
          ],
          [
            4.92672,
            52.358032
          ],
          [
            4.926739,
            52.358017
          ],
          [
            4.926749,
            52.357998
          ],
          [
            4.926768,
            52.357971
          ],
          [
            4.926781,
            52.357941
          ],
          [
            4.92684,
            52.357887
          ],
          [
            4.926897,
            52.35783
          ],
          [
            4.926919,
            52.357803
          ],
          [
            4.926937,
            52.35778
          ],
          [
            4.926937,
            52.35778
          ],
          [
            4.926983,
            52.357727
          ],
          [
            4.926999,
            52.357704
          ],
          [
            4.927007,
            52.357685
          ],
          [
            4.927014,
            52.357674
          ],
          [
            4.927024,
            52.357666
          ],
          [
            4.927043,
            52.357636
          ],
          [
            4.927056,
            52.357616
          ],
          [
            4.927071,
            52.357597
          ],
          [
            4.927084,
            52.357574
          ],
          [
            4.927101,
            52.357552
          ],
          [
            4.927132,
            52.357517
          ],
          [
            4.927144,
            52.357494
          ],
          [
            4.927158,
            52.357483
          ],
          [
            4.927181,
            52.35746
          ],
          [
            4.927196,
            52.357437
          ],
          [
            4.927217,
            52.357414
          ],
          [
            4.927255,
            52.357361
          ],
          [
            4.927276,
            52.357338
          ],
          [
            4.927298,
            52.357315
          ],
          [
            4.927377,
            52.357304
          ],
          [
            4.927381,
            52.357296
          ],
          [
            4.927485,
            52.357307
          ],
          [
            4.92756,
            52.357319
          ],
          [
            4.927678,
            52.357338
          ],
          [
            4.927762,
            52.357349
          ],
          [
            4.927829,
            52.357365
          ],
          [
            4.92783,
            52.357361
          ],
          [
            4.927975,
            52.357388
          ],
          [
            4.928067,
            52.35741
          ],
          [
            4.928139,
            52.357422
          ],
          [
            4.928217,
            52.357441
          ],
          [
            4.92821,
            52.357441
          ],
          [
            4.928342,
            52.357471
          ],
          [
            4.928431,
            52.357487
          ],
          [
            4.928521,
            52.357506
          ],
          [
            4.928603,
            52.357521
          ],
          [
            4.928682,
            52.357536
          ],
          [
            4.928761,
            52.357552
          ],
          [
            4.928755,
            52.357548
          ],
          [
            4.928903,
            52.357582
          ],
          [
            4.929086,
            52.357616
          ],
          [
            4.929154,
            52.357632
          ],
          [
            4.929253,
            52.357651
          ],
          [
            4.929231,
            52.357647
          ],
          [
            4.929395,
            52.357677
          ],
          [
            4.929495,
            52.3577
          ],
          [
            4.929484,
            52.357693
          ],
          [
            4.929743,
            52.357754
          ],
          [
            4.929819,
            52.357777
          ],
          [
            4.929915,
            52.3578
          ],
          [
            4.929993,
            52.357822
          ],
          [
            4.930073,
            52.357841
          ],
          [
            4.930215,
            52.35788
          ],
          [
            4.930266,
            52.357895
          ],
          [
            4.93032,
            52.35791
          ],
          [
            4.930426,
            52.357948
          ],
          [
            4.930474,
            52.357967
          ],
          [
            4.93052,
            52.357983
          ],
          [
            4.930571,
            52.357998
          ],
          [
            4.930622,
            52.358013
          ],
          [
            4.930681,
            52.358028
          ],
          [
            4.930729,
            52.358036
          ],
          [
            4.930786,
            52.358051
          ],
          [
            4.93088,
            52.358074
          ],
          [
            4.930922,
            52.358089
          ],
          [
            4.930999,
            52.358112
          ],
          [
            4.931027,
            52.358124
          ],
          [
            4.931046,
            52.358128
          ],
          [
            4.931056,
            52.358147
          ],
          [
            4.931057,
            52.35817
          ],
          [
            4.931053,
            52.358196
          ],
          [
            4.931037,
            52.358227
          ],
          [
            4.931019,
            52.358261
          ],
          [
            4.930998,
            52.358303
          ],
          [
            4.930978,
            52.358341
          ],
          [
            4.930938,
            52.358414
          ],
          [
            4.93091,
            52.358456
          ],
          [
            4.930887,
            52.358498
          ],
          [
            4.93086,
            52.358536
          ],
          [
            4.930842,
            52.358574
          ],
          [
            4.930814,
            52.358616
          ],
          [
            4.930793,
            52.358658
          ],
          [
            4.930777,
            52.3587
          ],
          [
            4.930764,
            52.358738
          ],
          [
            4.930766,
            52.35878
          ],
          [
            4.930778,
            52.358818
          ],
          [
            4.930804,
            52.358849
          ],
          [
            4.930852,
            52.358883
          ],
          [
            4.930908,
            52.358913
          ],
          [
            4.930969,
            52.358944
          ],
          [
            4.931087,
            52.358986
          ],
          [
            4.931147,
            52.359005
          ],
          [
            4.931209,
            52.359024
          ],
          [
            4.931266,
            52.359043
          ],
          [
            4.931363,
            52.359077
          ],
          [
            4.931392,
            52.359096
          ],
          [
            4.931415,
            52.359127
          ],
          [
            4.931427,
            52.35915
          ],
          [
            4.931425,
            52.359177
          ],
          [
            4.931415,
            52.359203
          ],
          [
            4.931394,
            52.359238
          ],
          [
            4.93137,
            52.359272
          ],
          [
            4.931341,
            52.35931
          ],
          [
            4.931312,
            52.359345
          ],
          [
            4.931286,
            52.359379
          ],
          [
            4.931253,
            52.359409
          ],
          [
            4.931224,
            52.359447
          ],
          [
            4.931199,
            52.359482
          ],
          [
            4.93117,
            52.359516
          ],
          [
            4.931147,
            52.359547
          ],
          [
            4.931121,
            52.359581
          ],
          [
            4.931097,
            52.359615
          ],
          [
            4.931068,
            52.359642
          ],
          [
            4.931043,
            52.359669
          ],
          [
            4.931006,
            52.359711
          ],
          [
            4.930987,
            52.359722
          ],
          [
            4.930966,
            52.35973
          ],
          [
            4.930948,
            52.359745
          ],
          [
            4.930927,
            52.359749
          ],
          [
            4.930859,
            52.359741
          ],
          [
            4.930824,
            52.35973
          ],
          [
            4.930783,
            52.359714
          ],
          [
            4.930745,
            52.359695
          ],
          [
            4.930705,
            52.359673
          ],
          [
            4.930668,
            52.35965
          ],
          [
            4.93063,
            52.359623
          ],
          [
            4.930594,
            52.359596
          ],
          [
            4.930556,
            52.359562
          ],
          [
            4.930528,
            52.359543
          ],
          [
            4.9305,
            52.359512
          ],
          [
            4.930469,
            52.359486
          ],
          [
            4.930448,
            52.359463
          ],
          [
            4.930418,
            52.359432
          ],
          [
            4.930402,
            52.359409
          ],
          [
            4.930376,
            52.359383
          ],
          [
            4.930351,
            52.359364
          ],
          [
            4.930305,
            52.359306
          ],
          [
            4.930285,
            52.359283
          ],
          [
            4.930263,
            52.359261
          ],
          [
            4.93024,
            52.359241
          ],
          [
            4.930217,
            52.359215
          ],
          [
            4.930189,
            52.359192
          ],
          [
            4.930129,
            52.35915
          ],
          [
            4.930098,
            52.359127
          ],
          [
            4.93006,
            52.359108
          ],
          [
            4.930019,
            52.359085
          ],
          [
            4.929971,
            52.359055
          ],
          [
            4.929926,
            52.359024
          ],
          [
            4.929883,
            52.358997
          ],
          [
            4.92983,
            52.358963
          ],
          [
            4.92978,
            52.358929
          ],
          [
            4.929736,
            52.358902
          ],
          [
            4.929688,
            52.358871
          ],
          [
            4.929636,
            52.358837
          ],
          [
            4.929587,
            52.358807
          ],
          [
            4.929535,
            52.358772
          ],
          [
            4.929493,
            52.358742
          ],
          [
            4.929441,
            52.358707
          ],
          [
            4.929389,
            52.358673
          ],
          [
            4.929333,
            52.358639
          ],
          [
            4.929269,
            52.358597
          ],
          [
            4.929207,
            52.358562
          ],
          [
            4.929148,
            52.358528
          ],
          [
            4.929086,
            52.358494
          ],
          [
            4.929023,
            52.358456
          ],
          [
            4.928951,
            52.358414
          ],
          [
            4.928891,
            52.358379
          ],
          [
            4.928842,
            52.358353
          ],
          [
            4.928753,
            52.358311
          ],
          [
            4.928682,
            52.358276
          ],
          [
            4.928611,
            52.358242
          ],
          [
            4.928535,
            52.358208
          ],
          [
            4.928464,
            52.358173
          ],
          [
            4.928392,
            52.358139
          ],
          [
            4.928318,
            52.358105
          ],
          [
            4.928241,
            52.35807
          ],
          [
            4.928166,
            52.35804
          ],
          [
            4.928142,
            52.358028
          ],
          [
            4.928021,
            52.35799
          ],
          [
            4.927935,
            52.35796
          ],
          [
            4.927851,
            52.357937
          ],
          [
            4.927778,
            52.357918
          ],
          [
            4.927702,
            52.357899
          ],
          [
            4.927629,
            52.357876
          ],
          [
            4.927576,
            52.357857
          ],
          [
            4.927523,
            52.357834
          ],
          [
            4.927462,
            52.357807
          ],
          [
            4.927403,
            52.357784
          ],
          [
            4.927352,
            52.357754
          ],
          [
            4.927294,
            52.357738
          ],
          [
            4.927237,
            52.357719
          ],
          [
            4.92714,
            52.357697
          ],
          [
            4.927097,
            52.357693
          ],
          [
            4.927062,
            52.357693
          ],
          [
            4.927032,
            52.357704
          ],
          [
            4.927,
            52.357716
          ],
          [
            4.926972,
            52.357738
          ],
          [
            4.926942,
            52.357765
          ],
          [
            4.926914,
            52.357792
          ],
          [
            4.926887,
            52.357819
          ],
          [
            4.926853,
            52.357841
          ],
          [
            4.926795,
            52.357899
          ],
          [
            4.926781,
            52.357933
          ],
          [
            4.926752,
            52.357998
          ],
          [
            4.926729,
            52.358047
          ],
          [
            4.926717,
            52.35807
          ],
          [
            4.926695,
            52.358109
          ],
          [
            4.926682,
            52.358124
          ],
          [
            4.926682,
            52.358124
          ],
          [
            4.926659,
            52.358177
          ],
          [
            4.92666,
            52.358196
          ],
          [
            4.926668,
            52.358208
          ],
          [
            4.926682,
            52.358219
          ],
          [
            4.926712,
            52.358227
          ],
          [
            4.926749,
            52.358242
          ],
          [
            4.926794,
            52.358253
          ],
          [
            4.926848,
            52.358265
          ],
          [
            4.926903,
            52.358276
          ],
          [
            4.926968,
            52.358292
          ],
          [
            4.927032,
            52.358303
          ],
          [
            4.927096,
            52.358318
          ],
          [
            4.927164,
            52.358334
          ],
          [
            4.927234,
            52.358349
          ],
          [
            4.927298,
            52.358364
          ],
          [
            4.927359,
            52.358379
          ],
          [
            4.927409,
            52.358395
          ],
          [
            4.927468,
            52.358414
          ],
          [
            4.927532,
            52.35844
          ],
          [
            4.927587,
            52.358463
          ],
          [
            4.927644,
            52.358486
          ],
          [
            4.927708,
            52.358513
          ],
          [
            4.927768,
            52.35854
          ],
          [
            4.92784,
            52.35857
          ],
          [
            4.9279,
            52.358593
          ],
          [
            4.927973,
            52.358624
          ],
          [
            4.928037,
            52.35865
          ],
          [
            4.928104,
            52.358681
          ],
          [
            4.928175,
            52.358711
          ],
          [
            4.928251,
            52.358746
          ],
          [
            4.928319,
            52.358776
          ],
          [
            4.928387,
            52.35881
          ],
          [
            4.928455,
            52.358849
          ],
          [
            4.928525,
            52.358891
          ],
          [
            4.928587,
            52.358932
          ],
          [
            4.928651,
            52.358974
          ],
          [
            4.928722,
            52.35902
          ],
          [
            4.928797,
            52.359074
          ],
          [
            4.928863,
            52.359127
          ],
          [
            4.92893,
            52.359177
          ],
          [
            4.928996,
            52.35923
          ],
          [
            4.929061,
            52.359283
          ],
          [
            4.929119,
            52.359333
          ],
          [
            4.929177,
            52.359383
          ],
          [
            4.929227,
            52.359425
          ],
          [
            4.929275,
            52.359463
          ],
          [
            4.929326,
            52.359509
          ],
          [
            4.929369,
            52.35955
          ],
          [
            4.929416,
            52.359592
          ],
          [
            4.929456,
            52.359634
          ],
          [
            4.929505,
            52.35968
          ],
          [
            4.929546,
            52.359722
          ],
          [
            4.929586,
            52.359768
          ],
          [
            4.929636,
            52.359818
          ],
          [
            4.929676,
            52.359856
          ],
          [
            4.929719,
            52.359901
          ],
          [
            4.92976,
            52.359951
          ],
          [
            4.929797,
            52.360001
          ],
          [
            4.929833,
            52.36005
          ],
          [
            4.929872,
            52.360092
          ],
          [
            4.929909,
            52.360142
          ],
          [
            4.929938,
            52.36018
          ],
          [
            4.929975,
            52.360226
          ],
          [
            4.930004,
            52.360268
          ],
          [
            4.930033,
            52.360306
          ],
          [
            4.930055,
            52.360336
          ],
          [
            4.930075,
            52.360367
          ],
          [
            4.9301,
            52.360394
          ],
          [
            4.9301,
            52.360394
          ],
          [
            4.9301,
            52.360394
          ],
          [
            4.930157,
            52.360466
          ],
          [
            4.93016,
            52.360474
          ],
          [
            4.930167,
            52.360481
          ],
          [
            4.93018,
            52.360497
          ],
          [
            4.930205,
            52.360508
          ],
          [
            4.930252,
            52.360519
          ],
          [
            4.930302,
            52.360527
          ],
          [
            4.930357,
            52.360523
          ],
          [
            4.930415,
            52.360519
          ],
          [
            4.930479,
            52.360512
          ],
          [
            4.930541,
            52.360504
          ],
          [
            4.930607,
            52.360497
          ],
          [
            4.93066,
            52.360477
          ],
          [
            4.930728,
            52.360458
          ],
          [
            4.930779,
            52.360439
          ],
          [
            4.93083,
            52.360416
          ],
          [
            4.930876,
            52.36039
          ],
          [
            4.930923,
            52.360355
          ],
          [
            4.930961,
            52.360321
          ],
          [
            4.930997,
            52.360287
          ],
          [
            4.931026,
            52.360256
          ],
          [
            4.931056,
            52.360222
          ],
          [
            4.93108,
            52.360188
          ],
          [
            4.931104,
            52.360149
          ],
          [
            4.931124,
            52.360119
          ],
          [
            4.931147,
            52.360085
          ],
          [
            4.93117,
            52.36005
          ],
          [
            4.93119,
            52.36002
          ],
          [
            4.931207,
            52.359993
          ],
          [
            4.931245,
            52.359913
          ],
          [
            4.931221,
            52.359856
          ],
          [
            4.931189,
            52.359833
          ],
          [
            4.93116,
            52.359814
          ],
          [
            4.931125,
            52.359802
          ],
          [
            4.931103,
            52.359798
          ],
          [
            4.931103,
            52.359798
          ],
          [
            4.931103,
            52.359798
          ],
          [
            4.931103,
            52.359798
          ],
          [
            4.931103,
            52.359798
          ],
          [
            4.931103,
            52.359798
          ],
          [
            4.930978,
            52.359776
          ],
          [
            4.930973,
            52.359772
          ],
          [
            4.930977,
            52.359768
          ],
          [
            4.930979,
            52.359756
          ],
          [
            4.930985,
            52.359741
          ],
          [
            4.93102,
            52.359688
          ],
          [
            4.931071,
            52.359619
          ],
          [
            4.931151,
            52.359528
          ],
          [
            4.931188,
            52.359489
          ],
          [
            4.931229,
            52.359444
          ],
          [
            4.931268,
            52.359406
          ],
          [
            4.931334,
            52.359329
          ],
          [
            4.931363,
            52.359303
          ],
          [
            4.931397,
            52.359264
          ],
          [
            4.931431,
            52.35923
          ],
          [
            4.931473,
            52.3592
          ],
          [
            4.931522,
            52.35918
          ],
          [
            4.931581,
            52.359169
          ],
          [
            4.931704,
            52.359177
          ],
          [
            4.931767,
            52.359188
          ],
          [
            4.931834,
            52.359203
          ],
          [
            4.931898,
            52.359219
          ],
          [
            4.932027,
            52.359253
          ],
          [
            4.932094,
            52.359272
          ],
          [
            4.932212,
            52.35931
          ],
          [
            4.932253,
            52.359325
          ],
          [
            4.932284,
            52.359345
          ],
          [
            4.93232,
            52.35936
          ],
          [
            4.932348,
            52.359371
          ],
          [
            4.932373,
            52.359375
          ],
          [
            4.932412,
            52.359356
          ],
          [
            4.932449,
            52.359314
          ],
          [
            4.932453,
            52.35931
          ],
          [
            4.932458,
            52.359306
          ],
          [
            4.932468,
            52.359291
          ],
          [
            4.932503,
            52.359222
          ],
          [
            4.932523,
            52.35918
          ],
          [
            4.93254,
            52.359146
          ],
          [
            4.932593,
            52.359085
          ],
          [
            4.932624,
            52.359062
          ],
          [
            4.932624,
            52.359062
          ],
          [
            4.932639,
            52.359016
          ],
          [
            4.932636,
            52.359013
          ],
          [
            4.932629,
            52.359013
          ],
          [
            4.932609,
            52.359032
          ],
          [
            4.9326,
            52.359043
          ],
          [
            4.932586,
            52.359066
          ],
          [
            4.932552,
            52.359135
          ],
          [
            4.93253,
            52.359169
          ],
          [
            4.932502,
            52.359211
          ],
          [
            4.932474,
            52.359249
          ],
          [
            4.932449,
            52.359283
          ],
          [
            4.932414,
            52.359325
          ],
          [
            4.93238,
            52.359367
          ],
          [
            4.932347,
            52.359406
          ],
          [
            4.932307,
            52.359459
          ],
          [
            4.932261,
            52.359512
          ],
          [
            4.932216,
            52.35957
          ],
          [
            4.932174,
            52.359623
          ],
          [
            4.93214,
            52.359665
          ],
          [
            4.932103,
            52.359714
          ],
          [
            4.932067,
            52.35976
          ],
          [
            4.932034,
            52.359802
          ],
          [
            4.931998,
            52.359848
          ],
          [
            4.931966,
            52.35989
          ],
          [
            4.931932,
            52.359928
          ],
          [
            4.931897,
            52.359962
          ],
          [
            4.931847,
            52.360031
          ],
          [
            4.931825,
            52.360077
          ],
          [
            4.931817,
            52.360073
          ],
          [
            4.931812,
            52.360088
          ],
          [
            4.931809,
            52.360107
          ],
          [
            4.931732,
            52.360264
          ],
          [
            4.9317,
            52.360317
          ],
          [
            4.931672,
            52.360359
          ],
          [
            4.931646,
            52.360397
          ],
          [
            4.931661,
            52.360378
          ],
          [
            4.931663,
            52.360374
          ],
          [
            4.931652,
            52.36039
          ],
          [
            4.931644,
            52.360409
          ],
          [
            4.931624,
            52.360428
          ],
          [
            4.931598,
            52.360447
          ],
          [
            4.931581,
            52.360481
          ],
          [
            4.931604,
            52.36063
          ],
          [
            4.931624,
            52.360676
          ],
          [
            4.931651,
            52.360706
          ],
          [
            4.931686,
            52.360733
          ],
          [
            4.931724,
            52.360756
          ],
          [
            4.931771,
            52.36079
          ],
          [
            4.931865,
            52.360863
          ],
          [
            4.93187,
            52.360867
          ],
          [
            4.931941,
            52.360928
          ],
          [
            4.932101,
            52.36092
          ],
          [
            4.932101,
            52.36092
          ],
          [
            4.932101,
            52.36092
          ],
          [
            4.932101,
            52.36092
          ],
          [
            4.932303,
            52.360931
          ],
          [
            4.932303,
            52.360931
          ],
          [
            4.932357,
            52.360943
          ],
          [
            4.932384,
            52.360947
          ],
          [
            4.932401,
            52.360947
          ],
          [
            4.932434,
            52.360943
          ],
          [
            4.932439,
            52.360943
          ],
          [
            4.932446,
            52.360939
          ],
          [
            4.932471,
            52.360935
          ],
          [
            4.932509,
            52.360928
          ],
          [
            4.93253,
            52.360924
          ],
          [
            4.932562,
            52.36092
          ],
          [
            4.932591,
            52.360912
          ],
          [
            4.93262,
            52.360897
          ],
          [
            4.932643,
            52.360882
          ],
          [
            4.932674,
            52.360855
          ],
          [
            4.932709,
            52.360828
          ],
          [
            4.932744,
            52.360794
          ],
          [
            4.932776,
            52.360767
          ],
          [
            4.932954,
            52.360596
          ],
          [
            4.933011,
            52.360539
          ],
          [
            4.933051,
            52.360497
          ],
          [
            4.933097,
            52.360451
          ],
          [
            4.933137,
            52.360409
          ],
          [
            4.933184,
            52.360367
          ],
          [
            4.933237,
            52.360321
          ],
          [
            4.933277,
            52.360283
          ],
          [
            4.933313,
            52.360241
          ],
          [
            4.933348,
            52.360191
          ],
          [
            4.933377,
            52.360146
          ],
          [
            4.9334,
            52.360104
          ],
          [
            4.93343,
            52.360062
          ],
          [
            4.933469,
            52.360008
          ],
          [
            4.933515,
            52.359959
          ],
          [
            4.933563,
            52.359913
          ],
          [
            4.933612,
            52.359871
          ],
          [
            4.933667,
            52.359825
          ],
          [
            4.933723,
            52.359776
          ],
          [
            4.933768,
            52.359737
          ],
          [
            4.933819,
            52.359692
          ],
          [
            4.933862,
            52.359657
          ],
          [
            4.933914,
            52.359619
          ],
          [
            4.933964,
            52.359581
          ],
          [
            4.934016,
            52.359543
          ],
          [
            4.934066,
            52.359509
          ],
          [
            4.934123,
            52.359467
          ],
          [
            4.934186,
            52.359421
          ],
          [
            4.934248,
            52.359383
          ],
          [
            4.934314,
            52.359341
          ],
          [
            4.934381,
            52.359299
          ],
          [
            4.934445,
            52.359257
          ],
          [
            4.934519,
            52.359207
          ],
          [
            4.934593,
            52.359165
          ],
          [
            4.934669,
            52.359119
          ],
          [
            4.934741,
            52.359074
          ],
          [
            4.934805,
            52.359032
          ],
          [
            4.934877,
            52.35899
          ],
          [
            4.934945,
            52.358948
          ],
          [
            4.935015,
            52.358906
          ],
          [
            4.935073,
            52.358871
          ],
          [
            4.935132,
            52.358841
          ],
          [
            4.935209,
            52.358799
          ],
          [
            4.935276,
            52.358765
          ],
          [
            4.935344,
            52.35873
          ],
          [
            4.935418,
            52.358692
          ],
          [
            4.93549,
            52.358654
          ],
          [
            4.935566,
            52.35862
          ],
          [
            4.935647,
            52.358582
          ],
          [
            4.935728,
            52.358543
          ],
          [
            4.935804,
            52.358513
          ],
          [
            4.935878,
            52.358479
          ],
          [
            4.935953,
            52.358452
          ],
          [
            4.93604,
            52.358417
          ],
          [
            4.936127,
            52.358387
          ],
          [
            4.936207,
            52.358376
          ],
          [
            4.93627,
            52.358383
          ],
          [
            4.936318,
            52.35841
          ],
          [
            4.936364,
            52.358452
          ],
          [
            4.936405,
            52.358486
          ],
          [
            4.936458,
            52.358536
          ],
          [
            4.936509,
            52.358578
          ],
          [
            4.936565,
            52.35862
          ],
          [
            4.936619,
            52.358669
          ],
          [
            4.93668,
            52.358715
          ],
          [
            4.936727,
            52.358761
          ],
          [
            4.93678,
            52.358799
          ],
          [
            4.936842,
            52.358833
          ],
          [
            4.936895,
            52.358841
          ],
          [
            4.936986,
            52.358856
          ],
          [
            4.937052,
            52.358871
          ],
          [
            4.937119,
            52.358887
          ],
          [
            4.937182,
            52.358887
          ],
          [
            4.937239,
            52.358887
          ],
          [
            4.937286,
            52.35886
          ],
          [
            4.937317,
            52.35883
          ],
          [
            4.93733,
            52.358791
          ],
          [
            4.937345,
            52.358757
          ],
          [
            4.937367,
            52.358723
          ],
          [
            4.937405,
            52.358692
          ],
          [
            4.937423,
            52.358685
          ],
          [
            4.937526,
            52.358658
          ],
          [
            4.937603,
            52.358658
          ],
          [
            4.937659,
            52.358662
          ],
          [
            4.937763,
            52.358673
          ],
          [
            4.937847,
            52.358685
          ],
          [
            4.937921,
            52.358696
          ],
          [
            4.938,
            52.358704
          ],
          [
            4.938075,
            52.358711
          ],
          [
            4.938141,
            52.358723
          ],
          [
            4.938224,
            52.358734
          ],
          [
            4.93829,
            52.358746
          ],
          [
            4.938364,
            52.358757
          ],
          [
            4.93844,
            52.358768
          ],
          [
            4.938521,
            52.35878
          ],
          [
            4.938599,
            52.358791
          ],
          [
            4.938679,
            52.358807
          ],
          [
            4.938766,
            52.358818
          ],
          [
            4.938844,
            52.358826
          ],
          [
            4.938927,
            52.358837
          ],
          [
            4.939006,
            52.358849
          ],
          [
            4.939083,
            52.35886
          ],
          [
            4.939146,
            52.358871
          ],
          [
            4.939216,
            52.358879
          ],
          [
            4.93929,
            52.358891
          ],
          [
            4.939357,
            52.358898
          ],
          [
            4.939436,
            52.35891
          ],
          [
            4.939508,
            52.358917
          ],
          [
            4.939585,
            52.358929
          ],
          [
            4.939668,
            52.358944
          ],
          [
            4.939731,
            52.358952
          ],
          [
            4.939802,
            52.358963
          ],
          [
            4.939871,
            52.358974
          ],
          [
            4.939942,
            52.358986
          ],
          [
            4.940008,
            52.358994
          ],
          [
            4.940081,
            52.359005
          ],
          [
            4.940153,
            52.359016
          ],
          [
            4.940217,
            52.359024
          ],
          [
            4.940279,
            52.359032
          ],
          [
            4.940407,
            52.359043
          ],
          [
            4.940463,
            52.359047
          ],
          [
            4.940506,
            52.359047
          ],
          [
            4.940538,
            52.359039
          ],
          [
            4.940566,
            52.359028
          ],
          [
            4.940589,
            52.359009
          ],
          [
            4.940609,
            52.358974
          ],
          [
            4.940623,
            52.358952
          ],
          [
            4.940638,
            52.358921
          ],
          [
            4.940649,
            52.358894
          ],
          [
            4.940664,
            52.358856
          ],
          [
            4.940678,
            52.358826
          ],
          [
            4.940684,
            52.358807
          ],
          [
            4.940701,
            52.35878
          ],
          [
            4.940706,
            52.358757
          ],
          [
            4.940715,
            52.358734
          ],
          [
            4.940712,
            52.358715
          ],
          [
            4.940704,
            52.358692
          ],
          [
            4.940693,
            52.358673
          ],
          [
            4.940682,
            52.358658
          ],
          [
            4.94067,
            52.358643
          ],
          [
            4.940661,
            52.358624
          ],
          [
            4.940656,
            52.358604
          ],
          [
            4.940655,
            52.358593
          ],
          [
            4.940655,
            52.358593
          ],
          [
            4.940694,
            52.358543
          ],
          [
            4.940703,
            52.358528
          ],
          [
            4.940707,
            52.35852
          ],
          [
            4.940714,
            52.358509
          ],
          [
            4.94072,
            52.358494
          ],
          [
            4.94072,
            52.358494
          ],
          [
            4.94072,
            52.358494
          ],
          [
            4.940752,
            52.358456
          ],
          [
            4.940752,
            52.358456
          ],
          [
            4.940766,
            52.358471
          ],
          [
            4.940763,
            52.358479
          ],
          [
            4.940764,
            52.358482
          ],
          [
            4.940766,
            52.35849
          ],
          [
            4.940764,
            52.358505
          ],
          [
            4.940763,
            52.35852
          ],
          [
            4.940761,
            52.35854
          ],
          [
            4.940759,
            52.358555
          ],
          [
            4.940757,
            52.358578
          ],
          [
            4.940755,
            52.358604
          ],
          [
            4.940756,
            52.358627
          ],
          [
            4.940759,
            52.35865
          ],
          [
            4.940767,
            52.358665
          ],
          [
            4.940782,
            52.358685
          ],
          [
            4.940804,
            52.358696
          ],
          [
            4.940831,
            52.358704
          ],
          [
            4.940854,
            52.358711
          ],
          [
            4.940854,
            52.358711
          ],
          [
            4.940904,
            52.3587
          ],
          [
            4.940915,
            52.358711
          ],
          [
            4.940915,
            52.358711
          ],
          [
            4.940915,
            52.358711
          ],
          [
            4.94093,
            52.358738
          ],
          [
            4.94093,
            52.358738
          ],
          [
            4.94093,
            52.358738
          ],
          [
            4.940813,
            52.359142
          ],
          [
            4.940805,
            52.359158
          ],
          [
            4.940773,
            52.359165
          ],
          [
            4.940773,
            52.359165
          ],
          [
            4.940733,
            52.359253
          ],
          [
            4.940713,
            52.359272
          ],
          [
            4.940702,
            52.359291
          ],
          [
            4.940692,
            52.35931
          ],
          [
            4.940681,
            52.359341
          ],
          [
            4.94067,
            52.359379
          ],
          [
            4.940664,
            52.359413
          ],
          [
            4.940648,
            52.359451
          ],
          [
            4.940637,
            52.359501
          ],
          [
            4.94063,
            52.359543
          ],
          [
            4.940615,
            52.359585
          ],
          [
            4.940599,
            52.359638
          ],
          [
            4.940581,
            52.359695
          ],
          [
            4.940562,
            52.359745
          ],
          [
            4.940542,
            52.359802
          ],
          [
            4.940524,
            52.359859
          ],
          [
            4.940503,
            52.359913
          ],
          [
            4.940487,
            52.359966
          ],
          [
            4.940467,
            52.360027
          ],
          [
            4.940444,
            52.360092
          ],
          [
            4.940422,
            52.360149
          ],
          [
            4.940405,
            52.36021
          ],
          [
            4.940379,
            52.360268
          ],
          [
            4.940356,
            52.360332
          ],
          [
            4.940333,
            52.360382
          ],
          [
            4.940312,
            52.360447
          ],
          [
            4.940287,
            52.360508
          ],
          [
            4.940265,
            52.360569
          ],
          [
            4.940245,
            52.360626
          ],
          [
            4.940224,
            52.360695
          ],
          [
            4.9402,
            52.360756
          ],
          [
            4.94018,
            52.360813
          ],
          [
            4.940158,
            52.36087
          ],
          [
            4.940134,
            52.360931
          ],
          [
            4.940115,
            52.360992
          ],
          [
            4.940092,
            52.361042
          ],
          [
            4.940073,
            52.361095
          ],
          [
            4.940055,
            52.361145
          ],
          [
            4.940034,
            52.361198
          ],
          [
            4.940014,
            52.361244
          ],
          [
            4.940002,
            52.361286
          ],
          [
            4.939984,
            52.361328
          ],
          [
            4.93997,
            52.361362
          ],
          [
            4.939959,
            52.361393
          ],
          [
            4.939948,
            52.361412
          ],
          [
            4.939948,
            52.361412
          ],
          [
            4.939934,
            52.361477
          ],
          [
            4.939936,
            52.361496
          ],
          [
            4.939944,
            52.361511
          ],
          [
            4.939953,
            52.361523
          ],
          [
            4.939954,
            52.361538
          ],
          [
            4.939954,
            52.361538
          ],
          [
            4.939954,
            52.361538
          ],
          [
            4.939954,
            52.361538
          ],
          [
            4.939954,
            52.361538
          ],
          [
            4.939954,
            52.361538
          ],
          [
            4.939967,
            52.361622
          ],
          [
            4.939963,
            52.36163
          ],
          [
            4.939963,
            52.36163
          ],
          [
            4.939956,
            52.361645
          ],
          [
            4.939942,
            52.361668
          ],
          [
            4.939927,
            52.361698
          ],
          [
            4.939903,
            52.361729
          ],
          [
            4.939873,
            52.361767
          ],
          [
            4.939851,
            52.361805
          ],
          [
            4.939822,
            52.361832
          ],
          [
            4.939793,
            52.361874
          ],
          [
            4.939773,
            52.361912
          ],
          [
            4.939756,
            52.361958
          ],
          [
            4.939736,
            52.362011
          ],
          [
            4.939726,
            52.362057
          ],
          [
            4.939716,
            52.362102
          ],
          [
            4.939705,
            52.362156
          ],
          [
            4.939702,
            52.362209
          ],
          [
            4.939701,
            52.362263
          ],
          [
            4.939698,
            52.362316
          ],
          [
            4.939697,
            52.362373
          ],
          [
            4.939697,
            52.362431
          ],
          [
            4.939695,
            52.362484
          ],
          [
            4.939696,
            52.362537
          ],
          [
            4.939693,
            52.362598
          ],
          [
            4.939694,
            52.362663
          ],
          [
            4.939692,
            52.362717
          ],
          [
            4.939691,
            52.36277
          ],
          [
            4.939692,
            52.362824
          ],
          [
            4.93969,
            52.362877
          ],
          [
            4.939687,
            52.36293
          ],
          [
            4.93969,
            52.362988
          ],
          [
            4.939686,
            52.363049
          ],
          [
            4.939685,
            52.363098
          ],
          [
            4.939685,
            52.363152
          ],
          [
            4.939683,
            52.363209
          ],
          [
            4.939683,
            52.363255
          ],
          [
            4.939679,
            52.363312
          ],
          [
            4.939682,
            52.363358
          ],
          [
            4.939679,
            52.363403
          ],
          [
            4.939674,
            52.363461
          ],
          [
            4.939673,
            52.363506
          ],
          [
            4.93967,
            52.363564
          ],
          [
            4.939668,
            52.363609
          ],
          [
            4.939675,
            52.363651
          ],
          [
            4.939689,
            52.363693
          ],
          [
            4.939725,
            52.363728
          ],
          [
            4.939771,
            52.36375
          ],
          [
            4.939801,
            52.363762
          ],
          [
            4.939885,
            52.363766
          ],
          [
            4.939925,
            52.36377
          ],
          [
            4.940029,
            52.363762
          ],
          [
            4.94011,
            52.363758
          ],
          [
            4.940191,
            52.36375
          ],
          [
            4.940276,
            52.363739
          ],
          [
            4.940364,
            52.363728
          ],
          [
            4.940449,
            52.363712
          ],
          [
            4.940471,
            52.363712
          ],
          [
            4.940611,
            52.363693
          ],
          [
            4.940712,
            52.363678
          ],
          [
            4.9408,
            52.363663
          ],
          [
            4.940897,
            52.363651
          ],
          [
            4.940939,
            52.363644
          ],
          [
            4.941077,
            52.363628
          ],
          [
            4.941188,
            52.363613
          ],
          [
            4.941289,
            52.363598
          ],
          [
            4.94138,
            52.363586
          ],
          [
            4.941479,
            52.363571
          ],
          [
            4.941578,
            52.363556
          ],
          [
            4.94167,
            52.363541
          ],
          [
            4.941765,
            52.363529
          ],
          [
            4.941844,
            52.363518
          ],
          [
            4.941952,
            52.363499
          ],
          [
            4.94205,
            52.363483
          ],
          [
            4.942147,
            52.363472
          ],
          [
            4.942204,
            52.363464
          ],
          [
            4.942329,
            52.363449
          ],
          [
            4.942434,
            52.363434
          ],
          [
            4.942527,
            52.363422
          ],
          [
            4.942628,
            52.363407
          ],
          [
            4.942701,
            52.3634
          ],
          [
            4.942822,
            52.363384
          ],
          [
            4.942925,
            52.363369
          ],
          [
            4.943025,
            52.363358
          ],
          [
            4.943122,
            52.363346
          ],
          [
            4.943219,
            52.363331
          ],
          [
            4.943308,
            52.363316
          ],
          [
            4.943394,
            52.363304
          ],
          [
            4.943417,
            52.3633
          ],
          [
            4.943552,
            52.363277
          ],
          [
            4.943652,
            52.363258
          ],
          [
            4.943744,
            52.363243
          ],
          [
            4.94377,
            52.363243
          ],
          [
            4.943907,
            52.36322
          ],
          [
            4.944017,
            52.363201
          ],
          [
            4.944046,
            52.363197
          ],
          [
            4.944193,
            52.363182
          ],
          [
            4.944296,
            52.363167
          ],
          [
            4.944346,
            52.363163
          ],
          [
            4.944465,
            52.363159
          ],
          [
            4.944554,
            52.363155
          ],
          [
            4.944577,
            52.363155
          ],
          [
            4.944709,
            52.363144
          ],
          [
            4.944804,
            52.363136
          ],
          [
            4.944891,
            52.363125
          ],
          [
            4.944978,
            52.36311
          ],
          [
            4.945071,
            52.363098
          ],
          [
            4.945163,
            52.363087
          ],
          [
            4.945254,
            52.363079
          ],
          [
            4.945345,
            52.363068
          ],
          [
            4.945389,
            52.363068
          ],
          [
            4.945517,
            52.363052
          ],
          [
            4.945615,
            52.363045
          ],
          [
            4.945707,
            52.363033
          ],
          [
            4.94579,
            52.363022
          ],
          [
            4.945877,
            52.36301
          ],
          [
            4.94596,
            52.362999
          ],
          [
            4.946019,
            52.362991
          ],
          [
            4.946072,
            52.362991
          ],
          [
            4.946119,
            52.362995
          ],
          [
            4.946153,
            52.362995
          ],
          [
            4.946187,
            52.363003
          ],
          [
            4.946201,
            52.363018
          ],
          [
            4.946219,
            52.363045
          ],
          [
            4.946233,
            52.363068
          ],
          [
            4.946238,
            52.363087
          ],
          [
            4.946238,
            52.363087
          ],
          [
            4.946231,
            52.363113
          ],
          [
            4.946224,
            52.36311
          ],
          [
            4.946228,
            52.36311
          ],
          [
            4.946236,
            52.363106
          ],
          [
            4.946237,
            52.363098
          ],
          [
            4.946256,
            52.363098
          ],
          [
            4.946284,
            52.363091
          ],
          [
            4.946311,
            52.363087
          ],
          [
            4.946351,
            52.363079
          ],
          [
            4.946379,
            52.363064
          ],
          [
            4.946406,
            52.363056
          ],
          [
            4.946423,
            52.363056
          ],
          [
            4.946436,
            52.363037
          ],
          [
            4.946452,
            52.363022
          ],
          [
            4.946473,
            52.362991
          ],
          [
            4.946496,
            52.362968
          ],
          [
            4.946553,
            52.362938
          ],
          [
            4.9466,
            52.362919
          ],
          [
            4.946647,
            52.3629
          ],
          [
            4.946702,
            52.362888
          ],
          [
            4.946754,
            52.362877
          ],
          [
            4.946818,
            52.362862
          ],
          [
            4.946879,
            52.362846
          ],
          [
            4.946915,
            52.362854
          ],
          [
            4.946922,
            52.362839
          ],
          [
            4.947136,
            52.362793
          ],
          [
            4.947253,
            52.362762
          ],
          [
            4.947339,
            52.362743
          ],
          [
            4.947409,
            52.36272
          ],
          [
            4.947468,
            52.362713
          ],
          [
            4.947521,
            52.362698
          ],
          [
            4.947567,
            52.36269
          ],
          [
            4.94762,
            52.362671
          ],
          [
            4.947666,
            52.362667
          ],
          [
            4.94772,
            52.362659
          ],
          [
            4.947762,
            52.362652
          ],
          [
            4.947803,
            52.36264
          ],
          [
            4.947846,
            52.362629
          ],
          [
            4.947883,
            52.362621
          ],
          [
            4.947924,
            52.362614
          ],
          [
            4.947971,
            52.362606
          ],
          [
            4.948018,
            52.362595
          ],
          [
            4.948075,
            52.362587
          ],
          [
            4.948146,
            52.362579
          ],
          [
            4.948219,
            52.362568
          ],
          [
            4.948292,
            52.362549
          ],
          [
            4.948354,
            52.36253
          ],
          [
            4.948425,
            52.362511
          ],
          [
            4.948499,
            52.362507
          ],
          [
            4.948564,
            52.362495
          ],
          [
            4.948623,
            52.362484
          ],
          [
            4.948662,
            52.362476
          ],
          [
            4.948699,
            52.362473
          ],
          [
            4.948741,
            52.362469
          ],
          [
            4.948777,
            52.362473
          ],
          [
            4.948805,
            52.362484
          ],
          [
            4.948825,
            52.362499
          ],
          [
            4.948846,
            52.362522
          ],
          [
            4.948863,
            52.362545
          ],
          [
            4.948876,
            52.362556
          ],
          [
            4.94889,
            52.362579
          ],
          [
            4.948906,
            52.362595
          ],
          [
            4.948928,
            52.362621
          ],
          [
            4.948945,
            52.36264
          ],
          [
            4.948963,
            52.362663
          ],
          [
            4.948982,
            52.362686
          ],
          [
            4.949002,
            52.362709
          ],
          [
            4.949016,
            52.362728
          ],
          [
            4.949036,
            52.362751
          ],
          [
            4.949058,
            52.362778
          ],
          [
            4.949081,
            52.362804
          ],
          [
            4.94911,
            52.362839
          ],
          [
            4.949138,
            52.362869
          ],
          [
            4.949173,
            52.362904
          ],
          [
            4.94921,
            52.362949
          ],
          [
            4.949244,
            52.362988
          ],
          [
            4.949281,
            52.363029
          ],
          [
            4.949312,
            52.363064
          ],
          [
            4.949352,
            52.363106
          ],
          [
            4.949389,
            52.363144
          ],
          [
            4.949418,
            52.363178
          ],
          [
            4.949449,
            52.363213
          ],
          [
            4.949475,
            52.363251
          ],
          [
            4.949506,
            52.363285
          ],
          [
            4.94953,
            52.363316
          ],
          [
            4.949557,
            52.36335
          ],
          [
            4.949587,
            52.363377
          ],
          [
            4.949619,
            52.363411
          ],
          [
            4.949651,
            52.363449
          ],
          [
            4.949683,
            52.363491
          ],
          [
            4.949725,
            52.363525
          ],
          [
            4.949762,
            52.363567
          ],
          [
            4.949795,
            52.363609
          ],
          [
            4.949834,
            52.363655
          ],
          [
            4.949867,
            52.363705
          ],
          [
            4.949896,
            52.363747
          ],
          [
            4.949922,
            52.363792
          ],
          [
            4.949947,
            52.363827
          ],
          [
            4.949975,
            52.363861
          ],
          [
            4.95,
            52.363892
          ],
          [
            4.950018,
            52.363907
          ],
          [
            4.950045,
            52.363941
          ],
          [
            4.950078,
            52.363964
          ],
          [
            4.950108,
            52.363998
          ],
          [
            4.950142,
            52.364029
          ],
          [
            4.950178,
            52.364067
          ],
          [
            4.950212,
            52.364098
          ],
          [
            4.950254,
            52.364136
          ],
          [
            4.950295,
            52.36417
          ],
          [
            4.950344,
            52.364208
          ],
          [
            4.950391,
            52.364243
          ],
          [
            4.950438,
            52.364281
          ],
          [
            4.950487,
            52.364319
          ],
          [
            4.950537,
            52.364357
          ],
          [
            4.950593,
            52.364399
          ],
          [
            4.95065,
            52.364441
          ],
          [
            4.950702,
            52.364479
          ],
          [
            4.950756,
            52.364521
          ],
          [
            4.950808,
            52.364559
          ],
          [
            4.950867,
            52.364601
          ],
          [
            4.950926,
            52.364647
          ],
          [
            4.950972,
            52.364677
          ],
          [
            4.951024,
            52.364719
          ],
          [
            4.951085,
            52.364765
          ],
          [
            4.951136,
            52.364803
          ],
          [
            4.951188,
            52.364841
          ],
          [
            4.951238,
            52.36488
          ],
          [
            4.951283,
            52.36491
          ],
          [
            4.951329,
            52.364944
          ],
          [
            4.95136,
            52.364967
          ],
          [
            4.951387,
            52.364986
          ],
          [
            4.951417,
            52.365009
          ],
          [
            4.951444,
            52.365028
          ],
          [
            4.95147,
            52.36504
          ],
          [
            4.95147,
            52.36504
          ],
          [
            4.95147,
            52.36504
          ],
          [
            4.95147,
            52.36504
          ],
          [
            4.95147,
            52.36504
          ],
          [
            4.951563,
            52.365067
          ],
          [
            4.951578,
            52.36507
          ],
          [
            4.951596,
            52.365078
          ],
          [
            4.951625,
            52.365089
          ],
          [
            4.951658,
            52.365097
          ],
          [
            4.951709,
            52.365105
          ],
          [
            4.951766,
            52.365112
          ],
          [
            4.951836,
            52.36512
          ],
          [
            4.951905,
            52.36512
          ],
          [
            4.95195,
            52.365124
          ],
          [
            4.952054,
            52.365131
          ],
          [
            4.952125,
            52.365139
          ],
          [
            4.952221,
            52.36515
          ],
          [
            4.952303,
            52.365158
          ],
          [
            4.952379,
            52.365166
          ],
          [
            4.952464,
            52.365173
          ],
          [
            4.952538,
            52.365185
          ],
          [
            4.952624,
            52.3652
          ],
          [
            4.952702,
            52.365215
          ],
          [
            4.952773,
            52.365227
          ],
          [
            4.952849,
            52.365242
          ],
          [
            4.952922,
            52.365253
          ],
          [
            4.953,
            52.365265
          ],
          [
            4.953084,
            52.365276
          ],
          [
            4.953135,
            52.36528
          ],
          [
            4.953259,
            52.365288
          ],
          [
            4.953357,
            52.365292
          ],
          [
            4.953449,
            52.365303
          ],
          [
            4.95355,
            52.365311
          ],
          [
            4.953628,
            52.365315
          ],
          [
            4.953706,
            52.365326
          ],
          [
            4.9538,
            52.365334
          ],
          [
            4.953891,
            52.365341
          ],
          [
            4.953981,
            52.365353
          ],
          [
            4.954071,
            52.36536
          ],
          [
            4.95416,
            52.365372
          ],
          [
            4.954238,
            52.365379
          ],
          [
            4.954314,
            52.365383
          ],
          [
            4.95439,
            52.365379
          ],
          [
            4.954442,
            52.365372
          ],
          [
            4.954542,
            52.365356
          ],
          [
            4.954618,
            52.365337
          ],
          [
            4.954696,
            52.365318
          ],
          [
            4.954774,
            52.365295
          ],
          [
            4.954853,
            52.365269
          ],
          [
            4.95493,
            52.365242
          ],
          [
            4.955014,
            52.365219
          ],
          [
            4.955097,
            52.365196
          ],
          [
            4.95518,
            52.365173
          ],
          [
            4.95527,
            52.365162
          ],
          [
            4.955362,
            52.36515
          ],
          [
            4.955451,
            52.36515
          ],
          [
            4.955546,
            52.365154
          ],
          [
            4.95563,
            52.365158
          ],
          [
            4.955742,
            52.36517
          ],
          [
            4.955841,
            52.365173
          ],
          [
            4.955935,
            52.365177
          ],
          [
            4.956023,
            52.365185
          ],
          [
            4.956126,
            52.3652
          ],
          [
            4.956222,
            52.365212
          ],
          [
            4.956311,
            52.365219
          ],
          [
            4.95639,
            52.365227
          ],
          [
            4.956461,
            52.365215
          ],
          [
            4.956505,
            52.365189
          ],
          [
            4.956529,
            52.365154
          ],
          [
            4.956537,
            52.36512
          ],
          [
            4.956553,
            52.365078
          ],
          [
            4.956573,
            52.365044
          ],
          [
            4.956591,
            52.365005
          ],
          [
            4.956609,
            52.364971
          ],
          [
            4.956627,
            52.364937
          ],
          [
            4.956645,
            52.364902
          ],
          [
            4.956671,
            52.364872
          ],
          [
            4.956695,
            52.364849
          ],
          [
            4.956726,
            52.36483
          ],
          [
            4.956746,
            52.364811
          ],
          [
            4.956761,
            52.364788
          ],
          [
            4.95677,
            52.364754
          ],
          [
            4.956769,
            52.364719
          ],
          [
            4.956772,
            52.364681
          ],
          [
            4.95678,
            52.364639
          ],
          [
            4.956793,
            52.36459
          ],
          [
            4.956811,
            52.36454
          ],
          [
            4.956828,
            52.364494
          ],
          [
            4.956843,
            52.364441
          ],
          [
            4.956858,
            52.364384
          ],
          [
            4.956873,
            52.364323
          ],
          [
            4.95689,
            52.364262
          ],
          [
            4.956908,
            52.364201
          ],
          [
            4.956926,
            52.364136
          ],
          [
            4.956942,
            52.364075
          ],
          [
            4.956959,
            52.364018
          ],
          [
            4.956977,
            52.363953
          ],
          [
            4.956998,
            52.363892
          ],
          [
            4.957022,
            52.363831
          ],
          [
            4.957043,
            52.363766
          ],
          [
            4.957059,
            52.363708
          ],
          [
            4.957078,
            52.363644
          ],
          [
            4.957095,
            52.363579
          ],
          [
            4.957113,
            52.363514
          ],
          [
            4.957129,
            52.363453
          ],
          [
            4.957146,
            52.363384
          ],
          [
            4.957163,
            52.363323
          ],
          [
            4.957178,
            52.363262
          ],
          [
            4.957188,
            52.363193
          ],
          [
            4.957203,
            52.363132
          ],
          [
            4.957218,
            52.363071
          ],
          [
            4.957234,
            52.363003
          ],
          [
            4.957249,
            52.362942
          ],
          [
            4.957263,
            52.362881
          ],
          [
            4.95728,
            52.362816
          ],
          [
            4.957297,
            52.362751
          ],
          [
            4.957312,
            52.362686
          ],
          [
            4.957324,
            52.362625
          ],
          [
            4.957337,
            52.362568
          ],
          [
            4.957349,
            52.362507
          ],
          [
            4.95736,
            52.362442
          ],
          [
            4.957373,
            52.362377
          ],
          [
            4.957387,
            52.362316
          ],
          [
            4.957403,
            52.362251
          ],
          [
            4.957422,
            52.362186
          ],
          [
            4.957437,
            52.362125
          ],
          [
            4.957454,
            52.362061
          ],
          [
            4.957471,
            52.361996
          ],
          [
            4.957486,
            52.361935
          ],
          [
            4.957501,
            52.361874
          ],
          [
            4.957513,
            52.361813
          ],
          [
            4.957525,
            52.361748
          ],
          [
            4.957539,
            52.361679
          ],
          [
            4.957554,
            52.361622
          ],
          [
            4.957572,
            52.361561
          ],
          [
            4.957589,
            52.361496
          ],
          [
            4.957606,
            52.361435
          ],
          [
            4.957621,
            52.361374
          ],
          [
            4.957637,
            52.361305
          ],
          [
            4.957653,
            52.361244
          ],
          [
            4.957671,
            52.361187
          ],
          [
            4.957687,
            52.361126
          ],
          [
            4.957705,
            52.361065
          ],
          [
            4.957727,
            52.361004
          ],
          [
            4.957754,
            52.360939
          ],
          [
            4.95778,
            52.360878
          ],
          [
            4.9578,
            52.360821
          ],
          [
            4.95782,
            52.36076
          ],
          [
            4.95784,
            52.360695
          ],
          [
            4.957863,
            52.360634
          ],
          [
            4.95789,
            52.360577
          ],
          [
            4.957919,
            52.360516
          ],
          [
            4.957948,
            52.360458
          ],
          [
            4.957983,
            52.360397
          ],
          [
            4.958019,
            52.360336
          ],
          [
            4.958051,
            52.360275
          ],
          [
            4.958079,
            52.360222
          ],
          [
            4.958105,
            52.360165
          ],
          [
            4.958138,
            52.360104
          ],
          [
            4.958174,
            52.360046
          ],
          [
            4.958215,
            52.359985
          ],
          [
            4.958265,
            52.359932
          ],
          [
            4.958313,
            52.359871
          ],
          [
            4.958357,
            52.359818
          ],
          [
            4.958405,
            52.35976
          ],
          [
            4.958447,
            52.359707
          ],
          [
            4.958487,
            52.35965
          ],
          [
            4.958527,
            52.359592
          ],
          [
            4.958566,
            52.359539
          ],
          [
            4.95861,
            52.359478
          ],
          [
            4.958659,
            52.359425
          ],
          [
            4.958709,
            52.359367
          ],
          [
            4.958765,
            52.359314
          ],
          [
            4.958816,
            52.359261
          ],
          [
            4.95887,
            52.359207
          ],
          [
            4.95892,
            52.359154
          ],
          [
            4.95897,
            52.359096
          ],
          [
            4.959021,
            52.359043
          ],
          [
            4.95907,
            52.358994
          ],
          [
            4.959123,
            52.35894
          ],
          [
            4.95918,
            52.358887
          ],
          [
            4.959238,
            52.358833
          ],
          [
            4.959299,
            52.358788
          ],
          [
            4.95936,
            52.358742
          ],
          [
            4.959422,
            52.358696
          ],
          [
            4.959481,
            52.35865
          ],
          [
            4.959545,
            52.358604
          ],
          [
            4.959607,
            52.358555
          ],
          [
            4.959664,
            52.358513
          ],
          [
            4.959725,
            52.358467
          ],
          [
            4.959791,
            52.358421
          ],
          [
            4.959849,
            52.358383
          ],
          [
            4.959908,
            52.358337
          ],
          [
            4.959969,
            52.358295
          ],
          [
            4.960034,
            52.35825
          ],
          [
            4.960101,
            52.3582
          ],
          [
            4.960168,
            52.358154
          ],
          [
            4.960241,
            52.358109
          ],
          [
            4.960316,
            52.358063
          ],
          [
            4.960394,
            52.358021
          ],
          [
            4.960471,
            52.357979
          ],
          [
            4.960552,
            52.357933
          ],
          [
            4.960631,
            52.357887
          ],
          [
            4.960708,
            52.357845
          ],
          [
            4.960789,
            52.3578
          ],
          [
            4.960869,
            52.357758
          ],
          [
            4.960947,
            52.357719
          ],
          [
            4.961027,
            52.357677
          ],
          [
            4.961102,
            52.357639
          ],
          [
            4.961178,
            52.357597
          ],
          [
            4.961252,
            52.357555
          ],
          [
            4.961336,
            52.357517
          ],
          [
            4.961418,
            52.357479
          ],
          [
            4.961501,
            52.357445
          ],
          [
            4.961585,
            52.35741
          ],
          [
            4.961666,
            52.357376
          ],
          [
            4.961754,
            52.357338
          ],
          [
            4.96184,
            52.357307
          ],
          [
            4.961924,
            52.357269
          ],
          [
            4.96201,
            52.357235
          ],
          [
            4.962092,
            52.357201
          ],
          [
            4.96218,
            52.35717
          ],
          [
            4.962267,
            52.35714
          ],
          [
            4.962356,
            52.357109
          ],
          [
            4.962448,
            52.357079
          ],
          [
            4.962536,
            52.357052
          ],
          [
            4.962631,
            52.357021
          ],
          [
            4.962719,
            52.356995
          ],
          [
            4.962811,
            52.356968
          ],
          [
            4.962898,
            52.356941
          ],
          [
            4.962987,
            52.356918
          ],
          [
            4.963072,
            52.356895
          ],
          [
            4.963156,
            52.356873
          ],
          [
            4.963243,
            52.35685
          ],
          [
            4.963334,
            52.356827
          ],
          [
            4.963426,
            52.356808
          ],
          [
            4.963521,
            52.356789
          ],
          [
            4.963614,
            52.35677
          ],
          [
            4.963701,
            52.35675
          ],
          [
            4.963799,
            52.356731
          ],
          [
            4.963891,
            52.356708
          ],
          [
            4.963987,
            52.356689
          ],
          [
            4.964067,
            52.356674
          ],
          [
            4.96418,
            52.356655
          ],
          [
            4.964273,
            52.356636
          ],
          [
            4.964368,
            52.356625
          ],
          [
            4.964462,
            52.356617
          ],
          [
            4.964559,
            52.356606
          ],
          [
            4.964653,
            52.356586
          ],
          [
            4.964747,
            52.356571
          ],
          [
            4.964839,
            52.356556
          ],
          [
            4.964934,
            52.356537
          ],
          [
            4.965024,
            52.356518
          ],
          [
            4.965107,
            52.356495
          ],
          [
            4.965167,
            52.356472
          ],
          [
            4.965271,
            52.356438
          ],
          [
            4.965358,
            52.356411
          ],
          [
            4.965448,
            52.356392
          ],
          [
            4.965539,
            52.356369
          ],
          [
            4.96562,
            52.35635
          ],
          [
            4.965733,
            52.356323
          ],
          [
            4.965829,
            52.356304
          ],
          [
            4.965925,
            52.356289
          ],
          [
            4.966012,
            52.35627
          ],
          [
            4.966081,
            52.356258
          ],
          [
            4.966137,
            52.356247
          ],
          [
            4.966178,
            52.356235
          ],
          [
            4.966219,
            52.356232
          ],
          [
            4.966252,
            52.35622
          ],
          [
            4.966267,
            52.356213
          ],
          [
            4.966293,
            52.356213
          ],
          [
            4.966293,
            52.356213
          ],
          [
            4.966373,
            52.356205
          ],
          [
            4.966401,
            52.356197
          ],
          [
            4.966438,
            52.356186
          ],
          [
            4.966489,
            52.356171
          ],
          [
            4.966546,
            52.356159
          ],
          [
            4.966612,
            52.356152
          ],
          [
            4.966695,
            52.35614
          ],
          [
            4.966774,
            52.356125
          ],
          [
            4.966856,
            52.35611
          ],
          [
            4.966944,
            52.356102
          ],
          [
            4.967039,
            52.356091
          ],
          [
            4.96712,
            52.356079
          ],
          [
            4.967234,
            52.356068
          ],
          [
            4.96733,
            52.35606
          ],
          [
            4.96743,
            52.356056
          ],
          [
            4.967505,
            52.356052
          ],
          [
            4.96763,
            52.356049
          ],
          [
            4.967731,
            52.356045
          ],
          [
            4.967823,
            52.356037
          ],
          [
            4.967919,
            52.356026
          ],
          [
            4.967969,
            52.356014
          ],
          [
            4.968079,
            52.355991
          ],
          [
            4.968144,
            52.355968
          ],
          [
            4.968226,
            52.355949
          ],
          [
            4.968307,
            52.355934
          ],
          [
            4.968397,
            52.355919
          ],
          [
            4.968489,
            52.3559
          ],
          [
            4.968576,
            52.355885
          ],
          [
            4.968687,
            52.355869
          ],
          [
            4.968784,
            52.355858
          ],
          [
            4.96888,
            52.355843
          ],
          [
            4.968966,
            52.355827
          ],
          [
            4.96908,
            52.355804
          ],
          [
            4.969171,
            52.355782
          ],
          [
            4.969266,
            52.355763
          ],
          [
            4.969357,
            52.355747
          ],
          [
            4.969451,
            52.355732
          ],
          [
            4.969539,
            52.355713
          ],
          [
            4.96963,
            52.35569
          ],
          [
            4.969714,
            52.355663
          ],
          [
            4.969792,
            52.355629
          ],
          [
            4.969874,
            52.355595
          ],
          [
            4.96996,
            52.355568
          ],
          [
            4.970059,
            52.355545
          ],
          [
            4.970148,
            52.35553
          ],
          [
            4.970239,
            52.355522
          ],
          [
            4.970347,
            52.355511
          ],
          [
            4.970453,
            52.355507
          ],
          [
            4.970551,
            52.355499
          ],
          [
            4.970634,
            52.355488
          ],
          [
            4.970751,
            52.355473
          ],
          [
            4.970851,
            52.355453
          ],
          [
            4.970911,
            52.355438
          ],
          [
            4.97102,
            52.355415
          ],
          [
            4.971099,
            52.3554
          ],
          [
            4.971232,
            52.35537
          ],
          [
            4.971319,
            52.355347
          ],
          [
            4.971405,
            52.355324
          ],
          [
            4.971492,
            52.355297
          ],
          [
            4.97159,
            52.355267
          ],
          [
            4.971689,
            52.35524
          ],
          [
            4.971786,
            52.355213
          ],
          [
            4.971876,
            52.35519
          ],
          [
            4.971968,
            52.355167
          ],
          [
            4.972056,
            52.355141
          ],
          [
            4.972147,
            52.355106
          ],
          [
            4.97223,
            52.35508
          ],
          [
            4.972318,
            52.355049
          ],
          [
            4.972408,
            52.355019
          ],
          [
            4.972494,
            52.354984
          ],
          [
            4.972576,
            52.354958
          ],
          [
            4.972667,
            52.354923
          ],
          [
            4.972754,
            52.354893
          ],
          [
            4.97285,
            52.354855
          ],
          [
            4.972932,
            52.354828
          ],
          [
            4.973024,
            52.354797
          ],
          [
            4.973111,
            52.354771
          ],
          [
            4.973193,
            52.35474
          ],
          [
            4.973282,
            52.354702
          ],
          [
            4.973369,
            52.354668
          ],
          [
            4.973439,
            52.354637
          ],
          [
            4.973518,
            52.354607
          ],
          [
            4.973593,
            52.354572
          ],
          [
            4.973683,
            52.354534
          ],
          [
            4.973771,
            52.354488
          ],
          [
            4.973865,
            52.35445
          ],
          [
            4.973948,
            52.354416
          ],
          [
            4.97403,
            52.354382
          ],
          [
            4.974107,
            52.35434
          ],
          [
            4.974185,
            52.354301
          ],
          [
            4.97425,
            52.354263
          ],
          [
            4.974337,
            52.354221
          ],
          [
            4.974412,
            52.354183
          ],
          [
            4.974497,
            52.354141
          ],
          [
            4.974558,
            52.354107
          ],
          [
            4.974647,
            52.354061
          ],
          [
            4.974733,
            52.354019
          ],
          [
            4.974805,
            52.353981
          ],
          [
            4.974882,
            52.353935
          ],
          [
            4.974955,
            52.353893
          ],
          [
            4.975019,
            52.353844
          ],
          [
            4.975092,
            52.353802
          ],
          [
            4.975154,
            52.353767
          ],
          [
            4.975227,
            52.353733
          ],
          [
            4.975319,
            52.353691
          ],
          [
            4.975402,
            52.353653
          ],
          [
            4.975478,
            52.353615
          ],
          [
            4.975555,
            52.353577
          ],
          [
            4.975637,
            52.353535
          ],
          [
            4.975721,
            52.353489
          ],
          [
            4.975784,
            52.353447
          ],
          [
            4.975873,
            52.353401
          ],
          [
            4.975948,
            52.353363
          ],
          [
            4.976026,
            52.353321
          ],
          [
            4.97611,
            52.353279
          ],
          [
            4.976172,
            52.353245
          ],
          [
            4.976266,
            52.353203
          ],
          [
            4.976346,
            52.353161
          ],
          [
            4.976418,
            52.353127
          ],
          [
            4.976501,
            52.353085
          ],
          [
            4.976576,
            52.353039
          ],
          [
            4.976653,
            52.352997
          ],
          [
            4.976706,
            52.352966
          ],
          [
            4.976785,
            52.352924
          ],
          [
            4.976856,
            52.35289
          ],
          [
            4.976926,
            52.352848
          ],
          [
            4.976984,
            52.352821
          ],
          [
            4.977064,
            52.352772
          ],
          [
            4.977157,
            52.352722
          ],
          [
            4.977235,
            52.35268
          ],
          [
            4.977298,
            52.352646
          ],
          [
            4.977373,
            52.352612
          ],
          [
            4.977439,
            52.352577
          ],
          [
            4.977499,
            52.352543
          ],
          [
            4.977577,
            52.352505
          ],
          [
            4.977645,
            52.352467
          ],
          [
            4.977708,
            52.352432
          ],
          [
            4.977772,
            52.352394
          ],
          [
            4.977838,
            52.352356
          ],
          [
            4.9779,
            52.352322
          ],
          [
            4.977972,
            52.352284
          ],
          [
            4.978047,
            52.352245
          ],
          [
            4.978118,
            52.352207
          ],
          [
            4.978205,
            52.352169
          ],
          [
            4.978296,
            52.352116
          ],
          [
            4.97837,
            52.352077
          ],
          [
            4.978451,
            52.352039
          ],
          [
            4.978539,
            52.351997
          ],
          [
            4.978611,
            52.351955
          ],
          [
            4.978676,
            52.351921
          ],
          [
            4.978755,
            52.351879
          ],
          [
            4.978829,
            52.351837
          ],
          [
            4.978908,
            52.351795
          ],
          [
            4.978966,
            52.351757
          ],
          [
            4.979039,
            52.351719
          ],
          [
            4.979107,
            52.351681
          ],
          [
            4.979198,
            52.351643
          ],
          [
            4.979277,
            52.351593
          ],
          [
            4.979354,
            52.351563
          ],
          [
            4.979427,
            52.351521
          ],
          [
            4.979496,
            52.351482
          ],
          [
            4.97956,
            52.351444
          ],
          [
            4.979636,
            52.351402
          ],
          [
            4.979699,
            52.351368
          ],
          [
            4.979763,
            52.351334
          ],
          [
            4.979834,
            52.351299
          ],
          [
            4.979898,
            52.351265
          ],
          [
            4.979941,
            52.351227
          ],
          [
            4.979959,
            52.351208
          ],
          [
            4.979963,
            52.351196
          ],
          [
            4.979963,
            52.351196
          ],
          [
            4.979963,
            52.351196
          ],
          [
            4.979963,
            52.351196
          ],
          [
            4.980008,
            52.351192
          ],
          [
            4.980019,
            52.351189
          ],
          [
            4.980041,
            52.351177
          ],
          [
            4.980072,
            52.351162
          ],
          [
            4.980121,
            52.351139
          ],
          [
            4.980178,
            52.351116
          ],
          [
            4.980244,
            52.351086
          ],
          [
            4.980307,
            52.351059
          ],
          [
            4.980372,
            52.351021
          ],
          [
            4.98045,
            52.350979
          ],
          [
            4.980526,
            52.350941
          ],
          [
            4.98061,
            52.350891
          ],
          [
            4.980697,
            52.350845
          ],
          [
            4.980793,
            52.350792
          ],
          [
            4.980886,
            52.350742
          ],
          [
            4.980978,
            52.350697
          ],
          [
            4.981052,
            52.350655
          ],
          [
            4.981137,
            52.350613
          ],
          [
            4.98121,
            52.350575
          ],
          [
            4.981286,
            52.350533
          ],
          [
            4.981363,
            52.350491
          ],
          [
            4.98144,
            52.350452
          ],
          [
            4.981517,
            52.350407
          ],
          [
            4.981593,
            52.350365
          ],
          [
            4.981677,
            52.350323
          ],
          [
            4.981737,
            52.350292
          ],
          [
            4.981818,
            52.35025
          ],
          [
            4.98189,
            52.350212
          ],
          [
            4.981977,
            52.350162
          ],
          [
            4.98206,
            52.350121
          ],
          [
            4.982121,
            52.350082
          ],
          [
            4.982197,
            52.350044
          ],
          [
            4.982263,
            52.350006
          ],
          [
            4.982337,
            52.34996
          ],
          [
            4.982416,
            52.349918
          ],
          [
            4.982472,
            52.349888
          ],
          [
            4.982559,
            52.349842
          ],
          [
            4.982646,
            52.349804
          ],
          [
            4.982728,
            52.349758
          ],
          [
            4.982794,
            52.349724
          ],
          [
            4.982855,
            52.349693
          ],
          [
            4.982934,
            52.349651
          ],
          [
            4.983018,
            52.349606
          ],
          [
            4.983097,
            52.349567
          ],
          [
            4.983155,
            52.349537
          ],
          [
            4.983231,
            52.349499
          ],
          [
            4.983306,
            52.349457
          ],
          [
            4.983392,
            52.349411
          ],
          [
            4.983449,
            52.349381
          ],
          [
            4.983531,
            52.349342
          ],
          [
            4.983622,
            52.349293
          ],
          [
            4.98369,
            52.349251
          ],
          [
            4.983777,
            52.349201
          ],
          [
            4.983839,
            52.349167
          ],
          [
            4.983916,
            52.349121
          ],
          [
            4.983997,
            52.349071
          ],
          [
            4.984066,
            52.349037
          ],
          [
            4.984128,
            52.349007
          ],
          [
            4.984221,
            52.348961
          ],
          [
            4.984297,
            52.348923
          ],
          [
            4.984368,
            52.348885
          ],
          [
            4.984435,
            52.348854
          ],
          [
            4.984512,
            52.348812
          ],
          [
            4.984557,
            52.348789
          ],
          [
            4.98467,
            52.348728
          ],
          [
            4.984753,
            52.348682
          ],
          [
            4.984837,
            52.348637
          ],
          [
            4.984927,
            52.348587
          ],
          [
            4.98501,
            52.348545
          ],
          [
            4.985092,
            52.348503
          ],
          [
            4.985172,
            52.348461
          ],
          [
            4.985242,
            52.348427
          ],
          [
            4.985321,
            52.348381
          ],
          [
            4.985404,
            52.348339
          ],
          [
            4.985479,
            52.348301
          ],
          [
            4.98555,
            52.348263
          ],
          [
            4.985626,
            52.348217
          ],
          [
            4.985702,
            52.348175
          ],
          [
            4.985778,
            52.348133
          ],
          [
            4.985855,
            52.348091
          ],
          [
            4.985932,
            52.348049
          ],
          [
            4.986003,
            52.348015
          ],
          [
            4.986081,
            52.347977
          ],
          [
            4.986167,
            52.347935
          ],
          [
            4.986242,
            52.347897
          ],
          [
            4.986316,
            52.347858
          ],
          [
            4.986382,
            52.347824
          ],
          [
            4.986445,
            52.34779
          ],
          [
            4.986504,
            52.347759
          ],
          [
            4.986563,
            52.347729
          ],
          [
            4.986608,
            52.347702
          ],
          [
            4.986637,
            52.347691
          ],
          [
            4.986648,
            52.347679
          ],
          [
            4.986648,
            52.347679
          ],
          [
            4.986648,
            52.347679
          ],
          [
            4.986623,
            52.347645
          ],
          [
            4.986623,
            52.347645
          ],
          [
            4.986623,
            52.347645
          ],
          [
            4.986609,
            52.34763
          ],
          [
            4.986609,
            52.34763
          ],
          [
            4.986609,
            52.34763
          ],
          [
            4.986587,
            52.347603
          ],
          [
            4.986587,
            52.347603
          ],
          [
            4.986587,
            52.347603
          ],
          [
            4.986587,
            52.347603
          ],
          [
            4.986575,
            52.347588
          ],
          [
            4.986567,
            52.34758
          ],
          [
            4.98656,
            52.347576
          ],
          [
            4.98655,
            52.347572
          ],
          [
            4.986529,
            52.347557
          ],
          [
            4.986506,
            52.347538
          ],
          [
            4.986488,
            52.347523
          ],
          [
            4.986473,
            52.347511
          ],
          [
            4.986458,
            52.347481
          ],
          [
            4.986448,
            52.347458
          ],
          [
            4.986438,
            52.34742
          ],
          [
            4.986423,
            52.347389
          ],
          [
            4.9864,
            52.347355
          ],
          [
            4.986363,
            52.347313
          ],
          [
            4.986319,
            52.347275
          ],
          [
            4.986269,
            52.34724
          ],
          [
            4.986223,
            52.34721
          ],
          [
            4.986172,
            52.347179
          ],
          [
            4.986126,
            52.347153
          ],
          [
            4.986097,
            52.347137
          ],
          [
            4.986084,
            52.347126
          ],
          [
            4.986084,
            52.347126
          ],
          [
            4.986098,
            52.347088
          ],
          [
            4.986098,
            52.347088
          ],
          [
            4.986128,
            52.34708
          ],
          [
            4.986138,
            52.347073
          ],
          [
            4.986148,
            52.347061
          ],
          [
            4.986174,
            52.347042
          ],
          [
            4.986201,
            52.347015
          ],
          [
            4.986233,
            52.346985
          ],
          [
            4.986276,
            52.346947
          ],
          [
            4.986327,
            52.346912
          ],
          [
            4.986389,
            52.346886
          ],
          [
            4.986457,
            52.346867
          ],
          [
            4.986539,
            52.346851
          ],
          [
            4.986621,
            52.34684
          ],
          [
            4.986708,
            52.346832
          ],
          [
            4.98679,
            52.346821
          ],
          [
            4.986883,
            52.346813
          ],
          [
            4.986963,
            52.346809
          ],
          [
            4.98707,
            52.346802
          ],
          [
            4.987165,
            52.346794
          ],
          [
            4.987255,
            52.346786
          ],
          [
            4.987347,
            52.346779
          ],
          [
            4.987442,
            52.346775
          ],
          [
            4.987536,
            52.346771
          ],
          [
            4.987617,
            52.346764
          ],
          [
            4.987689,
            52.346756
          ],
          [
            4.987762,
            52.346748
          ],
          [
            4.987831,
            52.346741
          ],
          [
            4.987898,
            52.346741
          ],
          [
            4.987958,
            52.346745
          ],
          [
            4.988014,
            52.34676
          ],
          [
            4.988056,
            52.346779
          ],
          [
            4.988086,
            52.346802
          ],
          [
            4.988111,
            52.346813
          ],
          [
            4.988137,
            52.346828
          ],
          [
            4.988168,
            52.346836
          ],
          [
            4.988189,
            52.346848
          ],
          [
            4.988179,
            52.346859
          ],
          [
            4.98816,
            52.346863
          ],
          [
            4.988137,
            52.346859
          ],
          [
            4.988121,
            52.34684
          ],
          [
            4.9881,
            52.346817
          ],
          [
            4.98807,
            52.346794
          ],
          [
            4.988019,
            52.346764
          ],
          [
            4.987941,
            52.346745
          ],
          [
            4.987855,
            52.346737
          ],
          [
            4.987766,
            52.346741
          ],
          [
            4.987663,
            52.346752
          ],
          [
            4.987559,
            52.346756
          ],
          [
            4.987449,
            52.346767
          ],
          [
            4.98738,
            52.346771
          ],
          [
            4.987238,
            52.346786
          ],
          [
            4.987147,
            52.34679
          ],
          [
            4.987036,
            52.346794
          ],
          [
            4.986927,
            52.346802
          ],
          [
            4.986822,
            52.346809
          ],
          [
            4.986756,
            52.346817
          ],
          [
            4.986621,
            52.346832
          ],
          [
            4.98652,
            52.34684
          ],
          [
            4.986427,
            52.346867
          ],
          [
            4.986349,
            52.346905
          ],
          [
            4.986277,
            52.346954
          ],
          [
            4.98622,
            52.347008
          ],
          [
            4.986167,
            52.347054
          ],
          [
            4.986107,
            52.347099
          ],
          [
            4.98604,
            52.347141
          ],
          [
            4.985965,
            52.347176
          ],
          [
            4.985898,
            52.347202
          ],
          [
            4.985837,
            52.347225
          ],
          [
            4.985767,
            52.347229
          ],
          [
            4.985707,
            52.347214
          ],
          [
            4.985661,
            52.347195
          ],
          [
            4.985613,
            52.347172
          ],
          [
            4.98556,
            52.347141
          ],
          [
            4.985498,
            52.347111
          ],
          [
            4.985435,
            52.34708
          ],
          [
            4.985367,
            52.347042
          ],
          [
            4.985306,
            52.347004
          ],
          [
            4.985236,
            52.346962
          ],
          [
            4.985169,
            52.346916
          ],
          [
            4.985107,
            52.34687
          ],
          [
            4.985043,
            52.346821
          ],
          [
            4.984974,
            52.346775
          ],
          [
            4.984903,
            52.346733
          ],
          [
            4.984828,
            52.346683
          ],
          [
            4.984769,
            52.346634
          ],
          [
            4.984707,
            52.346588
          ],
          [
            4.984644,
            52.346542
          ],
          [
            4.984573,
            52.346493
          ],
          [
            4.9845,
            52.346443
          ],
          [
            4.984431,
            52.346397
          ],
          [
            4.984367,
            52.346352
          ],
          [
            4.984305,
            52.346306
          ],
          [
            4.984241,
            52.34626
          ],
          [
            4.984174,
            52.34621
          ],
          [
            4.984109,
            52.346161
          ],
          [
            4.984044,
            52.346115
          ],
          [
            4.983986,
            52.346069
          ],
          [
            4.983921,
            52.346024
          ],
          [
            4.983878,
            52.345993
          ],
          [
            4.983807,
            52.345943
          ],
          [
            4.983739,
            52.345898
          ],
          [
            4.983658,
            52.345844
          ],
          [
            4.983591,
            52.345795
          ],
          [
            4.98353,
            52.345749
          ],
          [
            4.98348,
            52.345718
          ],
          [
            4.983421,
            52.345669
          ],
          [
            4.983364,
            52.345623
          ],
          [
            4.983294,
            52.34557
          ],
          [
            4.983212,
            52.345512
          ],
          [
            4.983137,
            52.34547
          ],
          [
            4.983066,
            52.345425
          ],
          [
            4.983041,
            52.345409
          ],
          [
            4.982922,
            52.345325
          ],
          [
            4.982864,
            52.345284
          ],
          [
            4.982805,
            52.345234
          ],
          [
            4.982745,
            52.345184
          ],
          [
            4.982718,
            52.345165
          ],
          [
            4.982611,
            52.345093
          ],
          [
            4.982558,
            52.345055
          ],
          [
            4.982492,
            52.345013
          ],
          [
            4.98243,
            52.344974
          ],
          [
            4.982404,
            52.344963
          ],
          [
            4.98228,
            52.344936
          ],
          [
            4.982215,
            52.344952
          ],
          [
            4.982166,
            52.344986
          ],
          [
            4.982121,
            52.345013
          ],
          [
            4.98206,
            52.345058
          ],
          [
            4.982004,
            52.345093
          ],
          [
            4.981952,
            52.34512
          ],
          [
            4.981889,
            52.34515
          ],
          [
            4.981847,
            52.345165
          ],
          [
            4.981783,
            52.345181
          ],
          [
            4.981759,
            52.345181
          ],
          [
            4.981616,
            52.345165
          ],
          [
            4.98155,
            52.345142
          ],
          [
            4.981492,
            52.345116
          ],
          [
            4.981434,
            52.345089
          ],
          [
            4.981373,
            52.345066
          ],
          [
            4.981314,
            52.345047
          ],
          [
            4.981274,
            52.345036
          ],
          [
            4.981186,
            52.345013
          ],
          [
            4.981122,
            52.345001
          ],
          [
            4.981062,
            52.34499
          ],
          [
            4.981001,
            52.344978
          ],
          [
            4.980943,
            52.344963
          ],
          [
            4.980892,
            52.344963
          ],
          [
            4.980845,
            52.344974
          ],
          [
            4.980814,
            52.34499
          ],
          [
            4.980811,
            52.34499
          ],
          [
            4.980734,
            52.345024
          ],
          [
            4.98069,
            52.345047
          ],
          [
            4.980524,
            52.345135
          ],
          [
            4.980466,
            52.345184
          ],
          [
            4.980419,
            52.345234
          ],
          [
            4.980366,
            52.345287
          ],
          [
            4.980314,
            52.345341
          ],
          [
            4.980259,
            52.345394
          ],
          [
            4.980198,
            52.345444
          ],
          [
            4.980141,
            52.345489
          ],
          [
            4.98008,
            52.345535
          ],
          [
            4.980007,
            52.345573
          ],
          [
            4.979938,
            52.345612
          ],
          [
            4.97987,
            52.34565
          ],
          [
            4.979799,
            52.345692
          ],
          [
            4.97973,
            52.345734
          ],
          [
            4.979657,
            52.345776
          ],
          [
            4.979581,
            52.345814
          ],
          [
            4.979512,
            52.345852
          ],
          [
            4.979444,
            52.34589
          ],
          [
            4.979372,
            52.345932
          ],
          [
            4.979295,
            52.345974
          ],
          [
            4.97922,
            52.346012
          ],
          [
            4.979144,
            52.346054
          ],
          [
            4.979067,
            52.346096
          ],
          [
            4.97899,
            52.346134
          ],
          [
            4.978908,
            52.346172
          ],
          [
            4.978829,
            52.34621
          ],
          [
            4.978747,
            52.346245
          ],
          [
            4.978664,
            52.346283
          ],
          [
            4.978581,
            52.346317
          ],
          [
            4.978502,
            52.346355
          ],
          [
            4.978417,
            52.346394
          ],
          [
            4.978333,
            52.346432
          ],
          [
            4.978247,
            52.346462
          ],
          [
            4.978172,
            52.346481
          ],
          [
            4.978063,
            52.346519
          ],
          [
            4.977966,
            52.346546
          ],
          [
            4.977869,
            52.346565
          ],
          [
            4.977773,
            52.346588
          ],
          [
            4.977689,
            52.346607
          ],
          [
            4.977582,
            52.346634
          ],
          [
            4.977489,
            52.346657
          ],
          [
            4.977407,
            52.346687
          ],
          [
            4.977363,
            52.346706
          ],
          [
            4.977317,
            52.346725
          ],
          [
            4.977259,
            52.346748
          ],
          [
            4.977181,
            52.346775
          ],
          [
            4.977091,
            52.346798
          ],
          [
            4.976983,
            52.346821
          ],
          [
            4.976835,
            52.346844
          ],
          [
            4.976709,
            52.346855
          ],
          [
            4.976602,
            52.346867
          ],
          [
            4.976506,
            52.346882
          ],
          [
            4.976469,
            52.34689
          ],
          [
            4.976315,
            52.346928
          ],
          [
            4.976218,
            52.346947
          ],
          [
            4.976127,
            52.346973
          ],
          [
            4.976041,
            52.347004
          ],
          [
            4.975961,
            52.347034
          ],
          [
            4.975876,
            52.347069
          ],
          [
            4.975794,
            52.347103
          ],
          [
            4.97571,
            52.347137
          ],
          [
            4.975623,
            52.347172
          ],
          [
            4.975544,
            52.347206
          ],
          [
            4.975461,
            52.34724
          ],
          [
            4.975383,
            52.347271
          ],
          [
            4.975312,
            52.347305
          ],
          [
            4.975241,
            52.34734
          ],
          [
            4.975165,
            52.347374
          ],
          [
            4.975091,
            52.347408
          ],
          [
            4.975011,
            52.347443
          ],
          [
            4.974931,
            52.347477
          ],
          [
            4.974849,
            52.347511
          ],
          [
            4.974766,
            52.347546
          ],
          [
            4.974686,
            52.34758
          ],
          [
            4.974598,
            52.347618
          ],
          [
            4.974515,
            52.347652
          ],
          [
            4.974432,
            52.347687
          ],
          [
            4.974354,
            52.347717
          ],
          [
            4.974295,
            52.34774
          ],
          [
            4.974198,
            52.347782
          ],
          [
            4.974127,
            52.347816
          ],
          [
            4.974053,
            52.347851
          ],
          [
            4.973973,
            52.347881
          ],
          [
            4.973892,
            52.347912
          ],
          [
            4.97381,
            52.347946
          ],
          [
            4.973728,
            52.347984
          ],
          [
            4.973644,
            52.348019
          ],
          [
            4.973562,
            52.348049
          ],
          [
            4.973474,
            52.348087
          ],
          [
            4.973402,
            52.348133
          ],
          [
            4.973379,
            52.348152
          ],
          [
            4.973346,
            52.348171
          ],
          [
            4.973278,
            52.348213
          ],
          [
            4.973189,
            52.348259
          ],
          [
            4.973126,
            52.348286
          ],
          [
            4.973046,
            52.348309
          ],
          [
            4.972866,
            52.348358
          ],
          [
            4.972773,
            52.348389
          ],
          [
            4.97269,
            52.348415
          ],
          [
            4.972609,
            52.348446
          ],
          [
            4.972509,
            52.34848
          ],
          [
            4.972404,
            52.348518
          ],
          [
            4.972314,
            52.348553
          ],
          [
            4.972234,
            52.348587
          ],
          [
            4.972163,
            52.348614
          ],
          [
            4.972088,
            52.34864
          ],
          [
            4.972015,
            52.348667
          ],
          [
            4.971933,
            52.34869
          ],
          [
            4.971849,
            52.348713
          ],
          [
            4.971798,
            52.348724
          ],
          [
            4.97172,
            52.348736
          ],
          [
            4.971679,
            52.34874
          ],
          [
            4.97159,
            52.348747
          ],
          [
            4.971553,
            52.348759
          ],
          [
            4.97152,
            52.348763
          ],
          [
            4.971403,
            52.348812
          ],
          [
            4.971337,
            52.348846
          ],
          [
            4.971269,
            52.348885
          ],
          [
            4.971121,
            52.348957
          ],
          [
            4.971035,
            52.348988
          ],
          [
            4.970947,
            52.349018
          ],
          [
            4.970866,
            52.349041
          ],
          [
            4.97076,
            52.349068
          ],
          [
            4.970668,
            52.349091
          ],
          [
            4.970577,
            52.349117
          ],
          [
            4.970489,
            52.349148
          ],
          [
            4.970404,
            52.349178
          ],
          [
            4.970315,
            52.349209
          ],
          [
            4.970232,
            52.349243
          ],
          [
            4.970155,
            52.349281
          ],
          [
            4.970086,
            52.349327
          ],
          [
            4.970035,
            52.349377
          ],
          [
            4.969985,
            52.34943
          ],
          [
            4.969929,
            52.34948
          ],
          [
            4.969875,
            52.349533
          ],
          [
            4.969826,
            52.349583
          ],
          [
            4.969777,
            52.349628
          ],
          [
            4.969723,
            52.349682
          ],
          [
            4.969672,
            52.349735
          ],
          [
            4.969622,
            52.349789
          ],
          [
            4.969586,
            52.349846
          ],
          [
            4.969532,
            52.349903
          ],
          [
            4.969486,
            52.349953
          ],
          [
            4.969439,
            52.350006
          ],
          [
            4.969388,
            52.350052
          ],
          [
            4.969345,
            52.350101
          ],
          [
            4.96931,
            52.350143
          ],
          [
            4.969276,
            52.350189
          ],
          [
            4.969241,
            52.350235
          ],
          [
            4.969216,
            52.350281
          ],
          [
            4.969185,
            52.35033
          ],
          [
            4.969157,
            52.350376
          ],
          [
            4.969127,
            52.350426
          ],
          [
            4.969091,
            52.350475
          ],
          [
            4.969055,
            52.350533
          ],
          [
            4.969023,
            52.350582
          ],
          [
            4.968996,
            52.350632
          ],
          [
            4.968975,
            52.350681
          ],
          [
            4.968968,
            52.350731
          ],
          [
            4.968961,
            52.350769
          ],
          [
            4.968954,
            52.350811
          ],
          [
            4.968944,
            52.350841
          ],
          [
            4.968927,
            52.350868
          ],
          [
            4.968927,
            52.350868
          ],
          [
            4.968927,
            52.350868
          ],
          [
            4.968927,
            52.350868
          ],
          [
            4.968898,
            52.35088
          ],
          [
            4.968898,
            52.35088
          ],
          [
            4.968857,
            52.350891
          ],
          [
            4.968838,
            52.350891
          ],
          [
            4.968817,
            52.350887
          ],
          [
            4.968817,
            52.350887
          ],
          [
            4.968772,
            52.350906
          ],
          [
            4.968765,
            52.350918
          ],
          [
            4.968755,
            52.350922
          ],
          [
            4.968755,
            52.350922
          ],
          [
            4.96871,
            52.350922
          ],
          [
            4.968694,
            52.350918
          ],
          [
            4.96867,
            52.350914
          ],
          [
            4.968643,
            52.35091
          ],
          [
            4.968615,
            52.350903
          ],
          [
            4.968592,
            52.350895
          ],
          [
            4.96856,
            52.350891
          ],
          [
            4.968509,
            52.350883
          ],
          [
            4.968474,
            52.350872
          ],
          [
            4.968366,
            52.350845
          ],
          [
            4.968301,
            52.350826
          ],
          [
            4.968237,
            52.350811
          ],
          [
            4.968174,
            52.3508
          ],
          [
            4.968113,
            52.350784
          ],
          [
            4.968051,
            52.350769
          ],
          [
            4.967992,
            52.350754
          ],
          [
            4.967935,
            52.350746
          ],
          [
            4.967875,
            52.350731
          ],
          [
            4.96781,
            52.350719
          ],
          [
            4.967739,
            52.350708
          ],
          [
            4.967667,
            52.3507
          ],
          [
            4.967597,
            52.350689
          ],
          [
            4.967529,
            52.350685
          ],
          [
            4.96746,
            52.350674
          ],
          [
            4.967389,
            52.350658
          ],
          [
            4.96732,
            52.350651
          ],
          [
            4.967258,
            52.350658
          ],
          [
            4.967211,
            52.350685
          ],
          [
            4.967179,
            52.350712
          ],
          [
            4.967155,
            52.350735
          ],
          [
            4.96712,
            52.350765
          ],
          [
            4.967085,
            52.350792
          ],
          [
            4.967055,
            52.350826
          ],
          [
            4.967032,
            52.350857
          ],
          [
            4.967013,
            52.350895
          ],
          [
            4.966978,
            52.350937
          ],
          [
            4.966947,
            52.350994
          ],
          [
            4.966915,
            52.351044
          ],
          [
            4.966885,
            52.351097
          ],
          [
            4.966856,
            52.351139
          ],
          [
            4.966818,
            52.351196
          ],
          [
            4.966783,
            52.35125
          ],
          [
            4.966736,
            52.351311
          ],
          [
            4.966699,
            52.351356
          ],
          [
            4.966658,
            52.35141
          ],
          [
            4.96663,
            52.351448
          ],
          [
            4.966581,
            52.351513
          ],
          [
            4.966532,
            52.351578
          ],
          [
            4.966486,
            52.351639
          ],
          [
            4.96644,
            52.3517
          ],
          [
            4.966396,
            52.351749
          ],
          [
            4.966346,
            52.351807
          ],
          [
            4.966291,
            52.351864
          ],
          [
            4.966235,
            52.351917
          ],
          [
            4.966175,
            52.351971
          ],
          [
            4.966123,
            52.352013
          ],
          [
            4.966067,
            52.352051
          ],
          [
            4.966009,
            52.3521
          ],
          [
            4.965953,
            52.352142
          ],
          [
            4.965888,
            52.352177
          ],
          [
            4.965825,
            52.352219
          ],
          [
            4.965764,
            52.352264
          ],
          [
            4.965705,
            52.352314
          ],
          [
            4.965651,
            52.35236
          ],
          [
            4.965591,
            52.352409
          ],
          [
            4.965533,
            52.352463
          ],
          [
            4.965476,
            52.352509
          ],
          [
            4.965434,
            52.352562
          ],
          [
            4.965405,
            52.352604
          ],
          [
            4.965387,
            52.352638
          ],
          [
            4.965392,
            52.352661
          ],
          [
            4.965404,
            52.352676
          ],
          [
            4.96541,
            52.352699
          ],
          [
            4.96542,
            52.352718
          ],
          [
            4.965439,
            52.352749
          ],
          [
            4.96545,
            52.352772
          ],
          [
            4.965465,
            52.352795
          ],
          [
            4.965495,
            52.352818
          ],
          [
            4.965526,
            52.352856
          ],
          [
            4.965556,
            52.352898
          ],
          [
            4.965595,
            52.352943
          ],
          [
            4.965632,
            52.352982
          ],
          [
            4.965674,
            52.353031
          ],
          [
            4.965712,
            52.353073
          ],
          [
            4.965751,
            52.353115
          ],
          [
            4.965797,
            52.353161
          ],
          [
            4.965836,
            52.353191
          ],
          [
            4.965875,
            52.353233
          ],
          [
            4.965897,
            52.353271
          ],
          [
            4.965927,
            52.35331
          ],
          [
            4.965961,
            52.353344
          ],
          [
            4.96599,
            52.353382
          ],
          [
            4.966016,
            52.353413
          ],
          [
            4.966042,
            52.353443
          ],
          [
            4.966062,
            52.353474
          ],
          [
            4.966087,
            52.353512
          ],
          [
            4.966115,
            52.35355
          ],
          [
            4.966143,
            52.353584
          ],
          [
            4.966166,
            52.353626
          ],
          [
            4.966192,
            52.353664
          ],
          [
            4.966219,
            52.35371
          ],
          [
            4.966248,
            52.353752
          ],
          [
            4.96627,
            52.353794
          ],
          [
            4.966298,
            52.353844
          ],
          [
            4.96631,
            52.353889
          ],
          [
            4.966314,
            52.353935
          ],
          [
            4.966316,
            52.353977
          ],
          [
            4.96631,
            52.354027
          ],
          [
            4.966308,
            52.354069
          ],
          [
            4.966299,
            52.354111
          ],
          [
            4.966295,
            52.354149
          ],
          [
            4.966286,
            52.354179
          ],
          [
            4.966275,
            52.354214
          ],
          [
            4.966256,
            52.354244
          ],
          [
            4.966246,
            52.354275
          ],
          [
            4.966232,
            52.354301
          ],
          [
            4.966224,
            52.354328
          ],
          [
            4.966209,
            52.354355
          ],
          [
            4.966201,
            52.354393
          ],
          [
            4.966191,
            52.354439
          ],
          [
            4.966186,
            52.354485
          ],
          [
            4.966184,
            52.354534
          ],
          [
            4.966187,
            52.354576
          ],
          [
            4.966196,
            52.354622
          ],
          [
            4.966203,
            52.354672
          ],
          [
            4.966212,
            52.354725
          ],
          [
            4.966221,
            52.354782
          ],
          [
            4.966233,
            52.354847
          ],
          [
            4.966245,
            52.3549
          ],
          [
            4.966257,
            52.354958
          ],
          [
            4.966271,
            52.355019
          ],
          [
            4.966283,
            52.35508
          ],
          [
            4.966301,
            52.355125
          ],
          [
            4.96631,
            52.355164
          ],
          [
            4.966319,
            52.355187
          ],
          [
            4.966319,
            52.355187
          ],
          [
            4.966346,
            52.355232
          ],
          [
            4.966359,
            52.355244
          ],
          [
            4.966373,
            52.355259
          ],
          [
            4.96639,
            52.355286
          ],
          [
            4.966406,
            52.355309
          ],
          [
            4.966433,
            52.355343
          ],
          [
            4.966459,
            52.355381
          ],
          [
            4.966494,
            52.355415
          ],
          [
            4.96653,
            52.355457
          ],
          [
            4.966558,
            52.355499
          ],
          [
            4.966585,
            52.355545
          ],
          [
            4.96661,
            52.355583
          ],
          [
            4.966636,
            52.355625
          ],
          [
            4.966665,
            52.355667
          ],
          [
            4.966691,
            52.355717
          ],
          [
            4.966713,
            52.355755
          ],
          [
            4.966742,
            52.355801
          ],
          [
            4.96677,
            52.355839
          ],
          [
            4.966797,
            52.355881
          ],
          [
            4.966821,
            52.355915
          ],
          [
            4.966845,
            52.355957
          ],
          [
            4.966865,
            52.355988
          ],
          [
            4.966879,
            52.356014
          ],
          [
            4.966885,
            52.356033
          ],
          [
            4.966893,
            52.356052
          ],
          [
            4.96691,
            52.356068
          ],
          [
            4.966939,
            52.356079
          ],
          [
            4.966979,
            52.356075
          ],
          [
            4.967017,
            52.356071
          ],
          [
            4.967096,
            52.35606
          ],
          [
            4.967162,
            52.356052
          ],
          [
            4.967228,
            52.356049
          ],
          [
            4.967299,
            52.356049
          ],
          [
            4.967377,
            52.356045
          ],
          [
            4.967454,
            52.356045
          ],
          [
            4.96752,
            52.356041
          ],
          [
            4.967604,
            52.356037
          ],
          [
            4.967671,
            52.356033
          ],
          [
            4.967752,
            52.356022
          ],
          [
            4.967824,
            52.35601
          ],
          [
            4.967897,
            52.356003
          ],
          [
            4.967964,
            52.355991
          ],
          [
            4.968019,
            52.355976
          ],
          [
            4.968074,
            52.355961
          ],
          [
            4.968121,
            52.355946
          ],
          [
            4.968165,
            52.355938
          ],
          [
            4.968165,
            52.355938
          ],
          [
            4.968165,
            52.355938
          ],
          [
            4.968165,
            52.355938
          ],
          [
            4.968165,
            52.355938
          ],
          [
            4.968231,
            52.355942
          ],
          [
            4.968246,
            52.355946
          ],
          [
            4.968246,
            52.355946
          ],
          [
            4.968218,
            52.355965
          ],
          [
            4.968192,
            52.355968
          ],
          [
            4.96816,
            52.355976
          ],
          [
            4.96811,
            52.355988
          ],
          [
            4.96805,
            52.355999
          ],
          [
            4.967978,
            52.35601
          ],
          [
            4.967902,
            52.356022
          ],
          [
            4.967827,
            52.356033
          ],
          [
            4.967744,
            52.356041
          ],
          [
            4.967658,
            52.356049
          ],
          [
            4.967576,
            52.356056
          ],
          [
            4.967481,
            52.356064
          ],
          [
            4.967382,
            52.356068
          ],
          [
            4.967294,
            52.356071
          ],
          [
            4.967229,
            52.356075
          ],
          [
            4.967077,
            52.356091
          ],
          [
            4.966962,
            52.356102
          ],
          [
            4.966862,
            52.356117
          ],
          [
            4.966761,
            52.356136
          ],
          [
            4.966683,
            52.356148
          ],
          [
            4.96659,
            52.356167
          ],
          [
            4.966506,
            52.356182
          ],
          [
            4.966419,
            52.356201
          ],
          [
            4.966351,
            52.356213
          ],
          [
            4.966307,
            52.356224
          ],
          [
            4.966274,
            52.356232
          ],
          [
            4.9662,
            52.356251
          ],
          [
            4.966093,
            52.35627
          ],
          [
            4.966067,
            52.356274
          ],
          [
            4.965851,
            52.356312
          ],
          [
            4.965694,
            52.356346
          ],
          [
            4.965571,
            52.356381
          ],
          [
            4.965481,
            52.3564
          ],
          [
            4.965351,
            52.35643
          ],
          [
            4.965241,
            52.356461
          ],
          [
            4.965168,
            52.356483
          ],
          [
            4.965099,
            52.356506
          ],
          [
            4.965016,
            52.356525
          ],
          [
            4.964931,
            52.356544
          ],
          [
            4.964865,
            52.356556
          ],
          [
            4.964817,
            52.356552
          ],
          [
            4.964814,
            52.356541
          ],
          [
            4.964827,
            52.356522
          ],
          [
            4.964852,
            52.356487
          ],
          [
            4.964857,
            52.356457
          ],
          [
            4.96485,
            52.356419
          ],
          [
            4.964826,
            52.356377
          ],
          [
            4.964789,
            52.356327
          ],
          [
            4.964757,
            52.356281
          ],
          [
            4.964725,
            52.356235
          ],
          [
            4.964693,
            52.356186
          ],
          [
            4.964657,
            52.356132
          ],
          [
            4.964622,
            52.356087
          ],
          [
            4.964577,
            52.356037
          ],
          [
            4.964522,
            52.355995
          ],
          [
            4.964465,
            52.355953
          ],
          [
            4.964403,
            52.355907
          ],
          [
            4.964347,
            52.355869
          ],
          [
            4.964295,
            52.355831
          ],
          [
            4.964243,
            52.355801
          ],
          [
            4.964193,
            52.355782
          ],
          [
            4.964149,
            52.355778
          ],
          [
            4.9641,
            52.355778
          ],
          [
            4.964052,
            52.355785
          ],
          [
            4.964008,
            52.355808
          ],
          [
            4.963957,
            52.355839
          ],
          [
            4.963898,
            52.355866
          ],
          [
            4.96383,
            52.355892
          ],
          [
            4.96376,
            52.355919
          ],
          [
            4.96369,
            52.355949
          ],
          [
            4.963613,
            52.355984
          ],
          [
            4.963536,
            52.356018
          ],
          [
            4.963448,
            52.356049
          ],
          [
            4.963361,
            52.356083
          ],
          [
            4.963279,
            52.356117
          ],
          [
            4.963196,
            52.356159
          ],
          [
            4.963121,
            52.356197
          ],
          [
            4.963044,
            52.356232
          ],
          [
            4.96297,
            52.356262
          ],
          [
            4.962875,
            52.3563
          ],
          [
            4.962792,
            52.356339
          ],
          [
            4.962712,
            52.356377
          ],
          [
            4.96262,
            52.356415
          ],
          [
            4.962534,
            52.356457
          ],
          [
            4.962454,
            52.356491
          ],
          [
            4.962397,
            52.356518
          ],
          [
            4.962317,
            52.356552
          ],
          [
            4.962229,
            52.35659
          ],
          [
            4.962175,
            52.356617
          ],
          [
            4.962106,
            52.356651
          ],
          [
            4.962024,
            52.356689
          ],
          [
            4.961938,
            52.356731
          ],
          [
            4.961865,
            52.356766
          ],
          [
            4.961789,
            52.3568
          ],
          [
            4.961723,
            52.356827
          ],
          [
            4.961631,
            52.356861
          ],
          [
            4.961562,
            52.356892
          ],
          [
            4.961508,
            52.356915
          ],
          [
            4.961443,
            52.356937
          ],
          [
            4.961374,
            52.356968
          ],
          [
            4.961307,
            52.357002
          ],
          [
            4.961242,
            52.357037
          ],
          [
            4.961176,
            52.357067
          ],
          [
            4.961108,
            52.357098
          ],
          [
            4.961042,
            52.357124
          ],
          [
            4.960974,
            52.357159
          ],
          [
            4.960915,
            52.357185
          ],
          [
            4.960855,
            52.357212
          ],
          [
            4.960794,
            52.357239
          ],
          [
            4.96074,
            52.357269
          ],
          [
            4.960666,
            52.357296
          ],
          [
            4.960601,
            52.357323
          ],
          [
            4.960544,
            52.357346
          ],
          [
            4.960447,
            52.35738
          ],
          [
            4.960368,
            52.357407
          ],
          [
            4.960281,
            52.357429
          ],
          [
            4.960192,
            52.357449
          ],
          [
            4.960099,
            52.357464
          ],
          [
            4.960004,
            52.357475
          ],
          [
            4.959904,
            52.357487
          ],
          [
            4.959807,
            52.357498
          ],
          [
            4.959754,
            52.357502
          ],
          [
            4.959629,
            52.35751
          ],
          [
            4.959529,
            52.357513
          ],
          [
            4.959438,
            52.357521
          ],
          [
            4.959351,
            52.357525
          ],
          [
            4.959291,
            52.357529
          ],
          [
            4.959179,
            52.357533
          ],
          [
            4.959101,
            52.357536
          ],
          [
            4.959047,
            52.357536
          ],
          [
            4.958935,
            52.35754
          ],
          [
            4.958847,
            52.357544
          ],
          [
            4.958766,
            52.357548
          ],
          [
            4.958655,
            52.357552
          ],
          [
            4.958546,
            52.357555
          ],
          [
            4.958442,
            52.357555
          ],
          [
            4.958341,
            52.357555
          ],
          [
            4.958289,
            52.357555
          ],
          [
            4.958158,
            52.357559
          ],
          [
            4.958031,
            52.357563
          ],
          [
            4.957936,
            52.357571
          ],
          [
            4.957816,
            52.357571
          ],
          [
            4.957701,
            52.357578
          ],
          [
            4.95763,
            52.357582
          ],
          [
            4.957501,
            52.357594
          ],
          [
            4.95739,
            52.357601
          ],
          [
            4.957283,
            52.357605
          ],
          [
            4.957184,
            52.357613
          ],
          [
            4.957109,
            52.357616
          ],
          [
            4.956983,
            52.357624
          ],
          [
            4.956874,
            52.357628
          ],
          [
            4.956775,
            52.357632
          ],
          [
            4.956671,
            52.357632
          ],
          [
            4.956592,
            52.357636
          ],
          [
            4.956467,
            52.357639
          ],
          [
            4.956377,
            52.357643
          ],
          [
            4.956262,
            52.357647
          ],
          [
            4.956158,
            52.357651
          ],
          [
            4.956085,
            52.357658
          ],
          [
            4.955955,
            52.357666
          ],
          [
            4.955856,
            52.357674
          ],
          [
            4.955752,
            52.357681
          ],
          [
            4.955648,
            52.357681
          ],
          [
            4.955545,
            52.357685
          ],
          [
            4.955465,
            52.357689
          ],
          [
            4.955346,
            52.357693
          ],
          [
            4.955243,
            52.3577
          ],
          [
            4.955142,
            52.3577
          ],
          [
            4.95504,
            52.357704
          ],
          [
            4.95497,
            52.357704
          ],
          [
            4.954837,
            52.357708
          ],
          [
            4.954734,
            52.357716
          ],
          [
            4.954639,
            52.357719
          ],
          [
            4.954536,
            52.357723
          ],
          [
            4.954453,
            52.357727
          ],
          [
            4.954338,
            52.357735
          ],
          [
            4.954247,
            52.357738
          ],
          [
            4.954165,
            52.357738
          ],
          [
            4.954038,
            52.357742
          ],
          [
            4.953957,
            52.357746
          ],
          [
            4.95382,
            52.35775
          ],
          [
            4.953716,
            52.357754
          ],
          [
            4.953615,
            52.357758
          ],
          [
            4.953515,
            52.357761
          ],
          [
            4.953445,
            52.357765
          ],
          [
            4.953313,
            52.357769
          ],
          [
            4.953208,
            52.357769
          ],
          [
            4.953105,
            52.357773
          ],
          [
            4.953005,
            52.357777
          ],
          [
            4.95294,
            52.35778
          ],
          [
            4.952803,
            52.357788
          ],
          [
            4.9527,
            52.357792
          ],
          [
            4.952599,
            52.357796
          ],
          [
            4.952499,
            52.357803
          ],
          [
            4.952432,
            52.357807
          ],
          [
            4.952297,
            52.357811
          ],
          [
            4.95219,
            52.357815
          ],
          [
            4.952086,
            52.357822
          ],
          [
            4.951986,
            52.357826
          ],
          [
            4.951914,
            52.35783
          ],
          [
            4.951778,
            52.357834
          ],
          [
            4.951675,
            52.357838
          ],
          [
            4.951573,
            52.357841
          ],
          [
            4.951476,
            52.357845
          ],
          [
            4.951389,
            52.357849
          ],
          [
            4.951272,
            52.357853
          ],
          [
            4.95117,
            52.357857
          ],
          [
            4.951072,
            52.357861
          ],
          [
            4.950969,
            52.357864
          ],
          [
            4.950902,
            52.357868
          ],
          [
            4.950796,
            52.357872
          ],
          [
            4.95069,
            52.357883
          ],
          [
            4.950576,
            52.357887
          ],
          [
            4.950469,
            52.357891
          ],
          [
            4.95039,
            52.357891
          ],
          [
            4.950261,
            52.357895
          ],
          [
            4.950167,
            52.357899
          ],
          [
            4.950075,
            52.357899
          ],
          [
            4.949984,
            52.357902
          ],
          [
            4.949885,
            52.357906
          ],
          [
            4.949749,
            52.357918
          ],
          [
            4.949647,
            52.357922
          ],
          [
            4.949546,
            52.357929
          ],
          [
            4.949447,
            52.357929
          ],
          [
            4.949371,
            52.357933
          ],
          [
            4.949243,
            52.357937
          ],
          [
            4.94914,
            52.357944
          ],
          [
            4.94904,
            52.357948
          ],
          [
            4.948946,
            52.357956
          ],
          [
            4.948853,
            52.35796
          ],
          [
            4.94875,
            52.357964
          ],
          [
            4.948652,
            52.357967
          ],
          [
            4.948551,
            52.357971
          ],
          [
            4.948452,
            52.357975
          ],
          [
            4.948391,
            52.357979
          ],
          [
            4.948253,
            52.357983
          ],
          [
            4.948151,
            52.357983
          ],
          [
            4.94805,
            52.357986
          ],
          [
            4.947948,
            52.35799
          ],
          [
            4.947878,
            52.35799
          ],
          [
            4.947746,
            52.357994
          ],
          [
            4.947629,
            52.357998
          ],
          [
            4.947525,
            52.358002
          ],
          [
            4.947423,
            52.358006
          ],
          [
            4.947359,
            52.358009
          ],
          [
            4.947221,
            52.358017
          ],
          [
            4.947117,
            52.358017
          ],
          [
            4.947015,
            52.358028
          ],
          [
            4.946914,
            52.35804
          ],
          [
            4.946849,
            52.35804
          ],
          [
            4.946728,
            52.35804
          ],
          [
            4.946601,
            52.358047
          ],
          [
            4.946497,
            52.358047
          ],
          [
            4.946397,
            52.358051
          ],
          [
            4.946323,
            52.358055
          ],
          [
            4.946187,
            52.358059
          ],
          [
            4.946085,
            52.358063
          ],
          [
            4.945988,
            52.358067
          ],
          [
            4.94588,
            52.358067
          ],
          [
            4.945809,
            52.35807
          ],
          [
            4.945679,
            52.35807
          ],
          [
            4.945567,
            52.358074
          ],
          [
            4.945469,
            52.358082
          ],
          [
            4.945366,
            52.358089
          ],
          [
            4.945274,
            52.358093
          ],
          [
            4.945209,
            52.358093
          ],
          [
            4.945159,
            52.358097
          ],
          [
            4.945091,
            52.358101
          ],
          [
            4.945013,
            52.358105
          ],
          [
            4.94497,
            52.358105
          ],
          [
            4.944855,
            52.358109
          ],
          [
            4.944763,
            52.358112
          ],
          [
            4.944664,
            52.358116
          ],
          [
            4.944564,
            52.35812
          ],
          [
            4.944527,
            52.35812
          ],
          [
            4.944388,
            52.358124
          ],
          [
            4.944288,
            52.358131
          ],
          [
            4.944178,
            52.358135
          ],
          [
            4.944088,
            52.358139
          ],
          [
            4.944037,
            52.358143
          ],
          [
            4.943891,
            52.358147
          ],
          [
            4.943808,
            52.358151
          ],
          [
            4.943693,
            52.358151
          ],
          [
            4.943571,
            52.358154
          ],
          [
            4.943461,
            52.358158
          ],
          [
            4.94341,
            52.358158
          ],
          [
            4.943274,
            52.358166
          ],
          [
            4.94316,
            52.358173
          ],
          [
            4.943055,
            52.358177
          ],
          [
            4.942975,
            52.358181
          ],
          [
            4.942859,
            52.358185
          ],
          [
            4.942756,
            52.358189
          ],
          [
            4.942663,
            52.358196
          ],
          [
            4.94256,
            52.3582
          ],
          [
            4.942513,
            52.3582
          ],
          [
            4.942374,
            52.358208
          ],
          [
            4.942267,
            52.358212
          ],
          [
            4.94216,
            52.358215
          ],
          [
            4.942058,
            52.358219
          ],
          [
            4.941964,
            52.358227
          ],
          [
            4.941859,
            52.358227
          ],
          [
            4.941763,
            52.358231
          ],
          [
            4.941725,
            52.358231
          ],
          [
            4.941596,
            52.358227
          ],
          [
            4.941503,
            52.358227
          ],
          [
            4.941415,
            52.358227
          ],
          [
            4.941334,
            52.358231
          ],
          [
            4.941268,
            52.358231
          ],
          [
            4.941195,
            52.358234
          ],
          [
            4.941127,
            52.358238
          ],
          [
            4.941057,
            52.358246
          ],
          [
            4.940992,
            52.35825
          ],
          [
            4.94094,
            52.358253
          ],
          [
            4.940895,
            52.358257
          ],
          [
            4.940895,
            52.358257
          ],
          [
            4.940824,
            52.358253
          ],
          [
            4.940808,
            52.358238
          ],
          [
            4.940806,
            52.358227
          ],
          [
            4.940811,
            52.358208
          ],
          [
            4.940822,
            52.358181
          ],
          [
            4.940832,
            52.358154
          ],
          [
            4.940847,
            52.358116
          ],
          [
            4.940861,
            52.358074
          ],
          [
            4.940871,
            52.358032
          ],
          [
            4.940878,
            52.357983
          ],
          [
            4.940883,
            52.357929
          ],
          [
            4.940886,
            52.357868
          ],
          [
            4.940891,
            52.357807
          ],
          [
            4.940878,
            52.357758
          ],
          [
            4.940862,
            52.357693
          ],
          [
            4.940835,
            52.357628
          ],
          [
            4.94081,
            52.357563
          ],
          [
            4.940771,
            52.357494
          ],
          [
            4.940731,
            52.357437
          ],
          [
            4.940682,
            52.357372
          ],
          [
            4.940635,
            52.357307
          ],
          [
            4.940583,
            52.357246
          ],
          [
            4.940523,
            52.357185
          ],
          [
            4.940455,
            52.357117
          ],
          [
            4.940392,
            52.357056
          ],
          [
            4.940329,
            52.356995
          ],
          [
            4.94026,
            52.356926
          ],
          [
            4.940201,
            52.356865
          ],
          [
            4.940145,
            52.356808
          ],
          [
            4.940096,
            52.356762
          ],
          [
            4.940035,
            52.356712
          ],
          [
            4.93998,
            52.356663
          ],
          [
            4.939913,
            52.356613
          ],
          [
            4.939884,
            52.356606
          ],
          [
            4.939766,
            52.356499
          ],
          [
            4.939682,
            52.356426
          ],
          [
            4.939602,
            52.356354
          ],
          [
            4.939527,
            52.356293
          ],
          [
            4.939473,
            52.356247
          ],
          [
            4.939439,
            52.356224
          ],
          [
            4.939427,
            52.356209
          ],
          [
            4.939427,
            52.356209
          ],
          [
            4.939427,
            52.356209
          ],
          [
            4.939427,
            52.356209
          ],
          [
            4.939427,
            52.356209
          ],
          [
            4.939427,
            52.356209
          ],
          [
            4.939353,
            52.356186
          ],
          [
            4.939343,
            52.356178
          ],
          [
            4.939327,
            52.356171
          ],
          [
            4.939308,
            52.356163
          ],
          [
            4.939287,
            52.356152
          ],
          [
            4.93926,
            52.356136
          ],
          [
            4.939238,
            52.356125
          ],
          [
            4.939216,
            52.356102
          ],
          [
            4.939205,
            52.356079
          ],
          [
            4.939199,
            52.356056
          ],
          [
            4.939198,
            52.356022
          ],
          [
            4.939203,
            52.355995
          ],
          [
            4.939212,
            52.355965
          ],
          [
            4.939229,
            52.355927
          ],
          [
            4.939249,
            52.3559
          ],
          [
            4.939281,
            52.355866
          ],
          [
            4.93932,
            52.355835
          ],
          [
            4.939369,
            52.355801
          ],
          [
            4.939418,
            52.35577
          ],
          [
            4.939468,
            52.355736
          ],
          [
            4.939529,
            52.355694
          ],
          [
            4.939583,
            52.355656
          ],
          [
            4.939646,
            52.355617
          ],
          [
            4.939716,
            52.355576
          ],
          [
            4.939784,
            52.355537
          ],
          [
            4.93985,
            52.355499
          ],
          [
            4.939923,
            52.355461
          ],
          [
            4.939999,
            52.355419
          ],
          [
            4.940071,
            52.355377
          ],
          [
            4.940136,
            52.355343
          ],
          [
            4.940201,
            52.355309
          ],
          [
            4.940266,
            52.355267
          ],
          [
            4.940331,
            52.355228
          ],
          [
            4.940392,
            52.35519
          ],
          [
            4.940458,
            52.355156
          ],
          [
            4.940513,
            52.355122
          ],
          [
            4.940569,
            52.355087
          ],
          [
            4.940618,
            52.355053
          ],
          [
            4.940671,
            52.355015
          ],
          [
            4.940717,
            52.354984
          ],
          [
            4.940767,
            52.35495
          ],
          [
            4.940814,
            52.354916
          ],
          [
            4.940864,
            52.354885
          ],
          [
            4.94092,
            52.354847
          ],
          [
            4.940973,
            52.354809
          ],
          [
            4.941033,
            52.354767
          ],
          [
            4.94108,
            52.354733
          ],
          [
            4.941121,
            52.354691
          ],
          [
            4.941154,
            52.354645
          ],
          [
            4.941161,
            52.354607
          ],
          [
            4.941146,
            52.354557
          ],
          [
            4.941115,
            52.354511
          ],
          [
            4.941082,
            52.354481
          ],
          [
            4.941002,
            52.354427
          ],
          [
            4.940939,
            52.354385
          ],
          [
            4.940875,
            52.354343
          ],
          [
            4.940812,
            52.354309
          ],
          [
            4.940737,
            52.354263
          ],
          [
            4.940661,
            52.354218
          ],
          [
            4.940588,
            52.354176
          ],
          [
            4.940515,
            52.35413
          ],
          [
            4.940446,
            52.354088
          ],
          [
            4.940382,
            52.354054
          ],
          [
            4.940297,
            52.354
          ],
          [
            4.940223,
            52.353958
          ],
          [
            4.940151,
            52.353916
          ],
          [
            4.940083,
            52.353874
          ],
          [
            4.940006,
            52.353828
          ],
          [
            4.939927,
            52.353783
          ],
          [
            4.939853,
            52.353737
          ],
          [
            4.939782,
            52.353695
          ],
          [
            4.939684,
            52.353638
          ],
          [
            4.939576,
            52.353577
          ],
          [
            4.939487,
            52.353523
          ],
          [
            4.939421,
            52.353489
          ],
          [
            4.939361,
            52.353474
          ],
          [
            4.93935,
            52.353478
          ],
          [
            4.939228,
            52.3535
          ],
          [
            4.939162,
            52.353527
          ],
          [
            4.939112,
            52.353558
          ],
          [
            4.939063,
            52.353592
          ],
          [
            4.939025,
            52.35363
          ],
          [
            4.938977,
            52.353661
          ],
          [
            4.938928,
            52.353691
          ],
          [
            4.93888,
            52.353722
          ],
          [
            4.938838,
            52.353744
          ],
          [
            4.938793,
            52.353775
          ],
          [
            4.938752,
            52.353798
          ],
          [
            4.938695,
            52.353809
          ],
          [
            4.938686,
            52.353806
          ],
          [
            4.938669,
            52.353806
          ],
          [
            4.938545,
            52.353767
          ],
          [
            4.938493,
            52.353741
          ],
          [
            4.938446,
            52.353714
          ],
          [
            4.938395,
            52.353687
          ],
          [
            4.938342,
            52.353653
          ],
          [
            4.938291,
            52.353615
          ],
          [
            4.938247,
            52.353588
          ],
          [
            4.9382,
            52.353565
          ],
          [
            4.93816,
            52.353542
          ],
          [
            4.938108,
            52.353516
          ],
          [
            4.938066,
            52.353497
          ],
          [
            4.938024,
            52.35347
          ],
          [
            4.93799,
            52.353443
          ],
          [
            4.937949,
            52.353416
          ],
          [
            4.937901,
            52.35339
          ],
          [
            4.93785,
            52.353359
          ],
          [
            4.937808,
            52.353333
          ],
          [
            4.937765,
            52.353302
          ],
          [
            4.937721,
            52.353268
          ],
          [
            4.937659,
            52.353229
          ],
          [
            4.937589,
            52.353203
          ],
          [
            4.937522,
            52.353165
          ],
          [
            4.937451,
            52.353123
          ],
          [
            4.937375,
            52.353085
          ],
          [
            4.937299,
            52.353046
          ],
          [
            4.937228,
            52.353008
          ],
          [
            4.93716,
            52.35297
          ],
          [
            4.937089,
            52.352924
          ],
          [
            4.937019,
            52.352879
          ],
          [
            4.936951,
            52.352833
          ],
          [
            4.936878,
            52.352795
          ],
          [
            4.936808,
            52.352753
          ],
          [
            4.936739,
            52.352715
          ],
          [
            4.936684,
            52.352684
          ],
          [
            4.936633,
            52.352653
          ],
          [
            4.936579,
            52.352615
          ],
          [
            4.936547,
            52.352581
          ],
          [
            4.936525,
            52.352543
          ],
          [
            4.936527,
            52.352509
          ],
          [
            4.936542,
            52.352474
          ],
          [
            4.936585,
            52.352436
          ],
          [
            4.936636,
            52.352394
          ],
          [
            4.936686,
            52.35236
          ],
          [
            4.936737,
            52.352325
          ],
          [
            4.936791,
            52.352295
          ],
          [
            4.936846,
            52.352257
          ],
          [
            4.936904,
            52.352222
          ],
          [
            4.936962,
            52.352184
          ],
          [
            4.936998,
            52.352158
          ],
          [
            4.937005,
            52.352116
          ],
          [
            4.937009,
            52.352074
          ],
          [
            4.93702,
            52.352074
          ],
          [
            4.936959,
            52.352013
          ],
          [
            4.93691,
            52.351974
          ],
          [
            4.936851,
            52.351933
          ],
          [
            4.936796,
            52.351894
          ],
          [
            4.936736,
            52.35186
          ],
          [
            4.936671,
            52.351822
          ],
          [
            4.936601,
            52.35178
          ],
          [
            4.936527,
            52.351734
          ],
          [
            4.936457,
            52.351692
          ],
          [
            4.936385,
            52.35165
          ],
          [
            4.936318,
            52.351608
          ],
          [
            4.936245,
            52.351566
          ],
          [
            4.936173,
            52.351521
          ],
          [
            4.936106,
            52.351479
          ],
          [
            4.936038,
            52.351437
          ],
          [
            4.935973,
            52.351398
          ],
          [
            4.935915,
            52.35136
          ],
          [
            4.935868,
            52.351337
          ],
          [
            4.935778,
            52.351295
          ],
          [
            4.935717,
            52.351261
          ],
          [
            4.935678,
            52.351242
          ],
          [
            4.935597,
            52.3512
          ],
          [
            4.935555,
            52.351173
          ],
          [
            4.935503,
            52.351139
          ],
          [
            4.935452,
            52.351109
          ],
          [
            4.935398,
            52.351082
          ],
          [
            4.935352,
            52.351055
          ],
          [
            4.935314,
            52.351032
          ],
          [
            4.935266,
            52.351025
          ],
          [
            4.935266,
            52.351025
          ],
          [
            4.935162,
            52.351025
          ],
          [
            4.935135,
            52.351025
          ],
          [
            4.935135,
            52.351025
          ],
          [
            4.935135,
            52.351025
          ],
          [
            4.935135,
            52.351025
          ],
          [
            4.935135,
            52.351025
          ],
          [
            4.935075,
            52.351002
          ],
          [
            4.93506,
            52.350998
          ],
          [
            4.935051,
            52.350986
          ],
          [
            4.935033,
            52.350975
          ],
          [
            4.935018,
            52.35096
          ],
          [
            4.934994,
            52.350937
          ],
          [
            4.934964,
            52.350918
          ],
          [
            4.934942,
            52.350903
          ],
          [
            4.934907,
            52.350891
          ],
          [
            4.93487,
            52.350883
          ],
          [
            4.934869,
            52.350883
          ],
          [
            4.934849,
            52.350887
          ],
          [
            4.934826,
            52.350899
          ],
          [
            4.934792,
            52.350918
          ],
          [
            4.934757,
            52.350937
          ],
          [
            4.934717,
            52.350964
          ],
          [
            4.934675,
            52.35099
          ],
          [
            4.934628,
            52.351013
          ],
          [
            4.93459,
            52.351036
          ],
          [
            4.934539,
            52.35107
          ],
          [
            4.934488,
            52.351097
          ],
          [
            4.93444,
            52.351128
          ],
          [
            4.934388,
            52.351166
          ],
          [
            4.934341,
            52.3512
          ],
          [
            4.934287,
            52.351231
          ],
          [
            4.93423,
            52.351265
          ],
          [
            4.934175,
            52.351295
          ],
          [
            4.93411,
            52.351334
          ],
          [
            4.934057,
            52.351364
          ],
          [
            4.933997,
            52.351398
          ],
          [
            4.933945,
            52.351433
          ],
          [
            4.9339,
            52.351456
          ],
          [
            4.933847,
            52.35149
          ],
          [
            4.933797,
            52.351517
          ],
          [
            4.933749,
            52.351551
          ],
          [
            4.933704,
            52.351582
          ],
          [
            4.93366,
            52.351612
          ],
          [
            4.933611,
            52.351643
          ],
          [
            4.933576,
            52.351662
          ],
          [
            4.933537,
            52.351681
          ],
          [
            4.933503,
            52.3517
          ],
          [
            4.93348,
            52.351719
          ],
          [
            4.933452,
            52.351719
          ],
          [
            4.933297,
            52.351669
          ],
          [
            4.933252,
            52.351646
          ],
          [
            4.933198,
            52.351616
          ],
          [
            4.933166,
            52.351601
          ],
          [
            4.933075,
            52.351559
          ],
          [
            4.933019,
            52.351524
          ],
          [
            4.932978,
            52.351494
          ],
          [
            4.932916,
            52.351456
          ],
          [
            4.932868,
            52.351425
          ],
          [
            4.932819,
            52.351398
          ],
          [
            4.93278,
            52.351376
          ],
          [
            4.932692,
            52.35133
          ],
          [
            4.932634,
            52.351292
          ],
          [
            4.932574,
            52.351254
          ],
          [
            4.932514,
            52.351215
          ],
          [
            4.932489,
            52.351196
          ],
          [
            4.932364,
            52.351124
          ],
          [
            4.932293,
            52.351093
          ],
          [
            4.932216,
            52.351048
          ],
          [
            4.932169,
            52.351017
          ],
          [
            4.932067,
            52.350956
          ],
          [
            4.931994,
            52.350918
          ],
          [
            4.931925,
            52.350876
          ],
          [
            4.93186,
            52.350838
          ],
          [
            4.931811,
            52.350807
          ],
          [
            4.931712,
            52.350746
          ],
          [
            4.931641,
            52.350712
          ],
          [
            4.931565,
            52.35067
          ],
          [
            4.931527,
            52.350655
          ],
          [
            4.931432,
            52.35059
          ],
          [
            4.931348,
            52.350552
          ],
          [
            4.931275,
            52.350506
          ],
          [
            4.931194,
            52.35046
          ],
          [
            4.931154,
            52.350433
          ],
          [
            4.931039,
            52.350368
          ],
          [
            4.930955,
            52.350319
          ],
          [
            4.930882,
            52.350277
          ],
          [
            4.930811,
            52.350231
          ],
          [
            4.930737,
            52.350189
          ],
          [
            4.930661,
            52.350143
          ],
          [
            4.930595,
            52.350098
          ],
          [
            4.930528,
            52.350052
          ],
          [
            4.93046,
            52.350014
          ],
          [
            4.930391,
            52.349976
          ],
          [
            4.930325,
            52.349937
          ],
          [
            4.930257,
            52.349899
          ],
          [
            4.930189,
            52.349857
          ],
          [
            4.930126,
            52.349815
          ],
          [
            4.930066,
            52.349781
          ],
          [
            4.930007,
            52.349747
          ],
          [
            4.929975,
            52.349724
          ],
          [
            4.929888,
            52.34967
          ],
          [
            4.929829,
            52.349636
          ],
          [
            4.929771,
            52.349613
          ],
          [
            4.929709,
            52.349583
          ],
          [
            4.929653,
            52.349548
          ],
          [
            4.92959,
            52.349514
          ],
          [
            4.92953,
            52.349476
          ],
          [
            4.929463,
            52.349434
          ],
          [
            4.929401,
            52.349396
          ],
          [
            4.929335,
            52.349354
          ],
          [
            4.929264,
            52.349312
          ],
          [
            4.929189,
            52.349266
          ],
          [
            4.92911,
            52.349216
          ],
          [
            4.929039,
            52.349174
          ],
          [
            4.928971,
            52.349133
          ],
          [
            4.928895,
            52.349091
          ],
          [
            4.928823,
            52.349052
          ],
          [
            4.928745,
            52.34901
          ],
          [
            4.928675,
            52.348965
          ],
          [
            4.928603,
            52.348923
          ],
          [
            4.928535,
            52.348881
          ],
          [
            4.928463,
            52.348843
          ],
          [
            4.928395,
            52.348808
          ],
          [
            4.928335,
            52.348774
          ],
          [
            4.928268,
            52.348736
          ],
          [
            4.928206,
            52.348694
          ],
          [
            4.928152,
            52.348663
          ],
          [
            4.928111,
            52.34864
          ],
          [
            4.928085,
            52.348625
          ],
          [
            4.928085,
            52.348625
          ],
          [
            4.928085,
            52.348625
          ],
          [
            4.928085,
            52.348625
          ],
          [
            4.928085,
            52.348625
          ],
          [
            4.928034,
            52.348541
          ],
          [
            4.928013,
            52.348537
          ],
          [
            4.92799,
            52.348522
          ],
          [
            4.927966,
            52.348507
          ],
          [
            4.927943,
            52.348492
          ],
          [
            4.927916,
            52.348484
          ],
          [
            4.92789,
            52.348473
          ],
          [
            4.927858,
            52.348461
          ],
          [
            4.927827,
            52.348446
          ],
          [
            4.927802,
            52.348423
          ],
          [
            4.927802,
            52.348415
          ],
          [
            4.927805,
            52.348415
          ],
          [
            4.927861,
            52.348347
          ],
          [
            4.927905,
            52.348316
          ],
          [
            4.927946,
            52.348274
          ],
          [
            4.927983,
            52.348232
          ],
          [
            4.928012,
            52.348206
          ],
          [
            4.928064,
            52.348167
          ],
          [
            4.928154,
            52.34811
          ],
          [
            4.928221,
            52.348068
          ],
          [
            4.928292,
            52.348026
          ],
          [
            4.92836,
            52.347988
          ],
          [
            4.928432,
            52.34795
          ],
          [
            4.928508,
            52.347908
          ],
          [
            4.928587,
            52.347874
          ],
          [
            4.928658,
            52.347843
          ],
          [
            4.928721,
            52.347805
          ],
          [
            4.928784,
            52.347771
          ],
          [
            4.928844,
            52.347733
          ],
          [
            4.928892,
            52.347698
          ],
          [
            4.928937,
            52.347656
          ],
          [
            4.928974,
            52.34761
          ],
          [
            4.928962,
            52.347622
          ],
          [
            4.928963,
            52.347614
          ],
          [
            4.928912,
            52.347488
          ],
          [
            4.928849,
            52.34745
          ],
          [
            4.928782,
            52.347416
          ],
          [
            4.928717,
            52.347378
          ],
          [
            4.928649,
            52.347336
          ],
          [
            4.928575,
            52.347294
          ],
          [
            4.928497,
            52.347252
          ],
          [
            4.928417,
            52.347206
          ],
          [
            4.928342,
            52.34716
          ],
          [
            4.928263,
            52.347118
          ],
          [
            4.928189,
            52.347076
          ],
          [
            4.928106,
            52.347027
          ],
          [
            4.92803,
            52.346985
          ],
          [
            4.927957,
            52.346943
          ],
          [
            4.927878,
            52.346901
          ],
          [
            4.927803,
            52.346859
          ],
          [
            4.927724,
            52.346821
          ],
          [
            4.927652,
            52.346783
          ],
          [
            4.927575,
            52.346741
          ],
          [
            4.927496,
            52.346695
          ],
          [
            4.927432,
            52.346649
          ],
          [
            4.927369,
            52.346592
          ],
          [
            4.927323,
            52.346554
          ],
          [
            4.927234,
            52.3465
          ],
          [
            4.927222,
            52.3465
          ],
          [
            4.927042,
            52.346436
          ],
          [
            4.926962,
            52.346397
          ],
          [
            4.926895,
            52.346363
          ],
          [
            4.92682,
            52.346321
          ],
          [
            4.92673,
            52.346275
          ],
          [
            4.92665,
            52.346233
          ],
          [
            4.92657,
            52.346199
          ],
          [
            4.926486,
            52.346165
          ],
          [
            4.926399,
            52.346142
          ],
          [
            4.926304,
            52.346119
          ],
          [
            4.926214,
            52.3461
          ],
          [
            4.926111,
            52.346077
          ],
          [
            4.926013,
            52.346062
          ],
          [
            4.925915,
            52.34605
          ],
          [
            4.925819,
            52.346039
          ],
          [
            4.925733,
            52.346031
          ],
          [
            4.925611,
            52.346027
          ],
          [
            4.925511,
            52.34602
          ],
          [
            4.925413,
            52.34602
          ],
          [
            4.92533,
            52.346024
          ],
          [
            4.925214,
            52.346024
          ],
          [
            4.925117,
            52.34602
          ],
          [
            4.925015,
            52.346024
          ],
          [
            4.924916,
            52.34602
          ],
          [
            4.924843,
            52.346016
          ],
          [
            4.92473,
            52.346008
          ],
          [
            4.924613,
            52.346004
          ],
          [
            4.924509,
            52.346001
          ],
          [
            4.924408,
            52.346001
          ],
          [
            4.924339,
            52.346004
          ],
          [
            4.924201,
            52.346008
          ],
          [
            4.924104,
            52.346004
          ],
          [
            4.924005,
            52.346004
          ],
          [
            4.923907,
            52.346004
          ],
          [
            4.923843,
            52.346001
          ],
          [
            4.923703,
            52.346004
          ],
          [
            4.923601,
            52.346001
          ],
          [
            4.923517,
            52.346004
          ],
          [
            4.923399,
            52.346001
          ],
          [
            4.92333,
            52.346004
          ],
          [
            4.923198,
            52.346004
          ],
          [
            4.923093,
            52.346001
          ],
          [
            4.922993,
            52.346001
          ],
          [
            4.922905,
            52.346001
          ],
          [
            4.922795,
            52.346004
          ],
          [
            4.922696,
            52.346001
          ],
          [
            4.922597,
            52.346001
          ],
          [
            4.922492,
            52.345997
          ],
          [
            4.922399,
            52.346001
          ],
          [
            4.922291,
            52.346001
          ],
          [
            4.922194,
            52.346001
          ],
          [
            4.922105,
            52.346001
          ],
          [
            4.922014,
            52.346001
          ],
          [
            4.921903,
            52.345997
          ],
          [
            4.921797,
            52.345997
          ],
          [
            4.921701,
            52.345997
          ],
          [
            4.921643,
            52.345997
          ],
          [
            4.921526,
            52.346001
          ],
          [
            4.921444,
            52.345997
          ],
          [
            4.92137,
            52.346001
          ],
          [
            4.921307,
            52.345985
          ],
          [
            4.921192,
            52.345985
          ],
          [
            4.921107,
            52.345985
          ],
          [
            4.921057,
            52.345982
          ],
          [
            4.920931,
            52.345982
          ],
          [
            4.920865,
            52.345978
          ],
          [
            4.92078,
            52.345966
          ],
          [
            4.920683,
            52.345951
          ],
          [
            4.920603,
            52.34594
          ],
          [
            4.920534,
            52.345924
          ],
          [
            4.920467,
            52.345913
          ],
          [
            4.920402,
            52.345901
          ],
          [
            4.92035,
            52.345894
          ],
          [
            4.920315,
            52.34589
          ],
          [
            4.920287,
            52.34589
          ],
          [
            4.920259,
            52.34589
          ],
          [
            4.920228,
            52.345894
          ],
          [
            4.920199,
            52.345898
          ],
          [
            4.920199,
            52.345898
          ],
          [
            4.920199,
            52.345898
          ],
          [
            4.9201,
            52.345909
          ],
          [
            4.920089,
            52.345909
          ],
          [
            4.920075,
            52.345905
          ],
          [
            4.920054,
            52.345901
          ],
          [
            4.920027,
            52.345894
          ],
          [
            4.919996,
            52.345886
          ],
          [
            4.919946,
            52.345867
          ],
          [
            4.919882,
            52.34584
          ],
          [
            4.919818,
            52.345814
          ],
          [
            4.919755,
            52.345795
          ],
          [
            4.919673,
            52.345764
          ],
          [
            4.919594,
            52.345737
          ],
          [
            4.919546,
            52.345726
          ],
          [
            4.919474,
            52.345703
          ],
          [
            4.919361,
            52.345654
          ],
          [
            4.919299,
            52.345608
          ],
          [
            4.919241,
            52.345558
          ],
          [
            4.919179,
            52.345512
          ],
          [
            4.91913,
            52.345459
          ],
          [
            4.919089,
            52.345406
          ],
          [
            4.919056,
            52.345341
          ],
          [
            4.919026,
            52.34528
          ],
          [
            4.919023,
            52.345272
          ],
          [
            4.919004,
            52.345226
          ],
          [
            4.918989,
            52.345169
          ],
          [
            4.918978,
            52.345043
          ],
          [
            4.918983,
            52.344978
          ],
          [
            4.918993,
            52.344917
          ],
          [
            4.919004,
            52.344856
          ],
          [
            4.919024,
            52.344795
          ],
          [
            4.919051,
            52.34473
          ],
          [
            4.919079,
            52.344666
          ],
          [
            4.919102,
            52.344608
          ],
          [
            4.919126,
            52.344543
          ],
          [
            4.919145,
            52.344479
          ],
          [
            4.919165,
            52.344418
          ],
          [
            4.919186,
            52.34436
          ],
          [
            4.919212,
            52.344295
          ],
          [
            4.919225,
            52.344234
          ],
          [
            4.919246,
            52.34417
          ],
          [
            4.919269,
            52.344112
          ],
          [
            4.919286,
            52.344059
          ],
          [
            4.919309,
            52.343998
          ],
          [
            4.919328,
            52.343941
          ],
          [
            4.919344,
            52.343887
          ],
          [
            4.919363,
            52.343834
          ],
          [
            4.919381,
            52.343788
          ],
          [
            4.91939,
            52.343758
          ],
          [
            4.919401,
            52.343727
          ],
          [
            4.919425,
            52.343704
          ],
          [
            4.919473,
            52.343685
          ],
          [
            4.919537,
            52.34367
          ],
          [
            4.919536,
            52.343666
          ],
          [
            4.919592,
            52.343655
          ],
          [
            4.919637,
            52.343639
          ],
          [
            4.919683,
            52.343616
          ],
          [
            4.919745,
            52.343582
          ],
          [
            4.919814,
            52.343533
          ],
          [
            4.919876,
            52.343483
          ],
          [
            4.919939,
            52.343426
          ],
          [
            4.920002,
            52.343376
          ],
          [
            4.920077,
            52.343319
          ],
          [
            4.920167,
            52.343262
          ],
          [
            4.920262,
            52.343201
          ],
          [
            4.920342,
            52.343159
          ],
          [
            4.92041,
            52.343121
          ],
          [
            4.920492,
            52.343071
          ],
          [
            4.920555,
            52.343033
          ],
          [
            4.920601,
            52.34301
          ],
          [
            4.920763,
            52.342934
          ],
          [
            4.920847,
            52.342892
          ],
          [
            4.92093,
            52.342854
          ],
          [
            4.921012,
            52.342815
          ],
          [
            4.921092,
            52.342781
          ],
          [
            4.921177,
            52.342743
          ],
          [
            4.92126,
            52.342705
          ],
          [
            4.921345,
            52.342667
          ],
          [
            4.921423,
            52.342632
          ],
          [
            4.9215,
            52.342594
          ],
          [
            4.921583,
            52.34256
          ],
          [
            4.921669,
            52.342522
          ],
          [
            4.921754,
            52.342484
          ],
          [
            4.921835,
            52.342449
          ],
          [
            4.921915,
            52.342411
          ],
          [
            4.921996,
            52.342377
          ],
          [
            4.922075,
            52.342339
          ],
          [
            4.922153,
            52.342304
          ],
          [
            4.922229,
            52.342266
          ],
          [
            4.922306,
            52.342232
          ],
          [
            4.922384,
            52.342197
          ],
          [
            4.922463,
            52.342159
          ],
          [
            4.922541,
            52.342125
          ],
          [
            4.922618,
            52.342091
          ],
          [
            4.922695,
            52.342056
          ],
          [
            4.922771,
            52.342018
          ],
          [
            4.922849,
            52.341984
          ],
          [
            4.92293,
            52.341946
          ],
          [
            4.923011,
            52.341907
          ],
          [
            4.923098,
            52.341869
          ],
          [
            4.923183,
            52.341831
          ],
          [
            4.923263,
            52.341793
          ],
          [
            4.923341,
            52.341759
          ],
          [
            4.923426,
            52.341724
          ],
          [
            4.92351,
            52.341686
          ],
          [
            4.923595,
            52.341648
          ],
          [
            4.923672,
            52.34161
          ],
          [
            4.923756,
            52.341572
          ],
          [
            4.923821,
            52.341541
          ],
          [
            4.923886,
            52.341515
          ],
          [
            4.923955,
            52.341484
          ],
          [
            4.92402,
            52.341457
          ],
          [
            4.924095,
            52.341419
          ],
          [
            4.92417,
            52.341385
          ],
          [
            4.924245,
            52.341351
          ],
          [
            4.924322,
            52.341316
          ],
          [
            4.924394,
            52.341286
          ],
          [
            4.924467,
            52.341251
          ],
          [
            4.92454,
            52.341217
          ],
          [
            4.924617,
            52.341183
          ],
          [
            4.924691,
            52.341148
          ],
          [
            4.924767,
            52.341114
          ],
          [
            4.924846,
            52.34108
          ],
          [
            4.924927,
            52.341042
          ],
          [
            4.925004,
            52.341011
          ],
          [
            4.925079,
            52.340977
          ],
          [
            4.92515,
            52.340946
          ],
          [
            4.925215,
            52.340916
          ],
          [
            4.925264,
            52.340878
          ],
          [
            4.925285,
            52.340839
          ],
          [
            4.925287,
            52.340809
          ],
          [
            4.925258,
            52.340767
          ],
          [
            4.925215,
            52.340729
          ],
          [
            4.925177,
            52.340694
          ],
          [
            4.925126,
            52.340656
          ],
          [
            4.925083,
            52.340622
          ],
          [
            4.925032,
            52.340584
          ],
          [
            4.924984,
            52.340542
          ],
          [
            4.924936,
            52.340504
          ],
          [
            4.924883,
            52.340458
          ],
          [
            4.924832,
            52.34042
          ],
          [
            4.924784,
            52.340378
          ],
          [
            4.92473,
            52.340332
          ],
          [
            4.924681,
            52.34029
          ],
          [
            4.924636,
            52.340252
          ],
          [
            4.924583,
            52.340214
          ],
          [
            4.924523,
            52.340183
          ],
          [
            4.924465,
            52.340168
          ],
          [
            4.924398,
            52.340164
          ],
          [
            4.924335,
            52.340179
          ],
          [
            4.924275,
            52.340198
          ],
          [
            4.924213,
            52.340229
          ],
          [
            4.924151,
            52.34026
          ],
          [
            4.924083,
            52.340294
          ],
          [
            4.924014,
            52.340328
          ],
          [
            4.923943,
            52.340363
          ],
          [
            4.923869,
            52.340397
          ],
          [
            4.92379,
            52.340435
          ],
          [
            4.923715,
            52.340473
          ],
          [
            4.923641,
            52.340508
          ],
          [
            4.923564,
            52.340546
          ],
          [
            4.923487,
            52.340588
          ],
          [
            4.923416,
            52.340626
          ],
          [
            4.923336,
            52.340668
          ],
          [
            4.923256,
            52.340706
          ],
          [
            4.923175,
            52.340744
          ],
          [
            4.923092,
            52.340782
          ],
          [
            4.923021,
            52.340816
          ],
          [
            4.922942,
            52.340851
          ],
          [
            4.92286,
            52.340889
          ],
          [
            4.922778,
            52.340927
          ],
          [
            4.922693,
            52.340969
          ],
          [
            4.922614,
            52.341007
          ],
          [
            4.92254,
            52.341042
          ],
          [
            4.922458,
            52.34108
          ],
          [
            4.922373,
            52.341118
          ],
          [
            4.922286,
            52.341156
          ],
          [
            4.922205,
            52.34119
          ],
          [
            4.92213,
            52.341225
          ],
          [
            4.922048,
            52.341263
          ],
          [
            4.921966,
            52.341301
          ],
          [
            4.921882,
            52.341339
          ],
          [
            4.921804,
            52.341377
          ],
          [
            4.92173,
            52.341412
          ],
          [
            4.921647,
            52.341446
          ],
          [
            4.92158,
            52.341476
          ],
          [
            4.9215,
            52.341515
          ],
          [
            4.92142,
            52.341553
          ],
          [
            4.921338,
            52.341591
          ],
          [
            4.921257,
            52.341629
          ],
          [
            4.921176,
            52.341667
          ],
          [
            4.921106,
            52.341702
          ],
          [
            4.921035,
            52.341732
          ],
          [
            4.920962,
            52.341763
          ],
          [
            4.920911,
            52.341774
          ],
          [
            4.920801,
            52.341801
          ],
          [
            4.920712,
            52.341808
          ],
          [
            4.920622,
            52.341801
          ],
          [
            4.920533,
            52.341785
          ],
          [
            4.920439,
            52.341766
          ],
          [
            4.920343,
            52.341747
          ],
          [
            4.920295,
            52.341736
          ],
          [
            4.920158,
            52.341705
          ],
          [
            4.920077,
            52.341686
          ],
          [
            4.920004,
            52.341667
          ],
          [
            4.91992,
            52.341648
          ],
          [
            4.919914,
            52.341648
          ],
          [
            4.919765,
            52.341618
          ],
          [
            4.919665,
            52.341591
          ],
          [
            4.919589,
            52.341576
          ],
          [
            4.919526,
            52.34156
          ],
          [
            4.919462,
            52.341541
          ],
          [
            4.919403,
            52.341526
          ],
          [
            4.919345,
            52.341515
          ],
          [
            4.919283,
            52.341499
          ],
          [
            4.91921,
            52.341484
          ],
          [
            4.919137,
            52.341465
          ],
          [
            4.919059,
            52.341446
          ],
          [
            4.918975,
            52.341423
          ],
          [
            4.918882,
            52.341404
          ],
          [
            4.9188,
            52.341385
          ],
          [
            4.918688,
            52.341362
          ],
          [
            4.918648,
            52.341354
          ],
          [
            4.91849,
            52.34132
          ],
          [
            4.918375,
            52.341293
          ],
          [
            4.918277,
            52.341267
          ],
          [
            4.918177,
            52.34124
          ],
          [
            4.918088,
            52.341209
          ],
          [
            4.917997,
            52.341171
          ],
          [
            4.917912,
            52.341133
          ],
          [
            4.917837,
            52.341091
          ],
          [
            4.917771,
            52.341053
          ],
          [
            4.917701,
            52.341003
          ],
          [
            4.917637,
            52.340954
          ],
          [
            4.917576,
            52.3409
          ],
          [
            4.917524,
            52.340858
          ],
          [
            4.917467,
            52.340805
          ],
          [
            4.917414,
            52.340752
          ],
          [
            4.917367,
            52.340694
          ],
          [
            4.917325,
            52.340645
          ],
          [
            4.917277,
            52.340588
          ],
          [
            4.917229,
            52.34053
          ],
          [
            4.917176,
            52.340473
          ],
          [
            4.917118,
            52.34042
          ],
          [
            4.917059,
            52.340374
          ],
          [
            4.916986,
            52.340321
          ],
          [
            4.916915,
            52.340275
          ],
          [
            4.916841,
            52.340233
          ],
          [
            4.916766,
            52.340191
          ],
          [
            4.916705,
            52.340164
          ],
          [
            4.9166,
            52.340122
          ],
          [
            4.916505,
            52.340088
          ],
          [
            4.916413,
            52.340057
          ],
          [
            4.916321,
            52.340031
          ],
          [
            4.916257,
            52.340015
          ],
          [
            4.916137,
            52.339985
          ],
          [
            4.916034,
            52.33997
          ],
          [
            4.915934,
            52.339954
          ],
          [
            4.915842,
            52.339939
          ],
          [
            4.91577,
            52.339932
          ],
          [
            4.915646,
            52.339916
          ],
          [
            4.915548,
            52.339909
          ],
          [
            4.91547,
            52.339901
          ],
          [
            4.915375,
            52.33989
          ],
          [
            4.915303,
            52.339882
          ],
          [
            4.915233,
            52.339874
          ],
          [
            4.915171,
            52.339867
          ],
          [
            4.915124,
            52.339863
          ],
          [
            4.915083,
            52.339851
          ],
          [
            4.915061,
            52.33984
          ],
          [
            4.915053,
            52.339836
          ],
          [
            4.915058,
            52.339829
          ],
          [
            4.915083,
            52.339821
          ],
          [
            4.915116,
            52.339821
          ],
          [
            4.91516,
            52.339825
          ],
          [
            4.915218,
            52.339836
          ],
          [
            4.915283,
            52.339844
          ],
          [
            4.915355,
            52.339855
          ],
          [
            4.915421,
            52.33987
          ],
          [
            4.915468,
            52.339882
          ],
          [
            4.91557,
            52.339901
          ],
          [
            4.915646,
            52.339909
          ],
          [
            4.915719,
            52.339909
          ],
          [
            4.915781,
            52.339897
          ],
          [
            4.915829,
            52.339886
          ],
          [
            4.91588,
            52.339855
          ],
          [
            4.915912,
            52.339825
          ],
          [
            4.915922,
            52.339794
          ],
          [
            4.915917,
            52.339767
          ],
          [
            4.915893,
            52.339741
          ],
          [
            4.915869,
            52.339718
          ],
          [
            4.915844,
            52.339695
          ],
          [
            4.915815,
            52.339672
          ],
          [
            4.9158,
            52.339653
          ],
          [
            4.915771,
            52.33963
          ],
          [
            4.915749,
            52.339603
          ],
          [
            4.915725,
            52.339577
          ],
          [
            4.915691,
            52.33955
          ],
          [
            4.915656,
            52.339516
          ],
          [
            4.915617,
            52.339474
          ],
          [
            4.915581,
            52.339439
          ],
          [
            4.915541,
            52.339397
          ],
          [
            4.915503,
            52.339355
          ],
          [
            4.915469,
            52.339325
          ],
          [
            4.915428,
            52.339283
          ],
          [
            4.915385,
            52.339245
          ],
          [
            4.915343,
            52.339207
          ],
          [
            4.915308,
            52.339176
          ],
          [
            4.915269,
            52.339142
          ],
          [
            4.91523,
            52.3391
          ],
          [
            4.915197,
            52.339066
          ],
          [
            4.915163,
            52.339027
          ],
          [
            4.915132,
            52.338993
          ],
          [
            4.915093,
            52.338951
          ],
          [
            4.915059,
            52.338909
          ],
          [
            4.915031,
            52.338871
          ],
          [
            4.914997,
            52.338829
          ],
          [
            4.914968,
            52.338795
          ],
          [
            4.914938,
            52.33876
          ],
          [
            4.914908,
            52.338726
          ],
          [
            4.914887,
            52.338703
          ],
          [
            4.914858,
            52.338676
          ],
          [
            4.91483,
            52.33865
          ],
          [
            4.914805,
            52.338631
          ],
          [
            4.914783,
            52.338615
          ],
          [
            4.914783,
            52.338615
          ],
          [
            4.914783,
            52.338615
          ],
          [
            4.914783,
            52.338615
          ],
          [
            4.914783,
            52.338615
          ],
          [
            4.914783,
            52.338615
          ],
          [
            4.914783,
            52.338615
          ],
          [
            4.914776,
            52.338581
          ],
          [
            4.914783,
            52.338577
          ],
          [
            4.914792,
            52.338577
          ],
          [
            4.914813,
            52.338566
          ],
          [
            4.914829,
            52.338566
          ],
          [
            4.914846,
            52.338562
          ],
          [
            4.914857,
            52.338558
          ],
          [
            4.914881,
            52.338554
          ],
          [
            4.915016,
            52.338531
          ],
          [
            4.91517,
            52.338509
          ],
          [
            4.915257,
            52.338501
          ],
          [
            4.91532,
            52.338505
          ],
          [
            4.915416,
            52.338509
          ],
          [
            4.915491,
            52.338516
          ],
          [
            4.915567,
            52.338528
          ],
          [
            4.915637,
            52.338543
          ],
          [
            4.9157,
            52.338558
          ],
          [
            4.915758,
            52.338566
          ],
          [
            4.915816,
            52.33857
          ],
          [
            4.915872,
            52.338562
          ],
          [
            4.915925,
            52.338547
          ],
          [
            4.915977,
            52.338531
          ],
          [
            4.916023,
            52.338516
          ],
          [
            4.91608,
            52.338505
          ],
          [
            4.916129,
            52.338493
          ],
          [
            4.916166,
            52.338486
          ],
          [
            4.916206,
            52.338474
          ],
          [
            4.916249,
            52.338459
          ],
          [
            4.916286,
            52.338455
          ],
          [
            4.916327,
            52.338444
          ],
          [
            4.91636,
            52.338436
          ],
          [
            4.91639,
            52.338436
          ],
          [
            4.916431,
            52.338428
          ],
          [
            4.916483,
            52.338421
          ],
          [
            4.916537,
            52.338413
          ],
          [
            4.916594,
            52.338402
          ],
          [
            4.916658,
            52.338387
          ],
          [
            4.916728,
            52.338367
          ],
          [
            4.91679,
            52.338348
          ],
          [
            4.916863,
            52.338322
          ],
          [
            4.916944,
            52.338299
          ],
          [
            4.917023,
            52.338264
          ],
          [
            4.917101,
            52.33823
          ],
          [
            4.917171,
            52.338188
          ],
          [
            4.917245,
            52.338142
          ],
          [
            4.917311,
            52.3381
          ],
          [
            4.917381,
            52.338055
          ],
          [
            4.917451,
            52.338001
          ],
          [
            4.917532,
            52.337936
          ],
          [
            4.917595,
            52.337879
          ],
          [
            4.917645,
            52.337826
          ],
          [
            4.917686,
            52.337772
          ],
          [
            4.917729,
            52.337715
          ],
          [
            4.917764,
            52.337658
          ],
          [
            4.917799,
            52.337601
          ],
          [
            4.917831,
            52.337547
          ],
          [
            4.917859,
            52.337498
          ],
          [
            4.917885,
            52.337456
          ],
          [
            4.9179,
            52.337418
          ],
          [
            4.917905,
            52.337387
          ],
          [
            4.917891,
            52.337368
          ],
          [
            4.917891,
            52.337368
          ],
          [
            4.917857,
            52.337334
          ],
          [
            4.917855,
            52.337315
          ],
          [
            4.917846,
            52.337292
          ],
          [
            4.917812,
            52.337265
          ],
          [
            4.917753,
            52.33725
          ],
          [
            4.917681,
            52.337231
          ],
          [
            4.917605,
            52.337212
          ],
          [
            4.917529,
            52.337189
          ],
          [
            4.917442,
            52.337166
          ],
          [
            4.917362,
            52.337147
          ],
          [
            4.917257,
            52.33712
          ],
          [
            4.917165,
            52.337097
          ],
          [
            4.917075,
            52.337074
          ],
          [
            4.916977,
            52.337048
          ],
          [
            4.916895,
            52.337025
          ],
          [
            4.916786,
            52.336998
          ],
          [
            4.916694,
            52.336975
          ],
          [
            4.916601,
            52.336948
          ],
          [
            4.91651,
            52.336929
          ],
          [
            4.916421,
            52.336906
          ],
          [
            4.916334,
            52.336884
          ],
          [
            4.916251,
            52.336861
          ],
          [
            4.916183,
            52.336842
          ],
          [
            4.916085,
            52.336819
          ],
          [
            4.916002,
            52.3368
          ],
          [
            4.915917,
            52.336777
          ],
          [
            4.915834,
            52.336754
          ],
          [
            4.91575,
            52.336731
          ],
          [
            4.915664,
            52.336712
          ],
          [
            4.915579,
            52.336693
          ],
          [
            4.915497,
            52.33667
          ],
          [
            4.915416,
            52.336643
          ],
          [
            4.915335,
            52.336609
          ],
          [
            4.915259,
            52.336578
          ],
          [
            4.915177,
            52.336552
          ],
          [
            4.915088,
            52.336529
          ],
          [
            4.915,
            52.336514
          ],
          [
            4.914913,
            52.336491
          ],
          [
            4.914818,
            52.336475
          ],
          [
            4.914727,
            52.336449
          ],
          [
            4.914644,
            52.336426
          ],
          [
            4.914558,
            52.336403
          ],
          [
            4.914473,
            52.33638
          ],
          [
            4.91439,
            52.336357
          ],
          [
            4.914307,
            52.336334
          ],
          [
            4.914225,
            52.336311
          ],
          [
            4.91414,
            52.336288
          ],
          [
            4.914057,
            52.336269
          ],
          [
            4.914003,
            52.336254
          ],
          [
            4.913889,
            52.336224
          ],
          [
            4.913806,
            52.336201
          ],
          [
            4.913718,
            52.336178
          ],
          [
            4.913633,
            52.336155
          ],
          [
            4.913545,
            52.336132
          ],
          [
            4.913447,
            52.336109
          ],
          [
            4.91336,
            52.336082
          ],
          [
            4.91324,
            52.336052
          ],
          [
            4.913149,
            52.336029
          ],
          [
            4.91306,
            52.336006
          ],
          [
            4.912975,
            52.335983
          ],
          [
            4.912896,
            52.335972
          ],
          [
            4.912825,
            52.335968
          ],
          [
            4.91274,
            52.335957
          ],
          [
            4.912681,
            52.335937
          ],
          [
            4.912638,
            52.335911
          ],
          [
            4.912625,
            52.33588
          ],
          [
            4.912624,
            52.335846
          ],
          [
            4.91264,
            52.335808
          ],
          [
            4.912666,
            52.33577
          ],
          [
            4.912691,
            52.335724
          ],
          [
            4.912715,
            52.335674
          ],
          [
            4.912743,
            52.335625
          ],
          [
            4.912779,
            52.335567
          ],
          [
            4.912821,
            52.335506
          ],
          [
            4.912866,
            52.335445
          ],
          [
            4.912918,
            52.335377
          ],
          [
            4.912951,
            52.335323
          ],
          [
            4.912984,
            52.335274
          ],
          [
            4.913025,
            52.335205
          ],
          [
            4.91305,
            52.335156
          ],
          [
            4.913094,
            52.335068
          ],
          [
            4.913128,
            52.334991
          ],
          [
            4.91315,
            52.334938
          ],
          [
            4.913179,
            52.334862
          ],
          [
            4.913205,
            52.334782
          ],
          [
            4.913221,
            52.334717
          ],
          [
            4.91323,
            52.334675
          ],
          [
            4.913241,
            52.334599
          ],
          [
            4.913265,
            52.334469
          ],
          [
            4.913277,
            52.3344
          ],
          [
            4.91329,
            52.334339
          ],
          [
            4.913299,
            52.334278
          ],
          [
            4.913311,
            52.334217
          ],
          [
            4.913322,
            52.334156
          ],
          [
            4.913334,
            52.334103
          ],
          [
            4.913343,
            52.33403
          ],
          [
            4.91335,
            52.333969
          ],
          [
            4.913358,
            52.333908
          ],
          [
            4.913367,
            52.333851
          ],
          [
            4.913373,
            52.33379
          ],
          [
            4.913386,
            52.333713
          ],
          [
            4.913398,
            52.333652
          ],
          [
            4.913408,
            52.333595
          ],
          [
            4.913417,
            52.33353
          ],
          [
            4.913425,
            52.333466
          ],
          [
            4.913424,
            52.333477
          ],
          [
            4.913426,
            52.33345
          ],
          [
            4.913434,
            52.333401
          ],
          [
            4.91344,
            52.333336
          ],
          [
            4.91345,
            52.333271
          ],
          [
            4.913458,
            52.33321
          ],
          [
            4.913466,
            52.333149
          ],
          [
            4.913475,
            52.333084
          ],
          [
            4.913487,
            52.333023
          ],
          [
            4.913494,
            52.332962
          ],
          [
            4.913505,
            52.332905
          ],
          [
            4.913513,
            52.332851
          ],
          [
            4.913546,
            52.332661
          ],
          [
            4.913558,
            52.332592
          ],
          [
            4.913569,
            52.332527
          ],
          [
            4.91358,
            52.33247
          ],
          [
            4.913578,
            52.332481
          ],
          [
            4.913584,
            52.332451
          ],
          [
            4.913596,
            52.332401
          ],
          [
            4.913612,
            52.33234
          ],
          [
            4.913629,
            52.332283
          ],
          [
            4.913648,
            52.332226
          ],
          [
            4.913672,
            52.332161
          ],
          [
            4.913701,
            52.332104
          ],
          [
            4.913732,
            52.332043
          ],
          [
            4.913765,
            52.331982
          ],
          [
            4.913798,
            52.331928
          ],
          [
            4.913839,
            52.331867
          ],
          [
            4.913883,
            52.331806
          ],
          [
            4.913924,
            52.331753
          ],
          [
            4.913973,
            52.331692
          ],
          [
            4.914018,
            52.331638
          ],
          [
            4.914066,
            52.331585
          ],
          [
            4.914114,
            52.331535
          ],
          [
            4.914165,
            52.331482
          ],
          [
            4.914215,
            52.331432
          ],
          [
            4.914265,
            52.331383
          ],
          [
            4.914313,
            52.331337
          ],
          [
            4.914361,
            52.331291
          ],
          [
            4.914407,
            52.331242
          ],
          [
            4.914456,
            52.331196
          ],
          [
            4.914502,
            52.33115
          ],
          [
            4.914546,
            52.3311
          ],
          [
            4.914589,
            52.331055
          ],
          [
            4.914631,
            52.331009
          ],
          [
            4.914662,
            52.330975
          ],
          [
            4.914692,
            52.330944
          ],
          [
            4.914718,
            52.33091
          ],
          [
            4.914744,
            52.330879
          ],
          [
            4.914759,
            52.330852
          ],
          [
            4.914776,
            52.330833
          ],
          [
            4.914776,
            52.330833
          ],
          [
            4.914815,
            52.330776
          ],
          [
            4.914834,
            52.330753
          ],
          [
            4.914852,
            52.330734
          ],
          [
            4.914866,
            52.330719
          ],
          [
            4.91489,
            52.330688
          ],
          [
            4.91492,
            52.330662
          ],
          [
            4.914956,
            52.330624
          ],
          [
            4.914989,
            52.330585
          ],
          [
            4.915027,
            52.330547
          ],
          [
            4.91507,
            52.330502
          ],
          [
            4.915118,
            52.330444
          ],
          [
            4.915164,
            52.330395
          ],
          [
            4.9153,
            52.330238
          ],
          [
            4.915354,
            52.330181
          ],
          [
            4.915402,
            52.330124
          ],
          [
            4.915452,
            52.330067
          ],
          [
            4.915442,
            52.330082
          ],
          [
            4.915466,
            52.330051
          ],
          [
            4.915508,
            52.330006
          ],
          [
            4.915555,
            52.329956
          ],
          [
            4.915608,
            52.329899
          ],
          [
            4.915658,
            52.329842
          ],
          [
            4.915707,
            52.329792
          ],
          [
            4.91575,
            52.329746
          ],
          [
            4.915798,
            52.329693
          ],
          [
            4.915847,
            52.329639
          ],
          [
            4.915892,
            52.329586
          ],
          [
            4.915942,
            52.329533
          ],
          [
            4.915993,
            52.329479
          ],
          [
            4.916046,
            52.329422
          ],
          [
            4.916093,
            52.329369
          ],
          [
            4.916139,
            52.329319
          ],
          [
            4.91619,
            52.329262
          ],
          [
            4.916239,
            52.329205
          ],
          [
            4.916292,
            52.329147
          ],
          [
            4.916342,
            52.32909
          ],
          [
            4.916388,
            52.32904
          ],
          [
            4.916439,
            52.328979
          ],
          [
            4.916486,
            52.328945
          ],
          [
            4.916517,
            52.328911
          ],
          [
            4.91655,
            52.328869
          ],
          [
            4.916559,
            52.328777
          ],
          [
            4.916581,
            52.328663
          ],
          [
            4.916607,
            52.328617
          ],
          [
            4.916628,
            52.328587
          ],
          [
            4.916642,
            52.328606
          ],
          [
            4.916685,
            52.328564
          ],
          [
            4.916732,
            52.328526
          ],
          [
            4.916759,
            52.328476
          ],
          [
            4.916781,
            52.328457
          ],
          [
            4.916776,
            52.328461
          ],
          [
            4.916901,
            52.328361
          ],
          [
            4.916953,
            52.328308
          ],
          [
            4.916953,
            52.328308
          ],
          [
            4.916953,
            52.328308
          ],
          [
            4.916953,
            52.328308
          ],
          [
            4.916953,
            52.328308
          ],
          [
            4.917276,
            52.328259
          ],
          [
            4.917276,
            52.328259
          ],
          [
            4.917218,
            52.328251
          ],
          [
            4.917205,
            52.328259
          ],
          [
            4.917203,
            52.328274
          ],
          [
            4.9172,
            52.328297
          ],
          [
            4.917176,
            52.328316
          ],
          [
            4.917165,
            52.328354
          ],
          [
            4.917125,
            52.328369
          ],
          [
            4.917051,
            52.32843
          ],
          [
            4.917008,
            52.328472
          ],
          [
            4.916967,
            52.32851
          ],
          [
            4.916924,
            52.328556
          ],
          [
            4.916879,
            52.328602
          ],
          [
            4.916835,
            52.328648
          ],
          [
            4.916788,
            52.328709
          ],
          [
            4.916741,
            52.328747
          ],
          [
            4.91665,
            52.328846
          ],
          [
            4.916619,
            52.328869
          ],
          [
            4.916493,
            52.328987
          ],
          [
            4.916429,
            52.329044
          ],
          [
            4.916362,
            52.329102
          ],
          [
            4.916313,
            52.329151
          ],
          [
            4.916256,
            52.329205
          ],
          [
            4.916202,
            52.329266
          ],
          [
            4.916146,
            52.329323
          ],
          [
            4.916098,
            52.329376
          ],
          [
            4.916048,
            52.329426
          ],
          [
            4.915997,
            52.329483
          ],
          [
            4.915947,
            52.32954
          ],
          [
            4.915898,
            52.329597
          ],
          [
            4.915853,
            52.329647
          ],
          [
            4.915809,
            52.3297
          ],
          [
            4.91576,
            52.329758
          ],
          [
            4.915704,
            52.329815
          ],
          [
            4.915649,
            52.329868
          ],
          [
            4.915601,
            52.329926
          ],
          [
            4.915553,
            52.329975
          ],
          [
            4.915502,
            52.330029
          ],
          [
            4.915455,
            52.330086
          ],
          [
            4.915405,
            52.330143
          ],
          [
            4.915357,
            52.330196
          ],
          [
            4.915308,
            52.330246
          ],
          [
            4.915254,
            52.330299
          ],
          [
            4.915203,
            52.330357
          ],
          [
            4.915153,
            52.330414
          ],
          [
            4.915107,
            52.330467
          ],
          [
            4.91506,
            52.330517
          ],
          [
            4.915011,
            52.330566
          ],
          [
            4.91496,
            52.330624
          ],
          [
            4.914913,
            52.330677
          ],
          [
            4.914868,
            52.33073
          ],
          [
            4.914822,
            52.330784
          ],
          [
            4.914771,
            52.330845
          ],
          [
            4.914727,
            52.330898
          ],
          [
            4.914699,
            52.33094
          ],
          [
            4.914655,
            52.330982
          ],
          [
            4.914613,
            52.331032
          ],
          [
            4.914576,
            52.331074
          ],
          [
            4.914535,
            52.33112
          ],
          [
            4.914489,
            52.331173
          ],
          [
            4.914445,
            52.331223
          ],
          [
            4.914405,
            52.331268
          ],
          [
            4.914368,
            52.33131
          ],
          [
            4.914314,
            52.331367
          ],
          [
            4.914264,
            52.331417
          ],
          [
            4.914213,
            52.331463
          ],
          [
            4.914164,
            52.331512
          ],
          [
            4.914112,
            52.331562
          ],
          [
            4.914062,
            52.331612
          ],
          [
            4.914012,
            52.331669
          ],
          [
            4.913964,
            52.331722
          ],
          [
            4.913917,
            52.331779
          ],
          [
            4.913873,
            52.331833
          ],
          [
            4.91383,
            52.33189
          ],
          [
            4.913797,
            52.331947
          ],
          [
            4.913766,
            52.332005
          ],
          [
            4.913737,
            52.332066
          ],
          [
            4.913708,
            52.332119
          ],
          [
            4.913679,
            52.332184
          ],
          [
            4.913651,
            52.332249
          ],
          [
            4.913631,
            52.33231
          ],
          [
            4.91361,
            52.332371
          ],
          [
            4.913593,
            52.332428
          ],
          [
            4.913579,
            52.332493
          ],
          [
            4.913567,
            52.332554
          ],
          [
            4.913553,
            52.332615
          ],
          [
            4.91355,
            52.33268
          ],
          [
            4.913545,
            52.332737
          ],
          [
            4.913539,
            52.332794
          ],
          [
            4.91353,
            52.332851
          ],
          [
            4.913516,
            52.332916
          ],
          [
            4.913507,
            52.332981
          ],
          [
            4.913501,
            52.333046
          ],
          [
            4.91349,
            52.333103
          ],
          [
            4.913481,
            52.333164
          ],
          [
            4.913469,
            52.333225
          ],
          [
            4.913459,
            52.33329
          ],
          [
            4.91345,
            52.333351
          ],
          [
            4.913441,
            52.333408
          ],
          [
            4.91343,
            52.333469
          ],
          [
            4.913419,
            52.33353
          ],
          [
            4.913402,
            52.333591
          ],
          [
            4.913394,
            52.333652
          ],
          [
            4.913383,
            52.333713
          ],
          [
            4.91337,
            52.333775
          ],
          [
            4.913361,
            52.333832
          ],
          [
            4.913354,
            52.333893
          ],
          [
            4.913347,
            52.333954
          ],
          [
            4.913341,
            52.334015
          ],
          [
            4.913332,
            52.33408
          ],
          [
            4.913323,
            52.334148
          ],
          [
            4.913315,
            52.334202
          ],
          [
            4.913304,
            52.334267
          ],
          [
            4.913291,
            52.334328
          ],
          [
            4.913284,
            52.334393
          ],
          [
            4.913278,
            52.33445
          ],
          [
            4.913268,
            52.334511
          ],
          [
            4.913257,
            52.334572
          ],
          [
            4.913245,
            52.334641
          ],
          [
            4.913235,
            52.334705
          ],
          [
            4.913226,
            52.33477
          ],
          [
            4.913216,
            52.334831
          ],
          [
            4.913198,
            52.334892
          ],
          [
            4.913174,
            52.334953
          ],
          [
            4.913148,
            52.335011
          ],
          [
            4.913121,
            52.335072
          ],
          [
            4.913094,
            52.335125
          ],
          [
            4.913061,
            52.335186
          ],
          [
            4.913027,
            52.335243
          ],
          [
            4.912992,
            52.335304
          ],
          [
            4.912951,
            52.335361
          ],
          [
            4.912911,
            52.335419
          ],
          [
            4.912873,
            52.335468
          ],
          [
            4.912875,
            52.335468
          ],
          [
            4.912859,
            52.335495
          ],
          [
            4.912834,
            52.335533
          ],
          [
            4.912804,
            52.335583
          ],
          [
            4.91278,
            52.335625
          ],
          [
            4.912756,
            52.33567
          ],
          [
            4.912733,
            52.335712
          ],
          [
            4.912703,
            52.335773
          ],
          [
            4.912682,
            52.335827
          ],
          [
            4.912662,
            52.335876
          ],
          [
            4.912647,
            52.33593
          ],
          [
            4.912637,
            52.335987
          ],
          [
            4.912637,
            52.336048
          ],
          [
            4.912644,
            52.336121
          ],
          [
            4.912662,
            52.336185
          ],
          [
            4.912684,
            52.336243
          ],
          [
            4.912714,
            52.336304
          ],
          [
            4.912735,
            52.33635
          ],
          [
            4.912757,
            52.336395
          ],
          [
            4.912776,
            52.336452
          ],
          [
            4.912785,
            52.336533
          ],
          [
            4.912749,
            52.336643
          ],
          [
            4.9127,
            52.336681
          ],
          [
            4.912629,
            52.336704
          ],
          [
            4.91262,
            52.336708
          ],
          [
            4.912615,
            52.336708
          ],
          [
            4.912388,
            52.336739
          ],
          [
            4.9123,
            52.336754
          ],
          [
            4.912219,
            52.336769
          ],
          [
            4.912139,
            52.336784
          ],
          [
            4.912073,
            52.3368
          ],
          [
            4.911969,
            52.336811
          ],
          [
            4.911891,
            52.336826
          ],
          [
            4.91182,
            52.336849
          ],
          [
            4.911757,
            52.336891
          ],
          [
            4.911757,
            52.336895
          ],
          [
            4.911741,
            52.33691
          ],
          [
            4.911694,
            52.336956
          ],
          [
            4.911632,
            52.337029
          ],
          [
            4.911588,
            52.337078
          ],
          [
            4.911538,
            52.337124
          ],
          [
            4.911489,
            52.337173
          ],
          [
            4.91143,
            52.337231
          ],
          [
            4.91137,
            52.337292
          ],
          [
            4.911313,
            52.337345
          ],
          [
            4.911254,
            52.337399
          ],
          [
            4.911194,
            52.337452
          ],
          [
            4.911131,
            52.337509
          ],
          [
            4.911068,
            52.337563
          ],
          [
            4.910969,
            52.337646
          ],
          [
            4.9109,
            52.337692
          ],
          [
            4.910831,
            52.337734
          ],
          [
            4.910762,
            52.337784
          ],
          [
            4.9107,
            52.33783
          ],
          [
            4.910643,
            52.337883
          ],
          [
            4.910587,
            52.337933
          ],
          [
            4.910527,
            52.337982
          ],
          [
            4.910469,
            52.338028
          ],
          [
            4.91041,
            52.338078
          ],
          [
            4.910354,
            52.338127
          ],
          [
            4.910287,
            52.338177
          ],
          [
            4.910227,
            52.338226
          ],
          [
            4.910167,
            52.338276
          ],
          [
            4.91011,
            52.338322
          ],
          [
            4.910056,
            52.338367
          ],
          [
            4.909997,
            52.338417
          ],
          [
            4.909937,
            52.33847
          ],
          [
            4.90988,
            52.33852
          ],
          [
            4.909821,
            52.33857
          ],
          [
            4.909765,
            52.338619
          ],
          [
            4.909708,
            52.338673
          ],
          [
            4.909653,
            52.338718
          ],
          [
            4.909592,
            52.338768
          ],
          [
            4.909532,
            52.338821
          ],
          [
            4.909475,
            52.338871
          ],
          [
            4.90942,
            52.338921
          ],
          [
            4.909368,
            52.338966
          ],
          [
            4.909316,
            52.339012
          ],
          [
            4.909264,
            52.339058
          ],
          [
            4.90921,
            52.339104
          ],
          [
            4.909159,
            52.339146
          ],
          [
            4.909109,
            52.339195
          ],
          [
            4.909059,
            52.339241
          ],
          [
            4.909009,
            52.339287
          ],
          [
            4.90895,
            52.339336
          ],
          [
            4.908889,
            52.339386
          ],
          [
            4.908828,
            52.339439
          ],
          [
            4.908771,
            52.339493
          ],
          [
            4.908711,
            52.339546
          ],
          [
            4.908653,
            52.339596
          ],
          [
            4.908595,
            52.339645
          ],
          [
            4.908531,
            52.339699
          ],
          [
            4.908474,
            52.339752
          ],
          [
            4.908419,
            52.339802
          ],
          [
            4.908363,
            52.339855
          ],
          [
            4.908308,
            52.339905
          ],
          [
            4.90825,
            52.339954
          ],
          [
            4.908203,
            52.340008
          ],
          [
            4.908187,
            52.340038
          ],
          [
            4.908175,
            52.340057
          ],
          [
            4.908164,
            52.340076
          ],
          [
            4.908136,
            52.34013
          ],
          [
            4.90812,
            52.340153
          ],
          [
            4.908092,
            52.340195
          ],
          [
            4.908044,
            52.340244
          ],
          [
            4.907985,
            52.340298
          ],
          [
            4.907914,
            52.340355
          ],
          [
            4.907857,
            52.340401
          ],
          [
            4.907835,
            52.340416
          ],
          [
            4.907783,
            52.340462
          ],
          [
            4.907704,
            52.34053
          ],
          [
            4.907624,
            52.340607
          ],
          [
            4.90755,
            52.340683
          ],
          [
            4.907467,
            52.340775
          ],
          [
            4.907407,
            52.340858
          ],
          [
            4.907358,
            52.340923
          ],
          [
            4.907331,
            52.340988
          ],
          [
            4.907293,
            52.341049
          ],
          [
            4.90727,
            52.34111
          ],
          [
            4.907248,
            52.341171
          ],
          [
            4.907221,
            52.341236
          ],
          [
            4.907196,
            52.341297
          ],
          [
            4.907172,
            52.341362
          ],
          [
            4.90714,
            52.341427
          ],
          [
            4.90711,
            52.341488
          ],
          [
            4.907085,
            52.341549
          ],
          [
            4.907059,
            52.341614
          ],
          [
            4.907034,
            52.341679
          ],
          [
            4.90701,
            52.34174
          ],
          [
            4.906985,
            52.341805
          ],
          [
            4.906952,
            52.341866
          ],
          [
            4.906935,
            52.341927
          ],
          [
            4.90691,
            52.341984
          ],
          [
            4.906896,
            52.342026
          ],
          [
            4.906878,
            52.342072
          ],
          [
            4.906859,
            52.342125
          ],
          [
            4.906843,
            52.342171
          ],
          [
            4.906822,
            52.342228
          ],
          [
            4.906801,
            52.342285
          ],
          [
            4.90678,
            52.342346
          ],
          [
            4.906757,
            52.342407
          ],
          [
            4.906738,
            52.342461
          ],
          [
            4.906715,
            52.342522
          ],
          [
            4.906693,
            52.342583
          ],
          [
            4.906671,
            52.34264
          ],
          [
            4.906651,
            52.342697
          ],
          [
            4.906632,
            52.342751
          ],
          [
            4.906614,
            52.342804
          ],
          [
            4.906596,
            52.342861
          ],
          [
            4.90658,
            52.342907
          ],
          [
            4.906564,
            52.342957
          ],
          [
            4.906544,
            52.343018
          ],
          [
            4.906527,
            52.343067
          ],
          [
            4.906509,
            52.343121
          ],
          [
            4.906488,
            52.343178
          ],
          [
            4.906464,
            52.343235
          ],
          [
            4.906442,
            52.343292
          ],
          [
            4.906422,
            52.343346
          ],
          [
            4.906396,
            52.343407
          ],
          [
            4.906372,
            52.343472
          ],
          [
            4.906345,
            52.343536
          ],
          [
            4.906322,
            52.343594
          ],
          [
            4.906298,
            52.343651
          ],
          [
            4.906275,
            52.343704
          ],
          [
            4.906252,
            52.343765
          ],
          [
            4.906232,
            52.34383
          ],
          [
            4.906211,
            52.343891
          ],
          [
            4.906193,
            52.343952
          ],
          [
            4.906177,
            52.344009
          ],
          [
            4.906155,
            52.344074
          ],
          [
            4.906136,
            52.344139
          ],
          [
            4.906114,
            52.344196
          ],
          [
            4.906092,
            52.34425
          ],
          [
            4.906072,
            52.344307
          ],
          [
            4.906047,
            52.344368
          ],
          [
            4.906024,
            52.344425
          ],
          [
            4.906001,
            52.344482
          ],
          [
            4.905977,
            52.344543
          ],
          [
            4.905953,
            52.344605
          ],
          [
            4.905932,
            52.344658
          ],
          [
            4.905908,
            52.344719
          ],
          [
            4.905885,
            52.34478
          ],
          [
            4.90586,
            52.344841
          ],
          [
            4.905838,
            52.344906
          ],
          [
            4.905817,
            52.344959
          ],
          [
            4.905794,
            52.34502
          ],
          [
            4.90577,
            52.345085
          ],
          [
            4.905749,
            52.345146
          ],
          [
            4.905724,
            52.345207
          ],
          [
            4.905706,
            52.345264
          ],
          [
            4.905682,
            52.345318
          ],
          [
            4.905663,
            52.345375
          ],
          [
            4.905641,
            52.345432
          ],
          [
            4.905622,
            52.345482
          ],
          [
            4.905602,
            52.345535
          ],
          [
            4.905578,
            52.345596
          ],
          [
            4.905561,
            52.34565
          ],
          [
            4.90554,
            52.345703
          ],
          [
            4.905518,
            52.34576
          ],
          [
            4.905499,
            52.345818
          ],
          [
            4.905479,
            52.345867
          ],
          [
            4.905466,
            52.345913
          ],
          [
            4.90546,
            52.345963
          ],
          [
            4.905469,
            52.34602
          ],
          [
            4.905479,
            52.346069
          ],
          [
            4.905495,
            52.346107
          ],
          [
            4.905505,
            52.346134
          ],
          [
            4.905505,
            52.346134
          ],
          [
            4.905505,
            52.346134
          ],
          [
            4.905505,
            52.346134
          ],
          [
            4.905505,
            52.346134
          ],
          [
            4.90555,
            52.346218
          ],
          [
            4.905546,
            52.34623
          ],
          [
            4.90554,
            52.346241
          ],
          [
            4.905532,
            52.34626
          ],
          [
            4.905523,
            52.346283
          ],
          [
            4.905512,
            52.34631
          ],
          [
            4.905494,
            52.346344
          ],
          [
            4.905478,
            52.346382
          ],
          [
            4.905457,
            52.34642
          ],
          [
            4.905427,
            52.346451
          ],
          [
            4.905396,
            52.346466
          ],
          [
            4.905333,
            52.346481
          ],
          [
            4.905283,
            52.346485
          ],
          [
            4.905221,
            52.346481
          ],
          [
            4.90516,
            52.346474
          ],
          [
            4.905087,
            52.346462
          ],
          [
            4.90506,
            52.346458
          ],
          [
            4.904942,
            52.346439
          ],
          [
            4.90485,
            52.346424
          ],
          [
            4.904764,
            52.346413
          ],
          [
            4.904675,
            52.346397
          ],
          [
            4.904584,
            52.346382
          ],
          [
            4.904485,
            52.346371
          ],
          [
            4.90439,
            52.346359
          ],
          [
            4.904297,
            52.346352
          ],
          [
            4.904208,
            52.346344
          ],
          [
            4.904176,
            52.34634
          ],
          [
            4.904122,
            52.346336
          ],
          [
            4.904092,
            52.346336
          ],
          [
            4.903873,
            52.34634
          ],
          [
            4.903758,
            52.346348
          ],
          [
            4.903666,
            52.346367
          ],
          [
            4.903582,
            52.34639
          ],
          [
            4.903491,
            52.346424
          ],
          [
            4.9034,
            52.346458
          ],
          [
            4.903319,
            52.346489
          ],
          [
            4.903235,
            52.346519
          ],
          [
            4.903139,
            52.346561
          ],
          [
            4.903032,
            52.3466
          ],
          [
            4.902895,
            52.346642
          ],
          [
            4.902773,
            52.346672
          ],
          [
            4.902677,
            52.346695
          ],
          [
            4.902589,
            52.346718
          ],
          [
            4.902517,
            52.346733
          ],
          [
            4.902391,
            52.346756
          ],
          [
            4.902294,
            52.346767
          ],
          [
            4.902194,
            52.346771
          ],
          [
            4.902096,
            52.346786
          ],
          [
            4.902034,
            52.34679
          ],
          [
            4.901888,
            52.346802
          ],
          [
            4.901787,
            52.346802
          ],
          [
            4.901682,
            52.346806
          ],
          [
            4.901583,
            52.346809
          ],
          [
            4.901503,
            52.346817
          ],
          [
            4.901376,
            52.346825
          ],
          [
            4.901274,
            52.346832
          ],
          [
            4.901171,
            52.346832
          ],
          [
            4.901072,
            52.34684
          ],
          [
            4.900987,
            52.346848
          ],
          [
            4.900876,
            52.346848
          ],
          [
            4.900763,
            52.346859
          ],
          [
            4.900665,
            52.346867
          ],
          [
            4.90056,
            52.34687
          ],
          [
            4.900476,
            52.34687
          ],
          [
            4.900358,
            52.346867
          ],
          [
            4.900254,
            52.346874
          ],
          [
            4.900156,
            52.346874
          ],
          [
            4.900053,
            52.346878
          ],
          [
            4.899969,
            52.346882
          ],
          [
            4.899854,
            52.346886
          ],
          [
            4.899756,
            52.346893
          ],
          [
            4.899659,
            52.346901
          ],
          [
            4.899558,
            52.346905
          ],
          [
            4.899496,
            52.346909
          ],
          [
            4.899355,
            52.346916
          ],
          [
            4.899277,
            52.346916
          ],
          [
            4.899195,
            52.34692
          ],
          [
            4.899111,
            52.346924
          ],
          [
            4.899065,
            52.346924
          ],
          [
            4.898938,
            52.346928
          ],
          [
            4.898849,
            52.346931
          ],
          [
            4.898742,
            52.346931
          ],
          [
            4.898642,
            52.346935
          ],
          [
            4.898582,
            52.346935
          ],
          [
            4.898456,
            52.346947
          ],
          [
            4.898349,
            52.346954
          ],
          [
            4.898248,
            52.346966
          ],
          [
            4.89815,
            52.346977
          ],
          [
            4.898108,
            52.346981
          ],
          [
            4.897962,
            52.346989
          ],
          [
            4.897852,
            52.346993
          ],
          [
            4.89775,
            52.346996
          ],
          [
            4.89769,
            52.347
          ],
          [
            4.897557,
            52.347008
          ],
          [
            4.897457,
            52.347015
          ],
          [
            4.89735,
            52.347019
          ],
          [
            4.897247,
            52.347027
          ],
          [
            4.897183,
            52.347031
          ],
          [
            4.897051,
            52.347038
          ],
          [
            4.896949,
            52.347042
          ],
          [
            4.896844,
            52.34705
          ],
          [
            4.896755,
            52.347057
          ],
          [
            4.896641,
            52.347061
          ],
          [
            4.896558,
            52.347065
          ],
          [
            4.896379,
            52.347076
          ],
          [
            4.896243,
            52.347084
          ],
          [
            4.896122,
            52.347092
          ],
          [
            4.89604,
            52.347095
          ],
          [
            4.895924,
            52.347103
          ],
          [
            4.89585,
            52.347107
          ],
          [
            4.895741,
            52.347111
          ],
          [
            4.895659,
            52.347115
          ],
          [
            4.895602,
            52.347118
          ],
          [
            4.895562,
            52.347118
          ],
          [
            4.895533,
            52.347118
          ],
          [
            4.895508,
            52.347122
          ],
          [
            4.895508,
            52.347122
          ],
          [
            4.895508,
            52.347122
          ],
          [
            4.895508,
            52.347122
          ],
          [
            4.895508,
            52.347122
          ],
          [
            4.895508,
            52.347122
          ],
          [
            4.895447,
            52.34713
          ],
          [
            4.895412,
            52.347134
          ],
          [
            4.895371,
            52.347134
          ],
          [
            4.895311,
            52.347134
          ],
          [
            4.895248,
            52.347137
          ],
          [
            4.895178,
            52.347137
          ],
          [
            4.895103,
            52.347141
          ],
          [
            4.895026,
            52.347145
          ],
          [
            4.894946,
            52.347149
          ],
          [
            4.894854,
            52.347149
          ],
          [
            4.894762,
            52.347153
          ],
          [
            4.894661,
            52.34716
          ],
          [
            4.894567,
            52.347168
          ],
          [
            4.894456,
            52.347168
          ],
          [
            4.894356,
            52.347172
          ],
          [
            4.894312,
            52.347172
          ],
          [
            4.894205,
            52.347176
          ],
          [
            4.894107,
            52.347179
          ],
          [
            4.894021,
            52.347183
          ],
          [
            4.893925,
            52.347187
          ],
          [
            4.893866,
            52.347187
          ],
          [
            4.893736,
            52.347195
          ],
          [
            4.893636,
            52.347191
          ],
          [
            4.89359,
            52.347198
          ],
          [
            4.893448,
            52.347206
          ],
          [
            4.893366,
            52.347206
          ],
          [
            4.89324,
            52.347214
          ],
          [
            4.893141,
            52.347218
          ],
          [
            4.893038,
            52.347221
          ],
          [
            4.892935,
            52.347225
          ],
          [
            4.892873,
            52.347229
          ],
          [
            4.892741,
            52.347233
          ],
          [
            4.892639,
            52.34724
          ],
          [
            4.89254,
            52.347244
          ],
          [
            4.892474,
            52.347252
          ],
          [
            4.892351,
            52.347259
          ],
          [
            4.892261,
            52.347275
          ],
          [
            4.892167,
            52.347282
          ],
          [
            4.892139,
            52.347286
          ],
          [
            4.891989,
            52.347298
          ],
          [
            4.891892,
            52.347301
          ],
          [
            4.891805,
            52.347305
          ],
          [
            4.891749,
            52.347309
          ],
          [
            4.891641,
            52.347313
          ],
          [
            4.891567,
            52.347317
          ],
          [
            4.891498,
            52.347321
          ],
          [
            4.891445,
            52.347324
          ],
          [
            4.8914,
            52.347324
          ],
          [
            4.8914,
            52.347324
          ],
          [
            4.8914,
            52.347324
          ],
          [
            4.8914,
            52.347324
          ],
          [
            4.891317,
            52.347355
          ],
          [
            4.891304,
            52.347355
          ],
          [
            4.891283,
            52.347355
          ],
          [
            4.891248,
            52.347359
          ],
          [
            4.891208,
            52.347359
          ],
          [
            4.891167,
            52.347355
          ],
          [
            4.891118,
            52.347351
          ],
          [
            4.891062,
            52.347351
          ],
          [
            4.890997,
            52.347347
          ],
          [
            4.890931,
            52.347347
          ],
          [
            4.890853,
            52.347343
          ],
          [
            4.890779,
            52.347347
          ],
          [
            4.890695,
            52.347351
          ],
          [
            4.890656,
            52.347351
          ],
          [
            4.890528,
            52.347359
          ],
          [
            4.890384,
            52.347366
          ],
          [
            4.890222,
            52.347378
          ],
          [
            4.890089,
            52.347397
          ],
          [
            4.890016,
            52.347397
          ],
          [
            4.889874,
            52.347404
          ],
          [
            4.889774,
            52.347412
          ],
          [
            4.889691,
            52.347412
          ],
          [
            4.889564,
            52.34742
          ],
          [
            4.889489,
            52.347424
          ],
          [
            4.889356,
            52.34742
          ],
          [
            4.889259,
            52.347431
          ],
          [
            4.889156,
            52.347435
          ],
          [
            4.889058,
            52.347443
          ],
          [
            4.888951,
            52.347454
          ],
          [
            4.888878,
            52.347458
          ],
          [
            4.888765,
            52.347458
          ],
          [
            4.888642,
            52.347466
          ],
          [
            4.888539,
            52.347469
          ],
          [
            4.888438,
            52.347469
          ],
          [
            4.888368,
            52.347473
          ],
          [
            4.888236,
            52.347477
          ],
          [
            4.888141,
            52.347485
          ],
          [
            4.888071,
            52.347488
          ],
          [
            4.887994,
            52.347496
          ],
          [
            4.887913,
            52.3475
          ],
          [
            4.887845,
            52.347504
          ],
          [
            4.88775,
            52.347511
          ],
          [
            4.887666,
            52.347511
          ],
          [
            4.887582,
            52.347519
          ],
          [
            4.887494,
            52.347527
          ],
          [
            4.887456,
            52.347527
          ],
          [
            4.887311,
            52.347527
          ],
          [
            4.887208,
            52.347527
          ],
          [
            4.887117,
            52.347523
          ],
          [
            4.88702,
            52.347515
          ],
          [
            4.886949,
            52.347511
          ],
          [
            4.886827,
            52.347504
          ],
          [
            4.886726,
            52.3475
          ],
          [
            4.886628,
            52.347492
          ],
          [
            4.886548,
            52.347485
          ],
          [
            4.886436,
            52.347477
          ],
          [
            4.886337,
            52.347473
          ],
          [
            4.88624,
            52.347469
          ],
          [
            4.886142,
            52.347469
          ],
          [
            4.8861,
            52.347469
          ],
          [
            4.885957,
            52.347477
          ],
          [
            4.885857,
            52.347477
          ],
          [
            4.885737,
            52.347481
          ],
          [
            4.885636,
            52.347485
          ],
          [
            4.885577,
            52.347485
          ],
          [
            4.885396,
            52.347492
          ],
          [
            4.885249,
            52.3475
          ],
          [
            4.885117,
            52.347511
          ],
          [
            4.885015,
            52.347527
          ],
          [
            4.884925,
            52.347549
          ],
          [
            4.884836,
            52.34758
          ],
          [
            4.884752,
            52.34761
          ],
          [
            4.884673,
            52.347645
          ],
          [
            4.884603,
            52.347691
          ],
          [
            4.884535,
            52.347736
          ],
          [
            4.884474,
            52.347786
          ],
          [
            4.884407,
            52.347839
          ],
          [
            4.884338,
            52.347889
          ],
          [
            4.88427,
            52.347942
          ],
          [
            4.8842,
            52.347996
          ],
          [
            4.88413,
            52.348049
          ],
          [
            4.884069,
            52.348103
          ],
          [
            4.883996,
            52.348156
          ],
          [
            4.883927,
            52.348206
          ],
          [
            4.883854,
            52.348259
          ],
          [
            4.88378,
            52.348305
          ],
          [
            4.883706,
            52.348362
          ],
          [
            4.883631,
            52.348412
          ],
          [
            4.883568,
            52.348457
          ],
          [
            4.8835,
            52.348507
          ],
          [
            4.883442,
            52.348553
          ],
          [
            4.88339,
            52.348595
          ],
          [
            4.883362,
            52.34864
          ],
          [
            4.883363,
            52.348644
          ],
          [
            4.883346,
            52.348736
          ],
          [
            4.883331,
            52.348782
          ],
          [
            4.883314,
            52.348824
          ],
          [
            4.883294,
            52.348869
          ],
          [
            4.883266,
            52.348915
          ],
          [
            4.883218,
            52.348946
          ],
          [
            4.883151,
            52.348991
          ],
          [
            4.883115,
            52.349033
          ],
          [
            4.883056,
            52.349071
          ],
          [
            4.882985,
            52.34911
          ],
          [
            4.882926,
            52.349148
          ],
          [
            4.88288,
            52.349182
          ],
          [
            4.882826,
            52.34922
          ],
          [
            4.882781,
            52.349258
          ],
          [
            4.882731,
            52.3493
          ],
          [
            4.882667,
            52.349339
          ],
          [
            4.882603,
            52.349388
          ],
          [
            4.88254,
            52.34943
          ],
          [
            4.882474,
            52.349476
          ],
          [
            4.882409,
            52.349525
          ],
          [
            4.882353,
            52.349564
          ],
          [
            4.882307,
            52.349602
          ],
          [
            4.88226,
            52.349636
          ],
          [
            4.882202,
            52.349674
          ],
          [
            4.882138,
            52.34972
          ],
          [
            4.882074,
            52.349758
          ],
          [
            4.882018,
            52.3498
          ],
          [
            4.881961,
            52.349842
          ],
          [
            4.881899,
            52.349892
          ],
          [
            4.881831,
            52.349941
          ],
          [
            4.881771,
            52.349991
          ],
          [
            4.881708,
            52.350037
          ],
          [
            4.881646,
            52.350075
          ],
          [
            4.881577,
            52.350121
          ],
          [
            4.881493,
            52.350162
          ],
          [
            4.881456,
            52.350178
          ],
          [
            4.881327,
            52.35022
          ],
          [
            4.881236,
            52.350246
          ],
          [
            4.881203,
            52.350254
          ],
          [
            4.881055,
            52.350285
          ],
          [
            4.88095,
            52.3503
          ],
          [
            4.880869,
            52.350311
          ],
          [
            4.880757,
            52.350334
          ],
          [
            4.880664,
            52.350349
          ],
          [
            4.880562,
            52.350372
          ],
          [
            4.880464,
            52.350388
          ],
          [
            4.88037,
            52.350403
          ],
          [
            4.880283,
            52.350422
          ],
          [
            4.880232,
            52.35043
          ],
          [
            4.880099,
            52.350452
          ],
          [
            4.879996,
            52.350472
          ],
          [
            4.879899,
            52.350494
          ],
          [
            4.879803,
            52.350513
          ],
          [
            4.879756,
            52.350521
          ],
          [
            4.879619,
            52.350548
          ],
          [
            4.879517,
            52.350563
          ],
          [
            4.879454,
            52.350575
          ],
          [
            4.879355,
            52.350601
          ],
          [
            4.879288,
            52.350613
          ],
          [
            4.879288,
            52.350613
          ],
          [
            4.879288,
            52.350613
          ],
          [
            4.879288,
            52.350613
          ],
          [
            4.879191,
            52.350647
          ],
          [
            4.879164,
            52.350655
          ],
          [
            4.879134,
            52.350658
          ],
          [
            4.879096,
            52.350666
          ],
          [
            4.879058,
            52.350674
          ],
          [
            4.879013,
            52.350689
          ],
          [
            4.878976,
            52.350704
          ],
          [
            4.878974,
            52.350712
          ],
          [
            4.87897,
            52.350777
          ],
          [
            4.878991,
            52.350819
          ],
          [
            4.87901,
            52.350861
          ],
          [
            4.879036,
            52.350903
          ],
          [
            4.879059,
            52.350952
          ],
          [
            4.879081,
            52.350998
          ],
          [
            4.879103,
            52.351048
          ],
          [
            4.879126,
            52.351093
          ],
          [
            4.879149,
            52.351139
          ],
          [
            4.879171,
            52.351185
          ],
          [
            4.87919,
            52.351231
          ],
          [
            4.879212,
            52.351269
          ],
          [
            4.879245,
            52.351315
          ],
          [
            4.879271,
            52.351334
          ],
          [
            4.879305,
            52.351356
          ],
          [
            4.879359,
            52.351391
          ],
          [
            4.879414,
            52.351421
          ],
          [
            4.879474,
            52.351448
          ],
          [
            4.879538,
            52.351479
          ],
          [
            4.879609,
            52.351505
          ],
          [
            4.879675,
            52.351532
          ],
          [
            4.879749,
            52.351566
          ],
          [
            4.87982,
            52.351597
          ],
          [
            4.879879,
            52.35162
          ],
          [
            4.879963,
            52.351654
          ],
          [
            4.880029,
            52.351681
          ],
          [
            4.880102,
            52.351711
          ],
          [
            4.880176,
            52.351742
          ],
          [
            4.880248,
            52.351776
          ],
          [
            4.880299,
            52.351799
          ],
          [
            4.880398,
            52.351841
          ],
          [
            4.880468,
            52.351871
          ],
          [
            4.880533,
            52.351898
          ],
          [
            4.880601,
            52.351925
          ],
          [
            4.880673,
            52.351959
          ],
          [
            4.880749,
            52.351994
          ],
          [
            4.880822,
            52.352024
          ],
          [
            4.880897,
            52.352058
          ],
          [
            4.880972,
            52.352089
          ],
          [
            4.881049,
            52.352119
          ],
          [
            4.881126,
            52.35215
          ],
          [
            4.881205,
            52.35218
          ],
          [
            4.881281,
            52.352211
          ],
          [
            4.881369,
            52.352249
          ],
          [
            4.881454,
            52.352284
          ],
          [
            4.881524,
            52.352314
          ],
          [
            4.881662,
            52.352364
          ],
          [
            4.881736,
            52.352394
          ],
          [
            4.881792,
            52.352436
          ],
          [
            4.881867,
            52.352459
          ],
          [
            4.88193,
            52.352497
          ],
          [
            4.881991,
            52.352524
          ],
          [
            4.882072,
            52.352558
          ],
          [
            4.882135,
            52.352589
          ],
          [
            4.8822,
            52.352615
          ],
          [
            4.882271,
            52.352642
          ],
          [
            4.882331,
            52.352661
          ],
          [
            4.882399,
            52.352676
          ],
          [
            4.882463,
            52.352692
          ],
          [
            4.882515,
            52.352703
          ],
          [
            4.882535,
            52.352707
          ],
          [
            4.882558,
            52.352715
          ],
          [
            4.882599,
            52.35273
          ],
          [
            4.882624,
            52.352749
          ],
          [
            4.882642,
            52.352772
          ],
          [
            4.882659,
            52.352802
          ],
          [
            4.882685,
            52.352837
          ],
          [
            4.882699,
            52.352867
          ],
          [
            4.882709,
            52.352901
          ],
          [
            4.882698,
            52.352924
          ],
          [
            4.882668,
            52.352951
          ],
          [
            4.88262,
            52.352978
          ],
          [
            4.88257,
            52.353004
          ],
          [
            4.882515,
            52.353031
          ],
          [
            4.882461,
            52.353058
          ],
          [
            4.882408,
            52.353085
          ],
          [
            4.882345,
            52.353119
          ],
          [
            4.882297,
            52.353153
          ],
          [
            4.882253,
            52.353195
          ],
          [
            4.882211,
            52.353241
          ],
          [
            4.882169,
            52.353287
          ],
          [
            4.882127,
            52.35334
          ],
          [
            4.882087,
            52.353397
          ],
          [
            4.882045,
            52.353455
          ],
          [
            4.882005,
            52.353508
          ],
          [
            4.881967,
            52.353561
          ],
          [
            4.881937,
            52.353619
          ],
          [
            4.881894,
            52.353668
          ],
          [
            4.881854,
            52.353729
          ],
          [
            4.881821,
            52.35379
          ],
          [
            4.88178,
            52.353847
          ],
          [
            4.881739,
            52.353905
          ],
          [
            4.881702,
            52.353958
          ],
          [
            4.88166,
            52.354019
          ],
          [
            4.881616,
            52.354073
          ],
          [
            4.881576,
            52.35413
          ],
          [
            4.881538,
            52.354187
          ],
          [
            4.881497,
            52.354244
          ],
          [
            4.881459,
            52.354298
          ],
          [
            4.881422,
            52.354351
          ],
          [
            4.881387,
            52.354401
          ],
          [
            4.881346,
            52.354458
          ],
          [
            4.881308,
            52.354519
          ],
          [
            4.881275,
            52.354576
          ],
          [
            4.881238,
            52.354633
          ],
          [
            4.881203,
            52.354691
          ],
          [
            4.881168,
            52.354748
          ],
          [
            4.881129,
            52.354797
          ],
          [
            4.881092,
            52.354851
          ],
          [
            4.881048,
            52.354908
          ],
          [
            4.881001,
            52.354965
          ],
          [
            4.880956,
            52.355022
          ],
          [
            4.880916,
            52.355072
          ],
          [
            4.880877,
            52.355122
          ],
          [
            4.880836,
            52.355171
          ],
          [
            4.880796,
            52.355228
          ],
          [
            4.880764,
            52.355274
          ],
          [
            4.880728,
            52.355316
          ],
          [
            4.880688,
            52.355366
          ],
          [
            4.880649,
            52.355408
          ],
          [
            4.88061,
            52.355446
          ],
          [
            4.880571,
            52.355484
          ],
          [
            4.880532,
            52.355522
          ],
          [
            4.880497,
            52.35556
          ],
          [
            4.880468,
            52.355587
          ],
          [
            4.880433,
            52.35564
          ],
          [
            4.880401,
            52.355682
          ],
          [
            4.880371,
            52.355724
          ],
          [
            4.880338,
            52.355774
          ],
          [
            4.88031,
            52.35582
          ],
          [
            4.880279,
            52.355866
          ],
          [
            4.880252,
            52.355904
          ],
          [
            4.880227,
            52.355946
          ],
          [
            4.880208,
            52.355976
          ],
          [
            4.880192,
            52.35601
          ],
          [
            4.880187,
            52.356045
          ],
          [
            4.880178,
            52.356087
          ],
          [
            4.880173,
            52.356121
          ],
          [
            4.880164,
            52.356163
          ],
          [
            4.880148,
            52.356205
          ],
          [
            4.880129,
            52.356247
          ],
          [
            4.880095,
            52.3563
          ],
          [
            4.880064,
            52.356346
          ],
          [
            4.880029,
            52.356396
          ],
          [
            4.879992,
            52.356449
          ],
          [
            4.879953,
            52.356503
          ],
          [
            4.879913,
            52.35656
          ],
          [
            4.879872,
            52.356613
          ],
          [
            4.879835,
            52.356667
          ],
          [
            4.879789,
            52.356728
          ],
          [
            4.879749,
            52.356781
          ],
          [
            4.87971,
            52.356834
          ],
          [
            4.879671,
            52.356888
          ],
          [
            4.879631,
            52.356941
          ],
          [
            4.879593,
            52.356991
          ],
          [
            4.879556,
            52.357044
          ],
          [
            4.879514,
            52.357101
          ],
          [
            4.879477,
            52.357151
          ],
          [
            4.879441,
            52.357204
          ],
          [
            4.879406,
            52.357254
          ],
          [
            4.879367,
            52.357315
          ],
          [
            4.879324,
            52.357372
          ],
          [
            4.879283,
            52.357429
          ],
          [
            4.879243,
            52.357487
          ],
          [
            4.879204,
            52.35754
          ],
          [
            4.879161,
            52.357597
          ],
          [
            4.87912,
            52.357655
          ],
          [
            4.87908,
            52.357708
          ],
          [
            4.879045,
            52.357758
          ],
          [
            4.879007,
            52.357807
          ],
          [
            4.878968,
            52.357864
          ],
          [
            4.878938,
            52.35791
          ],
          [
            4.878905,
            52.357956
          ],
          [
            4.878864,
            52.358009
          ],
          [
            4.878825,
            52.358059
          ],
          [
            4.878786,
            52.358112
          ],
          [
            4.878741,
            52.358166
          ],
          [
            4.878701,
            52.358212
          ],
          [
            4.878661,
            52.358257
          ],
          [
            4.878619,
            52.358303
          ],
          [
            4.878581,
            52.358356
          ],
          [
            4.87854,
            52.358406
          ],
          [
            4.878506,
            52.358452
          ],
          [
            4.878464,
            52.358505
          ],
          [
            4.878437,
            52.358551
          ],
          [
            4.878411,
            52.358601
          ],
          [
            4.878378,
            52.358654
          ],
          [
            4.87834,
            52.358704
          ],
          [
            4.878297,
            52.358757
          ],
          [
            4.878257,
            52.35881
          ],
          [
            4.878214,
            52.35886
          ],
          [
            4.878171,
            52.358913
          ],
          [
            4.878133,
            52.358967
          ],
          [
            4.878094,
            52.35902
          ],
          [
            4.878055,
            52.35907
          ],
          [
            4.878003,
            52.359131
          ],
          [
            4.877944,
            52.359173
          ],
          [
            4.877894,
            52.359222
          ],
          [
            4.877844,
            52.359268
          ],
          [
            4.877801,
            52.35931
          ],
          [
            4.877764,
            52.359356
          ],
          [
            4.87773,
            52.359398
          ],
          [
            4.877703,
            52.359432
          ],
          [
            4.877674,
            52.359482
          ],
          [
            4.877642,
            52.359528
          ],
          [
            4.87761,
            52.35957
          ],
          [
            4.877576,
            52.359619
          ],
          [
            4.87754,
            52.359669
          ],
          [
            4.877498,
            52.359722
          ],
          [
            4.877463,
            52.359779
          ],
          [
            4.877419,
            52.359837
          ],
          [
            4.877383,
            52.35989
          ],
          [
            4.877342,
            52.359947
          ],
          [
            4.877312,
            52.360001
          ],
          [
            4.877303,
            52.36005
          ],
          [
            4.877289,
            52.360107
          ],
          [
            4.877301,
            52.360153
          ],
          [
            4.877328,
            52.360195
          ],
          [
            4.877362,
            52.360222
          ],
          [
            4.87737,
            52.360241
          ],
          [
            4.877391,
            52.360249
          ],
          [
            4.877391,
            52.360249
          ],
          [
            4.877452,
            52.360298
          ],
          [
            4.877479,
            52.360317
          ],
          [
            4.877486,
            52.360325
          ],
          [
            4.8775,
            52.360332
          ],
          [
            4.877515,
            52.360344
          ],
          [
            4.877532,
            52.360359
          ],
          [
            4.877541,
            52.360367
          ],
          [
            4.877566,
            52.360382
          ],
          [
            4.877588,
            52.360397
          ],
          [
            4.87762,
            52.360413
          ],
          [
            4.877649,
            52.360432
          ],
          [
            4.87768,
            52.360447
          ],
          [
            4.877719,
            52.360466
          ],
          [
            4.877762,
            52.360477
          ],
          [
            4.87778,
            52.3605
          ],
          [
            4.877748,
            52.36058
          ],
          [
            4.877714,
            52.360607
          ],
          [
            4.877666,
            52.360622
          ],
          [
            4.877602,
            52.36063
          ],
          [
            4.877527,
            52.360634
          ],
          [
            4.877455,
            52.360634
          ],
          [
            4.877382,
            52.360626
          ],
          [
            4.877328,
            52.360619
          ],
          [
            4.877237,
            52.360607
          ],
          [
            4.877165,
            52.360596
          ],
          [
            4.877088,
            52.360577
          ],
          [
            4.877028,
            52.360565
          ],
          [
            4.876963,
            52.36055
          ],
          [
            4.876887,
            52.360531
          ],
          [
            4.876829,
            52.360512
          ],
          [
            4.876787,
            52.3605
          ],
          [
            4.876804,
            52.360519
          ],
          [
            4.87663,
            52.360458
          ],
          [
            4.876523,
            52.360428
          ],
          [
            4.876433,
            52.360409
          ],
          [
            4.876346,
            52.360386
          ],
          [
            4.87626,
            52.360363
          ],
          [
            4.876187,
            52.360344
          ],
          [
            4.87612,
            52.360325
          ],
          [
            4.876102,
            52.360325
          ],
          [
            4.87598,
            52.360306
          ],
          [
            4.875895,
            52.360298
          ],
          [
            4.875821,
            52.360306
          ],
          [
            4.875761,
            52.360317
          ],
          [
            4.8757,
            52.36034
          ],
          [
            4.87565,
            52.360363
          ],
          [
            4.875598,
            52.360394
          ],
          [
            4.875543,
            52.360428
          ],
          [
            4.875476,
            52.360466
          ],
          [
            4.875411,
            52.360504
          ],
          [
            4.87535,
            52.360535
          ],
          [
            4.875288,
            52.360561
          ],
          [
            4.875215,
            52.360596
          ],
          [
            4.875159,
            52.360622
          ],
          [
            4.875091,
            52.360657
          ],
          [
            4.875028,
            52.360695
          ],
          [
            4.874963,
            52.360729
          ],
          [
            4.874892,
            52.36076
          ],
          [
            4.87491,
            52.36076
          ],
          [
            4.874742,
            52.360802
          ],
          [
            4.874644,
            52.360825
          ],
          [
            4.874561,
            52.36084
          ],
          [
            4.87451,
            52.360847
          ],
          [
            4.874457,
            52.360851
          ],
          [
            4.874312,
            52.360867
          ],
          [
            4.874214,
            52.360878
          ],
          [
            4.874147,
            52.360889
          ],
          [
            4.874084,
            52.360905
          ],
          [
            4.874042,
            52.36092
          ],
          [
            4.874005,
            52.360935
          ],
          [
            4.87397,
            52.360954
          ],
          [
            4.873925,
            52.360973
          ],
          [
            4.873888,
            52.360992
          ],
          [
            4.87384,
            52.361015
          ],
          [
            4.873797,
            52.361031
          ],
          [
            4.873742,
            52.361042
          ],
          [
            4.873685,
            52.361053
          ],
          [
            4.873608,
            52.361057
          ],
          [
            4.873539,
            52.361065
          ],
          [
            4.873471,
            52.361084
          ],
          [
            4.87341,
            52.361103
          ],
          [
            4.873355,
            52.361126
          ],
          [
            4.873297,
            52.361137
          ],
          [
            4.87326,
            52.361149
          ],
          [
            4.873248,
            52.36116
          ],
          [
            4.873143,
            52.361141
          ],
          [
            4.873094,
            52.361126
          ],
          [
            4.873009,
            52.361107
          ],
          [
            4.872939,
            52.361088
          ],
          [
            4.87287,
            52.361076
          ],
          [
            4.872797,
            52.361057
          ],
          [
            4.872743,
            52.361042
          ],
          [
            4.872648,
            52.361015
          ],
          [
            4.872568,
            52.360996
          ],
          [
            4.872497,
            52.360981
          ],
          [
            4.872414,
            52.360958
          ],
          [
            4.872331,
            52.360935
          ],
          [
            4.872265,
            52.360916
          ],
          [
            4.872165,
            52.360889
          ],
          [
            4.872082,
            52.360863
          ],
          [
            4.871991,
            52.36084
          ],
          [
            4.871899,
            52.360817
          ],
          [
            4.871845,
            52.360802
          ],
          [
            4.871727,
            52.360771
          ],
          [
            4.871629,
            52.360744
          ],
          [
            4.871542,
            52.360722
          ],
          [
            4.871447,
            52.360695
          ],
          [
            4.871354,
            52.360664
          ],
          [
            4.871257,
            52.360641
          ],
          [
            4.871153,
            52.360615
          ],
          [
            4.871047,
            52.360588
          ],
          [
            4.870944,
            52.360565
          ],
          [
            4.870843,
            52.360539
          ],
          [
            4.870754,
            52.360512
          ],
          [
            4.870666,
            52.360489
          ],
          [
            4.870605,
            52.360474
          ],
          [
            4.870497,
            52.360443
          ],
          [
            4.870415,
            52.360424
          ],
          [
            4.870339,
            52.360397
          ],
          [
            4.870255,
            52.360374
          ],
          [
            4.870181,
            52.360359
          ],
          [
            4.87011,
            52.360352
          ],
          [
            4.870041,
            52.360355
          ],
          [
            4.869986,
            52.360374
          ],
          [
            4.869947,
            52.360394
          ],
          [
            4.869913,
            52.360424
          ],
          [
            4.869873,
            52.360462
          ],
          [
            4.869849,
            52.360508
          ],
          [
            4.869815,
            52.360554
          ],
          [
            4.869778,
            52.3606
          ],
          [
            4.869748,
            52.360649
          ],
          [
            4.869717,
            52.360695
          ],
          [
            4.869683,
            52.360748
          ],
          [
            4.869659,
            52.36079
          ],
          [
            4.869626,
            52.360836
          ],
          [
            4.869597,
            52.360882
          ],
          [
            4.869569,
            52.360928
          ],
          [
            4.869543,
            52.360973
          ],
          [
            4.869518,
            52.361004
          ],
          [
            4.869499,
            52.361038
          ],
          [
            4.869499,
            52.361038
          ],
          [
            4.869455,
            52.361107
          ],
          [
            4.869455,
            52.361107
          ],
          [
            4.869455,
            52.361107
          ],
          [
            4.86944,
            52.361145
          ],
          [
            4.86944,
            52.361145
          ],
          [
            4.86944,
            52.361145
          ],
          [
            4.86944,
            52.361145
          ],
          [
            4.869433,
            52.361168
          ],
          [
            4.86943,
            52.361176
          ],
          [
            4.869423,
            52.361183
          ],
          [
            4.869413,
            52.361198
          ],
          [
            4.869401,
            52.361218
          ],
          [
            4.869391,
            52.361237
          ],
          [
            4.869364,
            52.361263
          ],
          [
            4.869335,
            52.361275
          ],
          [
            4.869291,
            52.361275
          ],
          [
            4.869271,
            52.361275
          ],
          [
            4.869184,
            52.361256
          ],
          [
            4.869166,
            52.361252
          ],
          [
            4.869044,
            52.361218
          ],
          [
            4.868973,
            52.361198
          ],
          [
            4.868895,
            52.361176
          ],
          [
            4.868855,
            52.361168
          ],
          [
            4.868725,
            52.361134
          ],
          [
            4.868633,
            52.361111
          ],
          [
            4.868537,
            52.361084
          ],
          [
            4.868481,
            52.361069
          ],
          [
            4.868354,
            52.361034
          ],
          [
            4.868252,
            52.361012
          ],
          [
            4.868156,
            52.360989
          ],
          [
            4.868065,
            52.36097
          ],
          [
            4.867974,
            52.360947
          ],
          [
            4.867888,
            52.360928
          ],
          [
            4.867815,
            52.360912
          ],
          [
            4.867749,
            52.360897
          ],
          [
            4.867707,
            52.360893
          ],
          [
            4.867675,
            52.360893
          ],
          [
            4.867675,
            52.360893
          ],
          [
            4.867664,
            52.360889
          ],
          [
            4.867669,
            52.360893
          ],
          [
            4.867669,
            52.360893
          ],
          [
            4.867703,
            52.360886
          ],
          [
            4.867716,
            52.360878
          ],
          [
            4.867725,
            52.360874
          ],
          [
            4.867738,
            52.360867
          ],
          [
            4.86775,
            52.360855
          ],
          [
            4.867764,
            52.360836
          ],
          [
            4.867775,
            52.360821
          ],
          [
            4.867782,
            52.360805
          ],
          [
            4.867786,
            52.360767
          ],
          [
            4.867782,
            52.360741
          ],
          [
            4.867768,
            52.360718
          ],
          [
            4.867743,
            52.360695
          ],
          [
            4.867715,
            52.360683
          ],
          [
            4.867715,
            52.360683
          ],
          [
            4.867647,
            52.360661
          ],
          [
            4.867647,
            52.360661
          ],
          [
            4.867647,
            52.360661
          ],
          [
            4.867647,
            52.360661
          ],
          [
            4.867647,
            52.360661
          ],
          [
            4.867647,
            52.360661
          ],
          [
            4.867647,
            52.360661
          ],
          [
            4.867647,
            52.360661
          ],
          [
            4.867647,
            52.360661
          ],
          [
            4.867647,
            52.360661
          ],
          [
            4.867647,
            52.360661
          ],
          [
            4.867647,
            52.360661
          ],
          [
            4.867647,
            52.360661
          ],
          [
            4.867647,
            52.360661
          ],
          [
            4.867647,
            52.360661
          ],
          [
            4.867647,
            52.360661
          ],
          [
            4.867647,
            52.360661
          ],
          [
            4.867647,
            52.360661
          ],
          [
            4.867647,
            52.360661
          ],
          [
            4.867647,
            52.360661
          ],
          [
            4.867647,
            52.360661
          ],
          [
            4.868112,
            52.360497
          ],
          [
            4.868117,
            52.360485
          ],
          [
            4.868122,
            52.360477
          ],
          [
            4.868129,
            52.360462
          ],
          [
            4.868147,
            52.360436
          ],
          [
            4.868169,
            52.360409
          ],
          [
            4.868187,
            52.360371
          ],
          [
            4.868216,
            52.360344
          ],
          [
            4.868235,
            52.360302
          ],
          [
            4.868279,
            52.360229
          ],
          [
            4.868297,
            52.360199
          ],
          [
            4.868317,
            52.360168
          ],
          [
            4.868338,
            52.36013
          ],
          [
            4.868354,
            52.360107
          ],
          [
            4.868383,
            52.36005
          ],
          [
            4.868395,
            52.360027
          ],
          [
            4.868406,
            52.360001
          ],
          [
            4.868427,
            52.359962
          ],
          [
            4.868448,
            52.359936
          ],
          [
            4.868484,
            52.359882
          ],
          [
            4.868498,
            52.359863
          ],
          [
            4.868528,
            52.359837
          ],
          [
            4.868555,
            52.35981
          ],
          [
            4.868575,
            52.359791
          ],
          [
            4.8686,
            52.359768
          ],
          [
            4.868629,
            52.359749
          ],
          [
            4.868665,
            52.359737
          ],
          [
            4.868715,
            52.359722
          ],
          [
            4.868755,
            52.359714
          ],
          [
            4.868799,
            52.359714
          ],
          [
            4.868898,
            52.359734
          ],
          [
            4.868951,
            52.359749
          ],
          [
            4.86906,
            52.359783
          ],
          [
            4.869167,
            52.35981
          ],
          [
            4.869214,
            52.359821
          ],
          [
            4.869269,
            52.359833
          ],
          [
            4.869313,
            52.359844
          ],
          [
            4.869405,
            52.359859
          ],
          [
            4.869454,
            52.359863
          ],
          [
            4.869493,
            52.359867
          ],
          [
            4.869553,
            52.359867
          ],
          [
            4.8696,
            52.359863
          ],
          [
            4.869653,
            52.359859
          ],
          [
            4.869709,
            52.359848
          ],
          [
            4.869754,
            52.35984
          ],
          [
            4.86985,
            52.359818
          ],
          [
            4.869885,
            52.359818
          ],
          [
            4.869956,
            52.359833
          ],
          [
            4.870033,
            52.359852
          ],
          [
            4.870075,
            52.359859
          ],
          [
            4.870121,
            52.359867
          ],
          [
            4.870173,
            52.359879
          ],
          [
            4.870211,
            52.359886
          ],
          [
            4.870252,
            52.359898
          ],
          [
            4.870297,
            52.359909
          ],
          [
            4.870334,
            52.359913
          ],
          [
            4.870367,
            52.359886
          ],
          [
            4.870364,
            52.359867
          ],
          [
            4.870355,
            52.359848
          ],
          [
            4.870335,
            52.359818
          ],
          [
            4.870316,
            52.359795
          ],
          [
            4.870291,
            52.359768
          ],
          [
            4.870276,
            52.359741
          ],
          [
            4.870243,
            52.359695
          ],
          [
            4.870231,
            52.359673
          ],
          [
            4.870215,
            52.359657
          ],
          [
            4.870177,
            52.359646
          ],
          [
            4.870137,
            52.359642
          ],
          [
            4.870108,
            52.35965
          ],
          [
            4.870084,
            52.359661
          ],
          [
            4.870025,
            52.359707
          ],
          [
            4.86999,
            52.359734
          ],
          [
            4.869947,
            52.359764
          ],
          [
            4.86989,
            52.359795
          ],
          [
            4.86981,
            52.359829
          ],
          [
            4.869741,
            52.359848
          ],
          [
            4.869599,
            52.359875
          ],
          [
            4.869524,
            52.359875
          ],
          [
            4.869446,
            52.359867
          ],
          [
            4.869379,
            52.359859
          ],
          [
            4.869317,
            52.359848
          ],
          [
            4.869247,
            52.359833
          ],
          [
            4.869186,
            52.359818
          ],
          [
            4.869129,
            52.359802
          ],
          [
            4.869077,
            52.359787
          ],
          [
            4.869025,
            52.359768
          ],
          [
            4.868978,
            52.359753
          ],
          [
            4.868864,
            52.359718
          ],
          [
            4.868799,
            52.359703
          ],
          [
            4.868741,
            52.359707
          ],
          [
            4.868653,
            52.359726
          ],
          [
            4.868622,
            52.359737
          ],
          [
            4.868599,
            52.359753
          ],
          [
            4.868578,
            52.359768
          ],
          [
            4.868558,
            52.359791
          ],
          [
            4.868543,
            52.359814
          ],
          [
            4.868526,
            52.35984
          ],
          [
            4.868507,
            52.359875
          ],
          [
            4.868488,
            52.359905
          ],
          [
            4.868466,
            52.359943
          ],
          [
            4.868445,
            52.359982
          ],
          [
            4.86842,
            52.360024
          ],
          [
            4.868412,
            52.360046
          ],
          [
            4.868392,
            52.360081
          ],
          [
            4.868375,
            52.360119
          ],
          [
            4.868357,
            52.360157
          ],
          [
            4.868317,
            52.360226
          ],
          [
            4.868299,
            52.360256
          ],
          [
            4.868277,
            52.360287
          ],
          [
            4.868236,
            52.360352
          ],
          [
            4.86822,
            52.360378
          ],
          [
            4.868193,
            52.360416
          ],
          [
            4.868172,
            52.360447
          ],
          [
            4.868153,
            52.360474
          ],
          [
            4.868106,
            52.360531
          ],
          [
            4.868088,
            52.360569
          ],
          [
            4.868046,
            52.360638
          ],
          [
            4.868034,
            52.360661
          ],
          [
            4.868013,
            52.360695
          ],
          [
            4.867981,
            52.360752
          ],
          [
            4.867952,
            52.360805
          ],
          [
            4.867928,
            52.360825
          ],
          [
            4.867893,
            52.360847
          ],
          [
            4.867844,
            52.360863
          ],
          [
            4.867795,
            52.360867
          ],
          [
            4.86774,
            52.360863
          ],
          [
            4.867681,
            52.360855
          ],
          [
            4.867672,
            52.360851
          ],
          [
            4.867573,
            52.360836
          ],
          [
            4.867529,
            52.360825
          ],
          [
            4.867435,
            52.360805
          ],
          [
            4.867367,
            52.360794
          ],
          [
            4.867325,
            52.360783
          ],
          [
            4.867236,
            52.360764
          ],
          [
            4.867114,
            52.360737
          ],
          [
            4.867016,
            52.360718
          ],
          [
            4.866935,
            52.360699
          ],
          [
            4.866863,
            52.360687
          ],
          [
            4.866846,
            52.36068
          ],
          [
            4.866732,
            52.360661
          ],
          [
            4.866657,
            52.360645
          ],
          [
            4.866599,
            52.360638
          ],
          [
            4.866535,
            52.360622
          ],
          [
            4.86642,
            52.360596
          ],
          [
            4.866339,
            52.360577
          ],
          [
            4.866339,
            52.360577
          ],
          [
            4.866251,
            52.36055
          ],
          [
            4.866251,
            52.36055
          ]
        ]
      }
    }
  ]
}