{
  "type": "FeatureCollection",
  "features": [
    {
      "type": "Feature",
      "properties": {
        "id": "badhoevedorp-roundtrip-21bcec00-90ac-11f1-8ad1-a40dbc8fa83a",
        "title": "Badhoevedorp roundtrip",
        "source": "Badhoevedorp roundtrip-21bcec00-90ac-11f1-8ad1-a40dbc8fa83a.fit"
      },
      "geometry": {
        "type": "LineString",
        "coordinates": [
          [
            4.779258,
            52.339706
          ],
          [
            4.77926,
            52.339714
          ],
          [
            4.779258,
            52.339695
          ],
          [
            4.77937,
            52.33979
          ],
          [
            4.77942,
            52.339832
          ],
          [
            4.779442,
            52.339855
          ],
          [
            4.779479,
            52.339882
          ],
          [
            4.779511,
            52.339905
          ],
          [
            4.779534,
            52.339924
          ],
          [
            4.779562,
            52.339943
          ],
          [
            4.779588,
            52.339962
          ],
          [
            4.779616,
            52.339985
          ],
          [
            4.779667,
            52.340023
          ],
          [
            4.779696,
            52.34005
          ],
          [
            4.779732,
            52.340076
          ],
          [
            4.779769,
            52.340103
          ],
          [
            4.779821,
            52.34013
          ],
          [
            4.779883,
            52.340157
          ],
          [
            4.779937,
            52.340176
          ],
          [
            4.78001,
            52.340214
          ],
          [
            4.780063,
            52.340252
          ],
          [
            4.780118,
            52.340294
          ],
          [
            4.780175,
            52.340347
          ],
          [
            4.780233,
            52.340393
          ],
          [
            4.780295,
            52.340443
          ],
          [
            4.780353,
            52.340492
          ],
          [
            4.780408,
            52.340538
          ],
          [
            4.780513,
            52.34063
          ],
          [
            4.780584,
            52.340668
          ],
          [
            4.780658,
            52.340698
          ],
          [
            4.78064,
            52.340694
          ],
          [
            4.780669,
            52.340687
          ],
          [
            4.780796,
            52.340675
          ],
          [
            4.780931,
            52.340637
          ],
          [
            4.781006,
            52.340595
          ],
          [
            4.781087,
            52.340557
          ],
          [
            4.78123,
            52.340477
          ],
          [
            4.781314,
            52.340435
          ],
          [
            4.781403,
            52.340389
          ],
          [
            4.781482,
            52.340351
          ],
          [
            4.781559,
            52.340313
          ],
          [
            4.781634,
            52.340271
          ],
          [
            4.781723,
            52.340221
          ],
          [
            4.781808,
            52.340179
          ],
          [
            4.781897,
            52.340137
          ],
          [
            4.781964,
            52.340103
          ],
          [
            4.782014,
            52.34008
          ],
          [
            4.782044,
            52.340065
          ],
          [
            4.782095,
            52.340054
          ],
          [
            4.782098,
            52.340057
          ],
          [
            4.782222,
            52.34008
          ],
          [
            4.782276,
            52.340103
          ],
          [
            4.782335,
            52.340137
          ],
          [
            4.782398,
            52.340176
          ],
          [
            4.782465,
            52.340221
          ],
          [
            4.782594,
            52.340309
          ],
          [
            4.782725,
            52.340401
          ],
          [
            4.782792,
            52.340447
          ],
          [
            4.782865,
            52.340492
          ],
          [
            4.782932,
            52.340538
          ],
          [
            4.783001,
            52.340588
          ],
          [
            4.78306,
            52.34063
          ],
          [
            4.783125,
            52.340675
          ],
          [
            4.783263,
            52.340771
          ],
          [
            4.783322,
            52.340813
          ],
          [
            4.783383,
            52.340855
          ],
          [
            4.783452,
            52.340904
          ],
          [
            4.783531,
            52.340958
          ],
          [
            4.783593,
            52.341003
          ],
          [
            4.783657,
            52.341049
          ],
          [
            4.783723,
            52.341095
          ],
          [
            4.783793,
            52.341145
          ],
          [
            4.783855,
            52.341187
          ],
          [
            4.783929,
            52.341236
          ],
          [
            4.783985,
            52.341278
          ],
          [
            4.784045,
            52.341316
          ],
          [
            4.784108,
            52.341362
          ],
          [
            4.784185,
            52.341415
          ],
          [
            4.784251,
            52.341461
          ],
          [
            4.784314,
            52.341507
          ],
          [
            4.784386,
            52.34156
          ],
          [
            4.784449,
            52.341602
          ],
          [
            4.78457,
            52.34169
          ],
          [
            4.784636,
            52.341736
          ],
          [
            4.784708,
            52.341785
          ],
          [
            4.784773,
            52.341835
          ],
          [
            4.784899,
            52.341923
          ],
          [
            4.784972,
            52.341972
          ],
          [
            4.785118,
            52.342068
          ],
          [
            4.785188,
            52.342117
          ],
          [
            4.785255,
            52.342163
          ],
          [
            4.785319,
            52.342205
          ],
          [
            4.785383,
            52.342251
          ],
          [
            4.785446,
            52.342297
          ],
          [
            4.78551,
            52.342346
          ],
          [
            4.785577,
            52.342396
          ],
          [
            4.785642,
            52.342445
          ],
          [
            4.785771,
            52.342545
          ],
          [
            4.785835,
            52.34259
          ],
          [
            4.785901,
            52.34264
          ],
          [
            4.785967,
            52.342686
          ],
          [
            4.786098,
            52.34277
          ],
          [
            4.786177,
            52.342819
          ],
          [
            4.78631,
            52.342907
          ],
          [
            4.786372,
            52.342945
          ],
          [
            4.786435,
            52.342987
          ],
          [
            4.786507,
            52.343025
          ],
          [
            4.786587,
            52.343052
          ],
          [
            4.786758,
            52.343048
          ],
          [
            4.786853,
            52.343033
          ],
          [
            4.786941,
            52.343006
          ],
          [
            4.787023,
            52.342972
          ],
          [
            4.787193,
            52.342903
          ],
          [
            4.78728,
            52.342865
          ],
          [
            4.787434,
            52.342804
          ],
          [
            4.78761,
            52.342731
          ],
          [
            4.787701,
            52.342693
          ],
          [
            4.787785,
            52.342659
          ],
          [
            4.787864,
            52.342628
          ],
          [
            4.787955,
            52.34259
          ],
          [
            4.788117,
            52.342522
          ],
          [
            4.788283,
            52.342453
          ],
          [
            4.788382,
            52.342415
          ],
          [
            4.788466,
            52.342381
          ],
          [
            4.78864,
            52.342308
          ],
          [
            4.78872,
            52.342274
          ],
          [
            4.788808,
            52.342239
          ],
          [
            4.788977,
            52.342167
          ],
          [
            4.789145,
            52.342098
          ],
          [
            4.789218,
            52.342068
          ],
          [
            4.789291,
            52.342037
          ],
          [
            4.789443,
            52.341976
          ],
          [
            4.789526,
            52.341942
          ],
          [
            4.789617,
            52.341904
          ],
          [
            4.789787,
            52.341839
          ],
          [
            4.789862,
            52.341812
          ],
          [
            4.790057,
            52.341732
          ],
          [
            4.790134,
            52.341698
          ],
          [
            4.790206,
            52.341663
          ],
          [
            4.790281,
            52.341625
          ],
          [
            4.790364,
            52.341579
          ],
          [
            4.790439,
            52.341541
          ],
          [
            4.790521,
            52.341499
          ],
          [
            4.790598,
            52.341461
          ],
          [
            4.790668,
            52.341423
          ],
          [
            4.790745,
            52.341377
          ],
          [
            4.790817,
            52.341331
          ],
          [
            4.790874,
            52.34129
          ],
          [
            4.790906,
            52.341251
          ],
          [
            4.790924,
            52.341209
          ],
          [
            4.790923,
            52.341171
          ],
          [
            4.790917,
            52.341133
          ],
          [
            4.790918,
            52.34111
          ],
          [
            4.790918,
            52.34111
          ],
          [
            4.790918,
            52.34111
          ],
          [
            4.790955,
            52.341042
          ],
          [
            4.790964,
            52.341026
          ],
          [
            4.790975,
            52.341003
          ],
          [
            4.791002,
            52.340969
          ],
          [
            4.791048,
            52.340935
          ],
          [
            4.791067,
            52.340927
          ],
          [
            4.791173,
            52.340885
          ],
          [
            4.791243,
            52.340855
          ],
          [
            4.791305,
            52.340816
          ],
          [
            4.791369,
            52.340767
          ],
          [
            4.791425,
            52.340729
          ],
          [
            4.791494,
            52.340691
          ],
          [
            4.791561,
            52.34066
          ],
          [
            4.791647,
            52.340633
          ],
          [
            4.791738,
            52.340622
          ],
          [
            4.791835,
            52.340626
          ],
          [
            4.791923,
            52.340641
          ],
          [
            4.792015,
            52.340668
          ],
          [
            4.7921,
            52.340702
          ],
          [
            4.792179,
            52.340736
          ],
          [
            4.792256,
            52.340786
          ],
          [
            4.792324,
            52.340836
          ],
          [
            4.792382,
            52.340885
          ],
          [
            4.792442,
            52.340942
          ],
          [
            4.792481,
            52.340981
          ],
          [
            4.792544,
            52.341042
          ],
          [
            4.7926,
            52.341099
          ],
          [
            4.792672,
            52.341167
          ],
          [
            4.792732,
            52.341225
          ],
          [
            4.792809,
            52.34129
          ],
          [
            4.792884,
            52.341351
          ],
          [
            4.792949,
            52.3414
          ],
          [
            4.793021,
            52.341446
          ],
          [
            4.793108,
            52.341503
          ],
          [
            4.793178,
            52.341541
          ],
          [
            4.793256,
            52.341583
          ],
          [
            4.793341,
            52.341625
          ],
          [
            4.793419,
            52.341663
          ],
          [
            4.793508,
            52.341709
          ],
          [
            4.793588,
            52.341747
          ],
          [
            4.793671,
            52.341789
          ],
          [
            4.793747,
            52.341835
          ],
          [
            4.793818,
            52.341877
          ],
          [
            4.793894,
            52.341927
          ],
          [
            4.793974,
            52.341988
          ],
          [
            4.794041,
            52.342049
          ],
          [
            4.794093,
            52.342106
          ],
          [
            4.794139,
            52.342159
          ],
          [
            4.794181,
            52.342213
          ],
          [
            4.794222,
            52.342274
          ],
          [
            4.794262,
            52.342331
          ],
          [
            4.794302,
            52.342388
          ],
          [
            4.794342,
            52.342442
          ],
          [
            4.794385,
            52.342503
          ],
          [
            4.794427,
            52.34256
          ],
          [
            4.794466,
            52.342617
          ],
          [
            4.794503,
            52.342674
          ],
          [
            4.794544,
            52.342731
          ],
          [
            4.794584,
            52.342793
          ],
          [
            4.794626,
            52.342854
          ],
          [
            4.794666,
            52.342907
          ],
          [
            4.794713,
            52.342968
          ],
          [
            4.79476,
            52.343021
          ],
          [
            4.794809,
            52.343079
          ],
          [
            4.794854,
            52.343136
          ],
          [
            4.7949,
            52.343193
          ],
          [
            4.794941,
            52.34325
          ],
          [
            4.79498,
            52.343311
          ],
          [
            4.795017,
            52.343365
          ],
          [
            4.795053,
            52.343426
          ],
          [
            4.795088,
            52.343487
          ],
          [
            4.795123,
            52.343548
          ],
          [
            4.795157,
            52.343605
          ],
          [
            4.795194,
            52.34367
          ],
          [
            4.795229,
            52.343731
          ],
          [
            4.795265,
            52.343788
          ],
          [
            4.795305,
            52.343853
          ],
          [
            4.795346,
            52.34391
          ],
          [
            4.795385,
            52.343967
          ],
          [
            4.795421,
            52.344025
          ],
          [
            4.795458,
            52.344086
          ],
          [
            4.795488,
            52.344151
          ],
          [
            4.795505,
            52.344212
          ],
          [
            4.795516,
            52.344269
          ],
          [
            4.795527,
            52.344334
          ],
          [
            4.795538,
            52.344398
          ],
          [
            4.795547,
            52.344463
          ],
          [
            4.795556,
            52.344521
          ],
          [
            4.795569,
            52.344582
          ],
          [
            4.795592,
            52.344646
          ],
          [
            4.79562,
            52.344704
          ],
          [
            4.795645,
            52.344769
          ],
          [
            4.795673,
            52.34483
          ],
          [
            4.795705,
            52.344894
          ],
          [
            4.795741,
            52.344952
          ],
          [
            4.795775,
            52.345013
          ],
          [
            4.795811,
            52.34507
          ],
          [
            4.795848,
            52.345131
          ],
          [
            4.795885,
            52.345192
          ],
          [
            4.795921,
            52.345249
          ],
          [
            4.795954,
            52.345306
          ],
          [
            4.79599,
            52.345364
          ],
          [
            4.796031,
            52.345425
          ],
          [
            4.796064,
            52.345486
          ],
          [
            4.796102,
            52.345543
          ],
          [
            4.796136,
            52.3456
          ],
          [
            4.796176,
            52.345661
          ],
          [
            4.796214,
            52.345726
          ],
          [
            4.796249,
            52.345783
          ],
          [
            4.796284,
            52.345837
          ],
          [
            4.796319,
            52.345898
          ],
          [
            4.796358,
            52.345959
          ],
          [
            4.796396,
            52.34602
          ],
          [
            4.796429,
            52.346073
          ],
          [
            4.79647,
            52.34613
          ],
          [
            4.796505,
            52.346191
          ],
          [
            4.796549,
            52.346249
          ],
          [
            4.796593,
            52.346306
          ],
          [
            4.796628,
            52.346363
          ],
          [
            4.796673,
            52.34642
          ],
          [
            4.796723,
            52.346474
          ],
          [
            4.79677,
            52.346535
          ],
          [
            4.796822,
            52.346588
          ],
          [
            4.796869,
            52.346642
          ],
          [
            4.796917,
            52.346695
          ],
          [
            4.796974,
            52.346748
          ],
          [
            4.79703,
            52.346806
          ],
          [
            4.79709,
            52.346855
          ],
          [
            4.797148,
            52.346909
          ],
          [
            4.797213,
            52.346958
          ],
          [
            4.797276,
            52.347012
          ],
          [
            4.797343,
            52.347061
          ],
          [
            4.797413,
            52.347111
          ],
          [
            4.797478,
            52.347153
          ],
          [
            4.797549,
            52.347198
          ],
          [
            4.797617,
            52.347244
          ],
          [
            4.797686,
            52.34729
          ],
          [
            4.797753,
            52.34734
          ],
          [
            4.797826,
            52.347389
          ],
          [
            4.797894,
            52.347435
          ],
          [
            4.797979,
            52.347466
          ],
          [
            4.79808,
            52.347485
          ],
          [
            4.798148,
            52.347488
          ],
          [
            4.798278,
            52.347504
          ],
          [
            4.798314,
            52.347515
          ],
          [
            4.798373,
            52.347538
          ],
          [
            4.798492,
            52.347614
          ],
          [
            4.798498,
            52.347622
          ],
          [
            4.798511,
            52.347645
          ],
          [
            4.798582,
            52.347786
          ],
          [
            4.798646,
            52.347836
          ],
          [
            4.79872,
            52.347874
          ],
          [
            4.798757,
            52.347893
          ],
          [
            4.798824,
            52.347923
          ],
          [
            4.798903,
            52.347961
          ],
          [
            4.798982,
            52.347996
          ],
          [
            4.799064,
            52.348038
          ],
          [
            4.799156,
            52.348084
          ],
          [
            4.799244,
            52.348125
          ],
          [
            4.799336,
            52.348167
          ],
          [
            4.799417,
            52.348202
          ],
          [
            4.799491,
            52.348228
          ],
          [
            4.799582,
            52.348267
          ],
          [
            4.799667,
            52.348297
          ],
          [
            4.799753,
            52.348328
          ],
          [
            4.799834,
            52.348351
          ],
          [
            4.799908,
            52.34837
          ],
          [
            4.799982,
            52.348392
          ],
          [
            4.800085,
            52.348423
          ],
          [
            4.800191,
            52.348453
          ],
          [
            4.800282,
            52.348476
          ],
          [
            4.800366,
            52.348495
          ],
          [
            4.80043,
            52.348515
          ],
          [
            4.800481,
            52.348522
          ],
          [
            4.800615,
            52.348549
          ],
          [
            4.800715,
            52.348572
          ],
          [
            4.800812,
            52.348591
          ],
          [
            4.800808,
            52.348591
          ],
          [
            4.800997,
            52.348629
          ],
          [
            4.801092,
            52.348644
          ],
          [
            4.801202,
            52.348667
          ],
          [
            4.801291,
            52.348682
          ],
          [
            4.801301,
            52.348682
          ],
          [
            4.801483,
            52.348721
          ],
          [
            4.801585,
            52.34874
          ],
          [
            4.801683,
            52.348759
          ],
          [
            4.801784,
            52.348782
          ],
          [
            4.801837,
            52.348789
          ],
          [
            4.801968,
            52.34882
          ],
          [
            4.802075,
            52.348839
          ],
          [
            4.802094,
            52.348843
          ],
          [
            4.802262,
            52.348881
          ],
          [
            4.802367,
            52.3489
          ],
          [
            4.802457,
            52.348919
          ],
          [
            4.802546,
            52.348938
          ],
          [
            4.802574,
            52.348942
          ],
          [
            4.802688,
            52.348961
          ],
          [
            4.802848,
            52.348999
          ],
          [
            4.80296,
            52.349026
          ],
          [
            4.80305,
            52.349045
          ],
          [
            4.803143,
            52.34906
          ],
          [
            4.803232,
            52.349079
          ],
          [
            4.803314,
            52.349098
          ],
          [
            4.803448,
            52.349125
          ],
          [
            4.803472,
            52.349129
          ],
          [
            4.803599,
            52.349159
          ],
          [
            4.803732,
            52.349182
          ],
          [
            4.803831,
            52.349201
          ],
          [
            4.803905,
            52.349216
          ],
          [
            4.80407,
            52.34927
          ],
          [
            4.804131,
            52.349278
          ],
          [
            4.804289,
            52.349319
          ],
          [
            4.804386,
            52.349339
          ],
          [
            4.804469,
            52.349354
          ],
          [
            4.804562,
            52.349369
          ],
          [
            4.804642,
            52.349384
          ],
          [
            4.804668,
            52.349392
          ],
          [
            4.804799,
            52.349411
          ],
          [
            4.804848,
            52.349419
          ],
          [
            4.804969,
            52.349438
          ],
          [
            4.804956,
            52.349438
          ],
          [
            4.805122,
            52.349464
          ],
          [
            4.805246,
            52.349487
          ],
          [
            4.805339,
            52.349503
          ],
          [
            4.80538,
            52.349514
          ],
          [
            4.805523,
            52.349541
          ],
          [
            4.805621,
            52.34956
          ],
          [
            4.805709,
            52.349579
          ],
          [
            4.805798,
            52.349594
          ],
          [
            4.805838,
            52.349602
          ],
          [
            4.805983,
            52.349628
          ],
          [
            4.806089,
            52.349647
          ],
          [
            4.806192,
            52.34967
          ],
          [
            4.806287,
            52.349689
          ],
          [
            4.806349,
            52.349705
          ],
          [
            4.806486,
            52.349731
          ],
          [
            4.806591,
            52.349754
          ],
          [
            4.806699,
            52.349781
          ],
          [
            4.806799,
            52.3498
          ],
          [
            4.806897,
            52.349819
          ],
          [
            4.806984,
            52.349838
          ],
          [
            4.807076,
            52.349857
          ],
          [
            4.807175,
            52.34988
          ],
          [
            4.807266,
            52.349896
          ],
          [
            4.807341,
            52.349915
          ],
          [
            4.807484,
            52.349945
          ],
          [
            4.807587,
            52.349968
          ],
          [
            4.807678,
            52.349983
          ],
          [
            4.807773,
            52.350002
          ],
          [
            4.807837,
            52.350014
          ],
          [
            4.807973,
            52.350044
          ],
          [
            4.808069,
            52.350063
          ],
          [
            4.808165,
            52.350086
          ],
          [
            4.808248,
            52.350098
          ],
          [
            4.808308,
            52.350109
          ],
          [
            4.808444,
            52.350136
          ],
          [
            4.80854,
            52.350155
          ],
          [
            4.808631,
            52.35017
          ],
          [
            4.808727,
            52.350189
          ],
          [
            4.808785,
            52.350201
          ],
          [
            4.808918,
            52.350227
          ],
          [
            4.808986,
            52.350239
          ],
          [
            4.809125,
            52.350269
          ],
          [
            4.809313,
            52.350323
          ],
          [
            4.809349,
            52.350327
          ],
          [
            4.80945,
            52.350349
          ],
          [
            4.809609,
            52.350395
          ],
          [
            4.809709,
            52.35041
          ],
          [
            4.809808,
            52.350437
          ],
          [
            4.809887,
            52.350456
          ],
          [
            4.81,
            52.350483
          ],
          [
            4.810096,
            52.350502
          ],
          [
            4.810189,
            52.350521
          ],
          [
            4.810288,
            52.35054
          ],
          [
            4.810366,
            52.350555
          ],
          [
            4.810482,
            52.350582
          ],
          [
            4.810574,
            52.350601
          ],
          [
            4.810677,
            52.350624
          ],
          [
            4.810775,
            52.350643
          ],
          [
            4.810852,
            52.350655
          ],
          [
            4.810975,
            52.350662
          ],
          [
            4.811063,
            52.350647
          ],
          [
            4.811152,
            52.350643
          ],
          [
            4.811287,
            52.350647
          ],
          [
            4.81135,
            52.350658
          ],
          [
            4.811412,
            52.350689
          ],
          [
            4.811452,
            52.350712
          ],
          [
            4.811484,
            52.350723
          ],
          [
            4.811668,
            52.350811
          ],
          [
            4.811757,
            52.350834
          ],
          [
            4.811844,
            52.350849
          ],
          [
            4.81194,
            52.350864
          ],
          [
            4.812062,
            52.350891
          ],
          [
            4.81216,
            52.350914
          ],
          [
            4.812261,
            52.350937
          ],
          [
            4.812341,
            52.350956
          ],
          [
            4.812458,
            52.350975
          ],
          [
            4.812553,
            52.350998
          ],
          [
            4.812655,
            52.351021
          ],
          [
            4.812753,
            52.35104
          ],
          [
            4.812853,
            52.351059
          ],
          [
            4.812935,
            52.351074
          ],
          [
            4.813052,
            52.351093
          ],
          [
            4.81315,
            52.351105
          ],
          [
            4.81325,
            52.351116
          ],
          [
            4.813349,
            52.351128
          ],
          [
            4.81341,
            52.351135
          ],
          [
            4.813548,
            52.351139
          ],
          [
            4.813651,
            52.351147
          ],
          [
            4.813751,
            52.351151
          ],
          [
            4.813837,
            52.351158
          ],
          [
            4.813951,
            52.351162
          ],
          [
            4.814039,
            52.35117
          ],
          [
            4.814156,
            52.351177
          ],
          [
            4.814258,
            52.351181
          ],
          [
            4.814358,
            52.351185
          ],
          [
            4.81443,
            52.351189
          ],
          [
            4.814557,
            52.351192
          ],
          [
            4.814659,
            52.351196
          ],
          [
            4.81476,
            52.3512
          ],
          [
            4.814856,
            52.351204
          ],
          [
            4.814919,
            52.351204
          ],
          [
            4.815067,
            52.351208
          ],
          [
            4.815171,
            52.351204
          ],
          [
            4.815271,
            52.351204
          ],
          [
            4.815366,
            52.351208
          ],
          [
            4.815428,
            52.351208
          ],
          [
            4.815573,
            52.351212
          ],
          [
            4.815673,
            52.351208
          ],
          [
            4.815744,
            52.351208
          ],
          [
            4.815804,
            52.351208
          ],
          [
            4.815872,
            52.351204
          ],
          [
            4.815958,
            52.3512
          ],
          [
            4.816044,
            52.351204
          ],
          [
            4.816137,
            52.351208
          ],
          [
            4.816199,
            52.351212
          ],
          [
            4.816325,
            52.351219
          ],
          [
            4.816462,
            52.351223
          ],
          [
            4.816535,
            52.351223
          ],
          [
            4.816678,
            52.351231
          ],
          [
            4.816777,
            52.351231
          ],
          [
            4.816844,
            52.351234
          ],
          [
            4.816999,
            52.351238
          ],
          [
            4.8171,
            52.351242
          ],
          [
            4.817205,
            52.351246
          ],
          [
            4.817317,
            52.35125
          ],
          [
            4.817418,
            52.351254
          ],
          [
            4.817491,
            52.351257
          ],
          [
            4.81763,
            52.351257
          ],
          [
            4.81773,
            52.351261
          ],
          [
            4.817829,
            52.351261
          ],
          [
            4.817934,
            52.351261
          ],
          [
            4.818008,
            52.351265
          ],
          [
            4.818138,
            52.351265
          ],
          [
            4.818238,
            52.351269
          ],
          [
            4.818343,
            52.351269
          ],
          [
            4.818445,
            52.351273
          ],
          [
            4.818524,
            52.351269
          ],
          [
            4.818646,
            52.351269
          ],
          [
            4.818745,
            52.351265
          ],
          [
            4.818848,
            52.351269
          ],
          [
            4.818949,
            52.351269
          ],
          [
            4.819015,
            52.351273
          ],
          [
            4.819153,
            52.351273
          ],
          [
            4.819251,
            52.351276
          ],
          [
            4.819358,
            52.351276
          ],
          [
            4.819459,
            52.35128
          ],
          [
            4.819565,
            52.35128
          ],
          [
            4.819645,
            52.351284
          ],
          [
            4.819765,
            52.351284
          ],
          [
            4.819866,
            52.351284
          ],
          [
            4.81997,
            52.351284
          ],
          [
            4.820075,
            52.35128
          ],
          [
            4.820154,
            52.351273
          ],
          [
            4.820276,
            52.351269
          ],
          [
            4.820375,
            52.351269
          ],
          [
            4.820443,
            52.351269
          ],
          [
            4.820527,
            52.351269
          ],
          [
            4.820672,
            52.351284
          ],
          [
            4.820772,
            52.351284
          ],
          [
            4.820862,
            52.351288
          ],
          [
            4.820972,
            52.351292
          ],
          [
            4.82104,
            52.351295
          ],
          [
            4.821186,
            52.351292
          ],
          [
            4.821286,
            52.351292
          ],
          [
            4.821371,
            52.351288
          ],
          [
            4.821496,
            52.351292
          ],
          [
            4.821596,
            52.351292
          ],
          [
            4.821681,
            52.351299
          ],
          [
            4.821802,
            52.351303
          ],
          [
            4.821902,
            52.351303
          ],
          [
            4.822001,
            52.351307
          ],
          [
            4.822096,
            52.351311
          ],
          [
            4.822167,
            52.351311
          ],
          [
            4.822297,
            52.351315
          ],
          [
            4.822397,
            52.351315
          ],
          [
            4.822495,
            52.351315
          ],
          [
            4.822595,
            52.351315
          ],
          [
            4.822651,
            52.351322
          ],
          [
            4.822781,
            52.351334
          ],
          [
            4.822909,
            52.351337
          ],
          [
            4.823017,
            52.351337
          ],
          [
            4.823097,
            52.351341
          ],
          [
            4.823205,
            52.351337
          ],
          [
            4.823325,
            52.351349
          ],
          [
            4.82343,
            52.351349
          ],
          [
            4.823526,
            52.351353
          ],
          [
            4.823634,
            52.351356
          ],
          [
            4.823723,
            52.351353
          ],
          [
            4.823793,
            52.351353
          ],
          [
            4.823938,
            52.351356
          ],
          [
            4.82404,
            52.35136
          ],
          [
            4.824117,
            52.351364
          ],
          [
            4.824168,
            52.35136
          ],
          [
            4.824323,
            52.35136
          ],
          [
            4.82443,
            52.351356
          ],
          [
            4.824514,
            52.351353
          ],
          [
            4.824605,
            52.351345
          ],
          [
            4.824704,
            52.35133
          ],
          [
            4.824841,
            52.351315
          ],
          [
            4.824872,
            52.351311
          ],
          [
            4.824897,
            52.351311
          ],
          [
            4.824966,
            52.351303
          ],
          [
            4.825033,
            52.351299
          ],
          [
            4.825201,
            52.351292
          ],
          [
            4.82532,
            52.351292
          ],
          [
            4.825423,
            52.351288
          ],
          [
            4.82553,
            52.351288
          ],
          [
            4.825597,
            52.351288
          ],
          [
            4.825747,
            52.351284
          ],
          [
            4.825854,
            52.351284
          ],
          [
            4.825934,
            52.351284
          ],
          [
            4.826038,
            52.351284
          ],
          [
            4.826106,
            52.351288
          ],
          [
            4.826237,
            52.351284
          ],
          [
            4.826345,
            52.351284
          ],
          [
            4.826438,
            52.351284
          ],
          [
            4.826531,
            52.35128
          ],
          [
            4.826582,
            52.35128
          ],
          [
            4.826718,
            52.35128
          ],
          [
            4.826826,
            52.35128
          ],
          [
            4.826863,
            52.35128
          ],
          [
            4.826986,
            52.351276
          ],
          [
            4.827052,
            52.351276
          ],
          [
            4.827173,
            52.351273
          ],
          [
            4.827245,
            52.351269
          ],
          [
            4.827383,
            52.351265
          ],
          [
            4.827507,
            52.351265
          ],
          [
            4.827631,
            52.351269
          ],
          [
            4.827685,
            52.351269
          ],
          [
            4.827847,
            52.351284
          ],
          [
            4.827951,
            52.351284
          ],
          [
            4.827963,
            52.351288
          ],
          [
            4.828126,
            52.351295
          ],
          [
            4.828156,
            52.351292
          ],
          [
            4.828326,
            52.351292
          ],
          [
            4.828395,
            52.351292
          ],
          [
            4.828457,
            52.351292
          ],
          [
            4.828643,
            52.351292
          ],
          [
            4.82876,
            52.351295
          ],
          [
            4.828836,
            52.351299
          ],
          [
            4.828919,
            52.351303
          ],
          [
            4.829087,
            52.351307
          ],
          [
            4.82914,
            52.351311
          ],
          [
            4.829302,
            52.351315
          ],
          [
            4.829363,
            52.351315
          ],
          [
            4.829496,
            52.351315
          ],
          [
            4.829546,
            52.351315
          ],
          [
            4.829684,
            52.351315
          ],
          [
            4.829798,
            52.351315
          ],
          [
            4.829913,
            52.351315
          ],
          [
            4.82992,
            52.351311
          ],
          [
            4.830113,
            52.351315
          ],
          [
            4.830239,
            52.351318
          ],
          [
            4.830342,
            52.351322
          ],
          [
            4.830449,
            52.351326
          ],
          [
            4.830478,
            52.351326
          ],
          [
            4.830645,
            52.35133
          ],
          [
            4.830736,
            52.35133
          ],
          [
            4.83086,
            52.351334
          ],
          [
            4.830966,
            52.351334
          ],
          [
            4.830985,
            52.351334
          ],
          [
            4.831158,
            52.351337
          ],
          [
            4.831284,
            52.351337
          ],
          [
            4.831393,
            52.351337
          ],
          [
            4.831489,
            52.351337
          ],
          [
            4.83158,
            52.351341
          ],
          [
            4.831677,
            52.351337
          ],
          [
            4.831832,
            52.351345
          ],
          [
            4.831945,
            52.351345
          ],
          [
            4.831993,
            52.351345
          ],
          [
            4.832133,
            52.351349
          ],
          [
            4.832222,
            52.351349
          ],
          [
            4.832337,
            52.351349
          ],
          [
            4.832409,
            52.351353
          ],
          [
            4.832533,
            52.351356
          ],
          [
            4.832597,
            52.351356
          ],
          [
            4.832706,
            52.351356
          ],
          [
            4.832825,
            52.351356
          ],
          [
            4.832955,
            52.35136
          ],
          [
            4.833056,
            52.351364
          ],
          [
            4.833115,
            52.351364
          ],
          [
            4.833262,
            52.351368
          ],
          [
            4.833362,
            52.351368
          ],
          [
            4.833467,
            52.351368
          ],
          [
            4.833577,
            52.351368
          ],
          [
            4.833621,
            52.351368
          ],
          [
            4.833788,
            52.351372
          ],
          [
            4.833895,
            52.351376
          ],
          [
            4.833975,
            52.351376
          ],
          [
            4.834047,
            52.351372
          ],
          [
            4.834093,
            52.351368
          ],
          [
            4.834191,
            52.351372
          ],
          [
            4.834193,
            52.351364
          ],
          [
            4.834261,
            52.351364
          ],
          [
            4.834419,
            52.351368
          ],
          [
            4.834482,
            52.351372
          ],
          [
            4.834683,
            52.351376
          ],
          [
            4.834836,
            52.351379
          ],
          [
            4.834939,
            52.351383
          ],
          [
            4.835027,
            52.351383
          ],
          [
            4.835073,
            52.351383
          ],
          [
            4.835219,
            52.351383
          ],
          [
            4.835305,
            52.351383
          ],
          [
            4.835394,
            52.351387
          ],
          [
            4.83551,
            52.351383
          ],
          [
            4.835603,
            52.351379
          ],
          [
            4.835626,
            52.351379
          ],
          [
            4.83578,
            52.351379
          ],
          [
            4.835854,
            52.351376
          ],
          [
            4.836019,
            52.351376
          ],
          [
            4.83616,
            52.351376
          ],
          [
            4.836234,
            52.351376
          ],
          [
            4.836373,
            52.351379
          ],
          [
            4.836572,
            52.351398
          ],
          [
            4.836655,
            52.351398
          ],
          [
            4.836746,
            52.351402
          ],
          [
            4.836762,
            52.351402
          ],
          [
            4.836901,
            52.351406
          ],
          [
            4.837,
            52.351406
          ],
          [
            4.8371,
            52.35141
          ],
          [
            4.837199,
            52.35141
          ],
          [
            4.837245,
            52.35141
          ],
          [
            4.837379,
            52.35141
          ],
          [
            4.837458,
            52.35141
          ],
          [
            4.837593,
            52.35141
          ],
          [
            4.837721,
            52.351414
          ],
          [
            4.837838,
            52.351437
          ],
          [
            4.838036,
            52.351452
          ],
          [
            4.83817,
            52.351463
          ],
          [
            4.838267,
            52.351471
          ],
          [
            4.838341,
            52.351471
          ],
          [
            4.838472,
            52.351475
          ],
          [
            4.838589,
            52.351479
          ],
          [
            4.838676,
            52.351479
          ],
          [
            4.838786,
            52.351486
          ],
          [
            4.838885,
            52.351482
          ],
          [
            4.838984,
            52.351486
          ],
          [
            4.83905,
            52.351482
          ],
          [
            4.839165,
            52.351482
          ],
          [
            4.839307,
            52.351479
          ],
          [
            4.839408,
            52.351479
          ],
          [
            4.839491,
            52.351475
          ],
          [
            4.839593,
            52.351467
          ],
          [
            4.839721,
            52.351475
          ],
          [
            4.839802,
            52.351467
          ],
          [
            4.839928,
            52.351475
          ],
          [
            4.840018,
            52.351475
          ],
          [
            4.840068,
            52.351475
          ],
          [
            4.840229,
            52.351471
          ],
          [
            4.840297,
            52.351479
          ],
          [
            4.840373,
            52.351479
          ],
          [
            4.840426,
            52.351479
          ],
          [
            4.840543,
            52.351479
          ],
          [
            4.840662,
            52.351475
          ],
          [
            4.840755,
            52.351479
          ],
          [
            4.840856,
            52.351475
          ],
          [
            4.840957,
            52.351479
          ],
          [
            4.841059,
            52.351479
          ],
          [
            4.841092,
            52.351479
          ],
          [
            4.841247,
            52.351475
          ],
          [
            4.841357,
            52.351475
          ],
          [
            4.841469,
            52.351475
          ],
          [
            4.841573,
            52.351475
          ],
          [
            4.841636,
            52.351475
          ],
          [
            4.841768,
            52.351471
          ],
          [
            4.841877,
            52.351467
          ],
          [
            4.84198,
            52.351467
          ],
          [
            4.842074,
            52.351463
          ],
          [
            4.842166,
            52.351463
          ],
          [
            4.842254,
            52.351459
          ],
          [
            4.842341,
            52.351459
          ],
          [
            4.84236,
            52.351456
          ],
          [
            4.84252,
            52.351448
          ],
          [
            4.842539,
            52.351452
          ],
          [
            4.842596,
            52.351452
          ],
          [
            4.842676,
            52.351452
          ],
          [
            4.84293,
            52.351456
          ],
          [
            4.843058,
            52.351456
          ],
          [
            4.843134,
            52.351456
          ],
          [
            4.843268,
            52.351456
          ],
          [
            4.843425,
            52.351459
          ],
          [
            4.843493,
            52.351456
          ],
          [
            4.843582,
            52.351459
          ],
          [
            4.843654,
            52.351459
          ],
          [
            4.843761,
            52.351459
          ],
          [
            4.843861,
            52.351459
          ],
          [
            4.843955,
            52.351459
          ],
          [
            4.844042,
            52.351463
          ],
          [
            4.844171,
            52.351463
          ],
          [
            4.844278,
            52.351467
          ],
          [
            4.844371,
            52.351467
          ],
          [
            4.844465,
            52.351467
          ],
          [
            4.844563,
            52.351471
          ],
          [
            4.844709,
            52.351479
          ],
          [
            4.844834,
            52.351486
          ],
          [
            4.844925,
            52.35149
          ],
          [
            4.844978,
            52.35149
          ],
          [
            4.8451,
            52.35149
          ],
          [
            4.845206,
            52.351494
          ],
          [
            4.845308,
            52.351494
          ],
          [
            4.845408,
            52.351498
          ],
          [
            4.845516,
            52.351498
          ],
          [
            4.845637,
            52.351498
          ],
          [
            4.845748,
            52.351494
          ],
          [
            4.845772,
            52.351494
          ],
          [
            4.845936,
            52.35149
          ],
          [
            4.846051,
            52.351494
          ],
          [
            4.84616,
            52.351498
          ],
          [
            4.84618,
            52.351498
          ],
          [
            4.846373,
            52.351505
          ],
          [
            4.846505,
            52.351509
          ],
          [
            4.846624,
            52.351513
          ],
          [
            4.846647,
            52.351513
          ],
          [
            4.846842,
            52.351517
          ],
          [
            4.846972,
            52.351517
          ],
          [
            4.84701,
            52.351517
          ],
          [
            4.847188,
            52.351517
          ],
          [
            4.847305,
            52.351517
          ],
          [
            4.847402,
            52.351517
          ],
          [
            4.847477,
            52.351521
          ],
          [
            4.847477,
            52.351521
          ],
          [
            4.847567,
            52.35154
          ],
          [
            4.847567,
            52.35154
          ],
          [
            4.847567,
            52.35154
          ],
          [
            4.847567,
            52.35154
          ],
          [
            4.847567,
            52.35154
          ],
          [
            4.847591,
            52.351574
          ],
          [
            4.847592,
            52.351585
          ],
          [
            4.847592,
            52.351593
          ],
          [
            4.84758,
            52.351616
          ],
          [
            4.847566,
            52.351631
          ],
          [
            4.847534,
            52.351646
          ],
          [
            4.847491,
            52.351662
          ],
          [
            4.847433,
            52.351666
          ],
          [
            4.84746,
            52.351666
          ],
          [
            4.847397,
            52.351669
          ],
          [
            4.847191,
            52.351673
          ],
          [
            4.847084,
            52.351677
          ],
          [
            4.846988,
            52.351677
          ],
          [
            4.8469,
            52.351673
          ],
          [
            4.846857,
            52.351673
          ],
          [
            4.84673,
            52.351677
          ],
          [
            4.846642,
            52.351677
          ],
          [
            4.846578,
            52.351677
          ],
          [
            4.84648,
            52.351677
          ],
          [
            4.846409,
            52.351677
          ],
          [
            4.84634,
            52.351677
          ],
          [
            4.846276,
            52.351677
          ],
          [
            4.846222,
            52.351681
          ],
          [
            4.846166,
            52.351685
          ],
          [
            4.846126,
            52.351685
          ],
          [
            4.846098,
            52.351681
          ],
          [
            4.846098,
            52.351681
          ],
          [
            4.846098,
            52.351681
          ],
          [
            4.846055,
            52.351662
          ],
          [
            4.846043,
            52.351654
          ],
          [
            4.846038,
            52.351639
          ],
          [
            4.846037,
            52.351627
          ],
          [
            4.846051,
            52.351604
          ],
          [
            4.846077,
            52.351578
          ],
          [
            4.846127,
            52.351555
          ],
          [
            4.84612,
            52.351551
          ],
          [
            4.846343,
            52.351528
          ],
          [
            4.846357,
            52.351528
          ],
          [
            4.846531,
            52.351524
          ],
          [
            4.84674,
            52.351528
          ],
          [
            4.846949,
            52.351532
          ],
          [
            4.846942,
            52.351532
          ],
          [
            4.847175,
            52.351532
          ],
          [
            4.847347,
            52.351532
          ],
          [
            4.847521,
            52.351528
          ],
          [
            4.847582,
            52.351528
          ],
          [
            4.847854,
            52.351532
          ],
          [
            4.847851,
            52.351532
          ],
          [
            4.848183,
            52.351532
          ],
          [
            4.848294,
            52.351532
          ],
          [
            4.848329,
            52.351532
          ],
          [
            4.848482,
            52.351532
          ],
          [
            4.848599,
            52.351532
          ],
          [
            4.848707,
            52.351532
          ],
          [
            4.848805,
            52.351532
          ],
          [
            4.848871,
            52.351536
          ],
          [
            4.848937,
            52.351532
          ],
          [
            4.849203,
            52.351509
          ],
          [
            4.849288,
            52.35149
          ],
          [
            4.849327,
            52.351467
          ],
          [
            4.84936,
            52.351372
          ],
          [
            4.84936,
            52.351315
          ],
          [
            4.849359,
            52.351261
          ],
          [
            4.849397,
            52.351151
          ],
          [
            4.849516,
            52.351063
          ],
          [
            4.849578,
            52.351036
          ],
          [
            4.84957,
            52.351032
          ],
          [
            4.849892,
            52.350994
          ],
          [
            4.849966,
            52.35099
          ],
          [
            4.850091,
            52.35099
          ],
          [
            4.850193,
            52.35099
          ],
          [
            4.850289,
            52.35099
          ],
          [
            4.850377,
            52.35099
          ],
          [
            4.850369,
            52.35099
          ],
          [
            4.85069,
            52.350979
          ],
          [
            4.850796,
            52.350979
          ],
          [
            4.85088,
            52.350983
          ],
          [
            4.850993,
            52.350986
          ],
          [
            4.851086,
            52.35099
          ],
          [
            4.851069,
            52.35099
          ],
          [
            4.851367,
            52.350994
          ],
          [
            4.85157,
            52.35099
          ],
          [
            4.851661,
            52.350983
          ],
          [
            4.851731,
            52.350979
          ],
          [
            4.851856,
            52.350971
          ],
          [
            4.85196,
            52.350964
          ],
          [
            4.852059,
            52.350952
          ],
          [
            4.852248,
            52.350929
          ],
          [
            4.85234,
            52.350918
          ],
          [
            4.852437,
            52.350906
          ],
          [
            4.852531,
            52.350895
          ],
          [
            4.852615,
            52.350887
          ],
          [
            4.852679,
            52.350887
          ],
          [
            4.852734,
            52.350887
          ],
          [
            4.852767,
            52.350883
          ],
          [
            4.852767,
            52.350883
          ],
          [
            4.852767,
            52.350883
          ],
          [
            4.852767,
            52.350883
          ],
          [
            4.852839,
            52.350903
          ],
          [
            4.852839,
            52.350903
          ],
          [
            4.85285,
            52.350925
          ],
          [
            4.852835,
            52.350929
          ],
          [
            4.852821,
            52.350941
          ],
          [
            4.852797,
            52.350952
          ],
          [
            4.852781,
            52.350964
          ],
          [
            4.852781,
            52.350964
          ],
          [
            4.852781,
            52.350964
          ],
          [
            4.852668,
            52.351017
          ],
          [
            4.852668,
            52.351017
          ],
          [
            4.852661,
            52.351013
          ],
          [
            4.852661,
            52.351013
          ],
          [
            4.852661,
            52.351013
          ],
          [
            4.852661,
            52.351013
          ],
          [
            4.852686,
            52.351009
          ],
          [
            4.852686,
            52.351009
          ],
          [
            4.852713,
            52.351028
          ],
          [
            4.85272,
            52.35104
          ],
          [
            4.852723,
            52.351051
          ],
          [
            4.852729,
            52.35107
          ],
          [
            4.852743,
            52.351093
          ],
          [
            4.852759,
            52.35112
          ],
          [
            4.852773,
            52.351158
          ],
          [
            4.852775,
            52.351215
          ],
          [
            4.852786,
            52.351273
          ],
          [
            4.852787,
            52.351315
          ],
          [
            4.852815,
            52.351368
          ],
          [
            4.852851,
            52.351421
          ],
          [
            4.852881,
            52.35149
          ],
          [
            4.852905,
            52.351543
          ],
          [
            4.85292,
            52.351597
          ],
          [
            4.852934,
            52.35165
          ],
          [
            4.852941,
            52.351707
          ],
          [
            4.852961,
            52.351761
          ],
          [
            4.852981,
            52.351818
          ],
          [
            4.852992,
            52.351868
          ],
          [
            4.853007,
            52.351917
          ],
          [
            4.853009,
            52.351971
          ],
          [
            4.853039,
            52.352024
          ],
          [
            4.853055,
            52.352081
          ],
          [
            4.853061,
            52.352131
          ],
          [
            4.85307,
            52.352142
          ],
          [
            4.853066,
            52.352127
          ],
          [
            4.853067,
            52.35215
          ],
          [
            4.853086,
            52.352211
          ],
          [
            4.8531,
            52.352287
          ],
          [
            4.853134,
            52.352371
          ],
          [
            4.853158,
            52.352448
          ],
          [
            4.853178,
            52.352516
          ],
          [
            4.853195,
            52.352562
          ],
          [
            4.853215,
            52.352612
          ],
          [
            4.853235,
            52.352676
          ],
          [
            4.853252,
            52.352722
          ],
          [
            4.853277,
            52.352787
          ],
          [
            4.853293,
            52.35286
          ],
          [
            4.853324,
            52.352936
          ],
          [
            4.853347,
            52.353004
          ],
          [
            4.853364,
            52.353058
          ],
          [
            4.853379,
            52.353104
          ],
          [
            4.853396,
            52.353157
          ],
          [
            4.8534,
            52.353191
          ],
          [
            4.853424,
            52.353252
          ],
          [
            4.853448,
            52.353336
          ],
          [
            4.853472,
            52.353401
          ],
          [
            4.853496,
            52.353478
          ],
          [
            4.853524,
            52.353546
          ],
          [
            4.853546,
            52.353619
          ],
          [
            4.853559,
            52.35368
          ],
          [
            4.853573,
            52.353741
          ],
          [
            4.85358,
            52.353783
          ],
          [
            4.853588,
            52.353825
          ],
          [
            4.853597,
            52.353878
          ],
          [
            4.853609,
            52.353943
          ],
          [
            4.853626,
            52.354008
          ],
          [
            4.853642,
            52.35408
          ],
          [
            4.85366,
            52.354145
          ],
          [
            4.853702,
            52.354218
          ],
          [
            4.853771,
            52.35429
          ],
          [
            4.853817,
            52.354313
          ],
          [
            4.854008,
            52.35437
          ],
          [
            4.854111,
            52.354397
          ],
          [
            4.8542,
            52.35442
          ],
          [
            4.854297,
            52.354431
          ],
          [
            4.854365,
            52.354443
          ],
          [
            4.854439,
            52.354458
          ],
          [
            4.8545,
            52.354477
          ],
          [
            4.854535,
            52.354485
          ],
          [
            4.854644,
            52.354519
          ],
          [
            4.854697,
            52.354542
          ],
          [
            4.854738,
            52.354549
          ],
          [
            4.854769,
            52.354553
          ],
          [
            4.854787,
            52.354561
          ],
          [
            4.854791,
            52.354565
          ],
          [
            4.854791,
            52.354565
          ],
          [
            4.854794,
            52.354553
          ],
          [
            4.854784,
            52.354553
          ],
          [
            4.854772,
            52.354549
          ],
          [
            4.854736,
            52.354542
          ],
          [
            4.854699,
            52.354538
          ],
          [
            4.854666,
            52.354538
          ],
          [
            4.854625,
            52.354546
          ],
          [
            4.854592,
            52.354553
          ],
          [
            4.85456,
            52.354561
          ],
          [
            4.85456,
            52.354565
          ],
          [
            4.854549,
            52.354565
          ],
          [
            4.854535,
            52.354584
          ],
          [
            4.854546,
            52.354641
          ],
          [
            4.854548,
            52.354672
          ],
          [
            4.854554,
            52.354702
          ],
          [
            4.854556,
            52.35474
          ],
          [
            4.854551,
            52.354763
          ],
          [
            4.854543,
            52.354797
          ],
          [
            4.854523,
            52.354828
          ],
          [
            4.854505,
            52.35487
          ],
          [
            4.854471,
            52.354904
          ],
          [
            4.854425,
            52.354938
          ],
          [
            4.854378,
            52.354961
          ],
          [
            4.854303,
            52.35498
          ],
          [
            4.854239,
            52.354992
          ],
          [
            4.854165,
            52.355003
          ],
          [
            4.854093,
            52.355019
          ],
          [
            4.854048,
            52.355045
          ],
          [
            4.854016,
            52.35508
          ],
          [
            4.854003,
            52.35511
          ],
          [
            4.854005,
            52.355148
          ],
          [
            4.854022,
            52.355198
          ],
          [
            4.854038,
            52.355236
          ],
          [
            4.854063,
            52.355282
          ],
          [
            4.854078,
            52.355328
          ],
          [
            4.854102,
            52.355373
          ],
          [
            4.854114,
            52.355427
          ],
          [
            4.854135,
            52.355469
          ],
          [
            4.854147,
            52.355518
          ],
          [
            4.85416,
            52.355576
          ],
          [
            4.854175,
            52.355621
          ],
          [
            4.854191,
            52.355671
          ],
          [
            4.854206,
            52.355724
          ],
          [
            4.854224,
            52.355774
          ],
          [
            4.854239,
            52.35582
          ],
          [
            4.854253,
            52.355877
          ],
          [
            4.85427,
            52.355938
          ],
          [
            4.854284,
            52.355988
          ],
          [
            4.8543,
            52.356033
          ],
          [
            4.854313,
            52.356091
          ],
          [
            4.85433,
            52.356144
          ],
          [
            4.85436,
            52.35619
          ],
          [
            4.854403,
            52.356235
          ],
          [
            4.854426,
            52.356255
          ],
          [
            4.854533,
            52.356289
          ],
          [
            4.854607,
            52.356293
          ],
          [
            4.854661,
            52.356274
          ],
          [
            4.854701,
            52.356239
          ],
          [
            4.85473,
            52.356205
          ],
          [
            4.854756,
            52.356167
          ],
          [
            4.854781,
            52.35611
          ],
          [
            4.854798,
            52.356068
          ],
          [
            4.854824,
            52.356018
          ],
          [
            4.854848,
            52.355965
          ],
          [
            4.854867,
            52.355911
          ],
          [
            4.854897,
            52.355862
          ],
          [
            4.854914,
            52.355808
          ],
          [
            4.854939,
            52.355755
          ],
          [
            4.854964,
            52.355694
          ],
          [
            4.854986,
            52.355644
          ],
          [
            4.855006,
            52.355591
          ],
          [
            4.855028,
            52.355534
          ],
          [
            4.855052,
            52.355469
          ],
          [
            4.855072,
            52.355423
          ],
          [
            4.85509,
            52.355373
          ],
          [
            4.855111,
            52.35532
          ],
          [
            4.85513,
            52.355267
          ],
          [
            4.855149,
            52.355217
          ],
          [
            4.855163,
            52.355179
          ],
          [
            4.85518,
            52.355133
          ],
          [
            4.855201,
            52.355083
          ],
          [
            4.855215,
            52.355041
          ],
          [
            4.855232,
            52.354992
          ],
          [
            4.855241,
            52.354954
          ],
          [
            4.855258,
            52.354908
          ],
          [
            4.855261,
            52.354866
          ],
          [
            4.855272,
            52.354832
          ],
          [
            4.855274,
            52.354801
          ],
          [
            4.855274,
            52.354801
          ],
          [
            4.855274,
            52.354801
          ],
          [
            4.855274,
            52.354801
          ],
          [
            4.855303,
            52.354729
          ],
          [
            4.855303,
            52.354729
          ],
          [
            4.855303,
            52.354729
          ],
          [
            4.855327,
            52.354733
          ],
          [
            4.855327,
            52.354733
          ],
          [
            4.855332,
            52.354748
          ],
          [
            4.855332,
            52.354748
          ],
          [
            4.855329,
            52.354763
          ],
          [
            4.855328,
            52.354771
          ],
          [
            4.855334,
            52.354774
          ],
          [
            4.855347,
            52.354786
          ],
          [
            4.855365,
            52.354797
          ],
          [
            4.855397,
            52.354813
          ],
          [
            4.855446,
            52.354828
          ],
          [
            4.855502,
            52.354843
          ],
          [
            4.855556,
            52.354858
          ],
          [
            4.855596,
            52.354874
          ],
          [
            4.855685,
            52.354908
          ],
          [
            4.855745,
            52.354927
          ],
          [
            4.85582,
            52.35495
          ],
          [
            4.855897,
            52.354973
          ],
          [
            4.855896,
            52.354977
          ],
          [
            4.85602,
            52.355
          ],
          [
            4.856178,
            52.355026
          ],
          [
            4.856284,
            52.355045
          ],
          [
            4.856379,
            52.355061
          ],
          [
            4.856376,
            52.355057
          ],
          [
            4.856583,
            52.355087
          ],
          [
            4.856626,
            52.355099
          ],
          [
            4.856792,
            52.355118
          ],
          [
            4.856781,
            52.355118
          ],
          [
            4.856975,
            52.355133
          ],
          [
            4.85715,
            52.355137
          ],
          [
            4.857255,
            52.355141
          ],
          [
            4.857291,
            52.355137
          ],
          [
            4.857485,
            52.355133
          ],
          [
            4.857597,
            52.355133
          ],
          [
            4.85766,
            52.355133
          ],
          [
            4.857778,
            52.355133
          ],
          [
            4.85787,
            52.355133
          ],
          [
            4.857883,
            52.355133
          ],
          [
            4.85805,
            52.355129
          ],
          [
            4.85816,
            52.355129
          ],
          [
            4.858257,
            52.355129
          ],
          [
            4.858252,
            52.355129
          ],
          [
            4.858426,
            52.355133
          ],
          [
            4.858567,
            52.355137
          ],
          [
            4.85868,
            52.355141
          ],
          [
            4.858736,
            52.355148
          ],
          [
            4.858884,
            52.355164
          ],
          [
            4.859018,
            52.355179
          ],
          [
            4.859125,
            52.355194
          ],
          [
            4.859225,
            52.355209
          ],
          [
            4.859327,
            52.355228
          ],
          [
            4.859403,
            52.35524
          ],
          [
            4.859523,
            52.35527
          ],
          [
            4.859515,
            52.355267
          ],
          [
            4.859714,
            52.355324
          ],
          [
            4.859813,
            52.355354
          ],
          [
            4.8599,
            52.355381
          ],
          [
            4.859997,
            52.355408
          ],
          [
            4.860089,
            52.355431
          ],
          [
            4.860182,
            52.355453
          ],
          [
            4.860275,
            52.35548
          ],
          [
            4.860362,
            52.355507
          ],
          [
            4.860456,
            52.355537
          ],
          [
            4.860546,
            52.355568
          ],
          [
            4.860635,
            52.355598
          ],
          [
            4.860725,
            52.355633
          ],
          [
            4.86081,
            52.355659
          ],
          [
            4.860898,
            52.355694
          ],
          [
            4.860983,
            52.355732
          ],
          [
            4.861066,
            52.355759
          ],
          [
            4.861148,
            52.355789
          ],
          [
            4.861226,
            52.355816
          ],
          [
            4.861307,
            52.355835
          ],
          [
            4.861425,
            52.355862
          ],
          [
            4.861522,
            52.355881
          ],
          [
            4.861613,
            52.355896
          ],
          [
            4.861716,
            52.355911
          ],
          [
            4.861797,
            52.355927
          ],
          [
            4.861929,
            52.355949
          ],
          [
            4.862018,
            52.355965
          ],
          [
            4.86214,
            52.355984
          ],
          [
            4.862198,
            52.355991
          ],
          [
            4.86234,
            52.356014
          ],
          [
            4.862456,
            52.356033
          ],
          [
            4.862534,
            52.356041
          ],
          [
            4.862666,
            52.356052
          ],
          [
            4.86277,
            52.356064
          ],
          [
            4.862833,
            52.356068
          ],
          [
            4.862973,
            52.356087
          ],
          [
            4.863076,
            52.356094
          ],
          [
            4.86317,
            52.356106
          ],
          [
            4.86324,
            52.356113
          ],
          [
            4.863276,
            52.356117
          ],
          [
            4.863399,
            52.356129
          ],
          [
            4.863496,
            52.356132
          ],
          [
            4.863589,
            52.35614
          ],
          [
            4.863682,
            52.356144
          ],
          [
            4.863712,
            52.356144
          ],
          [
            4.863839,
            52.356148
          ],
          [
            4.863991,
            52.356155
          ],
          [
            4.864115,
            52.356159
          ],
          [
            4.864225,
            52.356163
          ],
          [
            4.864323,
            52.356163
          ],
          [
            4.864437,
            52.356163
          ],
          [
            4.86456,
            52.356159
          ],
          [
            4.864668,
            52.356159
          ],
          [
            4.864771,
            52.356163
          ],
          [
            4.864849,
            52.356167
          ],
          [
            4.864982,
            52.356174
          ],
          [
            4.865085,
            52.356186
          ],
          [
            4.865187,
            52.356194
          ],
          [
            4.865284,
            52.356205
          ],
          [
            4.865365,
            52.356216
          ],
          [
            4.865489,
            52.356228
          ],
          [
            4.865601,
            52.356239
          ],
          [
            4.865701,
            52.356255
          ],
          [
            4.865799,
            52.356274
          ],
          [
            4.865875,
            52.356285
          ],
          [
            4.865996,
            52.356304
          ],
          [
            4.866094,
            52.356323
          ],
          [
            4.86619,
            52.356342
          ],
          [
            4.866289,
            52.356361
          ],
          [
            4.866366,
            52.356381
          ],
          [
            4.866481,
            52.356403
          ],
          [
            4.866578,
            52.356426
          ],
          [
            4.866672,
            52.356449
          ],
          [
            4.866762,
            52.356472
          ],
          [
            4.86685,
            52.356495
          ],
          [
            4.866952,
            52.356525
          ],
          [
            4.867044,
            52.356552
          ],
          [
            4.867136,
            52.356579
          ],
          [
            4.867224,
            52.356606
          ],
          [
            4.867313,
            52.356636
          ],
          [
            4.867403,
            52.356663
          ],
          [
            4.867496,
            52.356693
          ],
          [
            4.867584,
            52.356724
          ],
          [
            4.867669,
            52.35675
          ],
          [
            4.86776,
            52.356781
          ],
          [
            4.867848,
            52.356815
          ],
          [
            4.867931,
            52.35685
          ],
          [
            4.868014,
            52.356884
          ],
          [
            4.868099,
            52.356915
          ],
          [
            4.86818,
            52.356949
          ],
          [
            4.868268,
            52.356987
          ],
          [
            4.868351,
            52.357021
          ],
          [
            4.868433,
            52.357056
          ],
          [
            4.868514,
            52.35709
          ],
          [
            4.868598,
            52.357128
          ],
          [
            4.868679,
            52.35717
          ],
          [
            4.868756,
            52.357208
          ],
          [
            4.868836,
            52.357246
          ],
          [
            4.868918,
            52.357281
          ],
          [
            4.868997,
            52.357319
          ],
          [
            4.869076,
            52.357357
          ],
          [
            4.869156,
            52.357395
          ],
          [
            4.869239,
            52.357429
          ],
          [
            4.869301,
            52.357445
          ],
          [
            4.869434,
            52.357468
          ],
          [
            4.869533,
            52.357468
          ],
          [
            4.869636,
            52.35746
          ],
          [
            4.86974,
            52.357456
          ],
          [
            4.869843,
            52.357456
          ],
          [
            4.869908,
            52.35746
          ],
          [
            4.870042,
            52.357464
          ],
          [
            4.870144,
            52.357471
          ],
          [
            4.870249,
            52.357483
          ],
          [
            4.87035,
            52.357494
          ],
          [
            4.870417,
            52.357506
          ],
          [
            4.870548,
            52.357529
          ],
          [
            4.870648,
            52.357548
          ],
          [
            4.870743,
            52.357571
          ],
          [
            4.870836,
            52.357594
          ],
          [
            4.870922,
            52.357624
          ],
          [
            4.871014,
            52.357658
          ],
          [
            4.871099,
            52.357689
          ],
          [
            4.871182,
            52.357727
          ],
          [
            4.871263,
            52.357761
          ],
          [
            4.871339,
            52.3578
          ],
          [
            4.871423,
            52.357841
          ],
          [
            4.871505,
            52.357876
          ],
          [
            4.871587,
            52.35791
          ],
          [
            4.871671,
            52.357948
          ],
          [
            4.871756,
            52.357975
          ],
          [
            4.871852,
            52.358002
          ],
          [
            4.871949,
            52.358025
          ],
          [
            4.872049,
            52.35804
          ],
          [
            4.872149,
            52.358059
          ],
          [
            4.872225,
            52.35807
          ],
          [
            4.872344,
            52.358089
          ],
          [
            4.872442,
            52.358101
          ],
          [
            4.872512,
            52.358112
          ],
          [
            4.872587,
            52.358124
          ],
          [
            4.87264,
            52.358131
          ],
          [
            4.872752,
            52.358147
          ],
          [
            4.872846,
            52.358162
          ],
          [
            4.872931,
            52.358177
          ],
          [
            4.87303,
            52.358196
          ],
          [
            4.873096,
            52.358208
          ],
          [
            4.873214,
            52.358238
          ],
          [
            4.873312,
            52.358261
          ],
          [
            4.873406,
            52.358288
          ],
          [
            4.873496,
            52.358315
          ],
          [
            4.873577,
            52.358341
          ],
          [
            4.873669,
            52.358372
          ],
          [
            4.873753,
            52.358406
          ],
          [
            4.873833,
            52.35844
          ],
          [
            4.873908,
            52.358479
          ],
          [
            4.873979,
            52.358517
          ],
          [
            4.87406,
            52.358562
          ],
          [
            4.874131,
            52.358608
          ],
          [
            4.874199,
            52.358654
          ],
          [
            4.874266,
            52.3587
          ],
          [
            4.874325,
            52.358742
          ],
          [
            4.874389,
            52.358791
          ],
          [
            4.874446,
            52.358841
          ],
          [
            4.874498,
            52.358894
          ],
          [
            4.874544,
            52.358944
          ],
          [
            4.874589,
            52.359005
          ],
          [
            4.874635,
            52.359066
          ],
          [
            4.874669,
            52.359119
          ],
          [
            4.874706,
            52.359177
          ],
          [
            4.874736,
            52.359238
          ],
          [
            4.874761,
            52.359299
          ],
          [
            4.874793,
            52.359352
          ],
          [
            4.874827,
            52.359417
          ],
          [
            4.874867,
            52.359478
          ],
          [
            4.874914,
            52.359531
          ],
          [
            4.874978,
            52.359585
          ],
          [
            4.875047,
            52.359638
          ],
          [
            4.875121,
            52.359688
          ],
          [
            4.875213,
            52.359749
          ],
          [
            4.875304,
            52.35981
          ],
          [
            4.875397,
            52.359879
          ],
          [
            4.875467,
            52.359932
          ],
          [
            4.875531,
            52.359978
          ],
          [
            4.87559,
            52.360024
          ],
          [
            4.875643,
            52.360069
          ],
          [
            4.8757,
            52.360123
          ],
          [
            4.875763,
            52.360172
          ],
          [
            4.875836,
            52.360218
          ],
          [
            4.875919,
            52.360252
          ],
          [
            4.876011,
            52.360283
          ],
          [
            4.876104,
            52.36031
          ],
          [
            4.876189,
            52.360332
          ],
          [
            4.876298,
            52.360359
          ],
          [
            4.87639,
            52.360382
          ],
          [
            4.876481,
            52.360409
          ],
          [
            4.876573,
            52.360432
          ],
          [
            4.876668,
            52.360458
          ],
          [
            4.876759,
            52.360489
          ],
          [
            4.876844,
            52.360519
          ],
          [
            4.87693,
            52.36055
          ],
          [
            4.877023,
            52.360573
          ],
          [
            4.877106,
            52.360584
          ],
          [
            4.877181,
            52.360596
          ],
          [
            4.877328,
            52.360611
          ],
          [
            4.877432,
            52.360615
          ],
          [
            4.877531,
            52.360622
          ],
          [
            4.877608,
            52.360626
          ],
          [
            4.877728,
            52.36063
          ],
          [
            4.87783,
            52.360638
          ],
          [
            4.87793,
            52.360649
          ],
          [
            4.878027,
            52.360657
          ],
          [
            4.878113,
            52.360668
          ],
          [
            4.878223,
            52.360676
          ],
          [
            4.878311,
            52.360683
          ],
          [
            4.878431,
            52.360691
          ],
          [
            4.87852,
            52.360699
          ],
          [
            4.878624,
            52.360714
          ],
          [
            4.878718,
            52.360729
          ],
          [
            4.878814,
            52.360752
          ],
          [
            4.878907,
            52.360775
          ],
          [
            4.878996,
            52.360794
          ],
          [
            4.879094,
            52.360813
          ],
          [
            4.879192,
            52.360836
          ],
          [
            4.879289,
            52.360859
          ],
          [
            4.879381,
            52.360882
          ],
          [
            4.87947,
            52.360908
          ],
          [
            4.87957,
            52.360935
          ],
          [
            4.879657,
            52.360966
          ],
          [
            4.879744,
            52.360996
          ],
          [
            4.879837,
            52.361027
          ],
          [
            4.879914,
            52.361053
          ],
          [
            4.879992,
            52.36108
          ],
          [
            4.880061,
            52.361103
          ],
          [
            4.880129,
            52.36113
          ],
          [
            4.880209,
            52.361156
          ],
          [
            4.880283,
            52.361183
          ],
          [
            4.880378,
            52.361218
          ],
          [
            4.880465,
            52.361244
          ],
          [
            4.880545,
            52.361275
          ],
          [
            4.880633,
            52.361305
          ],
          [
            4.880721,
            52.361336
          ],
          [
            4.880814,
            52.361362
          ],
          [
            4.8809,
            52.361389
          ],
          [
            4.880982,
            52.361412
          ],
          [
            4.881071,
            52.361435
          ],
          [
            4.881159,
            52.361462
          ],
          [
            4.881249,
            52.361488
          ],
          [
            4.881331,
            52.361511
          ],
          [
            4.881417,
            52.361542
          ],
          [
            4.881492,
            52.361565
          ],
          [
            4.881555,
            52.361588
          ],
          [
            4.881614,
            52.36161
          ],
          [
            4.881662,
            52.36163
          ],
          [
            4.881701,
            52.361649
          ],
          [
            4.881725,
            52.36166
          ],
          [
            4.881725,
            52.36166
          ],
          [
            4.881725,
            52.36166
          ],
          [
            4.881725,
            52.36166
          ],
          [
            4.881725,
            52.36166
          ],
          [
            4.881725,
            52.36166
          ],
          [
            4.881795,
            52.361702
          ],
          [
            4.881809,
            52.361713
          ],
          [
            4.88183,
            52.361729
          ],
          [
            4.881854,
            52.361748
          ],
          [
            4.881892,
            52.361778
          ],
          [
            4.881931,
            52.361809
          ],
          [
            4.881969,
            52.361843
          ],
          [
            4.882011,
            52.361885
          ],
          [
            4.882051,
            52.361919
          ],
          [
            4.882099,
            52.361961
          ],
          [
            4.882138,
            52.361992
          ],
          [
            4.882199,
            52.36203
          ],
          [
            4.882253,
            52.362064
          ],
          [
            4.882301,
            52.362095
          ],
          [
            4.88236,
            52.362133
          ],
          [
            4.882415,
            52.362164
          ],
          [
            4.882484,
            52.362194
          ],
          [
            4.882556,
            52.362221
          ],
          [
            4.882601,
            52.362232
          ],
          [
            4.882703,
            52.362248
          ],
          [
            4.882809,
            52.362248
          ],
          [
            4.882899,
            52.362248
          ],
          [
            4.882986,
            52.362255
          ],
          [
            4.883069,
            52.362267
          ],
          [
            4.883145,
            52.362289
          ],
          [
            4.883213,
            52.362312
          ],
          [
            4.88328,
            52.362347
          ],
          [
            4.883341,
            52.362377
          ],
          [
            4.883403,
            52.362408
          ],
          [
            4.883462,
            52.362442
          ],
          [
            4.883537,
            52.362469
          ],
          [
            4.883597,
            52.362488
          ],
          [
            4.883667,
            52.362492
          ],
          [
            4.88374,
            52.36248
          ],
          [
            4.883805,
            52.362461
          ],
          [
            4.883886,
            52.362431
          ],
          [
            4.883965,
            52.362396
          ],
          [
            4.884049,
            52.362358
          ],
          [
            4.884138,
            52.362316
          ],
          [
            4.884232,
            52.362274
          ],
          [
            4.88432,
            52.362232
          ],
          [
            4.8844,
            52.362194
          ],
          [
            4.884476,
            52.362156
          ],
          [
            4.884558,
            52.362122
          ],
          [
            4.884638,
            52.362087
          ],
          [
            4.884717,
            52.362049
          ],
          [
            4.884798,
            52.362015
          ],
          [
            4.884869,
            52.361988
          ],
          [
            4.884973,
            52.361942
          ],
          [
            4.885056,
            52.361908
          ],
          [
            4.885133,
            52.361874
          ],
          [
            4.885218,
            52.361835
          ],
          [
            4.885302,
            52.361801
          ],
          [
            4.885384,
            52.361763
          ],
          [
            4.885466,
            52.361729
          ],
          [
            4.885548,
            52.361691
          ],
          [
            4.885629,
            52.361649
          ],
          [
            4.885705,
            52.361607
          ],
          [
            4.885782,
            52.361565
          ],
          [
            4.885858,
            52.361523
          ],
          [
            4.885937,
            52.361481
          ],
          [
            4.886019,
            52.361443
          ],
          [
            4.886102,
            52.361404
          ],
          [
            4.886175,
            52.361355
          ],
          [
            4.886262,
            52.361317
          ],
          [
            4.886347,
            52.361279
          ],
          [
            4.886428,
            52.361237
          ],
          [
            4.886503,
            52.361198
          ],
          [
            4.886577,
            52.361156
          ],
          [
            4.88665,
            52.361118
          ],
          [
            4.886725,
            52.361088
          ],
          [
            4.886809,
            52.361061
          ],
          [
            4.886897,
            52.361031
          ],
          [
            4.886986,
            52.360992
          ],
          [
            4.887069,
            52.360958
          ],
          [
            4.887145,
            52.360924
          ],
          [
            4.887224,
            52.360882
          ],
          [
            4.887302,
            52.360847
          ],
          [
            4.887382,
            52.360805
          ],
          [
            4.887458,
            52.360767
          ],
          [
            4.887542,
            52.360733
          ],
          [
            4.887627,
            52.360695
          ],
          [
            4.887709,
            52.360661
          ],
          [
            4.887785,
            52.36063
          ],
          [
            4.887865,
            52.360588
          ],
          [
            4.887945,
            52.36055
          ],
          [
            4.888023,
            52.360516
          ],
          [
            4.888098,
            52.360481
          ],
          [
            4.888171,
            52.360443
          ],
          [
            4.888243,
            52.360405
          ],
          [
            4.888321,
            52.360367
          ],
          [
            4.888398,
            52.360332
          ],
          [
            4.888494,
            52.360287
          ],
          [
            4.888575,
            52.360245
          ],
          [
            4.888656,
            52.360207
          ],
          [
            4.888739,
            52.360165
          ],
          [
            4.888818,
            52.360126
          ],
          [
            4.888901,
            52.360085
          ],
          [
            4.888988,
            52.360046
          ],
          [
            4.889072,
            52.360012
          ],
          [
            4.889149,
            52.359974
          ],
          [
            4.889231,
            52.359932
          ],
          [
            4.889308,
            52.35989
          ],
          [
            4.889386,
            52.359852
          ],
          [
            4.889467,
            52.359818
          ],
          [
            4.889552,
            52.359791
          ],
          [
            4.889646,
            52.359764
          ],
          [
            4.889729,
            52.359753
          ],
          [
            4.889837,
            52.359734
          ],
          [
            4.889923,
            52.359714
          ],
          [
            4.889997,
            52.359699
          ],
          [
            4.890056,
            52.359688
          ],
          [
            4.890098,
            52.35968
          ],
          [
            4.890137,
            52.359673
          ],
          [
            4.89017,
            52.359661
          ],
          [
            4.890204,
            52.359653
          ],
          [
            4.890233,
            52.359642
          ],
          [
            4.890261,
            52.359634
          ],
          [
            4.890299,
            52.359623
          ],
          [
            4.890344,
            52.359611
          ],
          [
            4.890382,
            52.359592
          ],
          [
            4.890409,
            52.359577
          ],
          [
            4.890445,
            52.359558
          ],
          [
            4.890472,
            52.35955
          ],
          [
            4.890507,
            52.359547
          ],
          [
            4.890563,
            52.359543
          ],
          [
            4.890627,
            52.359547
          ],
          [
            4.890691,
            52.359547
          ],
          [
            4.890761,
            52.359547
          ],
          [
            4.890831,
            52.359547
          ],
          [
            4.890904,
            52.359539
          ],
          [
            4.890977,
            52.359531
          ],
          [
            4.891036,
            52.359524
          ],
          [
            4.891134,
            52.359516
          ],
          [
            4.891206,
            52.359509
          ],
          [
            4.891267,
            52.359516
          ],
          [
            4.891299,
            52.359535
          ],
          [
            4.891314,
            52.359562
          ],
          [
            4.891303,
            52.359596
          ],
          [
            4.891272,
            52.359631
          ],
          [
            4.891267,
            52.359634
          ],
          [
            4.891235,
            52.359653
          ],
          [
            4.8912,
            52.359673
          ],
          [
            4.891176,
            52.359688
          ],
          [
            4.891126,
            52.359726
          ],
          [
            4.89111,
            52.359764
          ],
          [
            4.891118,
            52.359802
          ],
          [
            4.891119,
            52.359852
          ],
          [
            4.891126,
            52.359898
          ],
          [
            4.891135,
            52.359951
          ],
          [
            4.891145,
            52.360004
          ],
          [
            4.891151,
            52.360058
          ],
          [
            4.891156,
            52.360115
          ],
          [
            4.891159,
            52.360176
          ],
          [
            4.891149,
            52.360241
          ],
          [
            4.891155,
            52.360306
          ],
          [
            4.891166,
            52.360363
          ],
          [
            4.891187,
            52.360428
          ],
          [
            4.891208,
            52.360493
          ],
          [
            4.891228,
            52.360546
          ],
          [
            4.891249,
            52.360611
          ],
          [
            4.891263,
            52.360672
          ],
          [
            4.891284,
            52.360733
          ],
          [
            4.891305,
            52.360794
          ],
          [
            4.891325,
            52.360855
          ],
          [
            4.891347,
            52.36092
          ],
          [
            4.891369,
            52.360977
          ],
          [
            4.891388,
            52.361015
          ],
          [
            4.891401,
            52.361057
          ],
          [
            4.891422,
            52.361111
          ],
          [
            4.891444,
            52.361168
          ],
          [
            4.891463,
            52.361218
          ],
          [
            4.891484,
            52.361275
          ],
          [
            4.891505,
            52.361328
          ],
          [
            4.891524,
            52.361382
          ],
          [
            4.891549,
            52.361446
          ],
          [
            4.891569,
            52.361507
          ],
          [
            4.891592,
            52.361565
          ],
          [
            4.89161,
            52.361618
          ],
          [
            4.89163,
            52.361679
          ],
          [
            4.891648,
            52.36174
          ],
          [
            4.891671,
            52.361797
          ],
          [
            4.89169,
            52.361855
          ],
          [
            4.891714,
            52.361908
          ],
          [
            4.891744,
            52.361973
          ],
          [
            4.891767,
            52.362022
          ],
          [
            4.891791,
            52.362076
          ],
          [
            4.89182,
            52.362133
          ],
          [
            4.891845,
            52.36219
          ],
          [
            4.891869,
            52.362248
          ],
          [
            4.891895,
            52.362309
          ],
          [
            4.891912,
            52.362358
          ],
          [
            4.89193,
            52.3624
          ],
          [
            4.891946,
            52.362453
          ],
          [
            4.89196,
            52.362503
          ],
          [
            4.891983,
            52.362564
          ],
          [
            4.891999,
            52.362629
          ],
          [
            4.892016,
            52.362698
          ],
          [
            4.892036,
            52.362774
          ],
          [
            4.89206,
            52.362846
          ],
          [
            4.892082,
            52.362915
          ],
          [
            4.892104,
            52.362991
          ],
          [
            4.892126,
            52.36306
          ],
          [
            4.892142,
            52.363117
          ],
          [
            4.892166,
            52.363182
          ],
          [
            4.89219,
            52.363251
          ],
          [
            4.892216,
            52.363319
          ],
          [
            4.892241,
            52.36338
          ],
          [
            4.892261,
            52.36343
          ],
          [
            4.892286,
            52.363495
          ],
          [
            4.892313,
            52.36356
          ],
          [
            4.892344,
            52.363606
          ],
          [
            4.89239,
            52.36364
          ],
          [
            4.892434,
            52.363655
          ],
          [
            4.892482,
            52.363659
          ],
          [
            4.892534,
            52.363659
          ],
          [
            4.892601,
            52.363647
          ],
          [
            4.892667,
            52.363636
          ],
          [
            4.892735,
            52.363625
          ],
          [
            4.892793,
            52.363621
          ],
          [
            4.892847,
            52.363617
          ],
          [
            4.892892,
            52.363617
          ],
          [
            4.892945,
            52.363613
          ],
          [
            4.892999,
            52.363613
          ],
          [
            4.893056,
            52.363606
          ],
          [
            4.893115,
            52.363594
          ],
          [
            4.893197,
            52.363579
          ],
          [
            4.893266,
            52.363567
          ],
          [
            4.893289,
            52.363564
          ],
          [
            4.893418,
            52.363544
          ],
          [
            4.893505,
            52.363533
          ],
          [
            4.893588,
            52.363525
          ],
          [
            4.893671,
            52.363514
          ],
          [
            4.893742,
            52.363503
          ],
          [
            4.893819,
            52.363491
          ],
          [
            4.893895,
            52.363476
          ],
          [
            4.893971,
            52.363464
          ],
          [
            4.893996,
            52.363464
          ],
          [
            4.894084,
            52.363453
          ],
          [
            4.894234,
            52.363434
          ],
          [
            4.894339,
            52.363422
          ],
          [
            4.894427,
            52.363407
          ],
          [
            4.894521,
            52.363392
          ],
          [
            4.89457,
            52.363384
          ],
          [
            4.894708,
            52.363361
          ],
          [
            4.894816,
            52.363346
          ],
          [
            4.894895,
            52.363335
          ],
          [
            4.894934,
            52.363331
          ],
          [
            4.895043,
            52.363312
          ],
          [
            4.895126,
            52.3633
          ],
          [
            4.895193,
            52.363289
          ],
          [
            4.895299,
            52.363281
          ],
          [
            4.895394,
            52.363266
          ],
          [
            4.895484,
            52.363251
          ],
          [
            4.895572,
            52.363239
          ],
          [
            4.895612,
            52.363235
          ],
          [
            4.895719,
            52.363228
          ],
          [
            4.895792,
            52.36322
          ],
          [
            4.895866,
            52.363216
          ],
          [
            4.895934,
            52.36322
          ],
          [
            4.895983,
            52.363224
          ],
          [
            4.896067,
            52.363228
          ],
          [
            4.896165,
            52.363239
          ],
          [
            4.896159,
            52.363243
          ],
          [
            4.896322,
            52.363262
          ],
          [
            4.896391,
            52.363266
          ],
          [
            4.896531,
            52.363285
          ],
          [
            4.896642,
            52.363304
          ],
          [
            4.896749,
            52.363319
          ],
          [
            4.8968,
            52.363327
          ],
          [
            4.896936,
            52.363354
          ],
          [
            4.897045,
            52.363373
          ],
          [
            4.897139,
            52.363392
          ],
          [
            4.897239,
            52.363411
          ],
          [
            4.897336,
            52.363426
          ],
          [
            4.897438,
            52.363445
          ],
          [
            4.897533,
            52.363461
          ],
          [
            4.89763,
            52.36348
          ],
          [
            4.897725,
            52.363499
          ],
          [
            4.897822,
            52.363518
          ],
          [
            4.897923,
            52.363537
          ],
          [
            4.898016,
            52.363556
          ],
          [
            4.898103,
            52.363571
          ],
          [
            4.89817,
            52.363583
          ],
          [
            4.898224,
            52.363598
          ],
          [
            4.898272,
            52.363602
          ],
          [
            4.898324,
            52.363609
          ],
          [
            4.898371,
            52.363621
          ],
          [
            4.898427,
            52.363636
          ],
          [
            4.898483,
            52.363651
          ],
          [
            4.898517,
            52.363659
          ],
          [
            4.898616,
            52.363674
          ],
          [
            4.8987,
            52.363693
          ],
          [
            4.898745,
            52.363701
          ],
          [
            4.898873,
            52.363728
          ],
          [
            4.898979,
            52.36375
          ],
          [
            4.899072,
            52.36377
          ],
          [
            4.899164,
            52.363785
          ],
          [
            4.899237,
            52.363796
          ],
          [
            4.899358,
            52.363815
          ],
          [
            4.89946,
            52.363838
          ],
          [
            4.89956,
            52.363857
          ],
          [
            4.899627,
            52.363869
          ],
          [
            4.899748,
            52.363892
          ],
          [
            4.899846,
            52.363907
          ],
          [
            4.899945,
            52.363926
          ],
          [
            4.900043,
            52.363949
          ],
          [
            4.900138,
            52.363972
          ],
          [
            4.900239,
            52.363995
          ],
          [
            4.900334,
            52.364014
          ],
          [
            4.900418,
            52.364029
          ],
          [
            4.900516,
            52.364048
          ],
          [
            4.900581,
            52.364056
          ],
          [
            4.900707,
            52.364079
          ],
          [
            4.900806,
            52.364098
          ],
          [
            4.9009,
            52.364113
          ],
          [
            4.900992,
            52.364132
          ],
          [
            4.901076,
            52.364151
          ],
          [
            4.901147,
            52.364174
          ],
          [
            4.901197,
            52.364204
          ],
          [
            4.901226,
            52.364231
          ],
          [
            4.90124,
            52.364265
          ],
          [
            4.901239,
            52.364304
          ],
          [
            4.901231,
            52.364334
          ],
          [
            4.901213,
            52.364368
          ],
          [
            4.901193,
            52.364407
          ],
          [
            4.901169,
            52.364452
          ],
          [
            4.901147,
            52.364494
          ],
          [
            4.90112,
            52.364548
          ],
          [
            4.901091,
            52.364609
          ],
          [
            4.90106,
            52.36467
          ],
          [
            4.901034,
            52.364723
          ],
          [
            4.901004,
            52.364784
          ],
          [
            4.900977,
            52.364845
          ],
          [
            4.900951,
            52.364902
          ],
          [
            4.900927,
            52.36496
          ],
          [
            4.900902,
            52.365013
          ],
          [
            4.900876,
            52.36507
          ],
          [
            4.900851,
            52.365128
          ],
          [
            4.900826,
            52.365177
          ],
          [
            4.900793,
            52.365242
          ],
          [
            4.900765,
            52.365299
          ],
          [
            4.900732,
            52.365353
          ],
          [
            4.900696,
            52.365406
          ],
          [
            4.90066,
            52.365463
          ],
          [
            4.90063,
            52.365505
          ],
          [
            4.900596,
            52.365555
          ],
          [
            4.900571,
            52.365597
          ],
          [
            4.90055,
            52.365635
          ],
          [
            4.900529,
            52.365684
          ],
          [
            4.90051,
            52.36573
          ],
          [
            4.900489,
            52.365788
          ],
          [
            4.900462,
            52.365852
          ],
          [
            4.900442,
            52.365906
          ],
          [
            4.900424,
            52.365967
          ],
          [
            4.900415,
            52.36602
          ],
          [
            4.900419,
            52.366077
          ],
          [
            4.900424,
            52.366119
          ],
          [
            4.900452,
            52.366157
          ],
          [
            4.9005,
            52.366192
          ],
          [
            4.900543,
            52.366211
          ],
          [
            4.900623,
            52.366234
          ],
          [
            4.900687,
            52.366253
          ],
          [
            4.90076,
            52.366276
          ],
          [
            4.900826,
            52.366299
          ],
          [
            4.900902,
            52.366322
          ],
          [
            4.900983,
            52.366341
          ],
          [
            4.901068,
            52.366364
          ],
          [
            4.90116,
            52.366383
          ],
          [
            4.901254,
            52.366402
          ],
          [
            4.901282,
            52.366409
          ],
          [
            4.901429,
            52.366451
          ],
          [
            4.90152,
            52.366486
          ],
          [
            4.901605,
            52.366528
          ],
          [
            4.901676,
            52.36657
          ],
          [
            4.901743,
            52.366615
          ],
          [
            4.901816,
            52.366669
          ],
          [
            4.901887,
            52.366714
          ],
          [
            4.901991,
            52.366791
          ],
          [
            4.90202,
            52.366814
          ],
          [
            4.902074,
            52.366856
          ],
          [
            4.902133,
            52.366901
          ],
          [
            4.902198,
            52.366959
          ],
          [
            4.902266,
            52.367016
          ],
          [
            4.902329,
            52.367073
          ],
          [
            4.902396,
            52.36713
          ],
          [
            4.902454,
            52.36718
          ],
          [
            4.902514,
            52.367233
          ],
          [
            4.902583,
            52.367294
          ],
          [
            4.902645,
            52.367348
          ],
          [
            4.902699,
            52.367397
          ],
          [
            4.90276,
            52.367451
          ],
          [
            4.902815,
            52.3675
          ],
          [
            4.902923,
            52.3676
          ],
          [
            4.90299,
            52.367657
          ],
          [
            4.903051,
            52.367702
          ],
          [
            4.903116,
            52.367744
          ],
          [
            4.903171,
            52.367775
          ],
          [
            4.903222,
            52.367798
          ],
          [
            4.903271,
            52.367813
          ],
          [
            4.903321,
            52.367821
          ],
          [
            4.903357,
            52.367832
          ],
          [
            4.903383,
            52.367844
          ],
          [
            4.903402,
            52.367855
          ],
          [
            4.903409,
            52.367889
          ],
          [
            4.903407,
            52.36792
          ],
          [
            4.903404,
            52.367943
          ],
          [
            4.903394,
            52.367973
          ],
          [
            4.903382,
            52.368011
          ],
          [
            4.903389,
            52.368046
          ],
          [
            4.903409,
            52.368084
          ],
          [
            4.903408,
            52.368095
          ],
          [
            4.903417,
            52.368111
          ],
          [
            4.903437,
            52.368126
          ],
          [
            4.903468,
            52.368153
          ],
          [
            4.903507,
            52.368187
          ],
          [
            4.903546,
            52.368221
          ],
          [
            4.903581,
            52.368256
          ],
          [
            4.90361,
            52.368279
          ],
          [
            4.903637,
            52.368301
          ],
          [
            4.903665,
            52.368317
          ],
          [
            4.903755,
            52.36845
          ],
          [
            4.903782,
            52.368511
          ],
          [
            4.903782,
            52.368549
          ],
          [
            4.903759,
            52.368591
          ],
          [
            4.90373,
            52.368618
          ],
          [
            4.903666,
            52.368656
          ],
          [
            4.903597,
            52.368679
          ],
          [
            4.903532,
            52.368706
          ],
          [
            4.903457,
            52.368725
          ],
          [
            4.903381,
            52.368752
          ],
          [
            4.903313,
            52.368778
          ],
          [
            4.903241,
            52.368801
          ],
          [
            4.903167,
            52.368824
          ],
          [
            4.903103,
            52.368851
          ],
          [
            4.903034,
            52.368877
          ],
          [
            4.902969,
            52.3689
          ],
          [
            4.902904,
            52.368923
          ],
          [
            4.902839,
            52.36895
          ],
          [
            4.90278,
            52.368977
          ],
          [
            4.902725,
            52.368999
          ],
          [
            4.902667,
            52.369022
          ],
          [
            4.902613,
            52.369045
          ],
          [
            4.902546,
            52.369072
          ],
          [
            4.902479,
            52.369102
          ],
          [
            4.90242,
            52.369125
          ],
          [
            4.902359,
            52.369156
          ],
          [
            4.902281,
            52.36919
          ],
          [
            4.902216,
            52.369221
          ],
          [
            4.902148,
            52.369251
          ],
          [
            4.902076,
            52.369286
          ],
          [
            4.902003,
            52.369316
          ],
          [
            4.901926,
            52.36935
          ],
          [
            4.901853,
            52.369381
          ],
          [
            4.901783,
            52.369408
          ],
          [
            4.901713,
            52.369438
          ],
          [
            4.901637,
            52.369473
          ],
          [
            4.90157,
            52.369499
          ],
          [
            4.901497,
            52.36953
          ],
          [
            4.901429,
            52.369553
          ],
          [
            4.901361,
            52.369572
          ],
          [
            4.901302,
            52.369587
          ],
          [
            4.901242,
            52.369602
          ],
          [
            4.901189,
            52.36961
          ],
          [
            4.901134,
            52.369625
          ],
          [
            4.901088,
            52.36964
          ],
          [
            4.901046,
            52.369659
          ],
          [
            4.901005,
            52.369682
          ],
          [
            4.900965,
            52.369705
          ],
          [
            4.900932,
            52.369728
          ],
          [
            4.900902,
            52.369755
          ],
          [
            4.900874,
            52.369781
          ],
          [
            4.900851,
            52.369808
          ],
          [
            4.90083,
            52.369835
          ],
          [
            4.90081,
            52.369865
          ],
          [
            4.900801,
            52.369881
          ],
          [
            4.900801,
            52.369881
          ],
          [
            4.900773,
            52.369919
          ],
          [
            4.900773,
            52.369919
          ],
          [
            4.900764,
            52.369957
          ],
          [
            4.900758,
            52.369965
          ],
          [
            4.900759,
            52.369968
          ],
          [
            4.900754,
            52.36998
          ],
          [
            4.900754,
            52.36998
          ],
          [
            4.900754,
            52.36998
          ],
          [
            4.900754,
            52.36998
          ],
          [
            4.900745,
            52.370045
          ],
          [
            4.900744,
            52.370049
          ],
          [
            4.900744,
            52.370049
          ],
          [
            4.900737,
            52.370064
          ],
          [
            4.900737,
            52.370064
          ],
          [
            4.900731,
            52.370087
          ],
          [
            4.900731,
            52.370087
          ],
          [
            4.900731,
            52.370087
          ],
          [
            4.900554,
            52.370098
          ],
          [
            4.900554,
            52.370098
          ],
          [
            4.900623,
            52.370274
          ],
          [
            4.90071,
            52.370503
          ],
          [
            4.900902,
            52.370602
          ],
          [
            4.900905,
            52.370602
          ],
          [
            4.900905,
            52.370602
          ],
          [
            4.90093,
            52.370598
          ],
          [
            4.900954,
            52.370602
          ],
          [
            4.900971,
            52.370602
          ],
          [
            4.901009,
            52.370605
          ],
          [
            4.901038,
            52.370605
          ],
          [
            4.901083,
            52.370602
          ],
          [
            4.901117,
            52.370594
          ],
          [
            4.901163,
            52.370594
          ],
          [
            4.901212,
            52.370598
          ],
          [
            4.901257,
            52.370598
          ],
          [
            4.901283,
            52.370598
          ],
          [
            4.901297,
            52.370602
          ],
          [
            4.901316,
            52.370617
          ],
          [
            4.901327,
            52.370636
          ],
          [
            4.90133,
            52.370659
          ],
          [
            4.901329,
            52.370678
          ],
          [
            4.901335,
            52.370708
          ],
          [
            4.90135,
            52.370743
          ],
          [
            4.90138,
            52.370773
          ],
          [
            4.901417,
            52.370796
          ],
          [
            4.901461,
            52.370831
          ],
          [
            4.901508,
            52.370857
          ],
          [
            4.901561,
            52.370884
          ],
          [
            4.901614,
            52.370911
          ],
          [
            4.901671,
            52.370941
          ],
          [
            4.901719,
            52.370968
          ],
          [
            4.901782,
            52.370998
          ],
          [
            4.901837,
            52.371025
          ],
          [
            4.901893,
            52.371059
          ],
          [
            4.901959,
            52.371094
          ],
          [
            4.90201,
            52.371128
          ],
          [
            4.902055,
            52.371155
          ],
          [
            4.902123,
            52.371201
          ],
          [
            4.902167,
            52.371231
          ],
          [
            4.902211,
            52.371265
          ],
          [
            4.902245,
            52.371304
          ],
          [
            4.90227,
            52.371334
          ],
          [
            4.902286,
            52.371368
          ],
          [
            4.902289,
            52.371399
          ],
          [
            4.902297,
            52.371437
          ],
          [
            4.902305,
            52.371468
          ],
          [
            4.902291,
            52.371494
          ],
          [
            4.902271,
            52.371521
          ],
          [
            4.902261,
            52.37154
          ],
          [
            4.902246,
            52.371555
          ],
          [
            4.902245,
            52.37159
          ],
          [
            4.902241,
            52.371609
          ],
          [
            4.902253,
            52.371647
          ],
          [
            4.902274,
            52.371685
          ],
          [
            4.902285,
            52.371716
          ],
          [
            4.902306,
            52.371746
          ],
          [
            4.902322,
            52.371784
          ],
          [
            4.902335,
            52.371822
          ],
          [
            4.902355,
            52.371864
          ],
          [
            4.902369,
            52.371895
          ],
          [
            4.902384,
            52.371929
          ],
          [
            4.902399,
            52.371967
          ],
          [
            4.90241,
            52.37199
          ],
          [
            4.902409,
            52.372025
          ],
          [
            4.902401,
            52.372047
          ],
          [
            4.902376,
            52.372074
          ],
          [
            4.902342,
            52.372108
          ],
          [
            4.902302,
            52.372135
          ],
          [
            4.902257,
            52.372169
          ],
          [
            4.902228,
            52.372185
          ],
          [
            4.90216,
            52.372227
          ],
          [
            4.902113,
            52.372265
          ],
          [
            4.90205,
            52.372292
          ],
          [
            4.901994,
            52.37233
          ],
          [
            4.901944,
            52.372356
          ],
          [
            4.901893,
            52.372395
          ],
          [
            4.901839,
            52.372421
          ],
          [
            4.90179,
            52.372456
          ],
          [
            4.90174,
            52.372494
          ],
          [
            4.901687,
            52.372524
          ],
          [
            4.901645,
            52.372555
          ],
          [
            4.901589,
            52.372589
          ],
          [
            4.901528,
            52.372623
          ],
          [
            4.901478,
            52.372654
          ],
          [
            4.901416,
            52.372688
          ],
          [
            4.901361,
            52.372726
          ],
          [
            4.901304,
            52.372757
          ],
          [
            4.901259,
            52.372784
          ],
          [
            4.901213,
            52.372803
          ],
          [
            4.901168,
            52.372826
          ],
          [
            4.901125,
            52.372845
          ],
          [
            4.901094,
            52.372856
          ],
          [
            4.901058,
            52.372871
          ],
          [
            4.901022,
            52.372887
          ],
          [
            4.900991,
            52.372891
          ],
          [
            4.900954,
            52.372894
          ],
          [
            4.900913,
            52.372894
          ],
          [
            4.900876,
            52.372887
          ],
          [
            4.900858,
            52.372887
          ],
          [
            4.900846,
            52.372879
          ],
          [
            4.900804,
            52.372845
          ],
          [
            4.900779,
            52.372818
          ],
          [
            4.900754,
            52.372787
          ],
          [
            4.900733,
            52.372761
          ],
          [
            4.900712,
            52.372726
          ],
          [
            4.900691,
            52.372696
          ],
          [
            4.900666,
            52.372662
          ],
          [
            4.900637,
            52.372623
          ],
          [
            4.90061,
            52.372589
          ],
          [
            4.900586,
            52.372562
          ],
          [
            4.90056,
            52.372532
          ],
          [
            4.90053,
            52.372498
          ],
          [
            4.900507,
            52.372471
          ],
          [
            4.900484,
            52.37244
          ],
          [
            4.900458,
            52.372414
          ],
          [
            4.900424,
            52.372376
          ],
          [
            4.900401,
            52.372345
          ],
          [
            4.900368,
            52.372318
          ],
          [
            4.900339,
            52.372299
          ],
          [
            4.900309,
            52.372273
          ],
          [
            4.900276,
            52.372253
          ],
          [
            4.900243,
            52.372238
          ],
          [
            4.900208,
            52.372231
          ],
          [
            4.900184,
            52.372227
          ],
          [
            4.900147,
            52.372231
          ],
          [
            4.900108,
            52.372238
          ],
          [
            4.900073,
            52.372242
          ],
          [
            4.900035,
            52.372246
          ],
          [
            4.900001,
            52.372246
          ],
          [
            4.899965,
            52.372242
          ],
          [
            4.899937,
            52.372246
          ],
          [
            4.899896,
            52.372242
          ],
          [
            4.899861,
            52.372242
          ],
          [
            4.899824,
            52.372253
          ],
          [
            4.899794,
            52.372261
          ],
          [
            4.899769,
            52.372269
          ],
          [
            4.899755,
            52.372276
          ],
          [
            4.899741,
            52.372292
          ],
          [
            4.899735,
            52.372311
          ],
          [
            4.899729,
            52.372334
          ],
          [
            4.899723,
            52.372353
          ],
          [
            4.899731,
            52.372379
          ],
          [
            4.899745,
            52.372406
          ],
          [
            4.899762,
            52.372433
          ],
          [
            4.899784,
            52.372463
          ],
          [
            4.899798,
            52.372486
          ],
          [
            4.899817,
            52.372513
          ],
          [
            4.899838,
            52.37254
          ],
          [
            4.899867,
            52.372581
          ],
          [
            4.899885,
            52.372608
          ],
          [
            4.89991,
            52.372642
          ],
          [
            4.899938,
            52.372677
          ],
          [
            4.899971,
            52.372719
          ],
          [
            4.899992,
            52.372753
          ],
          [
            4.900017,
            52.37278
          ],
          [
            4.900043,
            52.372814
          ],
          [
            4.900074,
            52.372852
          ],
          [
            4.900109,
            52.372887
          ],
          [
            4.900156,
            52.372925
          ],
          [
            4.900194,
            52.372952
          ],
          [
            4.900239,
            52.372978
          ],
          [
            4.900287,
            52.372997
          ],
          [
            4.900318,
            52.373013
          ],
          [
            4.900358,
            52.373028
          ],
          [
            4.900388,
            52.373039
          ],
          [
            4.900388,
            52.373039
          ],
          [
            4.900461,
            52.373077
          ],
          [
            4.900489,
            52.373096
          ],
          [
            4.900509,
            52.373108
          ],
          [
            4.900528,
            52.373116
          ],
          [
            4.900545,
            52.373127
          ],
          [
            4.900568,
            52.373138
          ],
          [
            4.900589,
            52.373146
          ],
          [
            4.900589,
            52.373146
          ],
          [
            4.900589,
            52.373146
          ],
          [
            4.900664,
            52.373188
          ],
          [
            4.900667,
            52.373196
          ],
          [
            4.900673,
            52.373207
          ],
          [
            4.900679,
            52.373222
          ],
          [
            4.900691,
            52.373238
          ],
          [
            4.900711,
            52.373249
          ],
          [
            4.900738,
            52.373245
          ],
          [
            4.90082,
            52.373234
          ],
          [
            4.900861,
            52.373222
          ],
          [
            4.900897,
            52.373215
          ],
          [
            4.900932,
            52.373203
          ],
          [
            4.900962,
            52.373188
          ],
          [
            4.900972,
            52.373165
          ],
          [
            4.900984,
            52.373142
          ],
          [
            4.900984,
            52.373116
          ],
          [
            4.900985,
            52.373093
          ],
          [
            4.900995,
            52.373074
          ],
          [
            4.901007,
            52.373062
          ],
          [
            4.901024,
            52.373051
          ],
          [
            4.901051,
            52.373055
          ],
          [
            4.901081,
            52.37307
          ],
          [
            4.901118,
            52.3731
          ],
          [
            4.901142,
            52.373127
          ],
          [
            4.90116,
            52.373157
          ],
          [
            4.901172,
            52.373173
          ],
          [
            4.901194,
            52.373203
          ],
          [
            4.901215,
            52.373241
          ],
          [
            4.901238,
            52.373272
          ],
          [
            4.901277,
            52.373291
          ],
          [
            4.901307,
            52.373299
          ],
          [
            4.901331,
            52.373291
          ],
          [
            4.901361,
            52.373276
          ],
          [
            4.901403,
            52.373264
          ],
          [
            4.90143,
            52.373249
          ],
          [
            4.901469,
            52.37323
          ],
          [
            4.901501,
            52.373215
          ],
          [
            4.901546,
            52.373184
          ],
          [
            4.901588,
            52.373165
          ],
          [
            4.901637,
            52.373135
          ],
          [
            4.901685,
            52.373104
          ],
          [
            4.901743,
            52.373074
          ],
          [
            4.901795,
            52.373035
          ],
          [
            4.901847,
            52.373013
          ],
          [
            4.901898,
            52.372982
          ],
          [
            4.901946,
            52.372952
          ],
          [
            4.901991,
            52.372929
          ],
          [
            4.902036,
            52.372913
          ],
          [
            4.902089,
            52.372887
          ],
          [
            4.90213,
            52.372864
          ],
          [
            4.902176,
            52.372841
          ],
          [
            4.90222,
            52.372814
          ],
          [
            4.902271,
            52.372784
          ],
          [
            4.902319,
            52.372757
          ],
          [
            4.902372,
            52.372726
          ],
          [
            4.90243,
            52.3727
          ],
          [
            4.902484,
            52.372673
          ],
          [
            4.902538,
            52.372639
          ],
          [
            4.90259,
            52.372616
          ],
          [
            4.902645,
            52.372578
          ],
          [
            4.902689,
            52.372547
          ],
          [
            4.902738,
            52.37252
          ],
          [
            4.902786,
            52.372501
          ],
          [
            4.902834,
            52.372494
          ],
          [
            4.902889,
            52.372498
          ],
          [
            4.902933,
            52.372494
          ],
          [
            4.902981,
            52.372498
          ],
          [
            4.903024,
            52.372494
          ],
          [
            4.903081,
            52.372486
          ],
          [
            4.903131,
            52.372463
          ],
          [
            4.903181,
            52.372444
          ],
          [
            4.90324,
            52.372414
          ],
          [
            4.903303,
            52.372383
          ],
          [
            4.903364,
            52.372353
          ],
          [
            4.903427,
            52.372318
          ],
          [
            4.903494,
            52.372284
          ],
          [
            4.903554,
            52.37225
          ],
          [
            4.903616,
            52.372215
          ],
          [
            4.903678,
            52.372181
          ],
          [
            4.903753,
            52.372143
          ],
          [
            4.903822,
            52.372105
          ],
          [
            4.903893,
            52.37207
          ],
          [
            4.903959,
            52.372032
          ],
          [
            4.904026,
            52.372002
          ],
          [
            4.904098,
            52.37196
          ],
          [
            4.90416,
            52.371933
          ],
          [
            4.904216,
            52.371895
          ],
          [
            4.90428,
            52.371864
          ],
          [
            4.904332,
            52.371838
          ],
          [
            4.904382,
            52.371811
          ],
          [
            4.904426,
            52.371788
          ],
          [
            4.904455,
            52.371769
          ],
          [
            4.904491,
            52.371742
          ],
          [
            4.904524,
            52.371723
          ],
          [
            4.904558,
            52.371704
          ],
          [
            4.904594,
            52.371693
          ],
          [
            4.904625,
            52.371685
          ],
          [
            4.904647,
            52.371677
          ],
          [
            4.904682,
            52.371685
          ],
          [
            4.904716,
            52.371697
          ],
          [
            4.904746,
            52.371708
          ],
          [
            4.904763,
            52.371719
          ],
          [
            4.904763,
            52.371719
          ],
          [
            4.90485,
            52.371761
          ],
          [
            4.90488,
            52.37178
          ],
          [
            4.904907,
            52.371796
          ],
          [
            4.904931,
            52.371807
          ],
          [
            4.90496,
            52.371819
          ],
          [
            4.905004,
            52.371838
          ],
          [
            4.90504,
            52.371857
          ],
          [
            4.90508,
            52.371872
          ],
          [
            4.905118,
            52.371887
          ],
          [
            4.905166,
            52.37191
          ],
          [
            4.905206,
            52.371929
          ],
          [
            4.905244,
            52.371948
          ],
          [
            4.905291,
            52.371971
          ],
          [
            4.905331,
            52.371983
          ],
          [
            4.905376,
            52.372002
          ],
          [
            4.905413,
            52.372021
          ],
          [
            4.905449,
            52.372036
          ],
          [
            4.905497,
            52.372059
          ],
          [
            4.905536,
            52.372078
          ],
          [
            4.905577,
            52.372097
          ],
          [
            4.905617,
            52.37212
          ],
          [
            4.905662,
            52.372139
          ],
          [
            4.905713,
            52.372162
          ],
          [
            4.905751,
            52.372181
          ],
          [
            4.905799,
            52.372204
          ],
          [
            4.905835,
            52.372219
          ],
          [
            4.905876,
            52.372238
          ],
          [
            4.905923,
            52.372257
          ],
          [
            4.905959,
            52.372273
          ],
          [
            4.906003,
            52.372292
          ],
          [
            4.906043,
            52.372307
          ],
          [
            4.906072,
            52.372322
          ],
          [
            4.906112,
            52.372341
          ],
          [
            4.90615,
            52.372356
          ],
          [
            4.906181,
            52.372368
          ],
          [
            4.906219,
            52.372383
          ],
          [
            4.906242,
            52.372395
          ],
          [
            4.90627,
            52.372414
          ],
          [
            4.906289,
            52.372425
          ],
          [
            4.906297,
            52.372437
          ],
          [
            4.906296,
            52.372444
          ],
          [
            4.906281,
            52.37244
          ],
          [
            4.906261,
            52.372429
          ],
          [
            4.906241,
            52.372425
          ],
          [
            4.906207,
            52.372406
          ],
          [
            4.906176,
            52.372391
          ],
          [
            4.906142,
            52.372376
          ],
          [
            4.906097,
            52.372356
          ],
          [
            4.906063,
            52.372341
          ],
          [
            4.906021,
            52.372322
          ],
          [
            4.905973,
            52.372299
          ],
          [
            4.905935,
            52.372284
          ],
          [
            4.90589,
            52.372265
          ],
          [
            4.905846,
            52.372246
          ],
          [
            4.90579,
            52.372219
          ],
          [
            4.905744,
            52.3722
          ],
          [
            4.905696,
            52.372173
          ],
          [
            4.90565,
            52.372154
          ],
          [
            4.905606,
            52.372128
          ],
          [
            4.905568,
            52.372108
          ],
          [
            4.905521,
            52.372082
          ],
          [
            4.905473,
            52.372051
          ],
          [
            4.905428,
            52.372028
          ],
          [
            4.905379,
            52.372005
          ],
          [
            4.90534,
            52.37199
          ],
          [
            4.905294,
            52.371979
          ],
          [
            4.905261,
            52.371967
          ],
          [
            4.905219,
            52.371956
          ],
          [
            4.905175,
            52.371944
          ],
          [
            4.905137,
            52.371933
          ],
          [
            4.905109,
            52.371929
          ],
          [
            4.905072,
            52.371914
          ],
          [
            4.905039,
            52.371895
          ],
          [
            4.905008,
            52.371887
          ],
          [
            4.904979,
            52.371872
          ],
          [
            4.904957,
            52.371857
          ],
          [
            4.904957,
            52.371857
          ],
          [
            4.904957,
            52.371857
          ],
          [
            4.904957,
            52.371857
          ],
          [
            4.904957,
            52.371857
          ],
          [
            4.904898,
            52.37178
          ],
          [
            4.904892,
            52.371777
          ],
          [
            4.904892,
            52.371777
          ],
          [
            4.90487,
            52.371769
          ],
          [
            4.904853,
            52.371761
          ],
          [
            4.904843,
            52.371754
          ],
          [
            4.904831,
            52.37175
          ],
          [
            4.904813,
            52.371742
          ],
          [
            4.904779,
            52.371727
          ],
          [
            4.904748,
            52.371712
          ],
          [
            4.904707,
            52.3717
          ],
          [
            4.904657,
            52.371685
          ],
          [
            4.904614,
            52.37167
          ],
          [
            4.904567,
            52.371655
          ],
          [
            4.904529,
            52.371643
          ],
          [
            4.904487,
            52.371624
          ],
          [
            4.904441,
            52.371601
          ],
          [
            4.904388,
            52.371574
          ],
          [
            4.904335,
            52.371544
          ],
          [
            4.904284,
            52.371521
          ],
          [
            4.904225,
            52.371494
          ],
          [
            4.90416,
            52.371464
          ],
          [
            4.904093,
            52.371433
          ],
          [
            4.90404,
            52.371414
          ],
          [
            4.903983,
            52.371391
          ],
          [
            4.903924,
            52.371372
          ],
          [
            4.903866,
            52.371361
          ],
          [
            4.903827,
            52.371353
          ],
          [
            4.903779,
            52.371353
          ],
          [
            4.903739,
            52.371365
          ],
          [
            4.903692,
            52.371387
          ],
          [
            4.903646,
            52.37141
          ],
          [
            4.903608,
            52.371433
          ],
          [
            4.903566,
            52.371464
          ],
          [
            4.903515,
            52.37149
          ],
          [
            4.90347,
            52.371525
          ],
          [
            4.903414,
            52.371551
          ],
          [
            4.903365,
            52.371582
          ],
          [
            4.903314,
            52.371609
          ],
          [
            4.903269,
            52.371632
          ],
          [
            4.903214,
            52.371666
          ],
          [
            4.903157,
            52.3717
          ],
          [
            4.903109,
            52.371731
          ],
          [
            4.903048,
            52.371761
          ],
          [
            4.903,
            52.371796
          ],
          [
            4.902939,
            52.37183
          ],
          [
            4.902878,
            52.371868
          ],
          [
            4.902823,
            52.371887
          ],
          [
            4.902759,
            52.371925
          ],
          [
            4.902706,
            52.371952
          ],
          [
            4.90265,
            52.371979
          ],
          [
            4.90259,
            52.372005
          ],
          [
            4.902535,
            52.372032
          ],
          [
            4.902479,
            52.372059
          ],
          [
            4.902431,
            52.372082
          ],
          [
            4.902369,
            52.372112
          ],
          [
            4.902312,
            52.372143
          ],
          [
            4.902257,
            52.372169
          ],
          [
            4.9022,
            52.372204
          ],
          [
            4.90214,
            52.372234
          ],
          [
            4.902089,
            52.372265
          ],
          [
            4.902045,
            52.372299
          ],
          [
            4.901993,
            52.37233
          ],
          [
            4.901955,
            52.37236
          ],
          [
            4.901925,
            52.372379
          ],
          [
            4.901891,
            52.372398
          ],
          [
            4.901861,
            52.372417
          ],
          [
            4.901836,
            52.372437
          ],
          [
            4.901795,
            52.372463
          ],
          [
            4.901759,
            52.372486
          ],
          [
            4.901724,
            52.372509
          ],
          [
            4.901678,
            52.372536
          ],
          [
            4.901633,
            52.372562
          ],
          [
            4.901581,
            52.372593
          ],
          [
            4.901531,
            52.37262
          ],
          [
            4.901478,
            52.37265
          ],
          [
            4.901431,
            52.372677
          ],
          [
            4.901378,
            52.3727
          ],
          [
            4.90133,
            52.372726
          ],
          [
            4.901278,
            52.372753
          ],
          [
            4.901238,
            52.372776
          ],
          [
            4.901198,
            52.372795
          ],
          [
            4.901159,
            52.37281
          ],
          [
            4.901122,
            52.372826
          ],
          [
            4.901089,
            52.372833
          ],
          [
            4.901061,
            52.372837
          ],
          [
            4.901061,
            52.372837
          ],
          [
            4.901061,
            52.372837
          ],
          [
            4.901061,
            52.372837
          ],
          [
            4.900971,
            52.372833
          ],
          [
            4.900952,
            52.372829
          ],
          [
            4.900932,
            52.372822
          ],
          [
            4.900916,
            52.372814
          ],
          [
            4.900887,
            52.372795
          ],
          [
            4.900868,
            52.372776
          ],
          [
            4.900849,
            52.372753
          ],
          [
            4.900832,
            52.372726
          ],
          [
            4.900815,
            52.372696
          ],
          [
            4.900802,
            52.372662
          ],
          [
            4.900781,
            52.372623
          ],
          [
            4.900757,
            52.372581
          ],
          [
            4.900732,
            52.37254
          ],
          [
            4.900701,
            52.372486
          ],
          [
            4.900674,
            52.372444
          ],
          [
            4.900645,
            52.372398
          ],
          [
            4.900607,
            52.372341
          ],
          [
            4.900578,
            52.372299
          ],
          [
            4.900543,
            52.372253
          ],
          [
            4.900509,
            52.372208
          ],
          [
            4.900488,
            52.372173
          ],
          [
            4.900468,
            52.372139
          ],
          [
            4.900455,
            52.372108
          ],
          [
            4.900446,
            52.37207
          ],
          [
            4.900441,
            52.372032
          ],
          [
            4.900435,
            52.37199
          ],
          [
            4.900432,
            52.371956
          ],
          [
            4.900433,
            52.37191
          ],
          [
            4.900432,
            52.371872
          ],
          [
            4.900435,
            52.371834
          ],
          [
            4.900442,
            52.371792
          ],
          [
            4.900452,
            52.371746
          ],
          [
            4.900455,
            52.371704
          ],
          [
            4.900467,
            52.371662
          ],
          [
            4.900475,
            52.371613
          ],
          [
            4.900489,
            52.371559
          ],
          [
            4.900496,
            52.37151
          ],
          [
            4.900508,
            52.371471
          ],
          [
            4.900514,
            52.371426
          ],
          [
            4.900525,
            52.371387
          ],
          [
            4.900532,
            52.371334
          ],
          [
            4.900543,
            52.371288
          ],
          [
            4.900547,
            52.371243
          ],
          [
            4.900558,
            52.371189
          ],
          [
            4.900564,
            52.371143
          ],
          [
            4.900572,
            52.371098
          ],
          [
            4.900573,
            52.371056
          ],
          [
            4.900588,
            52.371006
          ],
          [
            4.900591,
            52.370964
          ],
          [
            4.900599,
            52.370922
          ],
          [
            4.900609,
            52.370872
          ],
          [
            4.900621,
            52.370827
          ],
          [
            4.900628,
            52.370781
          ],
          [
            4.900636,
            52.370743
          ],
          [
            4.90064,
            52.370705
          ],
          [
            4.900642,
            52.370655
          ],
          [
            4.900653,
            52.370605
          ],
          [
            4.900639,
            52.370571
          ],
          [
            4.900639,
            52.370571
          ],
          [
            4.900604,
            52.370541
          ],
          [
            4.900573,
            52.370537
          ],
          [
            4.900536,
            52.370552
          ],
          [
            4.900511,
            52.37056
          ],
          [
            4.900444,
            52.370579
          ],
          [
            4.900443,
            52.370586
          ],
          [
            4.900331,
            52.370621
          ],
          [
            4.900261,
            52.370644
          ],
          [
            4.90019,
            52.370667
          ],
          [
            4.900111,
            52.370689
          ],
          [
            4.900065,
            52.370705
          ],
          [
            4.89996,
            52.370731
          ],
          [
            4.899881,
            52.370747
          ],
          [
            4.899837,
            52.370762
          ],
          [
            4.899729,
            52.370792
          ],
          [
            4.899652,
            52.370815
          ],
          [
            4.899569,
            52.370838
          ],
          [
            4.899511,
            52.370857
          ],
          [
            4.899498,
            52.370861
          ],
          [
            4.89937,
            52.370895
          ],
          [
            4.899295,
            52.370918
          ],
          [
            4.899228,
            52.370937
          ],
          [
            4.89917,
            52.370949
          ],
          [
            4.899121,
            52.370964
          ],
          [
            4.899097,
            52.370975
          ],
          [
            4.899076,
            52.370987
          ],
          [
            4.899069,
            52.37101
          ],
          [
            4.899078,
            52.371037
          ],
          [
            4.899091,
            52.371056
          ],
          [
            4.899114,
            52.371082
          ],
          [
            4.89914,
            52.371117
          ],
          [
            4.899176,
            52.371155
          ],
          [
            4.899198,
            52.371185
          ],
          [
            4.899249,
            52.371239
          ],
          [
            4.899286,
            52.371281
          ],
          [
            4.899325,
            52.371315
          ],
          [
            4.899372,
            52.371361
          ],
          [
            4.899416,
            52.371407
          ],
          [
            4.899465,
            52.371448
          ],
          [
            4.899508,
            52.371494
          ],
          [
            4.899556,
            52.371548
          ],
          [
            4.899604,
            52.371597
          ],
          [
            4.899649,
            52.371647
          ],
          [
            4.899693,
            52.371697
          ],
          [
            4.899742,
            52.37175
          ],
          [
            4.899793,
            52.371803
          ],
          [
            4.899839,
            52.371853
          ],
          [
            4.899885,
            52.371902
          ],
          [
            4.899936,
            52.371948
          ],
          [
            4.899971,
            52.371986
          ],
          [
            4.900004,
            52.372025
          ],
          [
            4.900037,
            52.372047
          ],
          [
            4.900069,
            52.372082
          ],
          [
            4.900084,
            52.372108
          ],
          [
            4.900089,
            52.372131
          ],
          [
            4.900089,
            52.372143
          ],
          [
            4.900046,
            52.372173
          ],
          [
            4.900006,
            52.372192
          ],
          [
            4.899959,
            52.372208
          ],
          [
            4.899913,
            52.372223
          ],
          [
            4.899864,
            52.372238
          ],
          [
            4.89981,
            52.372253
          ],
          [
            4.899772,
            52.372261
          ],
          [
            4.899726,
            52.372261
          ],
          [
            4.899681,
            52.372257
          ],
          [
            4.899632,
            52.372242
          ],
          [
            4.899592,
            52.372219
          ],
          [
            4.899551,
            52.372192
          ],
          [
            4.89952,
            52.372166
          ],
          [
            4.899486,
            52.372128
          ],
          [
            4.899451,
            52.372093
          ],
          [
            4.899419,
            52.372051
          ],
          [
            4.899381,
            52.372005
          ],
          [
            4.899339,
            52.371963
          ],
          [
            4.899299,
            52.371914
          ],
          [
            4.899263,
            52.371876
          ],
          [
            4.899232,
            52.371826
          ],
          [
            4.89919,
            52.37178
          ],
          [
            4.899155,
            52.371742
          ],
          [
            4.899123,
            52.371689
          ],
          [
            4.899083,
            52.371643
          ],
          [
            4.899039,
            52.37159
          ],
          [
            4.898999,
            52.371544
          ],
          [
            4.898959,
            52.371506
          ],
          [
            4.898915,
            52.37146
          ],
          [
            4.898868,
            52.371407
          ],
          [
            4.898837,
            52.371365
          ],
          [
            4.898794,
            52.371326
          ],
          [
            4.898752,
            52.371281
          ],
          [
            4.898734,
            52.371231
          ],
          [
            4.898703,
            52.371189
          ],
          [
            4.898685,
            52.371166
          ],
          [
            4.898668,
            52.371132
          ],
          [
            4.898668,
            52.371132
          ],
          [
            4.89862,
            52.371079
          ],
          [
            4.89862,
            52.371079
          ],
          [
            4.898589,
            52.371037
          ],
          [
            4.898571,
            52.371021
          ],
          [
            4.898557,
            52.37101
          ],
          [
            4.898536,
            52.370991
          ],
          [
            4.898505,
            52.370968
          ],
          [
            4.898474,
            52.370945
          ],
          [
            4.898442,
            52.370911
          ],
          [
            4.898404,
            52.370876
          ],
          [
            4.898368,
            52.370846
          ],
          [
            4.898326,
            52.3708
          ],
          [
            4.898292,
            52.370762
          ],
          [
            4.898251,
            52.370724
          ],
          [
            4.898203,
            52.370674
          ],
          [
            4.898165,
            52.370632
          ],
          [
            4.898119,
            52.370594
          ],
          [
            4.898069,
            52.370541
          ],
          [
            4.898024,
            52.370506
          ],
          [
            4.897981,
            52.370464
          ],
          [
            4.897934,
            52.370415
          ],
          [
            4.897892,
            52.370373
          ],
          [
            4.897852,
            52.370331
          ],
          [
            4.897805,
            52.370277
          ],
          [
            4.897767,
            52.370235
          ],
          [
            4.897727,
            52.370193
          ],
          [
            4.897681,
            52.370144
          ],
          [
            4.897645,
            52.370102
          ],
          [
            4.8976,
            52.370056
          ],
          [
            4.897555,
            52.370018
          ],
          [
            4.897511,
            52.36998
          ],
          [
            4.897479,
            52.369946
          ],
          [
            4.897436,
            52.369907
          ],
          [
            4.897393,
            52.369869
          ],
          [
            4.897349,
            52.369831
          ],
          [
            4.897314,
            52.369793
          ],
          [
            4.897273,
            52.369747
          ],
          [
            4.897229,
            52.369713
          ],
          [
            4.897193,
            52.369671
          ],
          [
            4.897165,
            52.36964
          ],
          [
            4.897127,
            52.369598
          ],
          [
            4.897091,
            52.36956
          ],
          [
            4.897055,
            52.369522
          ],
          [
            4.897028,
            52.369492
          ],
          [
            4.896999,
            52.369461
          ],
          [
            4.896999,
            52.369461
          ],
          [
            4.896938,
            52.369396
          ],
          [
            4.896925,
            52.369377
          ],
          [
            4.896925,
            52.369377
          ],
          [
            4.896898,
            52.369339
          ],
          [
            4.896888,
            52.369324
          ],
          [
            4.896879,
            52.369316
          ],
          [
            4.89687,
            52.369305
          ],
          [
            4.896858,
            52.369293
          ],
          [
            4.896836,
            52.369274
          ],
          [
            4.89682,
            52.369259
          ],
          [
            4.896797,
            52.369236
          ],
          [
            4.896773,
            52.369209
          ],
          [
            4.896743,
            52.369179
          ],
          [
            4.896714,
            52.369148
          ],
          [
            4.89668,
            52.369114
          ],
          [
            4.896646,
            52.369083
          ],
          [
            4.89661,
            52.369049
          ],
          [
            4.896574,
            52.369015
          ],
          [
            4.896534,
            52.368977
          ],
          [
            4.896501,
            52.368942
          ],
          [
            4.896465,
            52.368908
          ],
          [
            4.896439,
            52.368881
          ],
          [
            4.896403,
            52.368847
          ],
          [
            4.896364,
            52.368805
          ],
          [
            4.896329,
            52.368767
          ],
          [
            4.896293,
            52.368729
          ],
          [
            4.896264,
            52.368698
          ],
          [
            4.89623,
            52.368664
          ],
          [
            4.896199,
            52.368633
          ],
          [
            4.896166,
            52.368595
          ],
          [
            4.896145,
            52.368572
          ],
          [
            4.89612,
            52.368542
          ],
          [
            4.896103,
            52.368511
          ],
          [
            4.896093,
            52.368484
          ],
          [
            4.89609,
            52.368465
          ],
          [
            4.89609,
            52.368465
          ],
          [
            4.896122,
            52.368431
          ],
          [
            4.896122,
            52.368431
          ],
          [
            4.896145,
            52.368431
          ],
          [
            4.896145,
            52.368427
          ],
          [
            4.896145,
            52.368435
          ],
          [
            4.89614,
            52.368446
          ],
          [
            4.89614,
            52.368446
          ],
          [
            4.896121,
            52.368481
          ],
          [
            4.896116,
            52.368488
          ],
          [
            4.896116,
            52.368488
          ],
          [
            4.896099,
            52.368507
          ],
          [
            4.896091,
            52.368519
          ],
          [
            4.896079,
            52.368523
          ],
          [
            4.896054,
            52.36853
          ],
          [
            4.896017,
            52.368542
          ],
          [
            4.895982,
            52.368549
          ],
          [
            4.895946,
            52.368568
          ],
          [
            4.895923,
            52.368572
          ],
          [
            4.895844,
            52.368603
          ],
          [
            4.895781,
            52.368629
          ],
          [
            4.895727,
            52.368649
          ],
          [
            4.895673,
            52.368671
          ],
          [
            4.89562,
            52.368691
          ],
          [
            4.895562,
            52.368713
          ],
          [
            4.895504,
            52.368729
          ],
          [
            4.895441,
            52.368748
          ],
          [
            4.895381,
            52.368759
          ],
          [
            4.895318,
            52.368763
          ],
          [
            4.895256,
            52.368767
          ],
          [
            4.895195,
            52.368763
          ],
          [
            4.895133,
            52.368759
          ],
          [
            4.895072,
            52.368755
          ],
          [
            4.895014,
            52.368744
          ],
          [
            4.894955,
            52.368732
          ],
          [
            4.894899,
            52.368721
          ],
          [
            4.894834,
            52.36871
          ],
          [
            4.89479,
            52.368698
          ],
          [
            4.894745,
            52.368683
          ],
          [
            4.894714,
            52.368675
          ],
          [
            4.894684,
            52.36866
          ],
          [
            4.894667,
            52.368637
          ],
          [
            4.894657,
            52.368618
          ],
          [
            4.894651,
            52.368595
          ],
          [
            4.894652,
            52.368568
          ],
          [
            4.894652,
            52.368542
          ],
          [
            4.894652,
            52.368542
          ],
          [
            4.894652,
            52.368542
          ],
          [
            4.894738,
            52.368443
          ],
          [
            4.894738,
            52.368443
          ],
          [
            4.894737,
            52.368446
          ],
          [
            4.894739,
            52.368446
          ],
          [
            4.894739,
            52.368446
          ],
          [
            4.89474,
            52.368431
          ],
          [
            4.894746,
            52.368408
          ],
          [
            4.894754,
            52.368343
          ],
          [
            4.894768,
            52.36829
          ],
          [
            4.894782,
            52.368237
          ],
          [
            4.894797,
            52.368195
          ],
          [
            4.894797,
            52.368145
          ],
          [
            4.894829,
            52.368103
          ],
          [
            4.894846,
            52.368065
          ],
          [
            4.894837,
            52.368034
          ],
          [
            4.89485,
            52.368027
          ],
          [
            4.894836,
            52.368008
          ],
          [
            4.894756,
            52.367947
          ],
          [
            4.894689,
            52.367908
          ],
          [
            4.89463,
            52.367882
          ],
          [
            4.894572,
            52.367851
          ],
          [
            4.894502,
            52.367825
          ],
          [
            4.894438,
            52.367779
          ],
          [
            4.894367,
            52.367752
          ],
          [
            4.894344,
            52.367744
          ],
          [
            4.894242,
            52.367691
          ],
          [
            4.894165,
            52.367661
          ],
          [
            4.894087,
            52.367634
          ],
          [
            4.894023,
            52.367615
          ],
          [
            4.893965,
            52.367596
          ],
          [
            4.893911,
            52.367584
          ],
          [
            4.893872,
            52.367577
          ],
          [
            4.893833,
            52.367569
          ],
          [
            4.893798,
            52.367558
          ],
          [
            4.893766,
            52.36755
          ],
          [
            4.893739,
            52.367546
          ],
          [
            4.893702,
            52.367535
          ],
          [
            4.893665,
            52.367527
          ],
          [
            4.893636,
            52.367523
          ],
          [
            4.89359,
            52.367535
          ],
          [
            4.893549,
            52.36755
          ],
          [
            4.893502,
            52.367577
          ],
          [
            4.893459,
            52.367603
          ],
          [
            4.893408,
            52.367638
          ],
          [
            4.89335,
            52.367683
          ],
          [
            4.893291,
            52.367729
          ],
          [
            4.893231,
            52.367771
          ],
          [
            4.893177,
            52.367817
          ],
          [
            4.893115,
            52.367863
          ],
          [
            4.893049,
            52.367912
          ],
          [
            4.892984,
            52.367962
          ],
          [
            4.89292,
            52.368011
          ],
          [
            4.892858,
            52.368061
          ],
          [
            4.892799,
            52.368107
          ],
          [
            4.892735,
            52.36816
          ],
          [
            4.892675,
            52.368214
          ],
          [
            4.892618,
            52.368263
          ],
          [
            4.892566,
            52.368313
          ],
          [
            4.892519,
            52.368359
          ],
          [
            4.892469,
            52.368412
          ],
          [
            4.892421,
            52.368462
          ],
          [
            4.892379,
            52.368515
          ],
          [
            4.892337,
            52.368568
          ],
          [
            4.892295,
            52.368626
          ],
          [
            4.892265,
            52.368668
          ],
          [
            4.892233,
            52.368717
          ],
          [
            4.89221,
            52.368759
          ],
          [
            4.89219,
            52.368797
          ],
          [
            4.89219,
            52.368797
          ],
          [
            4.89219,
            52.368797
          ],
          [
            4.89219,
            52.368797
          ],
          [
            4.892132,
            52.368927
          ],
          [
            4.892132,
            52.368927
          ],
          [
            4.892128,
            52.368946
          ],
          [
            4.892128,
            52.368946
          ],
          [
            4.892128,
            52.368946
          ],
          [
            4.8921,
            52.368973
          ],
          [
            4.892078,
            52.36898
          ],
          [
            4.892066,
            52.36898
          ],
          [
            4.892029,
            52.36898
          ],
          [
            4.892004,
            52.368984
          ],
          [
            4.891977,
            52.368988
          ],
          [
            4.891949,
            52.368992
          ],
          [
            4.891949,
            52.368992
          ],
          [
            4.891905,
            52.369007
          ],
          [
            4.891905,
            52.369007
          ],
          [
            4.891882,
            52.36903
          ],
          [
            4.891882,
            52.36903
          ],
          [
            4.891845,
            52.369038
          ],
          [
            4.891822,
            52.369045
          ],
          [
            4.891806,
            52.369045
          ],
          [
            4.891786,
            52.369045
          ],
          [
            4.89175,
            52.369045
          ],
          [
            4.891717,
            52.369041
          ],
          [
            4.891684,
            52.369038
          ],
          [
            4.891642,
            52.369034
          ],
          [
            4.891595,
            52.36903
          ],
          [
            4.891544,
            52.36903
          ],
          [
            4.891506,
            52.369026
          ],
          [
            4.891428,
            52.369022
          ],
          [
            4.891362,
            52.369015
          ],
          [
            4.891305,
            52.369011
          ],
          [
            4.891249,
            52.369003
          ],
          [
            4.891191,
            52.368996
          ],
          [
            4.891136,
            52.368988
          ],
          [
            4.891074,
            52.36898
          ],
          [
            4.891013,
            52.368965
          ],
          [
            4.890944,
            52.368954
          ],
          [
            4.890882,
            52.368938
          ],
          [
            4.890805,
            52.368923
          ],
          [
            4.890726,
            52.368904
          ],
          [
            4.890646,
            52.368885
          ],
          [
            4.890563,
            52.368866
          ],
          [
            4.890497,
            52.368851
          ],
          [
            4.890392,
            52.368828
          ],
          [
            4.890302,
            52.368813
          ],
          [
            4.890219,
            52.368797
          ],
          [
            4.890138,
            52.36879
          ],
          [
            4.890077,
            52.368782
          ],
          [
            4.890077,
            52.368782
          ],
          [
            4.889954,
            52.368801
          ],
          [
            4.889931,
            52.368809
          ],
          [
            4.889918,
            52.368813
          ],
          [
            4.889916,
            52.36882
          ],
          [
            4.889927,
            52.368843
          ],
          [
            4.889938,
            52.368862
          ],
          [
            4.88995,
            52.368877
          ],
          [
            4.889967,
            52.368896
          ],
          [
            4.88998,
            52.368919
          ],
          [
            4.889999,
            52.368942
          ],
          [
            4.890031,
            52.368961
          ],
          [
            4.890058,
            52.368977
          ],
          [
            4.890099,
            52.368996
          ],
          [
            4.890133,
            52.369011
          ],
          [
            4.890177,
            52.369022
          ],
          [
            4.890219,
            52.369034
          ],
          [
            4.890252,
            52.369045
          ],
          [
            4.890277,
            52.369053
          ],
          [
            4.890306,
            52.369053
          ],
          [
            4.890306,
            52.369053
          ],
          [
            4.890379,
            52.36906
          ],
          [
            4.890379,
            52.36906
          ],
          [
            4.890379,
            52.36906
          ],
          [
            4.890434,
            52.369087
          ],
          [
            4.89044,
            52.369091
          ],
          [
            4.890442,
            52.369102
          ],
          [
            4.890446,
            52.369114
          ],
          [
            4.890449,
            52.369129
          ],
          [
            4.890457,
            52.369141
          ],
          [
            4.890459,
            52.369163
          ],
          [
            4.890463,
            52.369183
          ],
          [
            4.890468,
            52.369205
          ],
          [
            4.89047,
            52.369225
          ],
          [
            4.890488,
            52.369247
          ],
          [
            4.890497,
            52.369282
          ],
          [
            4.890502,
            52.369305
          ],
          [
            4.890517,
            52.369328
          ],
          [
            4.890521,
            52.369339
          ],
          [
            4.890521,
            52.369339
          ],
          [
            4.890527,
            52.369404
          ],
          [
            4.89053,
            52.369427
          ],
          [
            4.890536,
            52.369446
          ],
          [
            4.89054,
            52.369461
          ],
          [
            4.890543,
            52.369488
          ],
          [
            4.890549,
            52.369503
          ],
          [
            4.890559,
            52.369534
          ],
          [
            4.890562,
            52.36956
          ],
          [
            4.890564,
            52.369591
          ],
          [
            4.890576,
            52.369629
          ],
          [
            4.890586,
            52.369667
          ],
          [
            4.89058,
            52.369705
          ],
          [
            4.890584,
            52.369736
          ],
          [
            4.890586,
            52.36977
          ],
          [
            4.890595,
            52.369797
          ],
          [
            4.890595,
            52.369797
          ],
          [
            4.890595,
            52.369835
          ],
          [
            4.890595,
            52.369835
          ],
          [
            4.890593,
            52.369827
          ],
          [
            4.890588,
            52.369823
          ],
          [
            4.890589,
            52.369804
          ],
          [
            4.890583,
            52.369785
          ],
          [
            4.890577,
            52.369762
          ],
          [
            4.890575,
            52.369728
          ],
          [
            4.890563,
            52.369694
          ],
          [
            4.890562,
            52.369656
          ],
          [
            4.890551,
            52.369625
          ],
          [
            4.890547,
            52.369591
          ],
          [
            4.890543,
            52.36956
          ],
          [
            4.890536,
            52.369522
          ],
          [
            4.890532,
            52.369492
          ],
          [
            4.89053,
            52.369469
          ],
          [
            4.890525,
            52.369442
          ],
          [
            4.890525,
            52.369419
          ],
          [
            4.890523,
            52.369396
          ],
          [
            4.890516,
            52.369381
          ],
          [
            4.890512,
            52.369362
          ],
          [
            4.890504,
            52.369343
          ],
          [
            4.890488,
            52.369305
          ],
          [
            4.890481,
            52.369274
          ],
          [
            4.890475,
            52.369251
          ],
          [
            4.890466,
            52.369221
          ],
          [
            4.89046,
            52.36919
          ],
          [
            4.890455,
            52.369156
          ],
          [
            4.890442,
            52.369129
          ],
          [
            4.890436,
            52.369102
          ],
          [
            4.890399,
            52.36908
          ],
          [
            4.890363,
            52.36906
          ],
          [
            4.890351,
            52.369057
          ],
          [
            4.890278,
            52.369038
          ],
          [
            4.89023,
            52.369019
          ],
          [
            4.89018,
            52.369011
          ],
          [
            4.890128,
            52.368996
          ],
          [
            4.890092,
            52.368988
          ],
          [
            4.890043,
            52.368969
          ],
          [
            4.890001,
            52.368958
          ],
          [
            4.889961,
            52.368942
          ],
          [
            4.889916,
            52.368927
          ],
          [
            4.889877,
            52.368912
          ],
          [
            4.889823,
            52.368896
          ],
          [
            4.889779,
            52.368885
          ],
          [
            4.889727,
            52.368877
          ],
          [
            4.889675,
            52.36887
          ],
          [
            4.889609,
            52.368866
          ],
          [
            4.889558,
            52.368866
          ],
          [
            4.889513,
            52.36887
          ],
          [
            4.889478,
            52.368874
          ],
          [
            4.889448,
            52.368881
          ],
          [
            4.889421,
            52.368908
          ],
          [
            4.889402,
            52.368935
          ],
          [
            4.889389,
            52.368954
          ],
          [
            4.88938,
            52.36898
          ],
          [
            4.889375,
            52.369022
          ],
          [
            4.889373,
            52.369087
          ],
          [
            4.889373,
            52.369133
          ],
          [
            4.889375,
            52.369175
          ],
          [
            4.889375,
            52.369225
          ],
          [
            4.889384,
            52.369278
          ],
          [
            4.889398,
            52.369335
          ],
          [
            4.889424,
            52.369423
          ],
          [
            4.889441,
            52.369476
          ],
          [
            4.889471,
            52.369541
          ],
          [
            4.889496,
            52.369602
          ],
          [
            4.889526,
            52.369663
          ],
          [
            4.889559,
            52.369717
          ],
          [
            4.889585,
            52.369762
          ],
          [
            4.889627,
            52.369823
          ],
          [
            4.889677,
            52.369896
          ],
          [
            4.889717,
            52.369953
          ],
          [
            4.88976,
            52.370018
          ],
          [
            4.889806,
            52.370083
          ],
          [
            4.889845,
            52.37014
          ],
          [
            4.889885,
            52.370209
          ],
          [
            4.889923,
            52.370258
          ],
          [
            4.889958,
            52.370312
          ],
          [
            4.889998,
            52.370361
          ],
          [
            4.890048,
            52.370415
          ],
          [
            4.890086,
            52.370453
          ],
          [
            4.890124,
            52.370483
          ],
          [
            4.890155,
            52.37051
          ],
          [
            4.890193,
            52.370529
          ],
          [
            4.890227,
            52.370544
          ],
          [
            4.890276,
            52.37056
          ],
          [
            4.890324,
            52.370564
          ],
          [
            4.890359,
            52.370567
          ],
          [
            4.890407,
            52.370571
          ],
          [
            4.890452,
            52.370575
          ],
          [
            4.890489,
            52.370583
          ],
          [
            4.890535,
            52.37059
          ],
          [
            4.890574,
            52.370594
          ],
          [
            4.890613,
            52.370602
          ],
          [
            4.890649,
            52.370609
          ],
          [
            4.890682,
            52.370617
          ],
          [
            4.890682,
            52.370617
          ],
          [
            4.890682,
            52.370617
          ],
          [
            4.890682,
            52.370617
          ],
          [
            4.890729,
            52.370625
          ],
          [
            4.890729,
            52.370621
          ],
          [
            4.890729,
            52.370621
          ],
          [
            4.890749,
            52.370613
          ],
          [
            4.890749,
            52.370613
          ],
          [
            4.890749,
            52.370613
          ],
          [
            4.890749,
            52.370613
          ],
          [
            4.890749,
            52.370613
          ],
          [
            4.890749,
            52.370613
          ],
          [
            4.89064,
            52.370621
          ],
          [
            4.89064,
            52.370621
          ],
          [
            4.890611,
            52.370625
          ],
          [
            4.890602,
            52.370625
          ],
          [
            4.890597,
            52.370625
          ],
          [
            4.890589,
            52.370628
          ],
          [
            4.890575,
            52.370625
          ],
          [
            4.890557,
            52.370617
          ],
          [
            4.890532,
            52.370613
          ],
          [
            4.890508,
            52.370609
          ],
          [
            4.890478,
            52.370605
          ],
          [
            4.890441,
            52.370598
          ],
          [
            4.890407,
            52.370598
          ],
          [
            4.89038,
            52.370598
          ],
          [
            4.89038,
            52.370598
          ],
          [
            4.890307,
            52.370605
          ],
          [
            4.890284,
            52.370609
          ],
          [
            4.890278,
            52.370613
          ],
          [
            4.890272,
            52.370613
          ],
          [
            4.89027,
            52.370628
          ],
          [
            4.890274,
            52.37064
          ],
          [
            4.890287,
            52.370655
          ],
          [
            4.890312,
            52.370682
          ],
          [
            4.890339,
            52.370705
          ],
          [
            4.890379,
            52.370731
          ],
          [
            4.890418,
            52.370766
          ],
          [
            4.89046,
            52.370796
          ],
          [
            4.890505,
            52.370827
          ],
          [
            4.89054,
            52.370861
          ],
          [
            4.890587,
            52.370903
          ],
          [
            4.890632,
            52.370941
          ],
          [
            4.89067,
            52.370975
          ],
          [
            4.890708,
            52.371014
          ],
          [
            4.890748,
            52.371052
          ],
          [
            4.890778,
            52.371086
          ],
          [
            4.890809,
            52.37112
          ],
          [
            4.890823,
            52.371151
          ],
          [
            4.890837,
            52.371189
          ],
          [
            4.890858,
            52.371216
          ],
          [
            4.890861,
            52.37125
          ],
          [
            4.890856,
            52.371277
          ],
          [
            4.890856,
            52.371304
          ],
          [
            4.890857,
            52.371334
          ],
          [
            4.89085,
            52.371368
          ],
          [
            4.890847,
            52.371395
          ],
          [
            4.890842,
            52.371429
          ],
          [
            4.890834,
            52.37146
          ],
          [
            4.890828,
            52.371498
          ],
          [
            4.890818,
            52.371536
          ],
          [
            4.890818,
            52.371578
          ],
          [
            4.890813,
            52.371616
          ],
          [
            4.890816,
            52.371658
          ],
          [
            4.890811,
            52.371693
          ],
          [
            4.890809,
            52.371738
          ],
          [
            4.890806,
            52.371792
          ],
          [
            4.890806,
            52.371834
          ],
          [
            4.890797,
            52.371887
          ],
          [
            4.890793,
            52.371929
          ],
          [
            4.890788,
            52.371979
          ],
          [
            4.890783,
            52.372028
          ],
          [
            4.890778,
            52.372078
          ],
          [
            4.890774,
            52.37212
          ],
          [
            4.890769,
            52.372173
          ],
          [
            4.890764,
            52.372211
          ],
          [
            4.890761,
            52.372257
          ],
          [
            4.890758,
            52.372299
          ],
          [
            4.890758,
            52.372345
          ],
          [
            4.890755,
            52.372383
          ],
          [
            4.890757,
            52.372414
          ],
          [
            4.890757,
            52.372414
          ],
          [
            4.890761,
            52.372486
          ],
          [
            4.89076,
            52.372513
          ],
          [
            4.890757,
            52.372528
          ],
          [
            4.890757,
            52.372543
          ],
          [
            4.890759,
            52.372562
          ],
          [
            4.890764,
            52.372585
          ],
          [
            4.890785,
            52.372604
          ],
          [
            4.890793,
            52.372612
          ],
          [
            4.890871,
            52.372631
          ],
          [
            4.890931,
            52.372646
          ],
          [
            4.890989,
            52.372654
          ],
          [
            4.891053,
            52.372665
          ],
          [
            4.891116,
            52.372673
          ],
          [
            4.891187,
            52.372684
          ],
          [
            4.891258,
            52.372692
          ],
          [
            4.891329,
            52.3727
          ],
          [
            4.891392,
            52.3727
          ],
          [
            4.891466,
            52.372707
          ],
          [
            4.891543,
            52.372707
          ],
          [
            4.891612,
            52.372711
          ],
          [
            4.891685,
            52.372711
          ],
          [
            4.891754,
            52.372715
          ],
          [
            4.89181,
            52.372715
          ],
          [
            4.891865,
            52.372715
          ],
          [
            4.891919,
            52.372719
          ],
          [
            4.891978,
            52.372719
          ],
          [
            4.892039,
            52.372723
          ],
          [
            4.892101,
            52.372723
          ],
          [
            4.892172,
            52.372726
          ],
          [
            4.892238,
            52.372726
          ],
          [
            4.892308,
            52.372726
          ],
          [
            4.892368,
            52.372726
          ],
          [
            4.892425,
            52.372726
          ],
          [
            4.892474,
            52.372723
          ],
          [
            4.892524,
            52.372723
          ],
          [
            4.892577,
            52.372723
          ],
          [
            4.892616,
            52.37273
          ],
          [
            4.892646,
            52.372734
          ],
          [
            4.892675,
            52.372749
          ],
          [
            4.892701,
            52.372765
          ],
          [
            4.892724,
            52.37278
          ],
          [
            4.892746,
            52.372795
          ],
          [
            4.892767,
            52.372807
          ],
          [
            4.892767,
            52.372807
          ],
          [
            4.892821,
            52.372826
          ],
          [
            4.892848,
            52.372833
          ],
          [
            4.892868,
            52.372841
          ],
          [
            4.892879,
            52.372849
          ],
          [
            4.892905,
            52.372868
          ],
          [
            4.892927,
            52.372883
          ],
          [
            4.892944,
            52.372906
          ],
          [
            4.892968,
            52.372932
          ],
          [
            4.892988,
            52.372963
          ],
          [
            4.89301,
            52.372986
          ],
          [
            4.893028,
            52.373016
          ],
          [
            4.893041,
            52.373039
          ],
          [
            4.893064,
            52.37307
          ],
          [
            4.893085,
            52.373096
          ],
          [
            4.893102,
            52.373112
          ],
          [
            4.893131,
            52.373135
          ],
          [
            4.893164,
            52.373154
          ],
          [
            4.893197,
            52.373161
          ],
          [
            4.893233,
            52.373165
          ],
          [
            4.89326,
            52.373169
          ],
          [
            4.89326,
            52.373169
          ],
          [
            4.893315,
            52.373161
          ],
          [
            4.893315,
            52.373161
          ],
          [
            4.893361,
            52.373165
          ],
          [
            4.893371,
            52.373169
          ],
          [
            4.893371,
            52.373169
          ],
          [
            4.893371,
            52.373169
          ],
          [
            4.893402,
            52.373199
          ],
          [
            4.893402,
            52.373199
          ],
          [
            4.893414,
            52.373215
          ],
          [
            4.893414,
            52.373215
          ],
          [
            4.893424,
            52.373222
          ],
          [
            4.893424,
            52.373222
          ],
          [
            4.893424,
            52.373222
          ],
          [
            4.893424,
            52.373222
          ],
          [
            4.893417,
            52.373253
          ],
          [
            4.893407,
            52.373253
          ],
          [
            4.893407,
            52.373253
          ],
          [
            4.893407,
            52.373253
          ],
          [
            4.893407,
            52.373253
          ],
          [
            4.893407,
            52.373253
          ],
          [
            4.893379,
            52.37328
          ],
          [
            4.893374,
            52.373283
          ],
          [
            4.893371,
            52.373283
          ],
          [
            4.89336,
            52.373283
          ],
          [
            4.893341,
            52.373287
          ],
          [
            4.893321,
            52.373291
          ],
          [
            4.893314,
            52.373291
          ],
          [
            4.893245,
            52.373295
          ],
          [
            4.893193,
            52.373295
          ],
          [
            4.893137,
            52.373299
          ],
          [
            4.893075,
            52.373302
          ],
          [
            4.893019,
            52.37331
          ],
          [
            4.892971,
            52.373318
          ],
          [
            4.892922,
            52.373325
          ],
          [
            4.892874,
            52.373337
          ],
          [
            4.892821,
            52.373352
          ],
          [
            4.892764,
            52.373371
          ],
          [
            4.892719,
            52.373386
          ],
          [
            4.892674,
            52.373402
          ],
          [
            4.892629,
            52.373417
          ],
          [
            4.892585,
            52.373432
          ],
          [
            4.892547,
            52.373447
          ],
          [
            4.892518,
            52.373463
          ],
          [
            4.892499,
            52.37347
          ],
          [
            4.89248,
            52.373478
          ],
          [
            4.892468,
            52.373489
          ],
          [
            4.892467,
            52.373501
          ],
          [
            4.892481,
            52.373508
          ],
          [
            4.892511,
            52.373524
          ],
          [
            4.892532,
            52.373535
          ],
          [
            4.892562,
            52.373547
          ],
          [
            4.892591,
            52.373562
          ],
          [
            4.892617,
            52.373577
          ],
          [
            4.892617,
            52.373577
          ],
          [
            4.892617,
            52.373577
          ],
          [
            4.892712,
            52.373634
          ],
          [
            4.892728,
            52.373638
          ],
          [
            4.892728,
            52.373638
          ],
          [
            4.892741,
            52.373653
          ],
          [
            4.892741,
            52.373653
          ],
          [
            4.89276,
            52.373672
          ],
          [
            4.89276,
            52.373672
          ],
          [
            4.892769,
            52.373684
          ],
          [
            4.892769,
            52.373684
          ],
          [
            4.892769,
            52.373684
          ],
          [
            4.892776,
            52.373722
          ],
          [
            4.892786,
            52.37373
          ],
          [
            4.892786,
            52.37373
          ],
          [
            4.892798,
            52.373734
          ],
          [
            4.892809,
            52.373737
          ],
          [
            4.892809,
            52.373737
          ],
          [
            4.892809,
            52.373737
          ],
          [
            4.892844,
            52.373749
          ],
          [
            4.892844,
            52.373749
          ],
          [
            4.892844,
            52.373749
          ],
          [
            4.891774,
            52.373547
          ],
          [
            4.89173,
            52.373543
          ],
          [
            4.89172,
            52.373543
          ],
          [
            4.89172,
            52.373543
          ],
          [
            4.891652,
            52.373531
          ],
          [
            4.891616,
            52.373531
          ],
          [
            4.891568,
            52.373535
          ],
          [
            4.891521,
            52.373535
          ],
          [
            4.891459,
            52.373543
          ],
          [
            4.891426,
            52.373539
          ],
          [
            4.891321,
            52.373543
          ],
          [
            4.891268,
            52.373543
          ],
          [
            4.89117,
            52.373543
          ],
          [
            4.891104,
            52.373543
          ],
          [
            4.891038,
            52.373543
          ],
          [
            4.890975,
            52.373543
          ],
          [
            4.890922,
            52.373539
          ],
          [
            4.89088,
            52.373535
          ],
          [
            4.890835,
            52.373528
          ],
          [
            4.890803,
            52.37352
          ],
          [
            4.89077,
            52.373505
          ],
          [
            4.890721,
            52.373478
          ],
          [
            4.890703,
            52.373451
          ],
          [
            4.890685,
            52.373421
          ],
          [
            4.890663,
            52.373383
          ],
          [
            4.890637,
            52.373344
          ],
          [
            4.890603,
            52.373306
          ],
          [
            4.890568,
            52.373272
          ],
          [
            4.89053,
            52.373245
          ],
          [
            4.890494,
            52.373211
          ],
          [
            4.890462,
            52.37318
          ],
          [
            4.890439,
            52.373154
          ],
          [
            4.890427,
            52.373127
          ],
          [
            4.890425,
            52.373096
          ],
          [
            4.890441,
            52.373062
          ],
          [
            4.890464,
            52.373028
          ],
          [
            4.890481,
            52.37299
          ],
          [
            4.890503,
            52.372948
          ],
          [
            4.890519,
            52.37291
          ],
          [
            4.890533,
            52.372864
          ],
          [
            4.890537,
            52.372814
          ],
          [
            4.890539,
            52.372761
          ],
          [
            4.890541,
            52.372707
          ],
          [
            4.890543,
            52.372658
          ],
          [
            4.890536,
            52.372604
          ],
          [
            4.890536,
            52.372555
          ],
          [
            4.89054,
            52.372498
          ],
          [
            4.890539,
            52.37244
          ],
          [
            4.890542,
            52.372383
          ],
          [
            4.890543,
            52.372334
          ],
          [
            4.890548,
            52.372269
          ],
          [
            4.890551,
            52.372204
          ],
          [
            4.890558,
            52.372143
          ],
          [
            4.890562,
            52.372082
          ],
          [
            4.890565,
            52.372021
          ],
          [
            4.89057,
            52.371971
          ],
          [
            4.890593,
            52.371864
          ],
          [
            4.890605,
            52.37183
          ],
          [
            4.89062,
            52.371788
          ],
          [
            4.890635,
            52.37175
          ],
          [
            4.890651,
            52.371716
          ],
          [
            4.890674,
            52.371681
          ],
          [
            4.890698,
            52.371647
          ],
          [
            4.890727,
            52.371609
          ],
          [
            4.890753,
            52.371571
          ],
          [
            4.890774,
            52.371536
          ],
          [
            4.890797,
            52.371494
          ],
          [
            4.890818,
            52.371445
          ],
          [
            4.890831,
            52.371403
          ],
          [
            4.890843,
            52.371349
          ],
          [
            4.890852,
            52.371292
          ],
          [
            4.890853,
            52.371227
          ],
          [
            4.89085,
            52.371185
          ],
          [
            4.890861,
            52.371136
          ],
          [
            4.890862,
            52.371098
          ],
          [
            4.890864,
            52.371067
          ],
          [
            4.89088,
            52.37104
          ],
          [
            4.890902,
            52.371017
          ],
          [
            4.890924,
            52.370987
          ],
          [
            4.890941,
            52.370956
          ],
          [
            4.890965,
            52.370922
          ],
          [
            4.890981,
            52.370895
          ],
          [
            4.890981,
            52.370853
          ],
          [
            4.890982,
            52.370815
          ],
          [
            4.890988,
            52.370777
          ],
          [
            4.890982,
            52.37075
          ],
          [
            4.890982,
            52.37075
          ],
          [
            4.890966,
            52.370701
          ],
          [
            4.890925,
            52.37067
          ],
          [
            4.890917,
            52.370659
          ],
          [
            4.890882,
            52.370655
          ],
          [
            4.890852,
            52.370651
          ],
          [
            4.89082,
            52.370644
          ],
          [
            4.89079,
            52.370628
          ],
          [
            4.890763,
            52.370617
          ],
          [
            4.890763,
            52.370617
          ],
          [
            4.890763,
            52.370617
          ],
          [
            4.890763,
            52.370617
          ],
          [
            4.890657,
            52.370522
          ],
          [
            4.890656,
            52.370522
          ],
          [
            4.890656,
            52.370522
          ],
          [
            4.890658,
            52.370552
          ],
          [
            4.89066,
            52.370571
          ],
          [
            4.89066,
            52.370579
          ],
          [
            4.89066,
            52.370579
          ],
          [
            4.890654,
            52.370594
          ],
          [
            4.890655,
            52.370605
          ],
          [
            4.890655,
            52.370605
          ],
          [
            4.890603,
            52.370617
          ],
          [
            4.890596,
            52.370621
          ],
          [
            4.890596,
            52.370621
          ],
          [
            4.890543,
            52.370613
          ],
          [
            4.890517,
            52.370609
          ],
          [
            4.8905,
            52.370609
          ],
          [
            4.890435,
            52.370609
          ],
          [
            4.890356,
            52.370605
          ],
          [
            4.890325,
            52.370598
          ],
          [
            4.890294,
            52.370598
          ],
          [
            4.890261,
            52.370579
          ],
          [
            4.890224,
            52.37056
          ],
          [
            4.890195,
            52.370537
          ],
          [
            4.890157,
            52.370514
          ],
          [
            4.890071,
            52.370457
          ],
          [
            4.890031,
            52.370422
          ],
          [
            4.889992,
            52.370384
          ],
          [
            4.889911,
            52.370289
          ],
          [
            4.889874,
            52.370243
          ],
          [
            4.889842,
            52.370197
          ],
          [
            4.889804,
            52.37014
          ],
          [
            4.889767,
            52.370075
          ],
          [
            4.889696,
            52.369961
          ],
          [
            4.889664,
            52.369911
          ],
          [
            4.889626,
            52.369854
          ],
          [
            4.88959,
            52.369793
          ],
          [
            4.889557,
            52.369732
          ],
          [
            4.889525,
            52.369675
          ],
          [
            4.889494,
            52.369621
          ],
          [
            4.889471,
            52.369568
          ],
          [
            4.889425,
            52.369446
          ],
          [
            4.88941,
            52.369385
          ],
          [
            4.889395,
            52.369328
          ],
          [
            4.889384,
            52.369259
          ],
          [
            4.889377,
            52.369198
          ],
          [
            4.889366,
            52.369076
          ],
          [
            4.889367,
            52.369022
          ],
          [
            4.889358,
            52.368969
          ],
          [
            4.889354,
            52.368919
          ],
          [
            4.889347,
            52.36887
          ],
          [
            4.889335,
            52.368824
          ],
          [
            4.889314,
            52.368778
          ],
          [
            4.889295,
            52.368744
          ],
          [
            4.889261,
            52.368702
          ],
          [
            4.889221,
            52.368656
          ],
          [
            4.889183,
            52.368618
          ],
          [
            4.889135,
            52.368572
          ],
          [
            4.889091,
            52.368538
          ],
          [
            4.889039,
            52.368496
          ],
          [
            4.888989,
            52.368454
          ],
          [
            4.888955,
            52.36842
          ],
          [
            4.888924,
            52.368374
          ],
          [
            4.888907,
            52.36834
          ],
          [
            4.888905,
            52.368294
          ],
          [
            4.888914,
            52.368252
          ],
          [
            4.888941,
            52.36821
          ],
          [
            4.888977,
            52.368172
          ],
          [
            4.889018,
            52.368141
          ],
          [
            4.889068,
            52.368107
          ],
          [
            4.889116,
            52.368073
          ],
          [
            4.889161,
            52.368038
          ],
          [
            4.889212,
            52.367996
          ],
          [
            4.889267,
            52.367954
          ],
          [
            4.889322,
            52.367905
          ],
          [
            4.889378,
            52.367859
          ],
          [
            4.889437,
            52.367813
          ],
          [
            4.889496,
            52.367767
          ],
          [
            4.889549,
            52.367729
          ],
          [
            4.889608,
            52.367687
          ],
          [
            4.889653,
            52.367649
          ],
          [
            4.889703,
            52.367607
          ],
          [
            4.889736,
            52.367573
          ],
          [
            4.889769,
            52.367535
          ],
          [
            4.889788,
            52.367496
          ],
          [
            4.889801,
            52.367493
          ],
          [
            4.889808,
            52.367474
          ],
          [
            4.889808,
            52.367416
          ],
          [
            4.889795,
            52.367371
          ],
          [
            4.889776,
            52.367332
          ],
          [
            4.889745,
            52.367302
          ],
          [
            4.889701,
            52.367264
          ],
          [
            4.889648,
            52.367229
          ],
          [
            4.88959,
            52.367199
          ],
          [
            4.889515,
            52.367165
          ],
          [
            4.889436,
            52.36713
          ],
          [
            4.889349,
            52.367104
          ],
          [
            4.889262,
            52.367073
          ],
          [
            4.889181,
            52.367043
          ],
          [
            4.889091,
            52.367016
          ],
          [
            4.889001,
            52.366985
          ],
          [
            4.888916,
            52.366955
          ],
          [
            4.888831,
            52.366928
          ],
          [
            4.888748,
            52.366901
          ],
          [
            4.88867,
            52.366875
          ],
          [
            4.888602,
            52.366856
          ],
          [
            4.888537,
            52.366833
          ],
          [
            4.88849,
            52.366814
          ],
          [
            4.888437,
            52.366795
          ],
          [
            4.888391,
            52.366775
          ],
          [
            4.88834,
            52.366756
          ],
          [
            4.888287,
            52.366734
          ],
          [
            4.888252,
            52.366711
          ],
          [
            4.888224,
            52.36668
          ],
          [
            4.888219,
            52.366646
          ],
          [
            4.888238,
            52.366608
          ],
          [
            4.888277,
            52.36657
          ],
          [
            4.88833,
            52.366535
          ],
          [
            4.888391,
            52.366497
          ],
          [
            4.888456,
            52.366463
          ],
          [
            4.888518,
            52.366421
          ],
          [
            4.888584,
            52.366386
          ],
          [
            4.888649,
            52.366344
          ],
          [
            4.888716,
            52.366302
          ],
          [
            4.888777,
            52.366268
          ],
          [
            4.888902,
            52.366199
          ],
          [
            4.888954,
            52.366169
          ],
          [
            4.889013,
            52.366135
          ],
          [
            4.889066,
            52.3661
          ],
          [
            4.889122,
            52.36607
          ],
          [
            4.889164,
            52.366043
          ],
          [
            4.88922,
            52.366013
          ],
          [
            4.889269,
            52.365982
          ],
          [
            4.88932,
            52.365952
          ],
          [
            4.889361,
            52.365932
          ],
          [
            4.889408,
            52.365906
          ],
          [
            4.889501,
            52.365852
          ],
          [
            4.889553,
            52.365826
          ],
          [
            4.889605,
            52.365791
          ],
          [
            4.889656,
            52.365765
          ],
          [
            4.889718,
            52.36573
          ],
          [
            4.889781,
            52.365696
          ],
          [
            4.889843,
            52.365662
          ],
          [
            4.889899,
            52.365627
          ],
          [
            4.889961,
            52.365593
          ],
          [
            4.89003,
            52.365555
          ],
          [
            4.890096,
            52.36552
          ],
          [
            4.890166,
            52.365482
          ],
          [
            4.890232,
            52.365444
          ],
          [
            4.890287,
            52.365406
          ],
          [
            4.890324,
            52.365376
          ],
          [
            4.890339,
            52.365334
          ],
          [
            4.890332,
            52.365292
          ],
          [
            4.89031,
            52.36525
          ],
          [
            4.890285,
            52.365212
          ],
          [
            4.890242,
            52.365166
          ],
          [
            4.890206,
            52.365124
          ],
          [
            4.890172,
            52.365082
          ],
          [
            4.890131,
            52.365032
          ],
          [
            4.890092,
            52.364986
          ],
          [
            4.890054,
            52.364941
          ],
          [
            4.890007,
            52.364891
          ],
          [
            4.889961,
            52.364838
          ],
          [
            4.889922,
            52.364796
          ],
          [
            4.889883,
            52.36475
          ],
          [
            4.889843,
            52.3647
          ],
          [
            4.889801,
            52.364655
          ],
          [
            4.889755,
            52.364601
          ],
          [
            4.889713,
            52.364555
          ],
          [
            4.889668,
            52.364513
          ],
          [
            4.889621,
            52.364468
          ],
          [
            4.889571,
            52.364422
          ],
          [
            4.889536,
            52.364384
          ],
          [
            4.889497,
            52.364342
          ],
          [
            4.889461,
            52.364304
          ],
          [
            4.889422,
            52.364258
          ],
          [
            4.889385,
            52.364212
          ],
          [
            4.889346,
            52.364162
          ],
          [
            4.889296,
            52.364113
          ],
          [
            4.889245,
            52.364059
          ],
          [
            4.889189,
            52.364006
          ],
          [
            4.889141,
            52.363949
          ],
          [
            4.889092,
            52.363899
          ],
          [
            4.88905,
            52.36385
          ],
          [
            4.889003,
            52.363792
          ],
          [
            4.888957,
            52.363735
          ],
          [
            4.888908,
            52.363682
          ],
          [
            4.888866,
            52.363628
          ],
          [
            4.888825,
            52.363583
          ],
          [
            4.888784,
            52.363533
          ],
          [
            4.88875,
            52.363499
          ],
          [
            4.888723,
            52.363468
          ],
          [
            4.888689,
            52.36343
          ],
          [
            4.888658,
            52.363396
          ],
          [
            4.888623,
            52.363358
          ],
          [
            4.888586,
            52.363319
          ],
          [
            4.88854,
            52.363281
          ],
          [
            4.888511,
            52.363235
          ],
          [
            4.888465,
            52.36319
          ],
          [
            4.888432,
            52.363148
          ],
          [
            4.888394,
            52.363102
          ],
          [
            4.888354,
            52.363052
          ],
          [
            4.88831,
            52.363003
          ],
          [
            4.888275,
            52.362961
          ],
          [
            4.888239,
            52.362915
          ],
          [
            4.888195,
            52.362904
          ],
          [
            4.888148,
            52.362888
          ],
          [
            4.888099,
            52.362896
          ],
          [
            4.888043,
            52.362919
          ],
          [
            4.887987,
            52.362949
          ],
          [
            4.887939,
            52.362984
          ],
          [
            4.887877,
            52.363022
          ],
          [
            4.887818,
            52.363071
          ],
          [
            4.887753,
            52.36311
          ],
          [
            4.887691,
            52.363152
          ],
          [
            4.887632,
            52.36319
          ],
          [
            4.887573,
            52.363228
          ],
          [
            4.887538,
            52.363247
          ],
          [
            4.887444,
            52.363308
          ],
          [
            4.887379,
            52.363354
          ],
          [
            4.887312,
            52.363392
          ],
          [
            4.887248,
            52.363438
          ],
          [
            4.887186,
            52.36348
          ],
          [
            4.887127,
            52.363522
          ],
          [
            4.887062,
            52.36356
          ],
          [
            4.886999,
            52.363606
          ],
          [
            4.886935,
            52.363647
          ],
          [
            4.886869,
            52.363686
          ],
          [
            4.886805,
            52.363728
          ],
          [
            4.886741,
            52.363766
          ],
          [
            4.886675,
            52.363808
          ],
          [
            4.886622,
            52.363846
          ],
          [
            4.88656,
            52.363884
          ],
          [
            4.886501,
            52.363926
          ],
          [
            4.886457,
            52.363953
          ],
          [
            4.886375,
            52.364006
          ],
          [
            4.886326,
            52.364037
          ],
          [
            4.886266,
            52.364079
          ],
          [
            4.886203,
            52.364121
          ],
          [
            4.886138,
            52.364166
          ],
          [
            4.886078,
            52.364208
          ],
          [
            4.886008,
            52.364246
          ],
          [
            4.885949,
            52.364292
          ],
          [
            4.885877,
            52.364334
          ],
          [
            4.885816,
            52.364376
          ],
          [
            4.885762,
            52.36441
          ],
          [
            4.885704,
            52.364452
          ],
          [
            4.885646,
            52.364494
          ],
          [
            4.885585,
            52.364536
          ],
          [
            4.885517,
            52.364586
          ],
          [
            4.885457,
            52.364624
          ],
          [
            4.885395,
            52.364666
          ],
          [
            4.885331,
            52.364708
          ],
          [
            4.885263,
            52.36475
          ],
          [
            4.885204,
            52.364788
          ],
          [
            4.885147,
            52.364819
          ],
          [
            4.885102,
            52.364853
          ],
          [
            4.885041,
            52.364891
          ],
          [
            4.884993,
            52.364925
          ],
          [
            4.884936,
            52.36496
          ],
          [
            4.88489,
            52.36499
          ],
          [
            4.884849,
            52.365017
          ],
          [
            4.884811,
            52.365036
          ],
          [
            4.884766,
            52.365055
          ],
          [
            4.884728,
            52.365067
          ],
          [
            4.884702,
            52.36507
          ],
          [
            4.884702,
            52.36507
          ],
          [
            4.884619,
            52.365063
          ],
          [
            4.884599,
            52.365055
          ],
          [
            4.88459,
            52.365047
          ],
          [
            4.884565,
            52.365028
          ],
          [
            4.884541,
            52.365009
          ],
          [
            4.884521,
            52.364994
          ],
          [
            4.884493,
            52.364971
          ],
          [
            4.884466,
            52.364952
          ],
          [
            4.884449,
            52.364937
          ],
          [
            4.884431,
            52.364902
          ],
          [
            4.884429,
            52.364876
          ],
          [
            4.884444,
            52.364845
          ],
          [
            4.884477,
            52.364803
          ],
          [
            4.884522,
            52.364769
          ],
          [
            4.884557,
            52.364742
          ],
          [
            4.884632,
            52.364697
          ],
          [
            4.884693,
            52.364658
          ],
          [
            4.884753,
            52.364616
          ],
          [
            4.884819,
            52.364574
          ],
          [
            4.884874,
            52.364536
          ],
          [
            4.884936,
            52.364502
          ],
          [
            4.884999,
            52.36446
          ],
          [
            4.885066,
            52.364414
          ],
          [
            4.885124,
            52.364376
          ],
          [
            4.88518,
            52.364338
          ],
          [
            4.885243,
            52.364296
          ],
          [
            4.88531,
            52.364254
          ],
          [
            4.885373,
            52.364216
          ],
          [
            4.88544,
            52.364178
          ],
          [
            4.885506,
            52.364136
          ],
          [
            4.885571,
            52.364094
          ],
          [
            4.885612,
            52.364048
          ],
          [
            4.885642,
            52.364002
          ],
          [
            4.885648,
            52.363968
          ],
          [
            4.885626,
            52.363934
          ],
          [
            4.885589,
            52.363903
          ],
          [
            4.88554,
            52.363873
          ],
          [
            4.885493,
            52.363846
          ],
          [
            4.885447,
            52.363819
          ],
          [
            4.885394,
            52.363789
          ],
          [
            4.88534,
            52.363758
          ],
          [
            4.885292,
            52.363728
          ],
          [
            4.885236,
            52.363693
          ],
          [
            4.88519,
            52.363659
          ],
          [
            4.885146,
            52.363632
          ],
          [
            4.885094,
            52.363602
          ],
          [
            4.885046,
            52.363571
          ],
          [
            4.885003,
            52.363548
          ],
          [
            4.884946,
            52.363522
          ],
          [
            4.884899,
            52.363491
          ],
          [
            4.884842,
            52.363468
          ],
          [
            4.884792,
            52.363442
          ],
          [
            4.884741,
            52.363415
          ],
          [
            4.884699,
            52.363392
          ],
          [
            4.884654,
            52.363377
          ],
          [
            4.884654,
            52.363377
          ],
          [
            4.884582,
            52.363373
          ],
          [
            4.884568,
            52.363377
          ],
          [
            4.884568,
            52.363377
          ],
          [
            4.884545,
            52.36338
          ],
          [
            4.884545,
            52.363373
          ],
          [
            4.884547,
            52.363365
          ],
          [
            4.884557,
            52.363358
          ],
          [
            4.884569,
            52.363346
          ],
          [
            4.884599,
            52.363327
          ],
          [
            4.884624,
            52.363312
          ],
          [
            4.884638,
            52.363304
          ],
          [
            4.884649,
            52.363304
          ],
          [
            4.884664,
            52.363293
          ],
          [
            4.884679,
            52.363281
          ],
          [
            4.884706,
            52.363266
          ],
          [
            4.88473,
            52.363258
          ],
          [
            4.884753,
            52.363243
          ],
          [
            4.884775,
            52.363228
          ],
          [
            4.884801,
            52.363209
          ],
          [
            4.884817,
            52.363197
          ],
          [
            4.884845,
            52.363178
          ],
          [
            4.884871,
            52.363159
          ],
          [
            4.885021,
            52.363049
          ],
          [
            4.885066,
            52.363014
          ],
          [
            4.885095,
            52.362995
          ],
          [
            4.885118,
            52.36298
          ],
          [
            4.885139,
            52.362965
          ],
          [
            4.885165,
            52.362949
          ],
          [
            4.885198,
            52.362934
          ],
          [
            4.885223,
            52.362911
          ],
          [
            4.885251,
            52.362888
          ],
          [
            4.885281,
            52.362854
          ],
          [
            4.885304,
            52.362831
          ],
          [
            4.885342,
            52.362804
          ],
          [
            4.885379,
            52.362778
          ],
          [
            4.885418,
            52.362751
          ],
          [
            4.88546,
            52.362724
          ],
          [
            4.885497,
            52.362701
          ],
          [
            4.885527,
            52.362678
          ],
          [
            4.88556,
            52.362652
          ],
          [
            4.885583,
            52.362637
          ],
          [
            4.885583,
            52.362637
          ],
          [
            4.885583,
            52.362637
          ],
          [
            4.885583,
            52.362637
          ],
          [
            4.885583,
            52.362637
          ],
          [
            4.885583,
            52.362637
          ],
          [
            4.885728,
            52.362614
          ],
          [
            4.885736,
            52.362606
          ],
          [
            4.885739,
            52.362602
          ],
          [
            4.885756,
            52.362591
          ],
          [
            4.885781,
            52.36256
          ],
          [
            4.885809,
            52.362534
          ],
          [
            4.885844,
            52.362499
          ],
          [
            4.885886,
            52.362465
          ],
          [
            4.885919,
            52.362434
          ],
          [
            4.885953,
            52.362404
          ],
          [
            4.885987,
            52.362381
          ],
          [
            4.886024,
            52.362358
          ],
          [
            4.88606,
            52.362328
          ],
          [
            4.886093,
            52.362297
          ],
          [
            4.886118,
            52.362274
          ],
          [
            4.886136,
            52.36224
          ],
          [
            4.886149,
            52.362213
          ],
          [
            4.886164,
            52.362186
          ],
          [
            4.886191,
            52.362152
          ],
          [
            4.886229,
            52.362118
          ],
          [
            4.88628,
            52.362083
          ],
          [
            4.886333,
            52.362049
          ],
          [
            4.886397,
            52.362019
          ],
          [
            4.886461,
            52.361984
          ],
          [
            4.886524,
            52.361954
          ],
          [
            4.88659,
            52.361923
          ],
          [
            4.886655,
            52.361893
          ],
          [
            4.886718,
            52.361866
          ],
          [
            4.886783,
            52.361839
          ],
          [
            4.886847,
            52.361816
          ],
          [
            4.886895,
            52.361797
          ],
          [
            4.886941,
            52.361774
          ],
          [
            4.886986,
            52.361752
          ],
          [
            4.887014,
            52.361729
          ],
          [
            4.887032,
            52.361702
          ],
          [
            4.887042,
            52.361675
          ],
          [
            4.887033,
            52.361641
          ],
          [
            4.887024,
            52.361614
          ],
          [
            4.887001,
            52.361584
          ],
          [
            4.886981,
            52.361557
          ],
          [
            4.886964,
            52.361542
          ],
          [
            4.886964,
            52.361542
          ],
          [
            4.886964,
            52.361542
          ],
          [
            4.886925,
            52.361492
          ],
          [
            4.886925,
            52.361492
          ],
          [
            4.886886,
            52.361473
          ],
          [
            4.886859,
            52.361469
          ],
          [
            4.88683,
            52.361462
          ],
          [
            4.886806,
            52.361458
          ],
          [
            4.886806,
            52.361458
          ],
          [
            4.886806,
            52.361458
          ],
          [
            4.886806,
            52.361458
          ],
          [
            4.886805,
            52.361412
          ],
          [
            4.886805,
            52.361412
          ],
          [
            4.886781,
            52.361389
          ],
          [
            4.886776,
            52.361385
          ],
          [
            4.886761,
            52.36137
          ],
          [
            4.886748,
            52.361351
          ],
          [
            4.886737,
            52.36134
          ],
          [
            4.886737,
            52.36134
          ],
          [
            4.886719,
            52.361309
          ],
          [
            4.886714,
            52.361301
          ],
          [
            4.886714,
            52.361301
          ],
          [
            4.886694,
            52.361282
          ],
          [
            4.886687,
            52.361279
          ],
          [
            4.886704,
            52.361259
          ],
          [
            4.886728,
            52.361244
          ],
          [
            4.886752,
            52.36124
          ],
          [
            4.886787,
            52.361263
          ],
          [
            4.886816,
            52.36129
          ],
          [
            4.886863,
            52.36134
          ],
          [
            4.886894,
            52.361378
          ],
          [
            4.88693,
            52.36142
          ],
          [
            4.886963,
            52.361454
          ],
          [
            4.886998,
            52.361496
          ],
          [
            4.886999,
            52.361492
          ],
          [
            4.887039,
            52.361538
          ],
          [
            4.887064,
            52.361557
          ],
          [
            4.887093,
            52.361599
          ],
          [
            4.887131,
            52.361618
          ],
          [
            4.887152,
            52.361649
          ],
          [
            4.887175,
            52.361671
          ],
          [
            4.88719,
            52.361687
          ],
          [
            4.887213,
            52.361721
          ],
          [
            4.887236,
            52.361744
          ],
          [
            4.887257,
            52.361771
          ],
          [
            4.887287,
            52.361809
          ],
          [
            4.887317,
            52.361843
          ],
          [
            4.887357,
            52.361889
          ],
          [
            4.887386,
            52.361927
          ],
          [
            4.887425,
            52.361973
          ],
          [
            4.887465,
            52.362022
          ],
          [
            4.887508,
            52.362072
          ],
          [
            4.88754,
            52.362114
          ],
          [
            4.88759,
            52.362171
          ],
          [
            4.887627,
            52.362213
          ],
          [
            4.887661,
            52.362255
          ],
          [
            4.887699,
            52.362297
          ],
          [
            4.887732,
            52.362339
          ],
          [
            4.887769,
            52.362381
          ],
          [
            4.887796,
            52.362427
          ],
          [
            4.887812,
            52.362461
          ],
          [
            4.887819,
            52.362503
          ],
          [
            4.887813,
            52.362545
          ],
          [
            4.887808,
            52.362576
          ],
          [
            4.887786,
            52.362602
          ],
          [
            4.887766,
            52.362621
          ],
          [
            4.887731,
            52.36264
          ],
          [
            4.887694,
            52.362656
          ],
          [
            4.887653,
            52.362659
          ],
          [
            4.88762,
            52.362652
          ],
          [
            4.887584,
            52.362644
          ],
          [
            4.88755,
            52.362617
          ],
          [
            4.887519,
            52.362587
          ],
          [
            4.887485,
            52.362553
          ],
          [
            4.887456,
            52.362522
          ],
          [
            4.887424,
            52.362484
          ],
          [
            4.887393,
            52.36245
          ],
          [
            4.887352,
            52.362408
          ],
          [
            4.887311,
            52.36237
          ],
          [
            4.887272,
            52.362331
          ],
          [
            4.887232,
            52.362305
          ],
          [
            4.887194,
            52.362286
          ],
          [
            4.887156,
            52.362278
          ],
          [
            4.88712,
            52.362282
          ],
          [
            4.887078,
            52.362301
          ],
          [
            4.887037,
            52.362328
          ],
          [
            4.886994,
            52.362354
          ],
          [
            4.886939,
            52.362392
          ],
          [
            4.886892,
            52.362431
          ],
          [
            4.886838,
            52.362469
          ],
          [
            4.886782,
            52.362503
          ],
          [
            4.886719,
            52.362549
          ],
          [
            4.88666,
            52.362591
          ],
          [
            4.886602,
            52.362629
          ],
          [
            4.886544,
            52.362675
          ],
          [
            4.88648,
            52.362713
          ],
          [
            4.886415,
            52.362759
          ],
          [
            4.886352,
            52.362801
          ],
          [
            4.886286,
            52.362846
          ],
          [
            4.886222,
            52.362888
          ],
          [
            4.886159,
            52.362934
          ],
          [
            4.886099,
            52.362968
          ],
          [
            4.886043,
            52.363007
          ],
          [
            4.885986,
            52.363052
          ],
          [
            4.885934,
            52.363083
          ],
          [
            4.885888,
            52.363117
          ],
          [
            4.885855,
            52.36314
          ],
          [
            4.885818,
            52.363171
          ],
          [
            4.885775,
            52.363193
          ],
          [
            4.885742,
            52.363224
          ],
          [
            4.885698,
            52.363251
          ],
          [
            4.885658,
            52.363281
          ],
          [
            4.885617,
            52.363308
          ],
          [
            4.885587,
            52.363327
          ],
          [
            4.885551,
            52.36335
          ],
          [
            4.885551,
            52.36335
          ],
          [
            4.885473,
            52.363411
          ],
          [
            4.885456,
            52.363426
          ],
          [
            4.885443,
            52.363426
          ],
          [
            4.885443,
            52.363426
          ],
          [
            4.885436,
            52.363438
          ],
          [
            4.885436,
            52.363438
          ],
          [
            4.885436,
            52.363438
          ],
          [
            4.885459,
            52.363457
          ],
          [
            4.885459,
            52.363457
          ],
          [
            4.885459,
            52.363457
          ],
          [
            4.885485,
            52.363434
          ],
          [
            4.885485,
            52.363434
          ],
          [
            4.885484,
            52.363445
          ],
          [
            4.885372,
            52.363411
          ],
          [
            4.885372,
            52.363411
          ],
          [
            4.885372,
            52.363411
          ],
          [
            4.885343,
            52.363438
          ],
          [
            4.885335,
            52.363442
          ],
          [
            4.885335,
            52.363442
          ],
          [
            4.885331,
            52.363445
          ],
          [
            4.88532,
            52.363472
          ],
          [
            4.885303,
            52.363491
          ],
          [
            4.885287,
            52.363506
          ],
          [
            4.885272,
            52.363522
          ],
          [
            4.885272,
            52.363522
          ],
          [
            4.885225,
            52.363567
          ],
          [
            4.885204,
            52.363575
          ],
          [
            4.885204,
            52.363575
          ],
          [
            4.885178,
            52.363609
          ],
          [
            4.885168,
            52.363617
          ],
          [
            4.885169,
            52.363621
          ],
          [
            4.885166,
            52.363628
          ],
          [
            4.885179,
            52.363647
          ],
          [
            4.885193,
            52.363663
          ],
          [
            4.88522,
            52.363686
          ],
          [
            4.885245,
            52.363701
          ],
          [
            4.885287,
            52.363728
          ],
          [
            4.885324,
            52.36375
          ],
          [
            4.885366,
            52.363773
          ],
          [
            4.885406,
            52.363789
          ],
          [
            4.885446,
            52.363811
          ],
          [
            4.885477,
            52.363823
          ],
          [
            4.885514,
            52.36385
          ],
          [
            4.885544,
            52.363869
          ],
          [
            4.885583,
            52.363892
          ],
          [
            4.885612,
            52.363911
          ],
          [
            4.885646,
            52.363926
          ],
          [
            4.885682,
            52.363945
          ],
          [
            4.885712,
            52.363949
          ],
          [
            4.885749,
            52.363949
          ],
          [
            4.88578,
            52.363941
          ],
          [
            4.885822,
            52.363922
          ],
          [
            4.885864,
            52.363899
          ],
          [
            4.885906,
            52.363876
          ],
          [
            4.885959,
            52.363842
          ],
          [
            4.886005,
            52.363811
          ],
          [
            4.886057,
            52.363777
          ],
          [
            4.88612,
            52.363731
          ],
          [
            4.886174,
            52.363693
          ],
          [
            4.886231,
            52.363655
          ],
          [
            4.886293,
            52.363613
          ],
          [
            4.88635,
            52.363575
          ],
          [
            4.886407,
            52.363537
          ],
          [
            4.886468,
            52.363495
          ],
          [
            4.886539,
            52.363449
          ],
          [
            4.886598,
            52.363407
          ],
          [
            4.88666,
            52.363369
          ],
          [
            4.886725,
            52.363331
          ],
          [
            4.886786,
            52.363293
          ],
          [
            4.886846,
            52.363255
          ],
          [
            4.886905,
            52.363213
          ],
          [
            4.886968,
            52.363171
          ],
          [
            4.887033,
            52.363125
          ],
          [
            4.887094,
            52.363087
          ],
          [
            4.887158,
            52.363041
          ],
          [
            4.887222,
            52.362999
          ],
          [
            4.88729,
            52.362953
          ],
          [
            4.887364,
            52.362907
          ],
          [
            4.887436,
            52.362862
          ],
          [
            4.887499,
            52.362816
          ],
          [
            4.887559,
            52.36277
          ],
          [
            4.887609,
            52.362736
          ],
          [
            4.887658,
            52.362701
          ],
          [
            4.8877,
            52.362667
          ],
          [
            4.887736,
            52.36264
          ],
          [
            4.887736,
            52.36264
          ],
          [
            4.887816,
            52.362591
          ],
          [
            4.887842,
            52.362576
          ],
          [
            4.887864,
            52.362568
          ],
          [
            4.887908,
            52.362556
          ],
          [
            4.887928,
            52.362553
          ],
          [
            4.888027,
            52.362537
          ],
          [
            4.888043,
            52.362534
          ],
          [
            4.888178,
            52.362518
          ],
          [
            4.888272,
            52.362503
          ],
          [
            4.888363,
            52.362492
          ],
          [
            4.888428,
            52.362484
          ],
          [
            4.888549,
            52.362469
          ],
          [
            4.88865,
            52.362453
          ],
          [
            4.888739,
            52.362438
          ],
          [
            4.888828,
            52.362423
          ],
          [
            4.888923,
            52.362412
          ],
          [
            4.889012,
            52.3624
          ],
          [
            4.889102,
            52.362389
          ],
          [
            4.889184,
            52.362377
          ],
          [
            4.889273,
            52.362362
          ],
          [
            4.889352,
            52.36235
          ],
          [
            4.889431,
            52.362339
          ],
          [
            4.889513,
            52.362331
          ],
          [
            4.889601,
            52.36232
          ],
          [
            4.889687,
            52.362312
          ],
          [
            4.889773,
            52.362301
          ],
          [
            4.889861,
            52.362289
          ],
          [
            4.889942,
            52.362278
          ],
          [
            4.890039,
            52.362267
          ],
          [
            4.890133,
            52.362255
          ],
          [
            4.890227,
            52.362244
          ],
          [
            4.890319,
            52.362228
          ],
          [
            4.890417,
            52.362213
          ],
          [
            4.890512,
            52.362202
          ],
          [
            4.890602,
            52.362186
          ],
          [
            4.890692,
            52.362175
          ],
          [
            4.890789,
            52.362164
          ],
          [
            4.89088,
            52.362152
          ],
          [
            4.890966,
            52.362141
          ],
          [
            4.890995,
            52.362141
          ],
          [
            4.891123,
            52.362122
          ],
          [
            4.891211,
            52.362106
          ],
          [
            4.891288,
            52.362095
          ],
          [
            4.891354,
            52.362083
          ],
          [
            4.89141,
            52.362076
          ],
          [
            4.891456,
            52.362064
          ],
          [
            4.891491,
            52.362057
          ],
          [
            4.891491,
            52.362057
          ],
          [
            4.891552,
            52.362034
          ],
          [
            4.891575,
            52.362022
          ],
          [
            4.891589,
            52.362011
          ],
          [
            4.891595,
            52.361996
          ],
          [
            4.891603,
            52.361984
          ],
          [
            4.891602,
            52.361958
          ],
          [
            4.891601,
            52.361923
          ],
          [
            4.891591,
            52.361885
          ],
          [
            4.891581,
            52.361851
          ],
          [
            4.891569,
            52.361813
          ],
          [
            4.891556,
            52.361767
          ],
          [
            4.891539,
            52.361713
          ],
          [
            4.89152,
            52.361656
          ],
          [
            4.891501,
            52.361595
          ],
          [
            4.891485,
            52.361546
          ],
          [
            4.891472,
            52.3615
          ],
          [
            4.891457,
            52.36145
          ],
          [
            4.891438,
            52.361404
          ],
          [
            4.891419,
            52.36134
          ],
          [
            4.891396,
            52.361275
          ],
          [
            4.891375,
            52.361214
          ],
          [
            4.891356,
            52.36116
          ],
          [
            4.891335,
            52.361103
          ],
          [
            4.891314,
            52.361038
          ],
          [
            4.891294,
            52.360977
          ],
          [
            4.891276,
            52.36092
          ],
          [
            4.891256,
            52.360863
          ],
          [
            4.891236,
            52.360802
          ],
          [
            4.891216,
            52.360744
          ],
          [
            4.891196,
            52.360687
          ],
          [
            4.891176,
            52.36063
          ],
          [
            4.891149,
            52.360569
          ],
          [
            4.891124,
            52.360516
          ],
          [
            4.891097,
            52.360458
          ],
          [
            4.891066,
            52.360405
          ],
          [
            4.891036,
            52.360348
          ],
          [
            4.891007,
            52.360298
          ],
          [
            4.890978,
            52.360245
          ],
          [
            4.890954,
            52.360195
          ],
          [
            4.890937,
            52.360142
          ],
          [
            4.890919,
            52.360096
          ],
          [
            4.890903,
            52.360035
          ],
          [
            4.890892,
            52.359989
          ],
          [
            4.890878,
            52.359936
          ],
          [
            4.890864,
            52.35989
          ],
          [
            4.890851,
            52.359852
          ],
          [
            4.890839,
            52.359821
          ],
          [
            4.890839,
            52.359821
          ],
          [
            4.890839,
            52.359821
          ],
          [
            4.890784,
            52.359722
          ],
          [
            4.890775,
            52.359714
          ],
          [
            4.890755,
            52.359703
          ],
          [
            4.890744,
            52.359692
          ],
          [
            4.890678,
            52.359661
          ],
          [
            4.890626,
            52.359638
          ],
          [
            4.89057,
            52.359611
          ],
          [
            4.890506,
            52.359581
          ],
          [
            4.890454,
            52.359554
          ],
          [
            4.890408,
            52.35952
          ],
          [
            4.890367,
            52.359486
          ],
          [
            4.890328,
            52.359436
          ],
          [
            4.890295,
            52.359402
          ],
          [
            4.890282,
            52.359352
          ],
          [
            4.890278,
            52.359295
          ],
          [
            4.890289,
            52.359234
          ],
          [
            4.890307,
            52.359177
          ],
          [
            4.890342,
            52.359119
          ],
          [
            4.890387,
            52.359066
          ],
          [
            4.890442,
            52.359013
          ],
          [
            4.890502,
            52.358974
          ],
          [
            4.890572,
            52.358944
          ],
          [
            4.890648,
            52.358913
          ],
          [
            4.890684,
            52.358898
          ],
          [
            4.890804,
            52.358887
          ],
          [
            4.890862,
            52.358883
          ],
          [
            4.890981,
            52.358883
          ],
          [
            4.891076,
            52.358891
          ],
          [
            4.891161,
            52.358906
          ],
          [
            4.89124,
            52.358925
          ],
          [
            4.891307,
            52.358952
          ],
          [
            4.891379,
            52.358986
          ],
          [
            4.891441,
            52.359028
          ],
          [
            4.891489,
            52.359066
          ],
          [
            4.891528,
            52.359108
          ],
          [
            4.891556,
            52.359158
          ],
          [
            4.891577,
            52.359196
          ],
          [
            4.891581,
            52.359245
          ],
          [
            4.891578,
            52.359291
          ],
          [
            4.891578,
            52.359291
          ],
          [
            4.891578,
            52.359291
          ],
          [
            4.891578,
            52.359291
          ],
          [
            4.89152,
            52.359413
          ],
          [
            4.89152,
            52.359413
          ],
          [
            4.89152,
            52.359413
          ],
          [
            4.89152,
            52.359413
          ],
          [
            4.89152,
            52.359413
          ],
          [
            4.89152,
            52.359413
          ],
          [
            4.891493,
            52.35944
          ],
          [
            4.891485,
            52.359447
          ],
          [
            4.891474,
            52.359455
          ],
          [
            4.891458,
            52.359467
          ],
          [
            4.891437,
            52.359482
          ],
          [
            4.891402,
            52.359505
          ],
          [
            4.891364,
            52.359528
          ],
          [
            4.891324,
            52.359554
          ],
          [
            4.89129,
            52.359573
          ],
          [
            4.89126,
            52.3596
          ],
          [
            4.89126,
            52.3596
          ],
          [
            4.89126,
            52.3596
          ],
          [
            4.89126,
            52.3596
          ],
          [
            4.89126,
            52.3596
          ],
          [
            4.891138,
            52.359684
          ],
          [
            4.891138,
            52.359684
          ],
          [
            4.891115,
            52.359695
          ],
          [
            4.891096,
            52.359699
          ],
          [
            4.891078,
            52.359699
          ],
          [
            4.891049,
            52.359699
          ],
          [
            4.891018,
            52.359699
          ],
          [
            4.890994,
            52.359699
          ],
          [
            4.890994,
            52.359699
          ],
          [
            4.890934,
            52.359692
          ],
          [
            4.890907,
            52.359695
          ],
          [
            4.890907,
            52.359695
          ],
          [
            4.890907,
            52.359695
          ],
          [
            4.890907,
            52.359695
          ],
          [
            4.890845,
            52.359703
          ],
          [
            4.890828,
            52.359707
          ],
          [
            4.890808,
            52.359707
          ],
          [
            4.890798,
            52.359703
          ],
          [
            4.890742,
            52.359692
          ],
          [
            4.890689,
            52.359676
          ],
          [
            4.890639,
            52.359661
          ],
          [
            4.890578,
            52.359638
          ],
          [
            4.890529,
            52.359611
          ],
          [
            4.890479,
            52.359585
          ],
          [
            4.890425,
            52.35955
          ],
          [
            4.890375,
            52.359509
          ],
          [
            4.890338,
            52.35947
          ],
          [
            4.890307,
            52.359425
          ],
          [
            4.890283,
            52.359379
          ],
          [
            4.890272,
            52.359329
          ],
          [
            4.890272,
            52.359276
          ],
          [
            4.890291,
            52.359215
          ],
          [
            4.890327,
            52.35915
          ],
          [
            4.890372,
            52.359093
          ],
          [
            4.890421,
            52.359035
          ],
          [
            4.890476,
            52.358986
          ],
          [
            4.890532,
            52.358936
          ],
          [
            4.89058,
            52.358891
          ],
          [
            4.890621,
            52.358849
          ],
          [
            4.890658,
            52.358803
          ],
          [
            4.890689,
            52.358753
          ],
          [
            4.890708,
            52.358704
          ],
          [
            4.890723,
            52.35865
          ],
          [
            4.89073,
            52.358582
          ],
          [
            4.890733,
            52.358528
          ],
          [
            4.890732,
            52.358471
          ],
          [
            4.89073,
            52.358414
          ],
          [
            4.890728,
            52.358372
          ],
          [
            4.890724,
            52.358334
          ],
          [
            4.890724,
            52.358334
          ],
          [
            4.89071,
            52.358253
          ],
          [
            4.89071,
            52.358253
          ],
          [
            4.89071,
            52.358253
          ],
          [
            4.89071,
            52.358253
          ],
          [
            4.89071,
            52.358253
          ],
          [
            4.890696,
            52.358196
          ],
          [
            4.890698,
            52.358185
          ],
          [
            4.890701,
            52.358181
          ],
          [
            4.890708,
            52.35817
          ],
          [
            4.89072,
            52.358139
          ],
          [
            4.890735,
            52.358109
          ],
          [
            4.890748,
            52.358074
          ],
          [
            4.890757,
            52.358028
          ],
          [
            4.890773,
            52.357983
          ],
          [
            4.890779,
            52.357933
          ],
          [
            4.890774,
            52.35788
          ],
          [
            4.890764,
            52.357826
          ],
          [
            4.890763,
            52.357777
          ],
          [
            4.890753,
            52.357719
          ],
          [
            4.890738,
            52.357662
          ],
          [
            4.890722,
            52.357601
          ],
          [
            4.890706,
            52.357529
          ],
          [
            4.890705,
            52.357464
          ],
          [
            4.890704,
            52.357403
          ],
          [
            4.890694,
            52.357357
          ],
          [
            4.890692,
            52.357319
          ],
          [
            4.890686,
            52.357277
          ],
          [
            4.890679,
            52.357239
          ],
          [
            4.890675,
            52.357193
          ],
          [
            4.890671,
            52.357151
          ],
          [
            4.890662,
            52.357098
          ],
          [
            4.890657,
            52.357052
          ],
          [
            4.89065,
            52.357006
          ],
          [
            4.890632,
            52.356957
          ],
          [
            4.890615,
            52.356915
          ],
          [
            4.890626,
            52.356899
          ],
          [
            4.890543,
            52.356857
          ],
          [
            4.890469,
            52.356831
          ],
          [
            4.890397,
            52.356815
          ],
          [
            4.890324,
            52.356812
          ],
          [
            4.890315,
            52.356808
          ],
          [
            4.890176,
            52.356808
          ],
          [
            4.89008,
            52.356812
          ],
          [
            4.889982,
            52.356815
          ],
          [
            4.889886,
            52.356823
          ],
          [
            4.88981,
            52.356827
          ],
          [
            4.889701,
            52.356831
          ],
          [
            4.889602,
            52.356834
          ],
          [
            4.889505,
            52.356842
          ],
          [
            4.889447,
            52.356846
          ],
          [
            4.889325,
            52.356853
          ],
          [
            4.889269,
            52.356861
          ],
          [
            4.889144,
            52.356873
          ],
          [
            4.889059,
            52.356888
          ],
          [
            4.888982,
            52.356888
          ],
          [
            4.888923,
            52.356903
          ],
          [
            4.888886,
            52.356911
          ],
          [
            4.888852,
            52.356922
          ],
          [
            4.888824,
            52.356941
          ],
          [
            4.888809,
            52.356972
          ],
          [
            4.88881,
            52.357002
          ],
          [
            4.888813,
            52.357037
          ],
          [
            4.888816,
            52.357075
          ],
          [
            4.88882,
            52.357121
          ],
          [
            4.888831,
            52.357174
          ],
          [
            4.888837,
            52.35722
          ],
          [
            4.888845,
            52.357273
          ],
          [
            4.888853,
            52.357319
          ],
          [
            4.888864,
            52.357357
          ],
          [
            4.888881,
            52.357399
          ],
          [
            4.888871,
            52.357407
          ],
          [
            4.888945,
            52.357441
          ],
          [
            4.889005,
            52.35746
          ],
          [
            4.889061,
            52.357464
          ],
          [
            4.889134,
            52.35746
          ],
          [
            4.889204,
            52.35746
          ],
          [
            4.889236,
            52.357452
          ],
          [
            4.889351,
            52.357452
          ],
          [
            4.889391,
            52.357449
          ],
          [
            4.889525,
            52.357452
          ],
          [
            4.889631,
            52.357452
          ],
          [
            4.889723,
            52.357449
          ],
          [
            4.889814,
            52.357449
          ],
          [
            4.889873,
            52.357445
          ],
          [
            4.889989,
            52.357445
          ],
          [
            4.890089,
            52.357441
          ],
          [
            4.890152,
            52.357437
          ],
          [
            4.890269,
            52.357429
          ],
          [
            4.890361,
            52.357426
          ],
          [
            4.890449,
            52.357418
          ],
          [
            4.890514,
            52.357403
          ],
          [
            4.890571,
            52.357388
          ],
          [
            4.890614,
            52.357361
          ],
          [
            4.890643,
            52.357326
          ],
          [
            4.890661,
            52.357292
          ],
          [
            4.890662,
            52.35725
          ],
          [
            4.890661,
            52.357197
          ],
          [
            4.890658,
            52.357151
          ],
          [
            4.890654,
            52.357098
          ],
          [
            4.890648,
            52.357048
          ],
          [
            4.890642,
            52.356991
          ],
          [
            4.890633,
            52.356937
          ],
          [
            4.890624,
            52.356899
          ],
          [
            4.890622,
            52.356857
          ],
          [
            4.890614,
            52.356827
          ],
          [
            4.890612,
            52.3568
          ],
          [
            4.890618,
            52.356777
          ],
          [
            4.89064,
            52.356762
          ],
          [
            4.890668,
            52.356754
          ],
          [
            4.890701,
            52.356754
          ],
          [
            4.890747,
            52.356766
          ],
          [
            4.890796,
            52.35677
          ],
          [
            4.890865,
            52.356777
          ],
          [
            4.890937,
            52.356777
          ],
          [
            4.891011,
            52.356773
          ],
          [
            4.891092,
            52.356762
          ],
          [
            4.891172,
            52.356758
          ],
          [
            4.891264,
            52.35675
          ],
          [
            4.891355,
            52.356743
          ],
          [
            4.891447,
            52.356739
          ],
          [
            4.891541,
            52.356735
          ],
          [
            4.891637,
            52.356731
          ],
          [
            4.891731,
            52.356731
          ],
          [
            4.891755,
            52.356728
          ],
          [
            4.891903,
            52.356728
          ],
          [
            4.891984,
            52.356724
          ],
          [
            4.892053,
            52.356724
          ],
          [
            4.8921,
            52.35672
          ],
          [
            4.892156,
            52.356716
          ],
          [
            4.892206,
            52.356712
          ],
          [
            4.892289,
            52.356712
          ],
          [
            4.892342,
            52.356708
          ],
          [
            4.89243,
            52.356705
          ],
          [
            4.892503,
            52.356701
          ],
          [
            4.892558,
            52.356705
          ],
          [
            4.892613,
            52.356716
          ],
          [
            4.892655,
            52.356743
          ],
          [
            4.892682,
            52.356762
          ],
          [
            4.892697,
            52.356792
          ],
          [
            4.892706,
            52.356846
          ],
          [
            4.892711,
            52.356899
          ],
          [
            4.89272,
            52.356945
          ],
          [
            4.89272,
            52.356987
          ],
          [
            4.892726,
            52.357025
          ],
          [
            4.892732,
            52.357079
          ],
          [
            4.892745,
            52.357147
          ],
          [
            4.892741,
            52.357193
          ],
          [
            4.892749,
            52.357243
          ],
          [
            4.892753,
            52.357273
          ],
          [
            4.892757,
            52.357334
          ],
          [
            4.892762,
            52.357403
          ],
          [
            4.892773,
            52.357464
          ],
          [
            4.892781,
            52.35751
          ],
          [
            4.892786,
            52.357559
          ],
          [
            4.892796,
            52.357597
          ],
          [
            4.892807,
            52.357655
          ],
          [
            4.892815,
            52.3577
          ],
          [
            4.892811,
            52.357735
          ],
          [
            4.892816,
            52.357761
          ],
          [
            4.892791,
            52.3578
          ],
          [
            4.892763,
            52.357834
          ],
          [
            4.892743,
            52.357861
          ],
          [
            4.892743,
            52.357861
          ],
          [
            4.892723,
            52.357906
          ],
          [
            4.892723,
            52.357906
          ],
          [
            4.89271,
            52.357929
          ],
          [
            4.892707,
            52.357944
          ],
          [
            4.892696,
            52.35796
          ],
          [
            4.892677,
            52.357967
          ],
          [
            4.892667,
            52.357979
          ],
          [
            4.892587,
            52.357998
          ],
          [
            4.892512,
            52.358013
          ],
          [
            4.892443,
            52.358021
          ],
          [
            4.892372,
            52.358028
          ],
          [
            4.892367,
            52.358028
          ],
          [
            4.892232,
            52.358036
          ],
          [
            4.892138,
            52.35804
          ],
          [
            4.892108,
            52.35804
          ],
          [
            4.891976,
            52.358047
          ],
          [
            4.891877,
            52.358055
          ],
          [
            4.891806,
            52.358059
          ],
          [
            4.891704,
            52.358067
          ],
          [
            4.891652,
            52.35807
          ],
          [
            4.891528,
            52.358082
          ],
          [
            4.891423,
            52.358093
          ],
          [
            4.891337,
            52.358105
          ],
          [
            4.891253,
            52.358112
          ],
          [
            4.891168,
            52.358124
          ],
          [
            4.891088,
            52.358139
          ],
          [
            4.891022,
            52.358154
          ],
          [
            4.890969,
            52.358162
          ],
          [
            4.890907,
            52.358177
          ],
          [
            4.890851,
            52.358196
          ],
          [
            4.890851,
            52.358196
          ],
          [
            4.890851,
            52.358196
          ],
          [
            4.890736,
            52.358219
          ],
          [
            4.890736,
            52.358219
          ],
          [
            4.890724,
            52.358192
          ],
          [
            4.890732,
            52.358177
          ],
          [
            4.890737,
            52.358162
          ],
          [
            4.890749,
            52.358135
          ],
          [
            4.890749,
            52.358124
          ],
          [
            4.890763,
            52.358093
          ],
          [
            4.890773,
            52.35804
          ],
          [
            4.890782,
            52.358006
          ],
          [
            4.890784,
            52.357944
          ],
          [
            4.890781,
            52.357902
          ],
          [
            4.890789,
            52.357868
          ],
          [
            4.890776,
            52.357819
          ],
          [
            4.890765,
            52.357746
          ],
          [
            4.890757,
            52.357689
          ],
          [
            4.890764,
            52.357643
          ],
          [
            4.890748,
            52.357594
          ],
          [
            4.890749,
            52.357533
          ],
          [
            4.890759,
            52.357487
          ],
          [
            4.89077,
            52.357429
          ],
          [
            4.890775,
            52.357395
          ],
          [
            4.890764,
            52.357326
          ],
          [
            4.890748,
            52.357254
          ],
          [
            4.890736,
            52.357193
          ],
          [
            4.890718,
            52.357128
          ],
          [
            4.890705,
            52.357071
          ],
          [
            4.890698,
            52.357014
          ],
          [
            4.89068,
            52.356953
          ],
          [
            4.890665,
            52.356888
          ],
          [
            4.890652,
            52.356834
          ],
          [
            4.890644,
            52.356781
          ],
          [
            4.890629,
            52.356708
          ],
          [
            4.890618,
            52.356625
          ],
          [
            4.890611,
            52.356564
          ],
          [
            4.890607,
            52.356537
          ],
          [
            4.890596,
            52.356426
          ],
          [
            4.890586,
            52.356354
          ],
          [
            4.890579,
            52.356277
          ],
          [
            4.890568,
            52.356213
          ],
          [
            4.890561,
            52.356159
          ],
          [
            4.890548,
            52.356106
          ],
          [
            4.890537,
            52.356018
          ],
          [
            4.890526,
            52.355949
          ],
          [
            4.890518,
            52.355888
          ],
          [
            4.890512,
            52.355831
          ],
          [
            4.890502,
            52.355785
          ],
          [
            4.890502,
            52.355785
          ],
          [
            4.890465,
            52.355675
          ],
          [
            4.890465,
            52.355675
          ],
          [
            4.890465,
            52.355675
          ],
          [
            4.890423,
            52.355625
          ],
          [
            4.89041,
            52.355625
          ],
          [
            4.89039,
            52.355625
          ],
          [
            4.89036,
            52.355629
          ],
          [
            4.890329,
            52.355629
          ],
          [
            4.890291,
            52.355637
          ],
          [
            4.890252,
            52.35564
          ],
          [
            4.890164,
            52.355648
          ],
          [
            4.890142,
            52.355652
          ],
          [
            4.890028,
            52.355659
          ],
          [
            4.889944,
            52.355667
          ],
          [
            4.889927,
            52.355667
          ],
          [
            4.889792,
            52.355679
          ],
          [
            4.889698,
            52.355686
          ],
          [
            4.889663,
            52.35569
          ],
          [
            4.889536,
            52.355698
          ],
          [
            4.88944,
            52.355705
          ],
          [
            4.88935,
            52.355713
          ],
          [
            4.88926,
            52.355721
          ],
          [
            4.889168,
            52.355728
          ],
          [
            4.889076,
            52.355736
          ],
          [
            4.888996,
            52.35574
          ],
          [
            4.888912,
            52.355747
          ],
          [
            4.888847,
            52.355755
          ],
          [
            4.888788,
            52.355766
          ],
          [
            4.888746,
            52.355778
          ],
          [
            4.888708,
            52.355785
          ],
          [
            4.888672,
            52.355804
          ],
          [
            4.888656,
            52.355835
          ],
          [
            4.888648,
            52.355866
          ],
          [
            4.888648,
            52.3559
          ],
          [
            4.888648,
            52.355946
          ],
          [
            4.88865,
            52.355991
          ],
          [
            4.888654,
            52.356022
          ],
          [
            4.888654,
            52.356064
          ],
          [
            4.888665,
            52.356106
          ],
          [
            4.888681,
            52.356152
          ],
          [
            4.888703,
            52.356186
          ],
          [
            4.888742,
            52.35622
          ],
          [
            4.888773,
            52.356235
          ],
          [
            4.888846,
            52.356255
          ],
          [
            4.888882,
            52.356266
          ],
          [
            4.888981,
            52.356266
          ],
          [
            4.889066,
            52.35627
          ],
          [
            4.889101,
            52.35627
          ],
          [
            4.889221,
            52.35627
          ],
          [
            4.889321,
            52.35627
          ],
          [
            4.889407,
            52.35627
          ],
          [
            4.889493,
            52.35627
          ],
          [
            4.889582,
            52.35627
          ],
          [
            4.889677,
            52.35627
          ],
          [
            4.889709,
            52.356266
          ],
          [
            4.889845,
            52.356262
          ],
          [
            4.889953,
            52.356262
          ],
          [
            4.890043,
            52.356258
          ],
          [
            4.890126,
            52.356251
          ],
          [
            4.890214,
            52.356247
          ],
          [
            4.890285,
            52.356243
          ],
          [
            4.890345,
            52.356235
          ],
          [
            4.890398,
            52.356228
          ],
          [
            4.890444,
            52.35622
          ],
          [
            4.89048,
            52.356209
          ],
          [
            4.890513,
            52.356201
          ],
          [
            4.890542,
            52.356197
          ],
          [
            4.890572,
            52.356197
          ],
          [
            4.890614,
            52.356194
          ],
          [
            4.890651,
            52.356201
          ],
          [
            4.890695,
            52.356201
          ],
          [
            4.890762,
            52.356194
          ],
          [
            4.890758,
            52.356194
          ],
          [
            4.890885,
            52.356186
          ],
          [
            4.890978,
            52.356174
          ],
          [
            4.891065,
            52.356171
          ],
          [
            4.891157,
            52.356167
          ],
          [
            4.891244,
            52.356163
          ],
          [
            4.891336,
            52.356163
          ],
          [
            4.891429,
            52.356159
          ],
          [
            4.891529,
            52.356155
          ],
          [
            4.891624,
            52.356155
          ],
          [
            4.891717,
            52.356155
          ],
          [
            4.891765,
            52.356155
          ],
          [
            4.891892,
            52.356155
          ],
          [
            4.891995,
            52.356152
          ],
          [
            4.892091,
            52.356148
          ],
          [
            4.892108,
            52.356148
          ],
          [
            4.892247,
            52.356136
          ],
          [
            4.892342,
            52.356121
          ],
          [
            4.892408,
            52.356102
          ],
          [
            4.89246,
            52.356083
          ],
          [
            4.892494,
            52.356056
          ],
          [
            4.892511,
            52.356022
          ],
          [
            4.892509,
            52.355984
          ],
          [
            4.892494,
            52.355953
          ],
          [
            4.892452,
            52.355915
          ],
          [
            4.892407,
            52.355885
          ],
          [
            4.892342,
            52.355858
          ],
          [
            4.892272,
            52.355839
          ],
          [
            4.892198,
            52.355816
          ],
          [
            4.892124,
            52.355804
          ],
          [
            4.892047,
            52.355782
          ],
          [
            4.891964,
            52.355766
          ],
          [
            4.891887,
            52.355751
          ],
          [
            4.891808,
            52.355732
          ],
          [
            4.89173,
            52.355717
          ],
          [
            4.891644,
            52.355698
          ],
          [
            4.891562,
            52.355679
          ],
          [
            4.891483,
            52.355667
          ],
          [
            4.891446,
            52.355656
          ],
          [
            4.891328,
            52.355633
          ],
          [
            4.891239,
            52.355617
          ],
          [
            4.891154,
            52.355602
          ],
          [
            4.891073,
            52.355591
          ],
          [
            4.890982,
            52.355576
          ],
          [
            4.890921,
            52.355564
          ],
          [
            4.890829,
            52.355549
          ],
          [
            4.890761,
            52.355537
          ],
          [
            4.89069,
            52.355522
          ],
          [
            4.89069,
            52.355522
          ],
          [
            4.890562,
            52.355492
          ],
          [
            4.890524,
            52.355484
          ],
          [
            4.8905,
            52.355484
          ],
          [
            4.890473,
            52.35548
          ],
          [
            4.890444,
            52.355473
          ],
          [
            4.890407,
            52.355465
          ],
          [
            4.890355,
            52.35545
          ],
          [
            4.890327,
            52.355442
          ],
          [
            4.890233,
            52.355423
          ],
          [
            4.890158,
            52.3554
          ],
          [
            4.890086,
            52.355389
          ],
          [
            4.890088,
            52.355392
          ],
          [
            4.889929,
            52.355354
          ],
          [
            4.889824,
            52.355328
          ],
          [
            4.88974,
            52.355309
          ],
          [
            4.889695,
            52.355297
          ],
          [
            4.88956,
            52.355267
          ],
          [
            4.889454,
            52.355244
          ],
          [
            4.889362,
            52.355225
          ],
          [
            4.88927,
            52.355206
          ],
          [
            4.88918,
            52.355194
          ],
          [
            4.889166,
            52.355194
          ],
          [
            4.888994,
            52.355179
          ],
          [
            4.888951,
            52.355179
          ],
          [
            4.888803,
            52.355179
          ],
          [
            4.888722,
            52.355175
          ],
          [
            4.888641,
            52.355171
          ],
          [
            4.888587,
            52.355152
          ],
          [
            4.88855,
            52.355137
          ],
          [
            4.888525,
            52.355114
          ],
          [
            4.888507,
            52.355057
          ],
          [
            4.88849,
            52.355022
          ],
          [
            4.888478,
            52.354961
          ],
          [
            4.888471,
            52.354919
          ],
          [
            4.888462,
            52.354877
          ],
          [
            4.88845,
            52.354813
          ],
          [
            4.888445,
            52.354771
          ],
          [
            4.888451,
            52.35474
          ],
          [
            4.888454,
            52.354706
          ],
          [
            4.888463,
            52.354687
          ],
          [
            4.888488,
            52.354664
          ],
          [
            4.88851,
            52.35466
          ],
          [
            4.888573,
            52.354649
          ],
          [
            4.888668,
            52.354652
          ],
          [
            4.888706,
            52.354652
          ],
          [
            4.888822,
            52.354672
          ],
          [
            4.888906,
            52.354687
          ],
          [
            4.888989,
            52.354702
          ],
          [
            4.889076,
            52.354721
          ],
          [
            4.889163,
            52.354733
          ],
          [
            4.88925,
            52.354744
          ],
          [
            4.889269,
            52.354748
          ],
          [
            4.889421,
            52.354771
          ],
          [
            4.889522,
            52.354786
          ],
          [
            4.889613,
            52.354801
          ],
          [
            4.889706,
            52.35482
          ],
          [
            4.889796,
            52.354839
          ],
          [
            4.889885,
            52.354851
          ],
          [
            4.889972,
            52.35487
          ],
          [
            4.890054,
            52.354881
          ],
          [
            4.890129,
            52.354893
          ],
          [
            4.890188,
            52.354893
          ],
          [
            4.890227,
            52.354893
          ],
          [
            4.890256,
            52.354889
          ],
          [
            4.890278,
            52.354877
          ],
          [
            4.890295,
            52.354858
          ],
          [
            4.890306,
            52.354832
          ],
          [
            4.890315,
            52.354794
          ],
          [
            4.890329,
            52.354755
          ],
          [
            4.89034,
            52.35471
          ],
          [
            4.890353,
            52.354675
          ],
          [
            4.89038,
            52.354633
          ],
          [
            4.890414,
            52.354607
          ],
          [
            4.890455,
            52.354588
          ],
          [
            4.890512,
            52.35458
          ],
          [
            4.890532,
            52.354576
          ],
          [
            4.890637,
            52.354588
          ],
          [
            4.890721,
            52.354599
          ],
          [
            4.890801,
            52.35461
          ],
          [
            4.890882,
            52.35463
          ],
          [
            4.890967,
            52.354645
          ],
          [
            4.891056,
            52.354664
          ],
          [
            4.89115,
            52.354679
          ],
          [
            4.891242,
            52.354698
          ],
          [
            4.891336,
            52.354713
          ],
          [
            4.891413,
            52.354733
          ],
          [
            4.891526,
            52.354752
          ],
          [
            4.891623,
            52.354771
          ],
          [
            4.891684,
            52.354778
          ],
          [
            4.891811,
            52.354805
          ],
          [
            4.89188,
            52.354816
          ],
          [
            4.89201,
            52.354839
          ],
          [
            4.892115,
            52.354858
          ],
          [
            4.892209,
            52.354874
          ],
          [
            4.89231,
            52.354893
          ],
          [
            4.892392,
            52.354908
          ],
          [
            4.892505,
            52.354931
          ],
          [
            4.892604,
            52.35495
          ],
          [
            4.892683,
            52.354965
          ],
          [
            4.892797,
            52.354988
          ],
          [
            4.892865,
            52.355003
          ],
          [
            4.892996,
            52.35503
          ],
          [
            4.893095,
            52.355045
          ],
          [
            4.893193,
            52.355061
          ],
          [
            4.893284,
            52.35508
          ],
          [
            4.893332,
            52.355087
          ],
          [
            4.893456,
            52.35511
          ],
          [
            4.893573,
            52.355125
          ],
          [
            4.893675,
            52.355145
          ],
          [
            4.893768,
            52.35516
          ],
          [
            4.893865,
            52.355171
          ],
          [
            4.893872,
            52.355171
          ],
          [
            4.894047,
            52.355202
          ],
          [
            4.894139,
            52.355221
          ],
          [
            4.894236,
            52.355236
          ],
          [
            4.894255,
            52.355244
          ],
          [
            4.894407,
            52.355274
          ],
          [
            4.894461,
            52.355286
          ],
          [
            4.894577,
            52.355312
          ],
          [
            4.894639,
            52.355328
          ],
          [
            4.894692,
            52.355339
          ],
          [
            4.894825,
            52.355373
          ],
          [
            4.894901,
            52.355396
          ],
          [
            4.894933,
            52.355408
          ],
          [
            4.895058,
            52.355438
          ],
          [
            4.895104,
            52.35545
          ],
          [
            4.895197,
            52.355469
          ],
          [
            4.895269,
            52.355484
          ],
          [
            4.895248,
            52.35548
          ],
          [
            4.895413,
            52.355522
          ],
          [
            4.89551,
            52.355545
          ],
          [
            4.895585,
            52.355564
          ],
          [
            4.895593,
            52.355568
          ],
          [
            4.895776,
            52.355606
          ],
          [
            4.895882,
            52.355629
          ],
          [
            4.895975,
            52.355656
          ],
          [
            4.896061,
            52.355679
          ],
          [
            4.89604,
            52.355671
          ],
          [
            4.896225,
            52.355717
          ],
          [
            4.896326,
            52.355743
          ],
          [
            4.896346,
            52.355751
          ],
          [
            4.896513,
            52.355797
          ],
          [
            4.896626,
            52.355827
          ],
          [
            4.896718,
            52.35585
          ],
          [
            4.896804,
            52.355877
          ],
          [
            4.896894,
            52.355904
          ],
          [
            4.896886,
            52.3559
          ],
          [
            4.897074,
            52.355961
          ],
          [
            4.897177,
            52.355991
          ],
          [
            4.897203,
            52.355999
          ],
          [
            4.897342,
            52.356041
          ],
          [
            4.897441,
            52.356068
          ],
          [
            4.897526,
            52.356091
          ],
          [
            4.897595,
            52.35611
          ],
          [
            4.897643,
            52.356113
          ],
          [
            4.897695,
            52.356102
          ],
          [
            4.897735,
            52.356083
          ],
          [
            4.897768,
            52.356056
          ],
          [
            4.897798,
            52.356014
          ],
          [
            4.897829,
            52.355976
          ],
          [
            4.897857,
            52.355934
          ],
          [
            4.897891,
            52.355885
          ],
          [
            4.897923,
            52.355843
          ],
          [
            4.897962,
            52.355793
          ],
          [
            4.897992,
            52.355755
          ],
          [
            4.898023,
            52.355709
          ],
          [
            4.898057,
            52.355671
          ],
          [
            4.898082,
            52.355621
          ],
          [
            4.898099,
            52.355579
          ],
          [
            4.898091,
            52.355549
          ],
          [
            4.898061,
            52.355514
          ],
          [
            4.898009,
            52.355488
          ],
          [
            4.897947,
            52.355461
          ],
          [
            4.897884,
            52.355438
          ],
          [
            4.897813,
            52.355419
          ],
          [
            4.897759,
            52.355408
          ],
          [
            4.89773,
            52.355408
          ],
          [
            4.89769,
            52.355408
          ],
          [
            4.897657,
            52.355412
          ],
          [
            4.897616,
            52.355412
          ],
          [
            4.897564,
            52.355404
          ],
          [
            4.89751,
            52.355389
          ],
          [
            4.897438,
            52.355373
          ],
          [
            4.897368,
            52.355358
          ],
          [
            4.897297,
            52.355343
          ],
          [
            4.897216,
            52.355324
          ],
          [
            4.897138,
            52.355301
          ],
          [
            4.897053,
            52.355286
          ],
          [
            4.896969,
            52.355267
          ],
          [
            4.896883,
            52.355248
          ],
          [
            4.896793,
            52.355228
          ],
          [
            4.896699,
            52.355209
          ],
          [
            4.89661,
            52.355194
          ],
          [
            4.896521,
            52.355171
          ],
          [
            4.89643,
            52.355152
          ],
          [
            4.896338,
            52.355133
          ],
          [
            4.896251,
            52.35511
          ],
          [
            4.896163,
            52.355091
          ],
          [
            4.896094,
            52.355076
          ],
          [
            4.89599,
            52.355049
          ],
          [
            4.895918,
            52.355038
          ],
          [
            4.895866,
            52.355022
          ],
          [
            4.895827,
            52.355015
          ],
          [
            4.895827,
            52.355015
          ],
          [
            4.895798,
            52.355015
          ],
          [
            4.895797,
            52.355015
          ],
          [
            4.895797,
            52.355015
          ],
          [
            4.895836,
            52.355019
          ],
          [
            4.895853,
            52.355015
          ],
          [
            4.895872,
            52.355011
          ],
          [
            4.8959,
            52.355
          ],
          [
            4.89592,
            52.354984
          ],
          [
            4.895937,
            52.354969
          ],
          [
            4.895953,
            52.35495
          ],
          [
            4.895962,
            52.354927
          ],
          [
            4.895972,
            52.354904
          ],
          [
            4.895981,
            52.354885
          ],
          [
            4.895996,
            52.354862
          ],
          [
            4.896014,
            52.354832
          ],
          [
            4.896033,
            52.354813
          ],
          [
            4.896051,
            52.354797
          ],
          [
            4.896255,
            52.354736
          ],
          [
            4.896255,
            52.354736
          ],
          [
            4.8963,
            52.35474
          ],
          [
            4.896311,
            52.354759
          ],
          [
            4.896311,
            52.354759
          ],
          [
            4.896316,
            52.354778
          ],
          [
            4.89629,
            52.354778
          ],
          [
            4.896249,
            52.354774
          ],
          [
            4.896249,
            52.354774
          ],
          [
            4.896225,
            52.354736
          ],
          [
            4.896226,
            52.354729
          ],
          [
            4.896226,
            52.354729
          ],
          [
            4.896217,
            52.354691
          ],
          [
            4.896195,
            52.354679
          ],
          [
            4.896174,
            52.354672
          ],
          [
            4.896153,
            52.354672
          ],
          [
            4.896131,
            52.354672
          ],
          [
            4.896116,
            52.354691
          ],
          [
            4.896099,
            52.354706
          ],
          [
            4.896077,
            52.354706
          ],
          [
            4.896066,
            52.354729
          ],
          [
            4.896052,
            52.35474
          ],
          [
            4.896042,
            52.354755
          ],
          [
            4.896029,
            52.354771
          ],
          [
            4.896023,
            52.35479
          ],
          [
            4.896023,
            52.35479
          ],
          [
            4.895991,
            52.354828
          ],
          [
            4.895977,
            52.354839
          ],
          [
            4.895974,
            52.354847
          ],
          [
            4.895974,
            52.354847
          ],
          [
            4.895969,
            52.354885
          ],
          [
            4.89596,
            52.354889
          ],
          [
            4.895956,
            52.354897
          ],
          [
            4.895956,
            52.354897
          ],
          [
            4.895933,
            52.354931
          ],
          [
            4.895926,
            52.354942
          ],
          [
            4.895922,
            52.354946
          ],
          [
            4.895922,
            52.354946
          ],
          [
            4.89591,
            52.35498
          ],
          [
            4.89591,
            52.35498
          ],
          [
            4.89591,
            52.35498
          ],
          [
            4.895897,
            52.355011
          ],
          [
            4.895897,
            52.355011
          ],
          [
            4.895865,
            52.355015
          ],
          [
            4.895865,
            52.355015
          ],
          [
            4.895845,
            52.355007
          ],
          [
            4.895845,
            52.355007
          ],
          [
            4.895845,
            52.355007
          ],
          [
            4.895795,
            52.355
          ],
          [
            4.895777,
            52.354992
          ],
          [
            4.895758,
            52.354988
          ],
          [
            4.89572,
            52.35498
          ],
          [
            4.895676,
            52.354973
          ],
          [
            4.895627,
            52.354965
          ],
          [
            4.895564,
            52.354954
          ],
          [
            4.895499,
            52.354942
          ],
          [
            4.89543,
            52.354931
          ],
          [
            4.895365,
            52.354916
          ],
          [
            4.895299,
            52.3549
          ],
          [
            4.895242,
            52.354889
          ],
          [
            4.895174,
            52.354874
          ],
          [
            4.895103,
            52.354858
          ],
          [
            4.895041,
            52.354843
          ],
          [
            4.894981,
            52.354828
          ],
          [
            4.894929,
            52.354816
          ],
          [
            4.894874,
            52.354805
          ],
          [
            4.894821,
            52.354797
          ],
          [
            4.894777,
            52.354786
          ],
          [
            4.894724,
            52.354778
          ],
          [
            4.894667,
            52.354767
          ],
          [
            4.894617,
            52.354755
          ],
          [
            4.894561,
            52.354744
          ],
          [
            4.894496,
            52.354729
          ],
          [
            4.894432,
            52.354717
          ],
          [
            4.894367,
            52.35471
          ],
          [
            4.894309,
            52.354694
          ],
          [
            4.894249,
            52.354683
          ],
          [
            4.894194,
            52.354672
          ],
          [
            4.894134,
            52.35466
          ],
          [
            4.894082,
            52.354649
          ],
          [
            4.89403,
            52.354633
          ],
          [
            4.893981,
            52.354622
          ],
          [
            4.893932,
            52.35461
          ],
          [
            4.893882,
            52.354603
          ],
          [
            4.893827,
            52.354588
          ],
          [
            4.893769,
            52.354576
          ],
          [
            4.893724,
            52.354565
          ],
          [
            4.893675,
            52.354557
          ],
          [
            4.893627,
            52.354549
          ],
          [
            4.893572,
            52.354538
          ],
          [
            4.893528,
            52.354534
          ],
          [
            4.893482,
            52.354527
          ],
          [
            4.893433,
            52.354523
          ],
          [
            4.893373,
            52.354511
          ],
          [
            4.893321,
            52.3545
          ],
          [
            4.893272,
            52.354488
          ],
          [
            4.893217,
            52.354477
          ],
          [
            4.893164,
            52.354469
          ],
          [
            4.893106,
            52.354458
          ],
          [
            4.893049,
            52.354446
          ],
          [
            4.892995,
            52.354439
          ],
          [
            4.892944,
            52.354431
          ],
          [
            4.892887,
            52.354423
          ],
          [
            4.892831,
            52.354412
          ],
          [
            4.892768,
            52.354401
          ],
          [
            4.892711,
            52.354393
          ],
          [
            4.892652,
            52.354382
          ],
          [
            4.892595,
            52.354374
          ],
          [
            4.892537,
            52.354362
          ],
          [
            4.892479,
            52.354355
          ],
          [
            4.892419,
            52.354347
          ],
          [
            4.892364,
            52.354336
          ],
          [
            4.892304,
            52.354324
          ],
          [
            4.892249,
            52.354317
          ],
          [
            4.892194,
            52.354309
          ],
          [
            4.892121,
            52.354298
          ],
          [
            4.892066,
            52.35429
          ],
          [
            4.892009,
            52.354279
          ],
          [
            4.891955,
            52.354271
          ],
          [
            4.891897,
            52.354263
          ],
          [
            4.891843,
            52.354256
          ],
          [
            4.891782,
            52.354244
          ],
          [
            4.891729,
            52.35424
          ],
          [
            4.891668,
            52.354233
          ],
          [
            4.89161,
            52.354221
          ],
          [
            4.89155,
            52.354214
          ],
          [
            4.891491,
            52.354206
          ],
          [
            4.89143,
            52.354195
          ],
          [
            4.891364,
            52.354183
          ],
          [
            4.891307,
            52.354172
          ],
          [
            4.89126,
            52.354164
          ],
          [
            4.891215,
            52.354153
          ],
          [
            4.891183,
            52.354153
          ],
          [
            4.891112,
            52.354134
          ],
          [
            4.891056,
            52.354118
          ],
          [
            4.891005,
            52.354107
          ],
          [
            4.890945,
            52.354099
          ],
          [
            4.890899,
            52.354095
          ],
          [
            4.890864,
            52.354095
          ],
          [
            4.890829,
            52.354095
          ],
          [
            4.890797,
            52.354095
          ],
          [
            4.890764,
            52.354095
          ],
          [
            4.890727,
            52.354095
          ],
          [
            4.890683,
            52.354088
          ],
          [
            4.890638,
            52.35408
          ],
          [
            4.890584,
            52.354069
          ],
          [
            4.89053,
            52.354061
          ],
          [
            4.890465,
            52.35405
          ],
          [
            4.890403,
            52.354034
          ],
          [
            4.89034,
            52.354023
          ],
          [
            4.890288,
            52.354015
          ],
          [
            4.890198,
            52.354
          ],
          [
            4.890129,
            52.353989
          ],
          [
            4.8901,
            52.353985
          ],
          [
            4.889987,
            52.353966
          ],
          [
            4.889902,
            52.353947
          ],
          [
            4.889819,
            52.353931
          ],
          [
            4.889746,
            52.35392
          ],
          [
            4.889671,
            52.353912
          ],
          [
            4.889594,
            52.353897
          ],
          [
            4.889524,
            52.353886
          ],
          [
            4.889455,
            52.353878
          ],
          [
            4.889392,
            52.353867
          ],
          [
            4.889329,
            52.353859
          ],
          [
            4.889271,
            52.353851
          ],
          [
            4.889206,
            52.35384
          ],
          [
            4.889148,
            52.353828
          ],
          [
            4.889082,
            52.353817
          ],
          [
            4.889003,
            52.353809
          ],
          [
            4.888937,
            52.353794
          ],
          [
            4.888868,
            52.353786
          ],
          [
            4.888809,
            52.353783
          ],
          [
            4.888747,
            52.353783
          ],
          [
            4.8887,
            52.353783
          ],
          [
            4.88867,
            52.353783
          ],
          [
            4.888637,
            52.353798
          ],
          [
            4.88861,
            52.353809
          ],
          [
            4.888586,
            52.353832
          ],
          [
            4.888564,
            52.353859
          ],
          [
            4.888541,
            52.353893
          ],
          [
            4.888522,
            52.35392
          ],
          [
            4.888501,
            52.353958
          ],
          [
            4.88848,
            52.354
          ],
          [
            4.888464,
            52.354027
          ],
          [
            4.888443,
            52.354061
          ],
          [
            4.888425,
            52.354088
          ],
          [
            4.888391,
            52.354111
          ],
          [
            4.888347,
            52.35413
          ],
          [
            4.888294,
            52.354137
          ],
          [
            4.888238,
            52.354141
          ],
          [
            4.888173,
            52.354141
          ],
          [
            4.888107,
            52.354137
          ],
          [
            4.88805,
            52.354134
          ],
          [
            4.887996,
            52.354134
          ],
          [
            4.887917,
            52.354134
          ],
          [
            4.887852,
            52.35413
          ],
          [
            4.8878,
            52.354126
          ],
          [
            4.887708,
            52.354122
          ],
          [
            4.887631,
            52.354115
          ],
          [
            4.887562,
            52.354107
          ],
          [
            4.887489,
            52.354103
          ],
          [
            4.887416,
            52.354095
          ],
          [
            4.887348,
            52.354092
          ],
          [
            4.887282,
            52.354088
          ],
          [
            4.887224,
            52.35408
          ],
          [
            4.887178,
            52.354073
          ],
          [
            4.887136,
            52.354057
          ],
          [
            4.887104,
            52.35405
          ],
          [
            4.887079,
            52.354023
          ],
          [
            4.887062,
            52.354
          ],
          [
            4.88705,
            52.35397
          ],
          [
            4.887044,
            52.353939
          ],
          [
            4.88704,
            52.353905
          ],
          [
            4.887036,
            52.35387
          ],
          [
            4.887034,
            52.353832
          ],
          [
            4.887035,
            52.353798
          ],
          [
            4.887034,
            52.35376
          ],
          [
            4.887035,
            52.353714
          ],
          [
            4.88704,
            52.353683
          ],
          [
            4.887042,
            52.353649
          ],
          [
            4.88705,
            52.353619
          ],
          [
            4.887076,
            52.353584
          ],
          [
            4.887105,
            52.353561
          ],
          [
            4.887146,
            52.353546
          ],
          [
            4.887193,
            52.353539
          ],
          [
            4.88725,
            52.353539
          ],
          [
            4.887311,
            52.353542
          ],
          [
            4.887381,
            52.35355
          ],
          [
            4.887443,
            52.353561
          ],
          [
            4.887518,
            52.353573
          ],
          [
            4.887586,
            52.353584
          ],
          [
            4.887665,
            52.353596
          ],
          [
            4.887742,
            52.353607
          ],
          [
            4.887822,
            52.353619
          ],
          [
            4.887897,
            52.35363
          ],
          [
            4.887976,
            52.353645
          ],
          [
            4.888062,
            52.353653
          ],
          [
            4.888095,
            52.353661
          ],
          [
            4.888211,
            52.353676
          ],
          [
            4.888297,
            52.353683
          ],
          [
            4.888385,
            52.353695
          ],
          [
            4.888457,
            52.353703
          ],
          [
            4.888524,
            52.353718
          ],
          [
            4.888584,
            52.353725
          ],
          [
            4.888633,
            52.353733
          ],
          [
            4.888672,
            52.353741
          ],
          [
            4.888698,
            52.353741
          ],
          [
            4.888711,
            52.353733
          ],
          [
            4.888711,
            52.353733
          ],
          [
            4.888694,
            52.35371
          ],
          [
            4.888681,
            52.353703
          ],
          [
            4.888671,
            52.353706
          ],
          [
            4.88866,
            52.353714
          ],
          [
            4.888651,
            52.353722
          ],
          [
            4.888636,
            52.353729
          ],
          [
            4.888622,
            52.353748
          ],
          [
            4.888615,
            52.353779
          ],
          [
            4.888595,
            52.353813
          ],
          [
            4.888575,
            52.353847
          ],
          [
            4.888552,
            52.353886
          ],
          [
            4.888531,
            52.353912
          ],
          [
            4.888513,
            52.353951
          ],
          [
            4.88849,
            52.353989
          ],
          [
            4.888476,
            52.354023
          ],
          [
            4.888476,
            52.354023
          ],
          [
            4.88842,
            52.354107
          ],
          [
            4.888407,
            52.354137
          ],
          [
            4.888411,
            52.354149
          ],
          [
            4.888402,
            52.354168
          ],
          [
            4.888393,
            52.354183
          ],
          [
            4.888389,
            52.354206
          ],
          [
            4.888382,
            52.354248
          ],
          [
            4.888376,
            52.354279
          ],
          [
            4.888364,
            52.354321
          ],
          [
            4.888361,
            52.354347
          ],
          [
            4.888357,
            52.354382
          ],
          [
            4.888353,
            52.35442
          ],
          [
            4.888352,
            52.354446
          ],
          [
            4.888346,
            52.354481
          ],
          [
            4.88835,
            52.354504
          ],
          [
            4.888344,
            52.354538
          ],
          [
            4.888326,
            52.354553
          ],
          [
            4.888316,
            52.354569
          ],
          [
            4.888274,
            52.354572
          ],
          [
            4.888217,
            52.354584
          ],
          [
            4.888168,
            52.35458
          ],
          [
            4.888113,
            52.354588
          ],
          [
            4.888072,
            52.354595
          ],
          [
            4.888024,
            52.354599
          ],
          [
            4.888015,
            52.354599
          ],
          [
            4.887912,
            52.354614
          ],
          [
            4.887844,
            52.354626
          ],
          [
            4.887718,
            52.354641
          ],
          [
            4.887662,
            52.354649
          ],
          [
            4.887599,
            52.354652
          ],
          [
            4.88754,
            52.354656
          ],
          [
            4.887493,
            52.35466
          ],
          [
            4.887493,
            52.35466
          ],
          [
            4.887493,
            52.35466
          ],
          [
            4.887352,
            52.354652
          ],
          [
            4.887344,
            52.354652
          ],
          [
            4.887335,
            52.354649
          ],
          [
            4.887308,
            52.354649
          ],
          [
            4.887274,
            52.354645
          ],
          [
            4.887244,
            52.354641
          ],
          [
            4.887193,
            52.354633
          ],
          [
            4.887128,
            52.354614
          ],
          [
            4.887087,
            52.354599
          ],
          [
            4.887054,
            52.354576
          ],
          [
            4.887032,
            52.354553
          ],
          [
            4.887019,
            52.354534
          ],
          [
            4.887014,
            52.354507
          ],
          [
            4.88702,
            52.354469
          ],
          [
            4.887019,
            52.354439
          ],
          [
            4.887027,
            52.354412
          ],
          [
            4.887029,
            52.354378
          ],
          [
            4.887031,
            52.354343
          ],
          [
            4.887033,
            52.354301
          ],
          [
            4.887032,
            52.354267
          ],
          [
            4.887036,
            52.354225
          ],
          [
            4.887037,
            52.354187
          ],
          [
            4.887049,
            52.354157
          ],
          [
            4.88707,
            52.354122
          ],
          [
            4.88709,
            52.354095
          ],
          [
            4.887113,
            52.354084
          ],
          [
            4.887145,
            52.354073
          ],
          [
            4.887177,
            52.354073
          ],
          [
            4.887218,
            52.354076
          ],
          [
            4.887257,
            52.35408
          ],
          [
            4.887303,
            52.354084
          ],
          [
            4.887349,
            52.354088
          ],
          [
            4.887396,
            52.354092
          ],
          [
            4.887457,
            52.354095
          ],
          [
            4.887509,
            52.354099
          ],
          [
            4.887557,
            52.354107
          ],
          [
            4.887617,
            52.354111
          ],
          [
            4.887659,
            52.354111
          ],
          [
            4.887707,
            52.354118
          ],
          [
            4.887761,
            52.354122
          ],
          [
            4.887808,
            52.354122
          ],
          [
            4.887845,
            52.354122
          ],
          [
            4.887888,
            52.354126
          ],
          [
            4.887916,
            52.35413
          ],
          [
            4.887942,
            52.354122
          ],
          [
            4.887954,
            52.354122
          ],
          [
            4.887947,
            52.354122
          ],
          [
            4.887947,
            52.354118
          ],
          [
            4.887898,
            52.354122
          ],
          [
            4.887858,
            52.354122
          ],
          [
            4.887805,
            52.354115
          ],
          [
            4.887752,
            52.354118
          ],
          [
            4.88769,
            52.354115
          ],
          [
            4.887631,
            52.354111
          ],
          [
            4.887567,
            52.354107
          ],
          [
            4.887507,
            52.354103
          ],
          [
            4.887445,
            52.354095
          ],
          [
            4.887387,
            52.354095
          ],
          [
            4.887329,
            52.354092
          ],
          [
            4.887271,
            52.354088
          ],
          [
            4.887222,
            52.354084
          ],
          [
            4.887173,
            52.354084
          ],
          [
            4.887133,
            52.354084
          ],
          [
            4.887133,
            52.354084
          ],
          [
            4.88704,
            52.354088
          ],
          [
            4.88704,
            52.354088
          ],
          [
            4.88704,
            52.354088
          ],
          [
            4.886969,
            52.354107
          ],
          [
            4.886969,
            52.354107
          ],
          [
            4.886969,
            52.354107
          ],
          [
            4.887018,
            52.354115
          ],
          [
            4.887018,
            52.354115
          ],
          [
            4.887018,
            52.354115
          ],
          [
            4.887018,
            52.354115
          ],
          [
            4.887018,
            52.354115
          ],
          [
            4.88706,
            52.354046
          ],
          [
            4.887059,
            52.354046
          ],
          [
            4.88706,
            52.354042
          ],
          [
            4.88706,
            52.354034
          ],
          [
            4.887061,
            52.354023
          ],
          [
            4.887061,
            52.353989
          ],
          [
            4.887065,
            52.353958
          ],
          [
            4.887061,
            52.353928
          ],
          [
            4.887064,
            52.353893
          ],
          [
            4.887059,
            52.353859
          ],
          [
            4.887058,
            52.353817
          ],
          [
            4.887055,
            52.353779
          ],
          [
            4.887056,
            52.353737
          ],
          [
            4.887056,
            52.353699
          ],
          [
            4.887051,
            52.353649
          ],
          [
            4.887043,
            52.353603
          ],
          [
            4.887023,
            52.353558
          ],
          [
            4.886985,
            52.353516
          ],
          [
            4.886941,
            52.353485
          ],
          [
            4.886883,
            52.353466
          ],
          [
            4.886825,
            52.353455
          ],
          [
            4.886766,
            52.353447
          ],
          [
            4.886727,
            52.353443
          ],
          [
            4.886686,
            52.353439
          ],
          [
            4.886686,
            52.353439
          ],
          [
            4.886598,
            52.353432
          ],
          [
            4.886577,
            52.353436
          ],
          [
            4.886561,
            52.353439
          ],
          [
            4.886551,
            52.353458
          ],
          [
            4.88654,
            52.353478
          ],
          [
            4.886532,
            52.353504
          ],
          [
            4.886528,
            52.353546
          ],
          [
            4.886525,
            52.35358
          ],
          [
            4.886525,
            52.353626
          ],
          [
            4.886522,
            52.35368
          ],
          [
            4.886523,
            52.353722
          ],
          [
            4.88652,
            52.353767
          ],
          [
            4.886523,
            52.353813
          ],
          [
            4.886525,
            52.353874
          ],
          [
            4.886524,
            52.35392
          ],
          [
            4.886527,
            52.353977
          ],
          [
            4.886525,
            52.354019
          ],
          [
            4.886525,
            52.354069
          ],
          [
            4.886524,
            52.354115
          ],
          [
            4.886523,
            52.354164
          ],
          [
            4.88652,
            52.354214
          ],
          [
            4.886521,
            52.354252
          ],
          [
            4.886519,
            52.35429
          ],
          [
            4.886513,
            52.354317
          ],
          [
            4.886513,
            52.354317
          ],
          [
            4.88652,
            52.354408
          ],
          [
            4.886526,
            52.354435
          ],
          [
            4.886523,
            52.35445
          ],
          [
            4.886533,
            52.354469
          ],
          [
            4.886552,
            52.354481
          ],
          [
            4.886579,
            52.354507
          ],
          [
            4.886608,
            52.35453
          ],
          [
            4.886614,
            52.354538
          ],
          [
            4.886691,
            52.354557
          ],
          [
            4.886748,
            52.354569
          ],
          [
            4.886807,
            52.35458
          ],
          [
            4.886858,
            52.354591
          ],
          [
            4.886908,
            52.354603
          ],
          [
            4.886949,
            52.354614
          ],
          [
            4.886985,
            52.354637
          ],
          [
            4.887014,
            52.354656
          ],
          [
            4.887036,
            52.354691
          ],
          [
            4.887052,
            52.354725
          ],
          [
            4.887052,
            52.354767
          ],
          [
            4.887059,
            52.354813
          ],
          [
            4.887057,
            52.354862
          ],
          [
            4.887055,
            52.354912
          ],
          [
            4.887059,
            52.354965
          ],
          [
            4.887055,
            52.35503
          ],
          [
            4.887051,
            52.355091
          ],
          [
            4.887047,
            52.355156
          ],
          [
            4.887041,
            52.355217
          ],
          [
            4.887035,
            52.355282
          ],
          [
            4.887033,
            52.355331
          ],
          [
            4.887021,
            52.355392
          ],
          [
            4.88702,
            52.355453
          ],
          [
            4.887014,
            52.355514
          ],
          [
            4.887009,
            52.355579
          ],
          [
            4.887006,
            52.35564
          ],
          [
            4.887,
            52.355701
          ],
          [
            4.886997,
            52.355759
          ],
          [
            4.886991,
            52.35582
          ],
          [
            4.886981,
            52.355869
          ],
          [
            4.886979,
            52.35593
          ],
          [
            4.886967,
            52.356007
          ],
          [
            4.886963,
            52.356083
          ],
          [
            4.88696,
            52.356163
          ],
          [
            4.886952,
            52.356232
          ],
          [
            4.886947,
            52.356297
          ],
          [
            4.88694,
            52.356365
          ],
          [
            4.886936,
            52.356434
          ],
          [
            4.88693,
            52.356499
          ],
          [
            4.886923,
            52.35656
          ],
          [
            4.886917,
            52.356621
          ],
          [
            4.886911,
            52.356682
          ],
          [
            4.886908,
            52.356747
          ],
          [
            4.886901,
            52.356804
          ],
          [
            4.886901,
            52.356865
          ],
          [
            4.886893,
            52.356922
          ],
          [
            4.886893,
            52.356987
          ],
          [
            4.886895,
            52.357044
          ],
          [
            4.886895,
            52.357098
          ],
          [
            4.8869,
            52.357155
          ],
          [
            4.886909,
            52.357204
          ],
          [
            4.886916,
            52.357262
          ],
          [
            4.88692,
            52.357315
          ],
          [
            4.886926,
            52.357372
          ],
          [
            4.886928,
            52.357433
          ],
          [
            4.886923,
            52.357479
          ],
          [
            4.886906,
            52.357529
          ],
          [
            4.886877,
            52.357567
          ],
          [
            4.886832,
            52.357594
          ],
          [
            4.886782,
            52.357613
          ],
          [
            4.886725,
            52.357624
          ],
          [
            4.886671,
            52.357632
          ],
          [
            4.886609,
            52.357636
          ],
          [
            4.886552,
            52.357639
          ],
          [
            4.886491,
            52.357651
          ],
          [
            4.886452,
            52.357666
          ],
          [
            4.886426,
            52.357689
          ],
          [
            4.886409,
            52.357727
          ],
          [
            4.8864,
            52.357773
          ],
          [
            4.886396,
            52.357815
          ],
          [
            4.8864,
            52.357872
          ],
          [
            4.886403,
            52.357925
          ],
          [
            4.886405,
            52.357983
          ],
          [
            4.886412,
            52.358047
          ],
          [
            4.886415,
            52.358112
          ],
          [
            4.886419,
            52.358177
          ],
          [
            4.886424,
            52.358231
          ],
          [
            4.886429,
            52.358295
          ],
          [
            4.886433,
            52.35836
          ],
          [
            4.886438,
            52.358421
          ],
          [
            4.886442,
            52.358486
          ],
          [
            4.886447,
            52.358543
          ],
          [
            4.886453,
            52.358601
          ],
          [
            4.886457,
            52.358662
          ],
          [
            4.88646,
            52.358727
          ],
          [
            4.886467,
            52.358784
          ],
          [
            4.886471,
            52.358841
          ],
          [
            4.886476,
            52.358898
          ],
          [
            4.886481,
            52.358959
          ],
          [
            4.886486,
            52.359016
          ],
          [
            4.886491,
            52.359074
          ],
          [
            4.886498,
            52.359131
          ],
          [
            4.886502,
            52.359184
          ],
          [
            4.886511,
            52.359249
          ],
          [
            4.886517,
            52.35931
          ],
          [
            4.886525,
            52.359371
          ],
          [
            4.88653,
            52.359436
          ],
          [
            4.886536,
            52.359501
          ],
          [
            4.886541,
            52.359558
          ],
          [
            4.886551,
            52.359611
          ],
          [
            4.886569,
            52.359673
          ],
          [
            4.886588,
            52.359737
          ],
          [
            4.886617,
            52.359795
          ],
          [
            4.886651,
            52.359848
          ],
          [
            4.886691,
            52.359894
          ],
          [
            4.886734,
            52.359932
          ],
          [
            4.886773,
            52.359959
          ],
          [
            4.886818,
            52.359974
          ],
          [
            4.886867,
            52.359974
          ],
          [
            4.88693,
            52.359966
          ],
          [
            4.886942,
            52.359962
          ],
          [
            4.887042,
            52.359924
          ],
          [
            4.887115,
            52.359894
          ],
          [
            4.887177,
            52.359867
          ],
          [
            4.887244,
            52.359837
          ],
          [
            4.88722,
            52.359844
          ],
          [
            4.887379,
            52.35976
          ],
          [
            4.887462,
            52.359711
          ],
          [
            4.887537,
            52.359661
          ],
          [
            4.887608,
            52.359615
          ],
          [
            4.887669,
            52.359566
          ],
          [
            4.887729,
            52.35952
          ],
          [
            4.887778,
            52.359474
          ],
          [
            4.887808,
            52.35944
          ],
          [
            4.887826,
            52.359409
          ],
          [
            4.887825,
            52.359379
          ],
          [
            4.887793,
            52.359348
          ],
          [
            4.887758,
            52.359333
          ],
          [
            4.887712,
            52.359318
          ],
          [
            4.887676,
            52.35931
          ],
          [
            4.88763,
            52.359291
          ],
          [
            4.887589,
            52.35928
          ],
          [
            4.887543,
            52.359268
          ],
          [
            4.887486,
            52.359249
          ],
          [
            4.887428,
            52.359234
          ],
          [
            4.887367,
            52.359215
          ],
          [
            4.887305,
            52.3592
          ],
          [
            4.887258,
            52.359184
          ],
          [
            4.887208,
            52.359173
          ],
          [
            4.887169,
            52.359161
          ],
          [
            4.887132,
            52.35915
          ],
          [
            4.887132,
            52.35915
          ],
          [
            4.887057,
            52.359108
          ],
          [
            4.887037,
            52.359093
          ],
          [
            4.887028,
            52.359085
          ],
          [
            4.887014,
            52.359066
          ],
          [
            4.886996,
            52.359047
          ],
          [
            4.886979,
            52.359013
          ],
          [
            4.886975,
            52.358986
          ],
          [
            4.886968,
            52.358955
          ],
          [
            4.88696,
            52.358925
          ],
          [
            4.886958,
            52.358891
          ],
          [
            4.88696,
            52.358849
          ],
          [
            4.886968,
            52.358814
          ],
          [
            4.886976,
            52.35878
          ],
          [
            4.88699,
            52.358749
          ],
          [
            4.886998,
            52.358719
          ],
          [
            4.887003,
            52.358681
          ],
          [
            4.887006,
            52.358646
          ],
          [
            4.887003,
            52.358608
          ],
          [
            4.887,
            52.358574
          ],
          [
            4.886994,
            52.358528
          ],
          [
            4.886988,
            52.358482
          ],
          [
            4.886984,
            52.358448
          ],
          [
            4.886975,
            52.358406
          ],
          [
            4.886969,
            52.358368
          ],
          [
            4.88696,
            52.35833
          ],
          [
            4.886952,
            52.35828
          ],
          [
            4.88695,
            52.358242
          ],
          [
            4.886945,
            52.358189
          ],
          [
            4.886944,
            52.358147
          ],
          [
            4.886942,
            52.358105
          ],
          [
            4.88694,
            52.358074
          ],
          [
            4.886934,
            52.358025
          ],
          [
            4.88693,
            52.357967
          ],
          [
            4.886935,
            52.357929
          ],
          [
            4.886927,
            52.35788
          ],
          [
            4.886928,
            52.357838
          ],
          [
            4.886926,
            52.357796
          ],
          [
            4.886919,
            52.357738
          ],
          [
            4.886916,
            52.3577
          ],
          [
            4.886913,
            52.357658
          ],
          [
            4.88691,
            52.357609
          ],
          [
            4.886912,
            52.357552
          ],
          [
            4.886908,
            52.357513
          ],
          [
            4.886909,
            52.357468
          ],
          [
            4.88691,
            52.357407
          ],
          [
            4.886903,
            52.357361
          ],
          [
            4.886903,
            52.357311
          ],
          [
            4.8869,
            52.357265
          ],
          [
            4.886896,
            52.357204
          ],
          [
            4.88689,
            52.357136
          ],
          [
            4.886889,
            52.357086
          ],
          [
            4.886886,
            52.357048
          ],
          [
            4.886889,
            52.357014
          ],
          [
            4.886887,
            52.356979
          ],
          [
            4.886888,
            52.356953
          ],
          [
            4.886884,
            52.356922
          ],
          [
            4.886886,
            52.356888
          ],
          [
            4.88689,
            52.356869
          ],
          [
            4.88689,
            52.356853
          ],
          [
            4.886887,
            52.356842
          ],
          [
            4.886897,
            52.35685
          ],
          [
            4.886899,
            52.35688
          ],
          [
            4.886894,
            52.356899
          ],
          [
            4.886902,
            52.35693
          ],
          [
            4.886921,
            52.356957
          ],
          [
            4.886932,
            52.356964
          ],
          [
            4.887012,
            52.356979
          ],
          [
            4.887072,
            52.356983
          ],
          [
            4.887136,
            52.356983
          ],
          [
            4.887201,
            52.356979
          ],
          [
            4.887274,
            52.356979
          ],
          [
            4.887345,
            52.356976
          ],
          [
            4.88742,
            52.356968
          ],
          [
            4.887479,
            52.356964
          ],
          [
            4.887569,
            52.35696
          ],
          [
            4.887646,
            52.356957
          ],
          [
            4.88773,
            52.356957
          ],
          [
            4.887811,
            52.356953
          ],
          [
            4.887891,
            52.356949
          ],
          [
            4.887979,
            52.356945
          ],
          [
            4.888058,
            52.356941
          ],
          [
            4.88814,
            52.356937
          ],
          [
            4.888196,
            52.356934
          ],
          [
            4.888299,
            52.356926
          ],
          [
            4.888352,
            52.356922
          ],
          [
            4.888459,
            52.356918
          ],
          [
            4.888534,
            52.356915
          ],
          [
            4.888605,
            52.356911
          ],
          [
            4.888668,
            52.356907
          ],
          [
            4.888712,
            52.356899
          ],
          [
            4.888741,
            52.356884
          ],
          [
            4.888763,
            52.356869
          ],
          [
            4.888777,
            52.35685
          ],
          [
            4.888776,
            52.356827
          ],
          [
            4.888774,
            52.356808
          ],
          [
            4.88877,
            52.356792
          ],
          [
            4.888762,
            52.356773
          ],
          [
            4.888756,
            52.356747
          ],
          [
            4.888745,
            52.356716
          ],
          [
            4.888736,
            52.356678
          ],
          [
            4.888727,
            52.356644
          ],
          [
            4.888718,
            52.356602
          ],
          [
            4.888712,
            52.35656
          ],
          [
            4.888705,
            52.356514
          ],
          [
            4.8887,
            52.356476
          ],
          [
            4.88869,
            52.356434
          ],
          [
            4.888664,
            52.3564
          ],
          [
            4.888629,
            52.356365
          ],
          [
            4.88858,
            52.356346
          ],
          [
            4.888516,
            52.356327
          ],
          [
            4.888461,
            52.356327
          ],
          [
            4.888385,
            52.356327
          ],
          [
            4.88831,
            52.356331
          ],
          [
            4.888235,
            52.356335
          ],
          [
            4.888156,
            52.356342
          ],
          [
            4.888075,
            52.356346
          ],
          [
            4.887996,
            52.35635
          ],
          [
            4.887923,
            52.356358
          ],
          [
            4.887827,
            52.356361
          ],
          [
            4.887743,
            52.356369
          ],
          [
            4.887654,
            52.356369
          ],
          [
            4.88757,
            52.356377
          ],
          [
            4.887476,
            52.356381
          ],
          [
            4.887394,
            52.356388
          ],
          [
            4.887316,
            52.356392
          ],
          [
            4.887249,
            52.356396
          ],
          [
            4.887186,
            52.3564
          ],
          [
            4.887124,
            52.3564
          ],
          [
            4.887075,
            52.3564
          ],
          [
            4.887033,
            52.356392
          ],
          [
            4.88699,
            52.356377
          ],
          [
            4.886966,
            52.356361
          ],
          [
            4.886948,
            52.356331
          ],
          [
            4.886937,
            52.356297
          ],
          [
            4.886934,
            52.356255
          ],
          [
            4.886936,
            52.356209
          ],
          [
            4.88694,
            52.356171
          ],
          [
            4.886947,
            52.356121
          ],
          [
            4.886948,
            52.356075
          ],
          [
            4.886958,
            52.356026
          ],
          [
            4.886965,
            52.355968
          ],
          [
            4.886977,
            52.355927
          ],
          [
            4.88701,
            52.355881
          ],
          [
            4.88705,
            52.355854
          ],
          [
            4.887108,
            52.355831
          ],
          [
            4.887165,
            52.35582
          ],
          [
            4.887245,
            52.355816
          ],
          [
            4.887316,
            52.355812
          ],
          [
            4.887397,
            52.355804
          ],
          [
            4.887478,
            52.355801
          ],
          [
            4.887557,
            52.355797
          ],
          [
            4.887642,
            52.355793
          ],
          [
            4.887721,
            52.355793
          ],
          [
            4.887801,
            52.355782
          ],
          [
            4.887847,
            52.355785
          ],
          [
            4.887957,
            52.355774
          ],
          [
            4.887987,
            52.355774
          ],
          [
            4.88812,
            52.355766
          ],
          [
            4.888207,
            52.355763
          ],
          [
            4.888279,
            52.355759
          ],
          [
            4.888367,
            52.355755
          ],
          [
            4.888429,
            52.355747
          ],
          [
            4.88848,
            52.355736
          ],
          [
            4.888522,
            52.355724
          ],
          [
            4.888551,
            52.355701
          ],
          [
            4.888572,
            52.355682
          ],
          [
            4.888575,
            52.355648
          ],
          [
            4.888565,
            52.355606
          ],
          [
            4.888561,
            52.355564
          ],
          [
            4.888551,
            52.355526
          ],
          [
            4.888543,
            52.355484
          ],
          [
            4.888536,
            52.355442
          ],
          [
            4.888526,
            52.3554
          ],
          [
            4.888523,
            52.355358
          ],
          [
            4.888508,
            52.355324
          ],
          [
            4.888486,
            52.355282
          ],
          [
            4.888453,
            52.355251
          ],
          [
            4.888407,
            52.355236
          ],
          [
            4.888354,
            52.355225
          ],
          [
            4.888291,
            52.355225
          ],
          [
            4.888228,
            52.355228
          ],
          [
            4.888162,
            52.355232
          ],
          [
            4.888093,
            52.35524
          ],
          [
            4.888038,
            52.35524
          ],
          [
            4.887951,
            52.355248
          ],
          [
            4.887925,
            52.355248
          ],
          [
            4.887814,
            52.355259
          ],
          [
            4.887726,
            52.355263
          ],
          [
            4.887655,
            52.355274
          ],
          [
            4.887577,
            52.355278
          ],
          [
            4.887494,
            52.355282
          ],
          [
            4.887435,
            52.355289
          ],
          [
            4.887342,
            52.355293
          ],
          [
            4.887264,
            52.355293
          ],
          [
            4.887202,
            52.355289
          ],
          [
            4.887151,
            52.355282
          ],
          [
            4.887107,
            52.355267
          ],
          [
            4.887072,
            52.35524
          ],
          [
            4.887043,
            52.355217
          ],
          [
            4.887031,
            52.355187
          ],
          [
            4.887024,
            52.355156
          ],
          [
            4.887022,
            52.355118
          ],
          [
            4.887023,
            52.355083
          ],
          [
            4.887027,
            52.355041
          ],
          [
            4.88703,
            52.355
          ],
          [
            4.887033,
            52.354965
          ],
          [
            4.887036,
            52.354919
          ],
          [
            4.887038,
            52.354877
          ],
          [
            4.887043,
            52.354836
          ],
          [
            4.887049,
            52.354801
          ],
          [
            4.887052,
            52.354771
          ],
          [
            4.887064,
            52.354733
          ],
          [
            4.88708,
            52.354702
          ],
          [
            4.887107,
            52.354675
          ],
          [
            4.887167,
            52.354649
          ],
          [
            4.887172,
            52.354637
          ],
          [
            4.887278,
            52.354618
          ],
          [
            4.887387,
            52.354607
          ],
          [
            4.887433,
            52.354599
          ],
          [
            4.887534,
            52.354595
          ],
          [
            4.887665,
            52.354588
          ],
          [
            4.887692,
            52.354588
          ],
          [
            4.887855,
            52.35458
          ],
          [
            4.88798,
            52.354576
          ],
          [
            4.888084,
            52.354572
          ],
          [
            4.888192,
            52.354576
          ],
          [
            4.888243,
            52.354576
          ],
          [
            4.888373,
            52.354588
          ],
          [
            4.888482,
            52.354603
          ],
          [
            4.888583,
            52.354622
          ],
          [
            4.888679,
            52.354637
          ],
          [
            4.888742,
            52.354649
          ],
          [
            4.88886,
            52.354675
          ],
          [
            4.888962,
            52.354698
          ],
          [
            4.889056,
            52.354717
          ],
          [
            4.88913,
            52.354733
          ],
          [
            4.889238,
            52.354755
          ],
          [
            4.889334,
            52.354774
          ],
          [
            4.889427,
            52.354794
          ],
          [
            4.88948,
            52.354805
          ],
          [
            4.889601,
            52.354828
          ],
          [
            4.889703,
            52.354851
          ],
          [
            4.889795,
            52.35487
          ],
          [
            4.88988,
            52.354889
          ],
          [
            4.889966,
            52.354908
          ],
          [
            4.890039,
            52.354923
          ],
          [
            4.890097,
            52.354935
          ],
          [
            4.890097,
            52.354935
          ],
          [
            4.890097,
            52.354935
          ],
          [
            4.890097,
            52.354935
          ],
          [
            4.890257,
            52.354961
          ],
          [
            4.890272,
            52.354965
          ],
          [
            4.890283,
            52.354965
          ],
          [
            4.890305,
            52.354969
          ],
          [
            4.890328,
            52.354977
          ],
          [
            4.890347,
            52.35498
          ],
          [
            4.890373,
            52.354988
          ],
          [
            4.890393,
            52.354992
          ],
          [
            4.890413,
            52.355019
          ],
          [
            4.890428,
            52.355045
          ],
          [
            4.890435,
            52.355072
          ],
          [
            4.890442,
            52.35511
          ],
          [
            4.890446,
            52.355141
          ],
          [
            4.890448,
            52.355183
          ],
          [
            4.890452,
            52.355221
          ],
          [
            4.89046,
            52.355263
          ],
          [
            4.890466,
            52.355312
          ],
          [
            4.890465,
            52.355351
          ],
          [
            4.890475,
            52.355396
          ],
          [
            4.890475,
            52.35545
          ],
          [
            4.890486,
            52.355495
          ],
          [
            4.890483,
            52.355541
          ],
          [
            4.890495,
            52.355595
          ],
          [
            4.890496,
            52.355652
          ],
          [
            4.890506,
            52.355701
          ],
          [
            4.890514,
            52.355755
          ],
          [
            4.890524,
            52.355812
          ],
          [
            4.890525,
            52.355869
          ],
          [
            4.890523,
            52.355923
          ],
          [
            4.890522,
            52.355976
          ],
          [
            4.890532,
            52.356045
          ],
          [
            4.890539,
            52.356117
          ],
          [
            4.890547,
            52.356186
          ],
          [
            4.89056,
            52.356255
          ],
          [
            4.890569,
            52.356312
          ],
          [
            4.89058,
            52.356381
          ],
          [
            4.89059,
            52.356449
          ],
          [
            4.890597,
            52.35651
          ],
          [
            4.890608,
            52.356571
          ],
          [
            4.890628,
            52.356644
          ],
          [
            4.890651,
            52.356701
          ],
          [
            4.890682,
            52.356762
          ],
          [
            4.890711,
            52.356823
          ],
          [
            4.890745,
            52.35688
          ],
          [
            4.890766,
            52.356934
          ],
          [
            4.890789,
            52.356987
          ],
          [
            4.8908,
            52.35704
          ],
          [
            4.890824,
            52.357098
          ],
          [
            4.890833,
            52.357147
          ],
          [
            4.89085,
            52.357197
          ],
          [
            4.890877,
            52.357235
          ],
          [
            4.890892,
            52.35725
          ],
          [
            4.890959,
            52.357285
          ],
          [
            4.891023,
            52.357304
          ],
          [
            4.891084,
            52.357311
          ],
          [
            4.89115,
            52.357315
          ],
          [
            4.891217,
            52.357319
          ],
          [
            4.891284,
            52.357307
          ],
          [
            4.891344,
            52.357292
          ],
          [
            4.891397,
            52.357277
          ],
          [
            4.891451,
            52.357254
          ],
          [
            4.891499,
            52.357231
          ],
          [
            4.891533,
            52.357208
          ],
          [
            4.891543,
            52.357174
          ],
          [
            4.891576,
            52.357128
          ],
          [
            4.891583,
            52.357094
          ],
          [
            4.891596,
            52.357063
          ],
          [
            4.891594,
            52.357021
          ],
          [
            4.891593,
            52.356976
          ],
          [
            4.891583,
            52.356937
          ],
          [
            4.891572,
            52.35688
          ],
          [
            4.891569,
            52.356842
          ],
          [
            4.89156,
            52.356812
          ],
          [
            4.891574,
            52.356792
          ],
          [
            4.891594,
            52.356766
          ],
          [
            4.891615,
            52.35675
          ],
          [
            4.891655,
            52.356739
          ],
          [
            4.891733,
            52.356728
          ],
          [
            4.891878,
            52.356716
          ],
          [
            4.891973,
            52.356708
          ],
          [
            4.892046,
            52.356705
          ],
          [
            4.89217,
            52.356697
          ],
          [
            4.892272,
            52.356693
          ],
          [
            4.892363,
            52.356689
          ],
          [
            4.892442,
            52.356689
          ],
          [
            4.892511,
            52.356697
          ],
          [
            4.892568,
            52.356708
          ],
          [
            4.892614,
            52.356724
          ],
          [
            4.892647,
            52.356754
          ],
          [
            4.892657,
            52.356792
          ],
          [
            4.892684,
            52.356838
          ],
          [
            4.89268,
            52.35688
          ],
          [
            4.892695,
            52.356926
          ],
          [
            4.892699,
            52.356979
          ],
          [
            4.89271,
            52.357033
          ],
          [
            4.892723,
            52.357082
          ],
          [
            4.892739,
            52.357128
          ],
          [
            4.892774,
            52.357159
          ],
          [
            4.892823,
            52.357182
          ],
          [
            4.892826,
            52.357197
          ],
          [
            4.892975,
            52.357201
          ],
          [
            4.893076,
            52.357193
          ],
          [
            4.893168,
            52.357189
          ],
          [
            4.893268,
            52.357185
          ],
          [
            4.893364,
            52.357185
          ],
          [
            4.893424,
            52.357182
          ],
          [
            4.893558,
            52.357178
          ],
          [
            4.893606,
            52.357178
          ],
          [
            4.893754,
            52.35717
          ],
          [
            4.89378,
            52.357174
          ],
          [
            4.893957,
            52.357166
          ],
          [
            4.894016,
            52.357166
          ],
          [
            4.894165,
            52.357155
          ],
          [
            4.894254,
            52.357151
          ],
          [
            4.894371,
            52.35714
          ],
          [
            4.894475,
            52.357136
          ],
          [
            4.89453,
            52.357136
          ],
          [
            4.894668,
            52.357132
          ],
          [
            4.894756,
            52.357128
          ],
          [
            4.894875,
            52.357124
          ],
          [
            4.894969,
            52.357121
          ],
          [
            4.895071,
            52.357117
          ],
          [
            4.895124,
            52.357113
          ],
          [
            4.895257,
            52.357109
          ],
          [
            4.895367,
            52.357105
          ],
          [
            4.895415,
            52.357101
          ],
          [
            4.895562,
            52.357094
          ],
          [
            4.895673,
            52.35709
          ],
          [
            4.895776,
            52.35709
          ],
          [
            4.895874,
            52.357086
          ],
          [
            4.895939,
            52.357082
          ],
          [
            4.896059,
            52.357075
          ],
          [
            4.896163,
            52.357071
          ],
          [
            4.896261,
            52.357067
          ],
          [
            4.896353,
            52.357063
          ],
          [
            4.896445,
            52.357056
          ],
          [
            4.896541,
            52.357052
          ],
          [
            4.896635,
            52.357044
          ],
          [
            4.896692,
            52.35704
          ],
          [
            4.896802,
            52.357029
          ],
          [
            4.896872,
            52.357014
          ],
          [
            4.896919,
            52.356995
          ],
          [
            4.896943,
            52.356972
          ],
          [
            4.896949,
            52.356945
          ],
          [
            4.896923,
            52.356918
          ],
          [
            4.896884,
            52.356895
          ],
          [
            4.896828,
            52.356873
          ],
          [
            4.896784,
            52.356857
          ],
          [
            4.896698,
            52.356834
          ],
          [
            4.896625,
            52.356815
          ],
          [
            4.896549,
            52.356792
          ],
          [
            4.896465,
            52.356773
          ],
          [
            4.896375,
            52.35675
          ],
          [
            4.896287,
            52.356728
          ],
          [
            4.896201,
            52.356705
          ],
          [
            4.896116,
            52.356678
          ],
          [
            4.896027,
            52.356655
          ],
          [
            4.895943,
            52.356628
          ],
          [
            4.895861,
            52.356606
          ],
          [
            4.895779,
            52.356583
          ],
          [
            4.895704,
            52.356556
          ],
          [
            4.895626,
            52.356533
          ],
          [
            4.895557,
            52.356514
          ],
          [
            4.895477,
            52.356499
          ],
          [
            4.895417,
            52.356483
          ],
          [
            4.895326,
            52.35648
          ],
          [
            4.895256,
            52.356483
          ],
          [
            4.895193,
            52.356495
          ],
          [
            4.895116,
            52.356506
          ],
          [
            4.895043,
            52.356522
          ],
          [
            4.894979,
            52.356537
          ],
          [
            4.894905,
            52.356548
          ],
          [
            4.894828,
            52.356556
          ],
          [
            4.894756,
            52.356571
          ],
          [
            4.894729,
            52.356571
          ],
          [
            4.894596,
            52.356583
          ],
          [
            4.894501,
            52.35659
          ],
          [
            4.894413,
            52.356598
          ],
          [
            4.894325,
            52.356602
          ],
          [
            4.894226,
            52.356606
          ],
          [
            4.894132,
            52.356609
          ],
          [
            4.894038,
            52.356609
          ],
          [
            4.893943,
            52.356609
          ],
          [
            4.893845,
            52.356617
          ],
          [
            4.893751,
            52.356625
          ],
          [
            4.893655,
            52.356628
          ],
          [
            4.893617,
            52.356632
          ],
          [
            4.893469,
            52.356636
          ],
          [
            4.89336,
            52.356644
          ],
          [
            4.893264,
            52.356647
          ],
          [
            4.893177,
            52.356651
          ],
          [
            4.89309,
            52.356655
          ],
          [
            4.893007,
            52.356663
          ],
          [
            4.892965,
            52.356667
          ],
          [
            4.892854,
            52.35667
          ],
          [
            4.892782,
            52.356667
          ],
          [
            4.892729,
            52.356651
          ],
          [
            4.892691,
            52.356632
          ],
          [
            4.892664,
            52.356606
          ],
          [
            4.892643,
            52.356564
          ],
          [
            4.89263,
            52.356522
          ],
          [
            4.89262,
            52.356468
          ],
          [
            4.892601,
            52.356411
          ],
          [
            4.8926,
            52.356358
          ],
          [
            4.892586,
            52.356308
          ],
          [
            4.892579,
            52.356255
          ],
          [
            4.892571,
            52.356201
          ],
          [
            4.892567,
            52.356159
          ],
          [
            4.892559,
            52.356117
          ],
          [
            4.892552,
            52.356079
          ],
          [
            4.892552,
            52.356007
          ],
          [
            4.892561,
            52.355976
          ],
          [
            4.892589,
            52.355942
          ],
          [
            4.892619,
            52.355923
          ],
          [
            4.892665,
            52.355907
          ],
          [
            4.892722,
            52.355904
          ],
          [
            4.892772,
            52.355907
          ],
          [
            4.892833,
            52.355915
          ],
          [
            4.892893,
            52.35593
          ],
          [
            4.892963,
            52.355946
          ],
          [
            4.89303,
            52.355961
          ],
          [
            4.893095,
            52.355972
          ],
          [
            4.893172,
            52.355991
          ],
          [
            4.893244,
            52.356007
          ],
          [
            4.893317,
            52.356018
          ],
          [
            4.893391,
            52.356037
          ],
          [
            4.893462,
            52.356052
          ],
          [
            4.893511,
            52.356064
          ],
          [
            4.893624,
            52.356091
          ],
          [
            4.893714,
            52.356106
          ],
          [
            4.893806,
            52.356129
          ],
          [
            4.893893,
            52.356144
          ],
          [
            4.893981,
            52.356163
          ],
          [
            4.894061,
            52.356178
          ],
          [
            4.894142,
            52.356197
          ],
          [
            4.894222,
            52.356213
          ],
          [
            4.89428,
            52.356224
          ],
          [
            4.894377,
            52.356243
          ],
          [
            4.894458,
            52.356262
          ],
          [
            4.894495,
            52.35627
          ],
          [
            4.894624,
            52.356297
          ],
          [
            4.894713,
            52.356316
          ],
          [
            4.894798,
            52.356331
          ],
          [
            4.894885,
            52.356346
          ],
          [
            4.894967,
            52.356365
          ],
          [
            4.895044,
            52.356377
          ],
          [
            4.895124,
            52.3564
          ],
          [
            4.895197,
            52.356415
          ],
          [
            4.895242,
            52.356422
          ],
          [
            4.895342,
            52.356445
          ],
          [
            4.895415,
            52.356461
          ],
          [
            4.895494,
            52.35648
          ],
          [
            4.895566,
            52.356495
          ],
          [
            4.895631,
            52.356514
          ],
          [
            4.89569,
            52.356529
          ],
          [
            4.895787,
            52.356556
          ],
          [
            4.895865,
            52.356579
          ],
          [
            4.895939,
            52.356602
          ],
          [
            4.896008,
            52.356625
          ],
          [
            4.896076,
            52.35664
          ],
          [
            4.896138,
            52.356663
          ],
          [
            4.896212,
            52.356686
          ],
          [
            4.896285,
            52.356705
          ],
          [
            4.896359,
            52.356728
          ],
          [
            4.896429,
            52.35675
          ],
          [
            4.896502,
            52.35677
          ],
          [
            4.896582,
            52.356789
          ],
          [
            4.896658,
            52.356812
          ],
          [
            4.896737,
            52.356834
          ],
          [
            4.896821,
            52.356857
          ],
          [
            4.896884,
            52.35688
          ],
          [
            4.896951,
            52.356895
          ],
          [
            4.897006,
            52.356907
          ],
          [
            4.897049,
            52.356899
          ],
          [
            4.897085,
            52.356884
          ],
          [
            4.897113,
            52.356876
          ],
          [
            4.897144,
            52.356853
          ],
          [
            4.897171,
            52.356815
          ],
          [
            4.89721,
            52.356766
          ],
          [
            4.897241,
            52.356731
          ],
          [
            4.897264,
            52.356705
          ],
          [
            4.897291,
            52.356667
          ],
          [
            4.897306,
            52.356632
          ],
          [
            4.897324,
            52.356606
          ],
          [
            4.897347,
            52.356586
          ],
          [
            4.897372,
            52.35656
          ],
          [
            4.897393,
            52.356537
          ],
          [
            4.897412,
            52.356506
          ],
          [
            4.897439,
            52.356476
          ],
          [
            4.89746,
            52.356449
          ],
          [
            4.897475,
            52.356426
          ],
          [
            4.897494,
            52.3564
          ],
          [
            4.897512,
            52.356377
          ],
          [
            4.897529,
            52.356358
          ],
          [
            4.897541,
            52.356339
          ],
          [
            4.897541,
            52.356339
          ],
          [
            4.897559,
            52.3563
          ],
          [
            4.897559,
            52.3563
          ],
          [
            4.897574,
            52.356262
          ],
          [
            4.897583,
            52.356255
          ],
          [
            4.897587,
            52.356243
          ],
          [
            4.8976,
            52.356228
          ],
          [
            4.897611,
            52.356209
          ],
          [
            4.89762,
            52.35619
          ],
          [
            4.897637,
            52.356171
          ],
          [
            4.897657,
            52.356152
          ],
          [
            4.897694,
            52.356144
          ],
          [
            4.897736,
            52.356144
          ],
          [
            4.89779,
            52.356155
          ],
          [
            4.897839,
            52.356167
          ],
          [
            4.897894,
            52.356182
          ],
          [
            4.897945,
            52.356201
          ],
          [
            4.898,
            52.356216
          ],
          [
            4.898058,
            52.356232
          ],
          [
            4.898128,
            52.356255
          ],
          [
            4.8982,
            52.356274
          ],
          [
            4.89827,
            52.356297
          ],
          [
            4.898351,
            52.356319
          ],
          [
            4.898435,
            52.356342
          ],
          [
            4.898522,
            52.356369
          ],
          [
            4.898563,
            52.356381
          ],
          [
            4.898698,
            52.356419
          ],
          [
            4.898797,
            52.356449
          ],
          [
            4.898886,
            52.356472
          ],
          [
            4.898977,
            52.356503
          ],
          [
            4.899067,
            52.356529
          ],
          [
            4.89915,
            52.356556
          ],
          [
            4.899221,
            52.356579
          ],
          [
            4.899277,
            52.356598
          ],
          [
            4.899329,
            52.356609
          ],
          [
            4.89939,
            52.356628
          ],
          [
            4.89945,
            52.356647
          ],
          [
            4.89951,
            52.356667
          ],
          [
            4.899565,
            52.356682
          ],
          [
            4.899606,
            52.356701
          ],
          [
            4.899638,
            52.356712
          ],
          [
            4.899672,
            52.356731
          ],
          [
            4.899697,
            52.35675
          ],
          [
            4.899731,
            52.356781
          ],
          [
            4.899749,
            52.356819
          ],
          [
            4.899753,
            52.35685
          ],
          [
            4.899751,
            52.356895
          ],
          [
            4.899745,
            52.356937
          ],
          [
            4.899726,
            52.356983
          ],
          [
            4.899708,
            52.357037
          ],
          [
            4.89969,
            52.357094
          ],
          [
            4.899669,
            52.357147
          ],
          [
            4.899651,
            52.357197
          ],
          [
            4.899633,
            52.35725
          ],
          [
            4.899614,
            52.357304
          ],
          [
            4.899591,
            52.357357
          ],
          [
            4.899575,
            52.357399
          ],
          [
            4.899551,
            52.357452
          ],
          [
            4.899527,
            52.357506
          ],
          [
            4.899501,
            52.357559
          ],
          [
            4.899478,
            52.357601
          ],
          [
            4.899461,
            52.357639
          ],
          [
            4.899442,
            52.35767
          ],
          [
            4.899442,
            52.35767
          ],
          [
            4.899442,
            52.35767
          ],
          [
            4.899442,
            52.35767
          ],
          [
            4.899442,
            52.35767
          ],
          [
            4.899404,
            52.357773
          ],
          [
            4.899398,
            52.357784
          ],
          [
            4.899399,
            52.357796
          ],
          [
            4.899399,
            52.357811
          ],
          [
            4.899401,
            52.357841
          ],
          [
            4.8994,
            52.357872
          ],
          [
            4.899403,
            52.357902
          ],
          [
            4.899402,
            52.357933
          ],
          [
            4.899399,
            52.357975
          ],
          [
            4.899396,
            52.358006
          ],
          [
            4.899391,
            52.358044
          ],
          [
            4.899383,
            52.358086
          ],
          [
            4.899374,
            52.358135
          ],
          [
            4.899365,
            52.358185
          ],
          [
            4.899355,
            52.358242
          ],
          [
            4.899344,
            52.358303
          ],
          [
            4.899329,
            52.35836
          ],
          [
            4.899313,
            52.358429
          ],
          [
            4.899295,
            52.35849
          ],
          [
            4.899274,
            52.358559
          ],
          [
            4.899252,
            52.358624
          ],
          [
            4.899232,
            52.358685
          ],
          [
            4.899206,
            52.358753
          ],
          [
            4.899181,
            52.358814
          ],
          [
            4.899157,
            52.358871
          ],
          [
            4.899127,
            52.358936
          ],
          [
            4.899098,
            52.358997
          ],
          [
            4.89907,
            52.359062
          ],
          [
            4.899048,
            52.359116
          ],
          [
            4.899017,
            52.359173
          ],
          [
            4.898994,
            52.35923
          ],
          [
            4.898969,
            52.359283
          ],
          [
            4.898949,
            52.359318
          ],
          [
            4.898927,
            52.359345
          ],
          [
            4.898897,
            52.359367
          ],
          [
            4.898864,
            52.359379
          ],
          [
            4.898815,
            52.359383
          ],
          [
            4.898792,
            52.359379
          ],
          [
            4.898779,
            52.359375
          ],
          [
            4.898768,
            52.359371
          ],
          [
            4.898693,
            52.359295
          ],
          [
            4.898674,
            52.359253
          ],
          [
            4.898677,
            52.359211
          ],
          [
            4.898691,
            52.359161
          ],
          [
            4.898716,
            52.359112
          ],
          [
            4.898738,
            52.359058
          ],
          [
            4.898763,
            52.359001
          ],
          [
            4.898787,
            52.358944
          ],
          [
            4.898813,
            52.358883
          ],
          [
            4.898839,
            52.358822
          ],
          [
            4.898867,
            52.358765
          ],
          [
            4.8989,
            52.358696
          ],
          [
            4.898928,
            52.358639
          ],
          [
            4.898953,
            52.358578
          ],
          [
            4.898968,
            52.358524
          ],
          [
            4.898985,
            52.358459
          ],
          [
            4.898988,
            52.358391
          ],
          [
            4.898988,
            52.35833
          ],
          [
            4.898995,
            52.358273
          ],
          [
            4.898993,
            52.358215
          ],
          [
            4.898994,
            52.358158
          ],
          [
            4.899003,
            52.358109
          ],
          [
            4.899012,
            52.358063
          ],
          [
            4.899019,
            52.358017
          ],
          [
            4.899019,
            52.358017
          ],
          [
            4.899026,
            52.357944
          ],
          [
            4.899027,
            52.357929
          ],
          [
            4.899027,
            52.357929
          ],
          [
            4.898996,
            52.357891
          ],
          [
            4.898976,
            52.35788
          ],
          [
            4.898941,
            52.357868
          ],
          [
            4.898901,
            52.357861
          ],
          [
            4.898845,
            52.357845
          ],
          [
            4.898789,
            52.357834
          ],
          [
            4.898726,
            52.357822
          ],
          [
            4.898683,
            52.357815
          ],
          [
            4.898589,
            52.357803
          ],
          [
            4.898511,
            52.357796
          ],
          [
            4.898429,
            52.357788
          ],
          [
            4.898368,
            52.35778
          ],
          [
            4.898259,
            52.357777
          ],
          [
            4.89818,
            52.357773
          ],
          [
            4.898104,
            52.357761
          ],
          [
            4.898046,
            52.357754
          ],
          [
            4.89799,
            52.357735
          ],
          [
            4.897935,
            52.357723
          ],
          [
            4.897871,
            52.357708
          ],
          [
            4.897809,
            52.3577
          ],
          [
            4.897747,
            52.3577
          ],
          [
            4.897684,
            52.357704
          ],
          [
            4.897616,
            52.357704
          ],
          [
            4.897552,
            52.357708
          ],
          [
            4.897483,
            52.357708
          ],
          [
            4.89748,
            52.357708
          ],
          [
            4.897317,
            52.357716
          ],
          [
            4.897249,
            52.357719
          ],
          [
            4.897173,
            52.357723
          ],
          [
            4.897031,
            52.357735
          ],
          [
            4.896925,
            52.357742
          ],
          [
            4.896838,
            52.35775
          ],
          [
            4.896729,
            52.357754
          ],
          [
            4.896613,
            52.357758
          ],
          [
            4.896535,
            52.357761
          ],
          [
            4.89641,
            52.357769
          ],
          [
            4.896302,
            52.357773
          ],
          [
            4.896262,
            52.357777
          ],
          [
            4.896181,
            52.35778
          ],
          [
            4.896011,
            52.357792
          ],
          [
            4.895952,
            52.357796
          ],
          [
            4.8958,
            52.357807
          ],
          [
            4.895743,
            52.357811
          ],
          [
            4.895589,
            52.357819
          ],
          [
            4.895529,
            52.357822
          ],
          [
            4.895385,
            52.35783
          ],
          [
            4.8953,
            52.357834
          ],
          [
            4.895174,
            52.357841
          ],
          [
            4.895063,
            52.357845
          ],
          [
            4.895071,
            52.357845
          ],
          [
            4.894877,
            52.357857
          ],
          [
            4.894772,
            52.357864
          ],
          [
            4.894663,
            52.357872
          ],
          [
            4.89457,
            52.35788
          ],
          [
            4.894488,
            52.357883
          ],
          [
            4.894366,
            52.357891
          ],
          [
            4.894352,
            52.357895
          ],
          [
            4.894175,
            52.357906
          ],
          [
            4.89407,
            52.357906
          ],
          [
            4.894085,
            52.35791
          ],
          [
            4.893877,
            52.357922
          ],
          [
            4.893768,
            52.357929
          ],
          [
            4.893661,
            52.357937
          ],
          [
            4.893619,
            52.357937
          ],
          [
            4.89359,
            52.357937
          ],
          [
            4.893375,
            52.357952
          ],
          [
            4.893268,
            52.35796
          ],
          [
            4.893199,
            52.357964
          ],
          [
            4.893073,
            52.357971
          ],
          [
            4.893025,
            52.357975
          ],
          [
            4.892904,
            52.35799
          ],
          [
            4.892765,
            52.358006
          ],
          [
            4.892745,
            52.358006
          ],
          [
            4.892685,
            52.358013
          ],
          [
            4.892477,
            52.358032
          ],
          [
            4.892495,
            52.358032
          ],
          [
            4.89227,
            52.358047
          ],
          [
            4.892153,
            52.358055
          ],
          [
            4.892147,
            52.358055
          ],
          [
            4.891969,
            52.358063
          ],
          [
            4.891939,
            52.358067
          ],
          [
            4.891777,
            52.358078
          ],
          [
            4.891676,
            52.358082
          ],
          [
            4.891589,
            52.358086
          ],
          [
            4.891573,
            52.358086
          ],
          [
            4.891448,
            52.358093
          ],
          [
            4.891378,
            52.358101
          ],
          [
            4.891308,
            52.358105
          ],
          [
            4.89125,
            52.358112
          ],
          [
            4.891211,
            52.358116
          ],
          [
            4.891211,
            52.358116
          ],
          [
            4.891211,
            52.358116
          ],
          [
            4.891211,
            52.358116
          ],
          [
            4.891211,
            52.358116
          ],
          [
            4.891123,
            52.358131
          ],
          [
            4.891123,
            52.358131
          ],
          [
            4.891088,
            52.358139
          ],
          [
            4.891088,
            52.358139
          ],
          [
            4.891061,
            52.358147
          ],
          [
            4.891061,
            52.358147
          ],
          [
            4.891061,
            52.358147
          ],
          [
            4.891061,
            52.358147
          ],
          [
            4.891061,
            52.358147
          ],
          [
            4.891022,
            52.358151
          ],
          [
            4.891022,
            52.358151
          ],
          [
            4.890988,
            52.358158
          ],
          [
            4.890978,
            52.358162
          ],
          [
            4.890956,
            52.358162
          ],
          [
            4.890915,
            52.358166
          ],
          [
            4.890864,
            52.35817
          ],
          [
            4.890823,
            52.35817
          ],
          [
            4.890736,
            52.35817
          ],
          [
            4.890665,
            52.358173
          ],
          [
            4.890586,
            52.358181
          ],
          [
            4.890518,
            52.358189
          ],
          [
            4.890425,
            52.358204
          ],
          [
            4.890343,
            52.358219
          ],
          [
            4.89026,
            52.358234
          ],
          [
            4.890179,
            52.35825
          ],
          [
            4.89009,
            52.358269
          ],
          [
            4.890005,
            52.358284
          ],
          [
            4.889924,
            52.358303
          ],
          [
            4.889839,
            52.358326
          ],
          [
            4.889754,
            52.358349
          ],
          [
            4.889668,
            52.358376
          ],
          [
            4.889584,
            52.358406
          ],
          [
            4.8895,
            52.358437
          ],
          [
            4.889425,
            52.358467
          ],
          [
            4.889347,
            52.358501
          ],
          [
            4.889277,
            52.358543
          ],
          [
            4.889216,
            52.358578
          ],
          [
            4.88915,
            52.358612
          ],
          [
            4.889086,
            52.358646
          ],
          [
            4.889019,
            52.358681
          ],
          [
            4.88894,
            52.358711
          ],
          [
            4.888865,
            52.358742
          ],
          [
            4.888795,
            52.358776
          ],
          [
            4.888723,
            52.358814
          ],
          [
            4.888652,
            52.358856
          ],
          [
            4.888589,
            52.358898
          ],
          [
            4.888519,
            52.358948
          ],
          [
            4.888456,
            52.358997
          ],
          [
            4.888395,
            52.359047
          ],
          [
            4.888341,
            52.3591
          ],
          [
            4.888285,
            52.35915
          ],
          [
            4.888242,
            52.359196
          ],
          [
            4.888198,
            52.359245
          ],
          [
            4.888167,
            52.359299
          ],
          [
            4.888143,
            52.359345
          ],
          [
            4.888117,
            52.35939
          ],
          [
            4.888092,
            52.359447
          ],
          [
            4.888061,
            52.359497
          ],
          [
            4.888022,
            52.359543
          ],
          [
            4.887979,
            52.359592
          ],
          [
            4.887928,
            52.359638
          ],
          [
            4.887866,
            52.359688
          ],
          [
            4.887812,
            52.359726
          ],
          [
            4.887756,
            52.359764
          ],
          [
            4.887696,
            52.359802
          ],
          [
            4.887634,
            52.359837
          ],
          [
            4.887579,
            52.359867
          ],
          [
            4.887513,
            52.359905
          ],
          [
            4.887455,
            52.359936
          ],
          [
            4.887401,
            52.359966
          ],
          [
            4.887343,
            52.359997
          ],
          [
            4.88729,
            52.360024
          ],
          [
            4.887225,
            52.360054
          ],
          [
            4.887159,
            52.360085
          ],
          [
            4.887096,
            52.360115
          ],
          [
            4.88703,
            52.360146
          ],
          [
            4.886957,
            52.36018
          ],
          [
            4.886883,
            52.360214
          ],
          [
            4.886808,
            52.360245
          ],
          [
            4.886734,
            52.360279
          ],
          [
            4.886662,
            52.360313
          ],
          [
            4.886588,
            52.360348
          ],
          [
            4.886521,
            52.360382
          ],
          [
            4.886454,
            52.360416
          ],
          [
            4.886382,
            52.360455
          ],
          [
            4.88632,
            52.360485
          ],
          [
            4.886253,
            52.360523
          ],
          [
            4.886179,
            52.360561
          ],
          [
            4.8861,
            52.360603
          ],
          [
            4.886027,
            52.360645
          ],
          [
            4.885956,
            52.36068
          ],
          [
            4.88588,
            52.360722
          ],
          [
            4.885801,
            52.360767
          ],
          [
            4.885722,
            52.360809
          ],
          [
            4.885648,
            52.360847
          ],
          [
            4.885568,
            52.360889
          ],
          [
            4.885489,
            52.360928
          ],
          [
            4.885389,
            52.360977
          ],
          [
            4.885281,
            52.361034
          ],
          [
            4.88518,
            52.36108
          ],
          [
            4.885084,
            52.36113
          ],
          [
            4.884995,
            52.361164
          ],
          [
            4.884913,
            52.361195
          ],
          [
            4.88482,
            52.361233
          ],
          [
            4.884737,
            52.361275
          ],
          [
            4.884648,
            52.361313
          ],
          [
            4.884565,
            52.361351
          ],
          [
            4.884479,
            52.361393
          ],
          [
            4.884408,
            52.361427
          ],
          [
            4.884352,
            52.36145
          ],
          [
            4.884281,
            52.361484
          ],
          [
            4.884209,
            52.361515
          ],
          [
            4.884136,
            52.361546
          ],
          [
            4.884065,
            52.361576
          ],
          [
            4.883971,
            52.361607
          ],
          [
            4.88389,
            52.361633
          ],
          [
            4.883798,
            52.361656
          ],
          [
            4.883703,
            52.361679
          ],
          [
            4.88361,
            52.361698
          ],
          [
            4.883513,
            52.36171
          ],
          [
            4.883421,
            52.361721
          ],
          [
            4.883327,
            52.361733
          ],
          [
            4.88323,
            52.36174
          ],
          [
            4.883142,
            52.361744
          ],
          [
            4.883041,
            52.361752
          ],
          [
            4.882947,
            52.361752
          ],
          [
            4.882875,
            52.361752
          ],
          [
            4.882772,
            52.361755
          ],
          [
            4.882694,
            52.361755
          ],
          [
            4.882614,
            52.361755
          ],
          [
            4.882534,
            52.361755
          ],
          [
            4.882472,
            52.361759
          ],
          [
            4.882385,
            52.361767
          ],
          [
            4.882314,
            52.361778
          ],
          [
            4.882253,
            52.361797
          ],
          [
            4.882189,
            52.361824
          ],
          [
            4.882133,
            52.361851
          ],
          [
            4.882068,
            52.361885
          ],
          [
            4.882003,
            52.361916
          ],
          [
            4.881927,
            52.36195
          ],
          [
            4.881851,
            52.361984
          ],
          [
            4.881781,
            52.362015
          ],
          [
            4.88175,
            52.362026
          ],
          [
            4.881691,
            52.362053
          ],
          [
            4.881619,
            52.362087
          ],
          [
            4.881485,
            52.36216
          ],
          [
            4.881423,
            52.362209
          ],
          [
            4.881373,
            52.362255
          ],
          [
            4.881328,
            52.362309
          ],
          [
            4.881294,
            52.362362
          ],
          [
            4.881295,
            52.362362
          ],
          [
            4.881289,
            52.362373
          ],
          [
            4.881274,
            52.362396
          ],
          [
            4.881258,
            52.362427
          ],
          [
            4.88124,
            52.362465
          ],
          [
            4.881219,
            52.362507
          ],
          [
            4.881189,
            52.362576
          ],
          [
            4.881126,
            52.362659
          ],
          [
            4.881017,
            52.36274
          ],
          [
            4.880953,
            52.362766
          ],
          [
            4.880903,
            52.362778
          ],
          [
            4.880855,
            52.362782
          ],
          [
            4.880812,
            52.362782
          ],
          [
            4.880776,
            52.362782
          ],
          [
            4.880731,
            52.362778
          ],
          [
            4.880688,
            52.362774
          ],
          [
            4.880643,
            52.362766
          ],
          [
            4.880599,
            52.362762
          ],
          [
            4.880559,
            52.362759
          ],
          [
            4.880559,
            52.362759
          ],
          [
            4.880559,
            52.362759
          ],
          [
            4.880559,
            52.362759
          ],
          [
            4.880559,
            52.362759
          ],
          [
            4.880481,
            52.362747
          ],
          [
            4.880481,
            52.362747
          ],
          [
            4.880437,
            52.36272
          ],
          [
            4.880415,
            52.362713
          ],
          [
            4.880387,
            52.362705
          ],
          [
            4.880357,
            52.36269
          ],
          [
            4.88033,
            52.362675
          ],
          [
            4.88031,
            52.362659
          ],
          [
            4.880295,
            52.362644
          ],
          [
            4.880287,
            52.362633
          ],
          [
            4.880291,
            52.362621
          ],
          [
            4.880311,
            52.362595
          ],
          [
            4.880331,
            52.362568
          ],
          [
            4.88036,
            52.362537
          ],
          [
            4.880393,
            52.362499
          ],
          [
            4.880427,
            52.362465
          ],
          [
            4.880475,
            52.362423
          ],
          [
            4.880516,
            52.362389
          ],
          [
            4.880564,
            52.36235
          ],
          [
            4.880604,
            52.362312
          ],
          [
            4.880651,
            52.36227
          ],
          [
            4.8807,
            52.362225
          ],
          [
            4.880745,
            52.362175
          ],
          [
            4.880803,
            52.362129
          ],
          [
            4.880864,
            52.36208
          ],
          [
            4.880929,
            52.36203
          ],
          [
            4.880994,
            52.361984
          ],
          [
            4.881053,
            52.36195
          ],
          [
            4.881114,
            52.361916
          ],
          [
            4.881183,
            52.361889
          ],
          [
            4.881239,
            52.361866
          ],
          [
            4.881294,
            52.361847
          ],
          [
            4.881344,
            52.361835
          ],
          [
            4.881403,
            52.36182
          ],
          [
            4.881447,
            52.361805
          ],
          [
            4.881496,
            52.361794
          ],
          [
            4.881549,
            52.361774
          ],
          [
            4.881594,
            52.361759
          ],
          [
            4.88164,
            52.361744
          ],
          [
            4.881687,
            52.361729
          ],
          [
            4.881735,
            52.361713
          ],
          [
            4.881781,
            52.361698
          ],
          [
            4.881836,
            52.361683
          ],
          [
            4.881897,
            52.361668
          ],
          [
            4.881966,
            52.361652
          ],
          [
            4.882034,
            52.361637
          ],
          [
            4.882107,
            52.361626
          ],
          [
            4.882169,
            52.361622
          ],
          [
            4.882246,
            52.361618
          ],
          [
            4.882319,
            52.361618
          ],
          [
            4.882392,
            52.361622
          ],
          [
            4.882459,
            52.361622
          ],
          [
            4.882539,
            52.361622
          ],
          [
            4.882602,
            52.361622
          ],
          [
            4.882705,
            52.361622
          ],
          [
            4.882774,
            52.361622
          ],
          [
            4.882886,
            52.361626
          ],
          [
            4.882987,
            52.361626
          ],
          [
            4.882967,
            52.361626
          ],
          [
            4.883172,
            52.361633
          ],
          [
            4.883202,
            52.361633
          ],
          [
            4.883373,
            52.36163
          ],
          [
            4.883467,
            52.361626
          ],
          [
            4.883589,
            52.36161
          ],
          [
            4.883698,
            52.361591
          ],
          [
            4.883794,
            52.361568
          ],
          [
            4.883875,
            52.361542
          ],
          [
            4.883897,
            52.361538
          ],
          [
            4.884035,
            52.361477
          ],
          [
            4.884118,
            52.361443
          ],
          [
            4.884182,
            52.361412
          ],
          [
            4.884264,
            52.36137
          ],
          [
            4.884344,
            52.361328
          ],
          [
            4.884419,
            52.361286
          ],
          [
            4.884493,
            52.361248
          ],
          [
            4.884571,
            52.361206
          ],
          [
            4.884645,
            52.361168
          ],
          [
            4.884721,
            52.36113
          ],
          [
            4.884784,
            52.361099
          ],
          [
            4.884855,
            52.361065
          ],
          [
            4.884927,
            52.361031
          ],
          [
            4.885004,
            52.360992
          ],
          [
            4.885027,
            52.360981
          ],
          [
            4.885153,
            52.36092
          ],
          [
            4.885231,
            52.360882
          ],
          [
            4.885275,
            52.360859
          ],
          [
            4.885386,
            52.360802
          ],
          [
            4.885457,
            52.360767
          ],
          [
            4.885543,
            52.360722
          ],
          [
            4.885622,
            52.36068
          ],
          [
            4.88569,
            52.360638
          ],
          [
            4.88575,
            52.360596
          ],
          [
            4.885778,
            52.360565
          ],
          [
            4.885798,
            52.360531
          ],
          [
            4.88579,
            52.360477
          ],
          [
            4.88577,
            52.360436
          ],
          [
            4.885743,
            52.360401
          ],
          [
            4.885701,
            52.360367
          ],
          [
            4.885629,
            52.360317
          ],
          [
            4.885636,
            52.360317
          ],
          [
            4.885527,
            52.360245
          ],
          [
            4.885464,
            52.360203
          ],
          [
            4.885406,
            52.360165
          ],
          [
            4.88542,
            52.360172
          ],
          [
            4.885315,
            52.360104
          ],
          [
            4.88527,
            52.360077
          ],
          [
            4.885218,
            52.360043
          ],
          [
            4.885028,
            52.359932
          ],
          [
            4.885026,
            52.359917
          ],
          [
            4.88492,
            52.359833
          ],
          [
            4.884794,
            52.359718
          ],
          [
            4.884724,
            52.359669
          ],
          [
            4.88469,
            52.359638
          ],
          [
            4.884651,
            52.359604
          ],
          [
            4.884607,
            52.35957
          ],
          [
            4.884553,
            52.359524
          ],
          [
            4.884501,
            52.359486
          ],
          [
            4.884455,
            52.359447
          ],
          [
            4.884397,
            52.359398
          ],
          [
            4.884347,
            52.359356
          ],
          [
            4.884291,
            52.359314
          ],
          [
            4.884248,
            52.359276
          ],
          [
            4.8842,
            52.359249
          ],
          [
            4.884155,
            52.359238
          ],
          [
            4.884106,
            52.359238
          ],
          [
            4.884062,
            52.359249
          ],
          [
            4.88403,
            52.35928
          ],
          [
            4.883999,
            52.359314
          ],
          [
            4.883968,
            52.359348
          ],
          [
            4.88393,
            52.359394
          ],
          [
            4.883889,
            52.359432
          ],
          [
            4.883834,
            52.359463
          ],
          [
            4.883786,
            52.359482
          ],
          [
            4.883741,
            52.359486
          ],
          [
            4.883694,
            52.359482
          ],
          [
            4.883651,
            52.35947
          ],
          [
            4.883618,
            52.359459
          ],
          [
            4.883585,
            52.359444
          ],
          [
            4.883569,
            52.359436
          ],
          [
            4.883549,
            52.359425
          ],
          [
            4.883523,
            52.359413
          ],
          [
            4.883436,
            52.359383
          ],
          [
            4.883379,
            52.359367
          ],
          [
            4.88332,
            52.359352
          ],
          [
            4.883278,
            52.359341
          ],
          [
            4.883225,
            52.359329
          ],
          [
            4.88317,
            52.35931
          ],
          [
            4.883104,
            52.359291
          ],
          [
            4.883036,
            52.359276
          ],
          [
            4.882964,
            52.359253
          ],
          [
            4.882889,
            52.35923
          ],
          [
            4.882805,
            52.359207
          ],
          [
            4.882752,
            52.359192
          ],
          [
            4.882653,
            52.359165
          ],
          [
            4.882548,
            52.359138
          ],
          [
            4.882469,
            52.359116
          ],
          [
            4.882391,
            52.359096
          ],
          [
            4.882318,
            52.359077
          ],
          [
            4.882249,
            52.359055
          ],
          [
            4.882192,
            52.359039
          ],
          [
            4.882142,
            52.359024
          ],
          [
            4.882103,
            52.359009
          ],
          [
            4.882071,
            52.35899
          ],
          [
            4.882062,
            52.358986
          ],
          [
            4.882049,
            52.358982
          ],
          [
            4.882041,
            52.358971
          ],
          [
            4.882037,
            52.358955
          ],
          [
            4.882037,
            52.358955
          ],
          [
            4.882033,
            52.35891
          ],
          [
            4.882028,
            52.358891
          ],
          [
            4.882027,
            52.358883
          ],
          [
            4.882049,
            52.358841
          ],
          [
            4.882073,
            52.35881
          ],
          [
            4.882089,
            52.358791
          ],
          [
            4.882113,
            52.358768
          ],
          [
            4.882132,
            52.358753
          ],
          [
            4.882161,
            52.35873
          ],
          [
            4.882185,
            52.358704
          ],
          [
            4.882212,
            52.358681
          ],
          [
            4.882232,
            52.358662
          ],
          [
            4.88225,
            52.358635
          ],
          [
            4.882249,
            52.35862
          ],
          [
            4.882229,
            52.358593
          ],
          [
            4.882205,
            52.35857
          ],
          [
            4.882166,
            52.358547
          ],
          [
            4.882116,
            52.358532
          ],
          [
            4.88206,
            52.358505
          ],
          [
            4.882006,
            52.358482
          ],
          [
            4.881952,
            52.358463
          ],
          [
            4.881893,
            52.358437
          ],
          [
            4.881832,
            52.358414
          ],
          [
            4.881782,
            52.358391
          ],
          [
            4.881726,
            52.358364
          ],
          [
            4.881677,
            52.358334
          ],
          [
            4.881635,
            52.358307
          ],
          [
            4.881597,
            52.358276
          ],
          [
            4.881584,
            52.358253
          ],
          [
            4.881575,
            52.358219
          ],
          [
            4.881594,
            52.358196
          ],
          [
            4.881612,
            52.358181
          ],
          [
            4.881643,
            52.358166
          ],
          [
            4.881669,
            52.358158
          ],
          [
            4.881694,
            52.358147
          ],
          [
            4.881711,
            52.358131
          ],
          [
            4.881728,
            52.358109
          ],
          [
            4.881739,
            52.35807
          ],
          [
            4.881743,
            52.358036
          ],
          [
            4.881739,
            52.358002
          ],
          [
            4.88172,
            52.357964
          ],
          [
            4.881692,
            52.357929
          ],
          [
            4.881653,
            52.357891
          ],
          [
            4.88161,
            52.357864
          ],
          [
            4.881559,
            52.357834
          ],
          [
            4.881506,
            52.357811
          ],
          [
            4.881449,
            52.357788
          ],
          [
            4.88139,
            52.357773
          ],
          [
            4.881334,
            52.357761
          ],
          [
            4.881286,
            52.357758
          ],
          [
            4.881232,
            52.357758
          ],
          [
            4.881177,
            52.357758
          ],
          [
            4.881124,
            52.357765
          ],
          [
            4.881074,
            52.357777
          ],
          [
            4.881037,
            52.357796
          ],
          [
            4.881009,
            52.357819
          ],
          [
            4.880986,
            52.357853
          ],
          [
            4.880974,
            52.357883
          ],
          [
            4.880965,
            52.357922
          ],
          [
            4.880964,
            52.357956
          ],
          [
            4.880984,
            52.35799
          ],
          [
            4.881011,
            52.358025
          ],
          [
            4.881054,
            52.358055
          ],
          [
            4.881108,
            52.358082
          ],
          [
            4.881166,
            52.358109
          ],
          [
            4.881219,
            52.358131
          ],
          [
            4.881274,
            52.358151
          ],
          [
            4.881333,
            52.35817
          ],
          [
            4.881391,
            52.358189
          ],
          [
            4.881437,
            52.358208
          ],
          [
            4.881492,
            52.358227
          ],
          [
            4.881502,
            52.358242
          ],
          [
            4.881515,
            52.358265
          ],
          [
            4.881505,
            52.35828
          ],
          [
            4.881482,
            52.358284
          ],
          [
            4.881446,
            52.35828
          ],
          [
            4.881397,
            52.358269
          ],
          [
            4.881344,
            52.35825
          ],
          [
            4.881282,
            52.358223
          ],
          [
            4.881228,
            52.358196
          ],
          [
            4.881178,
            52.35817
          ],
          [
            4.881114,
            52.358147
          ],
          [
            4.881063,
            52.358116
          ],
          [
            4.881013,
            52.358082
          ],
          [
            4.88097,
            52.358051
          ],
          [
            4.880935,
            52.358009
          ],
          [
            4.880902,
            52.35796
          ],
          [
            4.880867,
            52.357918
          ],
          [
            4.880842,
            52.357876
          ],
          [
            4.880801,
            52.357838
          ],
          [
            4.880767,
            52.357796
          ],
          [
            4.88074,
            52.357758
          ],
          [
            4.880707,
            52.357723
          ],
          [
            4.880678,
            52.357677
          ],
          [
            4.880651,
            52.357632
          ],
          [
            4.880619,
            52.357586
          ],
          [
            4.88058,
            52.357548
          ],
          [
            4.880539,
            52.35751
          ],
          [
            4.88049,
            52.357464
          ],
          [
            4.880441,
            52.357426
          ],
          [
            4.880379,
            52.35738
          ],
          [
            4.88033,
            52.357338
          ],
          [
            4.880273,
            52.357296
          ],
          [
            4.880227,
            52.357258
          ],
          [
            4.880175,
            52.357216
          ],
          [
            4.880128,
            52.357178
          ],
          [
            4.880083,
            52.357136
          ],
          [
            4.880043,
            52.357094
          ],
          [
            4.880011,
            52.357063
          ],
          [
            4.879985,
            52.357037
          ],
          [
            4.879962,
            52.357014
          ],
          [
            4.879934,
            52.356987
          ],
          [
            4.879909,
            52.356964
          ],
          [
            4.879881,
            52.356941
          ],
          [
            4.879862,
            52.356918
          ],
          [
            4.879841,
            52.356895
          ],
          [
            4.879824,
            52.356873
          ],
          [
            4.879813,
            52.35685
          ],
          [
            4.879816,
            52.356831
          ],
          [
            4.879827,
            52.356804
          ],
          [
            4.879847,
            52.356766
          ],
          [
            4.879868,
            52.356731
          ],
          [
            4.879895,
            52.356701
          ],
          [
            4.879923,
            52.356663
          ],
          [
            4.879946,
            52.356625
          ],
          [
            4.879966,
            52.356586
          ],
          [
            4.879988,
            52.356552
          ],
          [
            4.880018,
            52.356514
          ],
          [
            4.880048,
            52.35648
          ],
          [
            4.880078,
            52.356449
          ],
          [
            4.880114,
            52.356422
          ],
          [
            4.880152,
            52.356407
          ],
          [
            4.880184,
            52.3564
          ],
          [
            4.880211,
            52.3564
          ],
          [
            4.880252,
            52.356411
          ],
          [
            4.880302,
            52.356426
          ],
          [
            4.880341,
            52.356434
          ],
          [
            4.880392,
            52.356438
          ],
          [
            4.880451,
            52.356442
          ],
          [
            4.880516,
            52.356457
          ],
          [
            4.880579,
            52.356476
          ],
          [
            4.880648,
            52.356499
          ],
          [
            4.880713,
            52.35651
          ],
          [
            4.88078,
            52.356503
          ],
          [
            4.880834,
            52.35648
          ],
          [
            4.880872,
            52.356449
          ],
          [
            4.880919,
            52.356415
          ],
          [
            4.880972,
            52.356381
          ],
          [
            4.881023,
            52.356358
          ],
          [
            4.881083,
            52.356346
          ],
          [
            4.881182,
            52.356342
          ],
          [
            4.881258,
            52.356354
          ],
          [
            4.881332,
            52.356377
          ],
          [
            4.881395,
            52.3564
          ],
          [
            4.881462,
            52.35643
          ],
          [
            4.881526,
            52.356464
          ],
          [
            4.881649,
            52.356529
          ],
          [
            4.881717,
            52.356567
          ],
          [
            4.88176,
            52.356594
          ],
          [
            4.881801,
            52.356617
          ],
          [
            4.881844,
            52.356628
          ],
          [
            4.881868,
            52.356644
          ],
          [
            4.881884,
            52.356655
          ],
          [
            4.881897,
            52.356663
          ],
          [
            4.881914,
            52.356674
          ],
          [
            4.881914,
            52.356674
          ],
          [
            4.881975,
            52.356674
          ],
          [
            4.881997,
            52.356667
          ],
          [
            4.88201,
            52.356655
          ],
          [
            4.88202,
            52.356644
          ],
          [
            4.882016,
            52.356628
          ],
          [
            4.882016,
            52.356628
          ],
          [
            4.88203,
            52.356602
          ],
          [
            4.88203,
            52.356602
          ],
          [
            4.882061,
            52.356613
          ],
          [
            4.882072,
            52.356621
          ],
          [
            4.88209,
            52.356632
          ],
          [
            4.882115,
            52.356647
          ],
          [
            4.882145,
            52.356663
          ],
          [
            4.88219,
            52.35667
          ],
          [
            4.882247,
            52.356674
          ],
          [
            4.882296,
            52.356693
          ],
          [
            4.882341,
            52.35672
          ],
          [
            4.882383,
            52.356743
          ],
          [
            4.882435,
            52.356777
          ],
          [
            4.882491,
            52.356808
          ],
          [
            4.88255,
            52.356846
          ],
          [
            4.882603,
            52.35688
          ],
          [
            4.882662,
            52.356922
          ],
          [
            4.882707,
            52.35696
          ],
          [
            4.882758,
            52.356998
          ],
          [
            4.882808,
            52.357048
          ],
          [
            4.882847,
            52.357094
          ],
          [
            4.882883,
            52.35714
          ],
          [
            4.882914,
            52.357182
          ],
          [
            4.882952,
            52.357235
          ],
          [
            4.882996,
            52.357288
          ],
          [
            4.883041,
            52.357349
          ],
          [
            4.883082,
            52.357395
          ],
          [
            4.883111,
            52.357429
          ],
          [
            4.883152,
            52.357479
          ],
          [
            4.883196,
            52.357533
          ],
          [
            4.883251,
            52.357594
          ],
          [
            4.883295,
            52.357658
          ],
          [
            4.883337,
            52.357716
          ],
          [
            4.883374,
            52.357765
          ],
          [
            4.88342,
            52.35783
          ],
          [
            4.883462,
            52.357883
          ],
          [
            4.883524,
            52.357929
          ],
          [
            4.883586,
            52.35796
          ],
          [
            4.883656,
            52.357979
          ],
          [
            4.883731,
            52.357971
          ],
          [
            4.883787,
            52.357964
          ],
          [
            4.883825,
            52.357956
          ],
          [
            4.883908,
            52.357937
          ],
          [
            4.883938,
            52.357929
          ],
          [
            4.884042,
            52.357914
          ],
          [
            4.884118,
            52.35791
          ],
          [
            4.884194,
            52.357918
          ],
          [
            4.88425,
            52.357937
          ],
          [
            4.884295,
            52.357964
          ],
          [
            4.884325,
            52.358002
          ],
          [
            4.884349,
            52.358044
          ],
          [
            4.884373,
            52.358093
          ],
          [
            4.884387,
            52.358135
          ],
          [
            4.884406,
            52.358185
          ],
          [
            4.884426,
            52.358231
          ],
          [
            4.884444,
            52.358276
          ],
          [
            4.884466,
            52.358322
          ],
          [
            4.884484,
            52.358376
          ],
          [
            4.884499,
            52.358417
          ],
          [
            4.884516,
            52.358475
          ],
          [
            4.884536,
            52.35852
          ],
          [
            4.884552,
            52.35857
          ],
          [
            4.884564,
            52.358616
          ],
          [
            4.884583,
            52.358665
          ],
          [
            4.884604,
            52.358719
          ],
          [
            4.884623,
            52.358765
          ],
          [
            4.884641,
            52.35881
          ],
          [
            4.884661,
            52.35886
          ],
          [
            4.884676,
            52.35891
          ],
          [
            4.88468,
            52.358944
          ],
          [
            4.884673,
            52.358986
          ],
          [
            4.884641,
            52.359028
          ],
          [
            4.884595,
            52.359062
          ],
          [
            4.884536,
            52.359085
          ],
          [
            4.884483,
            52.3591
          ],
          [
            4.884418,
            52.359116
          ],
          [
            4.884358,
            52.359127
          ],
          [
            4.884306,
            52.359146
          ],
          [
            4.884271,
            52.359161
          ],
          [
            4.88425,
            52.359184
          ],
          [
            4.884248,
            52.359219
          ],
          [
            4.88426,
            52.359253
          ],
          [
            4.884285,
            52.35928
          ],
          [
            4.884321,
            52.359314
          ],
          [
            4.884361,
            52.359345
          ],
          [
            4.884408,
            52.359379
          ],
          [
            4.884456,
            52.359409
          ],
          [
            4.884504,
            52.35944
          ],
          [
            4.884554,
            52.359478
          ],
          [
            4.884603,
            52.359512
          ],
          [
            4.88466,
            52.359554
          ],
          [
            4.884709,
            52.359589
          ],
          [
            4.884768,
            52.359631
          ],
          [
            4.884817,
            52.359669
          ],
          [
            4.88487,
            52.359714
          ],
          [
            4.884921,
            52.359753
          ],
          [
            4.884979,
            52.359795
          ],
          [
            4.885032,
            52.35984
          ],
          [
            4.885094,
            52.359886
          ],
          [
            4.885158,
            52.359936
          ],
          [
            4.885225,
            52.359985
          ],
          [
            4.885277,
            52.360024
          ],
          [
            4.885324,
            52.360058
          ],
          [
            4.885762,
            52.360359
          ],
          [
            4.885769,
            52.360371
          ],
          [
            4.885786,
            52.360378
          ],
          [
            4.885808,
            52.360397
          ],
          [
            4.88584,
            52.360428
          ],
          [
            4.88586,
            52.360447
          ],
          [
            4.88586,
            52.360447
          ],
          [
            4.885938,
            52.360485
          ],
          [
            4.885963,
            52.360493
          ],
          [
            4.885963,
            52.360493
          ],
          [
            4.885963,
            52.360493
          ],
          [
            4.885963,
            52.360493
          ],
          [
            4.886004,
            52.360497
          ],
          [
            4.88602,
            52.360504
          ],
          [
            4.886034,
            52.360512
          ],
          [
            4.886061,
            52.360531
          ],
          [
            4.886091,
            52.360546
          ],
          [
            4.886133,
            52.360573
          ],
          [
            4.886175,
            52.360603
          ],
          [
            4.886219,
            52.360638
          ],
          [
            4.88626,
            52.360668
          ],
          [
            4.886303,
            52.360706
          ],
          [
            4.886354,
            52.360748
          ],
          [
            4.8864,
            52.360783
          ],
          [
            4.886441,
            52.360817
          ],
          [
            4.886494,
            52.360855
          ],
          [
            4.886552,
            52.360889
          ],
          [
            4.886608,
            52.360916
          ],
          [
            4.886655,
            52.360943
          ],
          [
            4.886689,
            52.360962
          ],
          [
            4.88671,
            52.360977
          ],
          [
            4.88672,
            52.360996
          ],
          [
            4.886716,
            52.361023
          ],
          [
            4.886694,
            52.361046
          ],
          [
            4.886662,
            52.361057
          ],
          [
            4.886617,
            52.361057
          ],
          [
            4.886577,
            52.361042
          ],
          [
            4.886534,
            52.361015
          ],
          [
            4.886493,
            52.360985
          ],
          [
            4.886452,
            52.36095
          ],
          [
            4.886403,
            52.360908
          ],
          [
            4.886362,
            52.36087
          ],
          [
            4.886313,
            52.360832
          ],
          [
            4.886266,
            52.360798
          ],
          [
            4.88622,
            52.360767
          ],
          [
            4.886186,
            52.360741
          ],
          [
            4.886186,
            52.360741
          ],
          [
            4.886186,
            52.360741
          ],
          [
            4.886186,
            52.360741
          ],
          [
            4.886101,
            52.360699
          ],
          [
            4.88609,
            52.360691
          ],
          [
            4.886078,
            52.36068
          ],
          [
            4.886057,
            52.360664
          ],
          [
            4.886031,
            52.360641
          ],
          [
            4.885998,
            52.360611
          ],
          [
            4.885962,
            52.36058
          ],
          [
            4.88592,
            52.360542
          ],
          [
            4.885883,
            52.360508
          ],
          [
            4.885833,
            52.36047
          ],
          [
            4.885786,
            52.360432
          ],
          [
            4.885741,
            52.360401
          ],
          [
            4.885686,
            52.360359
          ],
          [
            4.885644,
            52.360332
          ],
          [
            4.885598,
            52.360298
          ],
          [
            4.885563,
            52.360271
          ],
          [
            4.885525,
            52.360241
          ],
          [
            4.885488,
            52.360214
          ],
          [
            4.885456,
            52.360184
          ],
          [
            4.885435,
            52.360165
          ],
          [
            4.885419,
            52.360149
          ],
          [
            4.885401,
            52.36013
          ],
          [
            4.885096,
            52.35994
          ],
          [
            4.885072,
            52.359917
          ],
          [
            4.884843,
            52.359745
          ],
          [
            4.88479,
            52.359707
          ],
          [
            4.884744,
            52.359669
          ],
          [
            4.884687,
            52.359623
          ],
          [
            4.884629,
            52.359577
          ],
          [
            4.884576,
            52.359535
          ],
          [
            4.884522,
            52.359489
          ],
          [
            4.884465,
            52.359447
          ],
          [
            4.884405,
            52.359402
          ],
          [
            4.884351,
            52.35936
          ],
          [
            4.884295,
            52.359322
          ],
          [
            4.884247,
            52.359291
          ],
          [
            4.884213,
            52.359268
          ],
          [
            4.884187,
            52.359241
          ],
          [
            4.884178,
            52.359219
          ],
          [
            4.884197,
            52.359188
          ],
          [
            4.884202,
            52.359184
          ],
          [
            4.884302,
            52.35915
          ],
          [
            4.884366,
            52.359131
          ],
          [
            4.884385,
            52.359123
          ],
          [
            4.884536,
            52.359089
          ],
          [
            4.884608,
            52.359062
          ],
          [
            4.884665,
            52.359043
          ],
          [
            4.884732,
            52.359009
          ],
          [
            4.884811,
            52.358978
          ],
          [
            4.884886,
            52.358952
          ],
          [
            4.884868,
            52.358952
          ],
          [
            4.885048,
            52.358925
          ],
          [
            4.885157,
            52.358906
          ],
          [
            4.885247,
            52.358894
          ],
          [
            4.88534,
            52.358883
          ],
          [
            4.885419,
            52.358868
          ],
          [
            4.885621,
            52.358841
          ],
          [
            4.885715,
            52.35883
          ],
          [
            4.885832,
            52.358814
          ],
          [
            4.885924,
            52.358803
          ],
          [
            4.886021,
            52.358791
          ],
          [
            4.886108,
            52.35878
          ],
          [
            4.886178,
            52.358772
          ],
          [
            4.886232,
            52.358768
          ],
          [
            4.886293,
            52.358768
          ],
          [
            4.88636,
            52.358768
          ],
          [
            4.8864,
            52.358776
          ],
          [
            4.886453,
            52.358799
          ],
          [
            4.886479,
            52.358822
          ],
          [
            4.886498,
            52.358852
          ],
          [
            4.886506,
            52.358906
          ],
          [
            4.886508,
            52.358948
          ],
          [
            4.886512,
            52.358982
          ],
          [
            4.886516,
            52.359039
          ],
          [
            4.88652,
            52.359089
          ],
          [
            4.886521,
            52.359135
          ],
          [
            4.886527,
            52.35918
          ],
          [
            4.88653,
            52.359238
          ],
          [
            4.886532,
            52.359291
          ],
          [
            4.886537,
            52.359337
          ],
          [
            4.886541,
            52.359413
          ],
          [
            4.886544,
            52.359474
          ],
          [
            4.886549,
            52.359531
          ],
          [
            4.886559,
            52.359585
          ],
          [
            4.886574,
            52.359646
          ],
          [
            4.886595,
            52.359714
          ],
          [
            4.886614,
            52.359764
          ],
          [
            4.886645,
            52.359818
          ],
          [
            4.886673,
            52.359859
          ],
          [
            4.886703,
            52.359894
          ],
          [
            4.886734,
            52.359921
          ],
          [
            4.886778,
            52.359943
          ],
          [
            4.886813,
            52.359959
          ],
          [
            4.886833,
            52.35997
          ],
          [
            4.886915,
            52.359962
          ],
          [
            4.886976,
            52.359947
          ],
          [
            4.887037,
            52.359928
          ],
          [
            4.887079,
            52.359917
          ],
          [
            4.887079,
            52.359917
          ],
          [
            4.887138,
            52.359875
          ],
          [
            4.887161,
            52.359859
          ],
          [
            4.887161,
            52.359859
          ],
          [
            4.88714,
            52.359856
          ],
          [
            4.887125,
            52.359852
          ],
          [
            4.887121,
            52.359844
          ],
          [
            4.887105,
            52.359829
          ],
          [
            4.887089,
            52.359806
          ],
          [
            4.88707,
            52.359772
          ],
          [
            4.887057,
            52.359745
          ],
          [
            4.887045,
            52.359707
          ],
          [
            4.887032,
            52.359657
          ],
          [
            4.887021,
            52.359615
          ],
          [
            4.887012,
            52.359566
          ],
          [
            4.887007,
            52.359512
          ],
          [
            4.887,
            52.359467
          ],
          [
            4.886999,
            52.359417
          ],
          [
            4.887002,
            52.359367
          ],
          [
            4.886997,
            52.359325
          ],
          [
            4.887009,
            52.359287
          ],
          [
            4.887017,
            52.359249
          ],
          [
            4.887032,
            52.359226
          ],
          [
            4.887053,
            52.359196
          ],
          [
            4.887075,
            52.359173
          ],
          [
            4.887118,
            52.359165
          ],
          [
            4.887166,
            52.359165
          ],
          [
            4.887218,
            52.359173
          ],
          [
            4.887281,
            52.359184
          ],
          [
            4.88734,
            52.359196
          ],
          [
            4.887409,
            52.359215
          ],
          [
            4.887478,
            52.359234
          ],
          [
            4.887547,
            52.359249
          ],
          [
            4.887618,
            52.359272
          ],
          [
            4.88768,
            52.359291
          ],
          [
            4.88768,
            52.359291
          ],
          [
            4.887862,
            52.359318
          ],
          [
            4.88789,
            52.359318
          ],
          [
            4.887917,
            52.359306
          ],
          [
            4.887951,
            52.359287
          ],
          [
            4.887989,
            52.359264
          ],
          [
            4.888023,
            52.359234
          ],
          [
            4.888065,
            52.3592
          ],
          [
            4.88811,
            52.359158
          ],
          [
            4.888156,
            52.359112
          ],
          [
            4.888203,
            52.359062
          ],
          [
            4.888248,
            52.359016
          ],
          [
            4.888307,
            52.358963
          ],
          [
            4.888365,
            52.35891
          ],
          [
            4.888424,
            52.35886
          ],
          [
            4.88848,
            52.35881
          ],
          [
            4.888549,
            52.358761
          ],
          [
            4.888625,
            52.358707
          ],
          [
            4.888698,
            52.358662
          ],
          [
            4.888771,
            52.358624
          ],
          [
            4.888838,
            52.358585
          ],
          [
            4.888904,
            52.358547
          ],
          [
            4.888958,
            52.35852
          ],
          [
            4.888996,
            52.358505
          ],
          [
            4.889026,
            52.358482
          ],
          [
            4.889035,
            52.358459
          ],
          [
            4.889041,
            52.358437
          ],
          [
            4.889037,
            52.35841
          ],
          [
            4.889022,
            52.358379
          ],
          [
            4.889015,
            52.358337
          ],
          [
            4.889008,
            52.358303
          ],
          [
            4.889002,
            52.358253
          ],
          [
            4.889003,
            52.358212
          ],
          [
            4.888997,
            52.358162
          ],
          [
            4.888992,
            52.358101
          ],
          [
            4.888982,
            52.358055
          ],
          [
            4.888978,
            52.357998
          ],
          [
            4.888965,
            52.357891
          ],
          [
            4.888965,
            52.357845
          ],
          [
            4.888958,
            52.357792
          ],
          [
            4.888949,
            52.357746
          ],
          [
            4.88895,
            52.357697
          ],
          [
            4.888936,
            52.357651
          ],
          [
            4.888921,
            52.357605
          ],
          [
            4.888898,
            52.357567
          ],
          [
            4.888881,
            52.357544
          ],
          [
            4.888814,
            52.357517
          ],
          [
            4.888743,
            52.357506
          ],
          [
            4.888679,
            52.357502
          ],
          [
            4.888602,
            52.357502
          ],
          [
            4.888526,
            52.357506
          ],
          [
            4.888489,
            52.357506
          ],
          [
            4.888406,
            52.35751
          ],
          [
            4.888286,
            52.357513
          ],
          [
            4.888187,
            52.357521
          ],
          [
            4.888092,
            52.357525
          ],
          [
            4.88805,
            52.357525
          ],
          [
            4.887916,
            52.357536
          ],
          [
            4.887806,
            52.35754
          ],
          [
            4.887706,
            52.357548
          ],
          [
            4.887609,
            52.357552
          ],
          [
            4.887512,
            52.357555
          ],
          [
            4.887423,
            52.357563
          ],
          [
            4.887341,
            52.357567
          ],
          [
            4.887251,
            52.357571
          ],
          [
            4.887185,
            52.357574
          ],
          [
            4.887122,
            52.357578
          ],
          [
            4.887076,
            52.357582
          ],
          [
            4.887041,
            52.357586
          ],
          [
            4.887004,
            52.357582
          ],
          [
            4.886973,
            52.357574
          ],
          [
            4.886953,
            52.357563
          ],
          [
            4.88693,
            52.357555
          ],
          [
            4.886915,
            52.357548
          ],
          [
            4.88691,
            52.357529
          ],
          [
            4.886904,
            52.35751
          ],
          [
            4.886902,
            52.357487
          ],
          [
            4.886902,
            52.357487
          ],
          [
            4.886905,
            52.35746
          ],
          [
            4.886906,
            52.357452
          ],
          [
            4.886907,
            52.357449
          ],
          [
            4.886908,
            52.357449
          ],
          [
            4.886908,
            52.357468
          ],
          [
            4.886903,
            52.357487
          ],
          [
            4.886883,
            52.357521
          ],
          [
            4.886855,
            52.357548
          ],
          [
            4.886814,
            52.357574
          ],
          [
            4.88677,
            52.357597
          ],
          [
            4.886718,
            52.357609
          ],
          [
            4.886665,
            52.357616
          ],
          [
            4.886606,
            52.357624
          ],
          [
            4.886555,
            52.357632
          ],
          [
            4.8865,
            52.357639
          ],
          [
            4.886445,
            52.357643
          ],
          [
            4.886398,
            52.357639
          ],
          [
            4.88636,
            52.357636
          ],
          [
            4.886321,
            52.35762
          ],
          [
            4.886284,
            52.357601
          ],
          [
            4.88626,
            52.357571
          ],
          [
            4.886241,
            52.357536
          ],
          [
            4.886223,
            52.357494
          ],
          [
            4.886208,
            52.357441
          ],
          [
            4.8862,
            52.357384
          ],
          [
            4.886191,
            52.357334
          ],
          [
            4.886189,
            52.357273
          ],
          [
            4.886181,
            52.357212
          ],
          [
            4.886177,
            52.357147
          ],
          [
            4.886172,
            52.357082
          ],
          [
            4.886168,
            52.357025
          ],
          [
            4.886163,
            52.35696
          ],
          [
            4.886165,
            52.356899
          ],
          [
            4.886167,
            52.356846
          ],
          [
            4.886167,
            52.356777
          ],
          [
            4.886165,
            52.356708
          ],
          [
            4.88617,
            52.356644
          ],
          [
            4.886169,
            52.356586
          ],
          [
            4.886174,
            52.356522
          ],
          [
            4.886184,
            52.356457
          ],
          [
            4.886189,
            52.356388
          ],
          [
            4.886197,
            52.356327
          ],
          [
            4.886206,
            52.35627
          ],
          [
            4.886213,
            52.356205
          ],
          [
            4.88622,
            52.356136
          ],
          [
            4.886232,
            52.356068
          ],
          [
            4.886239,
            52.356007
          ],
          [
            4.886241,
            52.355949
          ],
          [
            4.886256,
            52.355885
          ],
          [
            4.88626,
            52.35582
          ],
          [
            4.88627,
            52.355755
          ],
          [
            4.886275,
            52.355694
          ],
          [
            4.886284,
            52.35564
          ],
          [
            4.886291,
            52.355576
          ],
          [
            4.886297,
            52.355511
          ],
          [
            4.8863,
            52.355446
          ],
          [
            4.886307,
            52.355389
          ],
          [
            4.886309,
            52.355335
          ],
          [
            4.886313,
            52.355274
          ],
          [
            4.886317,
            52.355202
          ],
          [
            4.886321,
            52.355148
          ],
          [
            4.886328,
            52.355095
          ],
          [
            4.886331,
            52.355034
          ],
          [
            4.886334,
            52.354992
          ],
          [
            4.886342,
            52.354946
          ],
          [
            4.886344,
            52.3549
          ],
          [
            4.886344,
            52.3549
          ],
          [
            4.886355,
            52.354809
          ],
          [
            4.886358,
            52.354782
          ],
          [
            4.886359,
            52.354774
          ],
          [
            4.886358,
            52.354759
          ],
          [
            4.886359,
            52.354736
          ],
          [
            4.886361,
            52.354721
          ],
          [
            4.886358,
            52.354698
          ],
          [
            4.88636,
            52.354672
          ],
          [
            4.886361,
            52.354637
          ],
          [
            4.886362,
            52.354599
          ],
          [
            4.886363,
            52.354561
          ],
          [
            4.886368,
            52.354515
          ],
          [
            4.886371,
            52.354477
          ],
          [
            4.886378,
            52.35442
          ],
          [
            4.886384,
            52.354359
          ],
          [
            4.886389,
            52.354301
          ],
          [
            4.886392,
            52.354248
          ],
          [
            4.886393,
            52.354183
          ],
          [
            4.886392,
            52.354118
          ],
          [
            4.88639,
            52.354054
          ],
          [
            4.886389,
            52.354
          ],
          [
            4.886387,
            52.353935
          ],
          [
            4.886382,
            52.353874
          ],
          [
            4.886377,
            52.353809
          ],
          [
            4.886375,
            52.353741
          ],
          [
            4.886366,
            52.353687
          ],
          [
            4.886361,
            52.353622
          ],
          [
            4.886352,
            52.353558
          ],
          [
            4.886338,
            52.353493
          ],
          [
            4.886324,
            52.353432
          ],
          [
            4.886297,
            52.353367
          ],
          [
            4.88627,
            52.353306
          ],
          [
            4.886247,
            52.353252
          ],
          [
            4.886215,
            52.353191
          ],
          [
            4.886195,
            52.353123
          ],
          [
            4.886171,
            52.353054
          ],
          [
            4.886151,
            52.352989
          ],
          [
            4.886139,
            52.352947
          ],
          [
            4.886127,
            52.352886
          ],
          [
            4.886117,
            52.352821
          ],
          [
            4.88611,
            52.35276
          ],
          [
            4.886106,
            52.352699
          ],
          [
            4.886101,
            52.352638
          ],
          [
            4.886098,
            52.352573
          ],
          [
            4.886093,
            52.352535
          ],
          [
            4.886086,
            52.352493
          ],
          [
            4.886078,
            52.352448
          ],
          [
            4.886059,
            52.352402
          ],
          [
            4.886038,
            52.35236
          ],
          [
            4.886012,
            52.352318
          ],
          [
            4.885989,
            52.352284
          ],
          [
            4.885965,
            52.352234
          ],
          [
            4.885949,
            52.352196
          ],
          [
            4.885933,
            52.35215
          ],
          [
            4.885918,
            52.352097
          ],
          [
            4.88591,
            52.352039
          ],
          [
            4.885907,
            52.351986
          ],
          [
            4.885903,
            52.351921
          ],
          [
            4.8859,
            52.35186
          ],
          [
            4.885898,
            52.351795
          ],
          [
            4.8859,
            52.351742
          ],
          [
            4.8859,
            52.351673
          ],
          [
            4.885903,
            52.351608
          ],
          [
            4.885903,
            52.351547
          ],
          [
            4.885904,
            52.35149
          ],
          [
            4.885903,
            52.351425
          ],
          [
            4.885895,
            52.35136
          ],
          [
            4.885892,
            52.351299
          ],
          [
            4.88589,
            52.351238
          ],
          [
            4.885888,
            52.351177
          ],
          [
            4.885884,
            52.351051
          ],
          [
            4.885885,
            52.35099
          ],
          [
            4.885884,
            52.350929
          ],
          [
            4.885883,
            52.350872
          ],
          [
            4.885883,
            52.350819
          ],
          [
            4.885881,
            52.35075
          ],
          [
            4.885881,
            52.350685
          ],
          [
            4.885883,
            52.350624
          ],
          [
            4.885881,
            52.350563
          ],
          [
            4.885881,
            52.350498
          ],
          [
            4.885879,
            52.350437
          ],
          [
            4.885871,
            52.350384
          ],
          [
            4.885859,
            52.35033
          ],
          [
            4.885847,
            52.350265
          ],
          [
            4.885822,
            52.350212
          ],
          [
            4.88578,
            52.350155
          ],
          [
            4.885728,
            52.350105
          ],
          [
            4.885669,
            52.350063
          ],
          [
            4.885601,
            52.350029
          ],
          [
            4.885524,
            52.349998
          ],
          [
            4.885441,
            52.349968
          ],
          [
            4.885364,
            52.349941
          ],
          [
            4.885288,
            52.349915
          ],
          [
            4.885209,
            52.349884
          ],
          [
            4.885144,
            52.349861
          ],
          [
            4.885081,
            52.349846
          ],
          [
            4.885025,
            52.349842
          ],
          [
            4.884972,
            52.349846
          ],
          [
            4.884905,
            52.349869
          ],
          [
            4.884843,
            52.349896
          ],
          [
            4.884777,
            52.349937
          ],
          [
            4.884699,
            52.349991
          ],
          [
            4.884625,
            52.35004
          ],
          [
            4.884561,
            52.350079
          ],
          [
            4.884502,
            52.350121
          ],
          [
            4.884442,
            52.350159
          ],
          [
            4.884384,
            52.350201
          ],
          [
            4.884333,
            52.350235
          ],
          [
            4.884287,
            52.350273
          ],
          [
            4.884262,
            52.350307
          ],
          [
            4.884243,
            52.350349
          ],
          [
            4.884245,
            52.350395
          ],
          [
            4.884258,
            52.350437
          ],
          [
            4.88427,
            52.350472
          ],
          [
            4.884299,
            52.350506
          ],
          [
            4.884327,
            52.350552
          ],
          [
            4.884344,
            52.350597
          ],
          [
            4.884394,
            52.350689
          ],
          [
            4.88442,
            52.350735
          ],
          [
            4.884447,
            52.350788
          ],
          [
            4.884473,
            52.350841
          ],
          [
            4.884502,
            52.350891
          ],
          [
            4.884527,
            52.350945
          ],
          [
            4.884551,
            52.350998
          ],
          [
            4.884578,
            52.351051
          ],
          [
            4.884603,
            52.351105
          ],
          [
            4.884627,
            52.351158
          ],
          [
            4.884654,
            52.351215
          ],
          [
            4.884688,
            52.351273
          ],
          [
            4.884717,
            52.351326
          ],
          [
            4.884751,
            52.351383
          ],
          [
            4.884795,
            52.351425
          ],
          [
            4.884839,
            52.351463
          ],
          [
            4.884902,
            52.351498
          ],
          [
            4.884953,
            52.351513
          ],
          [
            4.884984,
            52.351528
          ],
          [
            4.885081,
            52.351521
          ],
          [
            4.885154,
            52.351517
          ],
          [
            4.885237,
            52.351505
          ],
          [
            4.885309,
            52.351498
          ],
          [
            4.88539,
            52.35149
          ],
          [
            4.885469,
            52.351479
          ],
          [
            4.885549,
            52.351467
          ],
          [
            4.885621,
            52.351459
          ],
          [
            4.885691,
            52.351452
          ],
          [
            4.885751,
            52.351448
          ],
          [
            4.885791,
            52.351444
          ],
          [
            4.885828,
            52.35144
          ],
          [
            4.885855,
            52.351437
          ],
          [
            4.885873,
            52.351433
          ],
          [
            4.885872,
            52.351437
          ],
          [
            4.885844,
            52.351421
          ],
          [
            4.885802,
            52.351418
          ],
          [
            4.885765,
            52.351421
          ],
          [
            4.885715,
            52.351429
          ],
          [
            4.885663,
            52.351433
          ],
          [
            4.885611,
            52.351429
          ],
          [
            4.885576,
            52.351418
          ],
          [
            4.885547,
            52.351395
          ],
          [
            4.885526,
            52.351364
          ],
          [
            4.885515,
            52.35133
          ],
          [
            4.885512,
            52.35128
          ],
          [
            4.885513,
            52.351238
          ],
          [
            4.885511,
            52.351185
          ],
          [
            4.885509,
            52.351124
          ],
          [
            4.88551,
            52.351067
          ],
          [
            4.885509,
            52.351006
          ],
          [
            4.885504,
            52.350948
          ],
          [
            4.885504,
            52.350883
          ],
          [
            4.885508,
            52.350819
          ],
          [
            4.885506,
            52.350758
          ],
          [
            4.885507,
            52.350697
          ],
          [
            4.885508,
            52.350636
          ],
          [
            4.885508,
            52.350578
          ],
          [
            4.885506,
            52.350525
          ],
          [
            4.885504,
            52.350468
          ],
          [
            4.885501,
            52.35041
          ],
          [
            4.885501,
            52.350357
          ],
          [
            4.885498,
            52.350304
          ],
          [
            4.885487,
            52.350243
          ],
          [
            4.885465,
            52.350197
          ],
          [
            4.885444,
            52.35017
          ],
          [
            4.885358,
            52.350109
          ],
          [
            4.88534,
            52.35009
          ],
          [
            4.885294,
            52.350063
          ],
          [
            4.885179,
            52.350002
          ],
          [
            4.885112,
            52.349964
          ],
          [
            4.885052,
            52.349922
          ],
          [
            4.884995,
            52.34988
          ],
          [
            4.884945,
            52.349846
          ],
          [
            4.884891,
            52.349808
          ],
          [
            4.884839,
            52.349766
          ],
          [
            4.884777,
            52.349724
          ],
          [
            4.884723,
            52.349686
          ],
          [
            4.884603,
            52.349617
          ],
          [
            4.884547,
            52.34959
          ],
          [
            4.884477,
            52.34956
          ],
          [
            4.884438,
            52.349552
          ],
          [
            4.884394,
            52.349545
          ],
          [
            4.884363,
            52.349541
          ],
          [
            4.884216,
            52.349564
          ],
          [
            4.884141,
            52.349586
          ],
          [
            4.88408,
            52.349617
          ],
          [
            4.884024,
            52.349655
          ],
          [
            4.883964,
            52.349697
          ],
          [
            4.883901,
            52.349747
          ],
          [
            4.883847,
            52.349792
          ],
          [
            4.883781,
            52.349838
          ],
          [
            4.88372,
            52.349888
          ],
          [
            4.883657,
            52.34993
          ],
          [
            4.883586,
            52.349983
          ],
          [
            4.88352,
            52.350033
          ],
          [
            4.883452,
            52.350071
          ],
          [
            4.88339,
            52.350101
          ],
          [
            4.883302,
            52.350132
          ],
          [
            4.883193,
            52.350159
          ],
          [
            4.883102,
            52.350178
          ],
          [
            4.882978,
            52.350197
          ],
          [
            4.882881,
            52.350212
          ],
          [
            4.882731,
            52.350235
          ],
          [
            4.882595,
            52.350262
          ],
          [
            4.882498,
            52.350281
          ],
          [
            4.882405,
            52.350296
          ],
          [
            4.882315,
            52.350311
          ],
          [
            4.882244,
            52.350327
          ],
          [
            4.882142,
            52.350338
          ],
          [
            4.882069,
            52.350342
          ],
          [
            4.881993,
            52.350342
          ],
          [
            4.881922,
            52.350349
          ],
          [
            4.881848,
            52.350349
          ],
          [
            4.881781,
            52.350338
          ],
          [
            4.881723,
            52.350315
          ],
          [
            4.881666,
            52.350288
          ],
          [
            4.881622,
            52.350258
          ],
          [
            4.88159,
            52.350224
          ],
          [
            4.881569,
            52.350201
          ],
          [
            4.881548,
            52.350182
          ],
          [
            4.881512,
            52.350162
          ],
          [
            4.881464,
            52.350147
          ],
          [
            4.881401,
            52.350121
          ],
          [
            4.881339,
            52.35009
          ],
          [
            4.881282,
            52.35006
          ],
          [
            4.881227,
            52.350029
          ],
          [
            4.881177,
            52.349998
          ],
          [
            4.88114,
            52.349964
          ],
          [
            4.881131,
            52.349941
          ],
          [
            4.881125,
            52.349934
          ],
          [
            4.88114,
            52.349911
          ],
          [
            4.881177,
            52.349865
          ],
          [
            4.881216,
            52.349827
          ],
          [
            4.881275,
            52.349785
          ],
          [
            4.881318,
            52.349751
          ],
          [
            4.881374,
            52.349709
          ],
          [
            4.881466,
            52.349636
          ],
          [
            4.881532,
            52.349586
          ],
          [
            4.881583,
            52.349548
          ],
          [
            4.881614,
            52.349541
          ],
          [
            4.88171,
            52.349487
          ],
          [
            4.881774,
            52.349449
          ],
          [
            4.881827,
            52.349411
          ],
          [
            4.881884,
            52.349373
          ],
          [
            4.881944,
            52.349327
          ],
          [
            4.881999,
            52.349285
          ],
          [
            4.882048,
            52.349243
          ],
          [
            4.882118,
            52.349201
          ],
          [
            4.882182,
            52.349152
          ],
          [
            4.882247,
            52.349106
          ],
          [
            4.882307,
            52.349068
          ],
          [
            4.882367,
            52.349026
          ],
          [
            4.882429,
            52.34898
          ],
          [
            4.882491,
            52.34893
          ],
          [
            4.88255,
            52.348888
          ],
          [
            4.882601,
            52.34885
          ],
          [
            4.88265,
            52.348816
          ],
          [
            4.882684,
            52.348793
          ],
          [
            4.882723,
            52.348778
          ],
          [
            4.882761,
            52.348774
          ],
          [
            4.882757,
            52.348766
          ],
          [
            4.882777,
            52.348774
          ],
          [
            4.882816,
            52.348785
          ],
          [
            4.882861,
            52.348808
          ],
          [
            4.882906,
            52.348824
          ],
          [
            4.88295,
            52.348839
          ],
          [
            4.88301,
            52.348866
          ],
          [
            4.883056,
            52.348892
          ],
          [
            4.883091,
            52.348907
          ],
          [
            4.883124,
            52.348915
          ],
          [
            4.883165,
            52.349014
          ],
          [
            4.883153,
            52.349056
          ],
          [
            4.883112,
            52.349087
          ],
          [
            4.883068,
            52.349117
          ],
          [
            4.883012,
            52.349152
          ],
          [
            4.882962,
            52.349182
          ],
          [
            4.882908,
            52.34922
          ],
          [
            4.882859,
            52.349262
          ],
          [
            4.882805,
            52.3493
          ],
          [
            4.882755,
            52.349339
          ],
          [
            4.882707,
            52.349373
          ],
          [
            4.882649,
            52.349415
          ],
          [
            4.882591,
            52.349461
          ],
          [
            4.882529,
            52.349506
          ],
          [
            4.882469,
            52.349552
          ],
          [
            4.882414,
            52.34959
          ],
          [
            4.882353,
            52.34964
          ],
          [
            4.882289,
            52.349686
          ],
          [
            4.882222,
            52.349731
          ],
          [
            4.88216,
            52.349777
          ],
          [
            4.882097,
            52.349823
          ],
          [
            4.882045,
            52.349861
          ],
          [
            4.881979,
            52.349907
          ],
          [
            4.881916,
            52.349957
          ],
          [
            4.881854,
            52.350006
          ],
          [
            4.881785,
            52.350052
          ],
          [
            4.881725,
            52.350094
          ],
          [
            4.881664,
            52.350124
          ],
          [
            4.881608,
            52.350143
          ],
          [
            4.881574,
            52.350155
          ],
          [
            4.881538,
            52.350155
          ],
          [
            4.881506,
            52.35014
          ],
          [
            4.881486,
            52.350124
          ],
          [
            4.881463,
            52.350101
          ],
          [
            4.881417,
            52.350075
          ],
          [
            4.881383,
            52.350048
          ],
          [
            4.881355,
            52.350029
          ],
          [
            4.881336,
            52.350006
          ],
          [
            4.88133,
            52.349976
          ],
          [
            4.881341,
            52.349937
          ],
          [
            4.881361,
            52.349903
          ],
          [
            4.881391,
            52.349869
          ],
          [
            4.881424,
            52.349838
          ],
          [
            4.881459,
            52.349808
          ],
          [
            4.881504,
            52.34977
          ],
          [
            4.881552,
            52.349731
          ],
          [
            4.881607,
            52.349689
          ],
          [
            4.881668,
            52.349647
          ],
          [
            4.881734,
            52.349598
          ],
          [
            4.881797,
            52.349556
          ],
          [
            4.881859,
            52.34951
          ],
          [
            4.881924,
            52.349464
          ],
          [
            4.881989,
            52.349415
          ],
          [
            4.882047,
            52.349377
          ],
          [
            4.882167,
            52.349281
          ],
          [
            4.882221,
            52.349243
          ],
          [
            4.882269,
            52.349209
          ],
          [
            4.882313,
            52.349174
          ],
          [
            4.88235,
            52.349155
          ],
          [
            4.882381,
            52.349148
          ],
          [
            4.882399,
            52.349148
          ],
          [
            4.882399,
            52.349159
          ],
          [
            4.882388,
            52.349171
          ],
          [
            4.882359,
            52.34919
          ],
          [
            4.882319,
            52.349209
          ],
          [
            4.882278,
            52.349232
          ],
          [
            4.882245,
            52.349247
          ],
          [
            4.882223,
            52.349266
          ],
          [
            4.882212,
            52.349289
          ],
          [
            4.882215,
            52.349308
          ],
          [
            4.882251,
            52.349327
          ],
          [
            4.882288,
            52.349342
          ],
          [
            4.882331,
            52.349354
          ],
          [
            4.882371,
            52.349358
          ],
          [
            4.882417,
            52.349358
          ],
          [
            4.882453,
            52.349358
          ],
          [
            4.882496,
            52.349342
          ],
          [
            4.882532,
            52.349319
          ],
          [
            4.882576,
            52.349293
          ],
          [
            4.882613,
            52.349262
          ],
          [
            4.882667,
            52.34922
          ],
          [
            4.882712,
            52.349186
          ],
          [
            4.882762,
            52.349148
          ],
          [
            4.882823,
            52.349106
          ],
          [
            4.882864,
            52.349071
          ],
          [
            4.882916,
            52.349041
          ],
          [
            4.882966,
            52.349014
          ],
          [
            4.883009,
            52.348995
          ],
          [
            4.883064,
            52.348984
          ],
          [
            4.883106,
            52.348976
          ],
          [
            4.883152,
            52.348972
          ],
          [
            4.883188,
            52.348968
          ],
          [
            4.883219,
            52.348965
          ],
          [
            4.883252,
            52.348946
          ],
          [
            4.883277,
            52.348923
          ],
          [
            4.883302,
            52.348892
          ],
          [
            4.883326,
            52.348858
          ],
          [
            4.883381,
            52.348808
          ],
          [
            4.883414,
            52.348797
          ],
          [
            4.883458,
            52.348801
          ],
          [
            4.883506,
            52.348812
          ],
          [
            4.883563,
            52.348835
          ],
          [
            4.883616,
            52.348858
          ],
          [
            4.883677,
            52.348888
          ],
          [
            4.883747,
            52.348919
          ],
          [
            4.883816,
            52.348953
          ],
          [
            4.883879,
            52.348984
          ],
          [
            4.883949,
            52.349022
          ],
          [
            4.884021,
            52.349056
          ],
          [
            4.884098,
            52.349091
          ],
          [
            4.884172,
            52.349133
          ],
          [
            4.884251,
            52.349171
          ],
          [
            4.88432,
            52.349205
          ],
          [
            4.884384,
            52.349232
          ],
          [
            4.884452,
            52.349266
          ],
          [
            4.884517,
            52.349297
          ],
          [
            4.884578,
            52.349327
          ],
          [
            4.884649,
            52.349361
          ],
          [
            4.884714,
            52.349392
          ],
          [
            4.884781,
            52.349422
          ],
          [
            4.884844,
            52.349453
          ],
          [
            4.884914,
            52.349487
          ],
          [
            4.884966,
            52.349518
          ],
          [
            4.88502,
            52.349548
          ],
          [
            4.885077,
            52.349575
          ],
          [
            4.885125,
            52.349613
          ],
          [
            4.885176,
            52.349647
          ],
          [
            4.885233,
            52.349682
          ],
          [
            4.885293,
            52.349712
          ],
          [
            4.885358,
            52.349739
          ],
          [
            4.885398,
            52.349754
          ],
          [
            4.885521,
            52.349781
          ],
          [
            4.8856,
            52.349796
          ],
          [
            4.885734,
            52.349812
          ],
          [
            4.885852,
            52.349812
          ],
          [
            4.885965,
            52.349796
          ],
          [
            4.886086,
            52.34977
          ],
          [
            4.886188,
            52.349751
          ],
          [
            4.886329,
            52.349731
          ],
          [
            4.886525,
            52.349724
          ],
          [
            4.88661,
            52.349716
          ],
          [
            4.886678,
            52.349701
          ],
          [
            4.886723,
            52.34967
          ],
          [
            4.886746,
            52.349632
          ],
          [
            4.886744,
            52.349586
          ],
          [
            4.886735,
            52.349537
          ],
          [
            4.886726,
            52.349476
          ],
          [
            4.88673,
            52.349415
          ],
          [
            4.88672,
            52.349354
          ],
          [
            4.886706,
            52.349216
          ],
          [
            4.886687,
            52.34914
          ],
          [
            4.886678,
            52.349079
          ],
          [
            4.886679,
            52.34901
          ],
          [
            4.886675,
            52.348942
          ],
          [
            4.886708,
            52.348881
          ],
          [
            4.886749,
            52.348827
          ],
          [
            4.886804,
            52.348782
          ],
          [
            4.886878,
            52.348736
          ],
          [
            4.886953,
            52.348702
          ],
          [
            4.887041,
            52.348675
          ],
          [
            4.887102,
            52.348663
          ],
          [
            4.887245,
            52.348648
          ],
          [
            4.887324,
            52.348644
          ],
          [
            4.887454,
            52.34864
          ],
          [
            4.887544,
            52.348633
          ],
          [
            4.887665,
            52.348621
          ],
          [
            4.887718,
            52.348621
          ],
          [
            4.887876,
            52.348618
          ],
          [
            4.88798,
            52.348618
          ],
          [
            4.888077,
            52.348614
          ],
          [
            4.888174,
            52.348606
          ],
          [
            4.888261,
            52.348606
          ],
          [
            4.888368,
            52.348602
          ],
          [
            4.88846,
            52.348598
          ],
          [
            4.888505,
            52.348598
          ],
          [
            4.888647,
            52.348587
          ],
          [
            4.888745,
            52.348583
          ],
          [
            4.888841,
            52.348576
          ],
          [
            4.888913,
            52.348572
          ],
          [
            4.889065,
            52.348564
          ],
          [
            4.889138,
            52.348556
          ],
          [
            4.889271,
            52.348549
          ],
          [
            4.889376,
            52.348541
          ],
          [
            4.889478,
            52.348541
          ],
          [
            4.889565,
            52.348534
          ],
          [
            4.88965,
            52.34853
          ],
          [
            4.889784,
            52.348522
          ],
          [
            4.889887,
            52.348518
          ],
          [
            4.889986,
            52.348518
          ],
          [
            4.890083,
            52.348515
          ],
          [
            4.890146,
            52.348511
          ],
          [
            4.890288,
            52.348507
          ],
          [
            4.890389,
            52.348499
          ],
          [
            4.89049,
            52.348499
          ],
          [
            4.890586,
            52.348492
          ],
          [
            4.890664,
            52.348488
          ],
          [
            4.890779,
            52.348484
          ],
          [
            4.890867,
            52.34848
          ],
          [
            4.890954,
            52.348476
          ],
          [
            4.891031,
            52.348469
          ],
          [
            4.891089,
            52.348453
          ],
          [
            4.891131,
            52.348431
          ],
          [
            4.89116,
            52.348408
          ],
          [
            4.891158,
            52.348373
          ],
          [
            4.89115,
            52.348335
          ],
          [
            4.89114,
            52.348289
          ],
          [
            4.891132,
            52.348248
          ],
          [
            4.891126,
            52.348202
          ],
          [
            4.891122,
            52.348145
          ],
          [
            4.891114,
            52.348099
          ],
          [
            4.891105,
            52.348057
          ],
          [
            4.891081,
            52.348064
          ],
          [
            4.891067,
            52.348053
          ],
          [
            4.891057,
            52.348049
          ],
          [
            4.890855,
            52.348049
          ],
          [
            4.890747,
            52.348053
          ],
          [
            4.890674,
            52.348057
          ],
          [
            4.890551,
            52.348061
          ],
          [
            4.890489,
            52.348064
          ],
          [
            4.890334,
            52.348072
          ],
          [
            4.890254,
            52.348076
          ],
          [
            4.890131,
            52.34808
          ],
          [
            4.890005,
            52.348084
          ],
          [
            4.889941,
            52.348087
          ],
          [
            4.8898,
            52.348091
          ],
          [
            4.889698,
            52.348099
          ],
          [
            4.889602,
            52.348099
          ],
          [
            4.889493,
            52.348106
          ],
          [
            4.8894,
            52.348118
          ],
          [
            4.889302,
            52.348125
          ],
          [
            4.889204,
            52.348133
          ],
          [
            4.889104,
            52.348133
          ],
          [
            4.889015,
            52.348141
          ],
          [
            4.888903,
            52.348145
          ],
          [
            4.888803,
            52.348148
          ],
          [
            4.888705,
            52.348152
          ],
          [
            4.888604,
            52.348152
          ],
          [
            4.888518,
            52.348156
          ],
          [
            4.888403,
            52.34816
          ],
          [
            4.888307,
            52.348167
          ],
          [
            4.888211,
            52.348175
          ],
          [
            4.888126,
            52.348183
          ],
          [
            4.888012,
            52.348194
          ],
          [
            4.88791,
            52.348198
          ],
          [
            4.887818,
            52.348198
          ],
          [
            4.887772,
            52.348198
          ],
          [
            4.887625,
            52.348206
          ],
          [
            4.887529,
            52.348206
          ],
          [
            4.887435,
            52.348209
          ],
          [
            4.887332,
            52.348217
          ],
          [
            4.887238,
            52.348221
          ],
          [
            4.88714,
            52.348225
          ],
          [
            4.887049,
            52.348225
          ],
          [
            4.886961,
            52.348217
          ],
          [
            4.886907,
            52.348206
          ],
          [
            4.886799,
            52.348171
          ],
          [
            4.886736,
            52.348137
          ],
          [
            4.886672,
            52.348099
          ],
          [
            4.886617,
            52.348053
          ],
          [
            4.886576,
            52.348007
          ],
          [
            4.886541,
            52.347958
          ],
          [
            4.886528,
            52.347912
          ],
          [
            4.886518,
            52.347862
          ],
          [
            4.886512,
            52.347809
          ],
          [
            4.8865,
            52.347755
          ],
          [
            4.886506,
            52.347702
          ],
          [
            4.886497,
            52.347649
          ],
          [
            4.886488,
            52.347595
          ],
          [
            4.88648,
            52.347549
          ],
          [
            4.886461,
            52.347515
          ],
          [
            4.886427,
            52.347488
          ],
          [
            4.886382,
            52.347466
          ],
          [
            4.886317,
            52.347458
          ],
          [
            4.886248,
            52.347458
          ],
          [
            4.886175,
            52.347462
          ],
          [
            4.886102,
            52.347466
          ],
          [
            4.886025,
            52.347469
          ],
          [
            4.885983,
            52.347473
          ],
          [
            4.885847,
            52.347481
          ],
          [
            4.885746,
            52.347485
          ],
          [
            4.885671,
            52.347488
          ],
          [
            4.885559,
            52.347496
          ],
          [
            4.88543,
            52.347508
          ],
          [
            4.885359,
            52.347511
          ],
          [
            4.885227,
            52.347519
          ],
          [
            4.885123,
            52.347527
          ],
          [
            4.885026,
            52.347538
          ],
          [
            4.884935,
            52.347561
          ],
          [
            4.884851,
            52.347588
          ],
          [
            4.884775,
            52.347618
          ],
          [
            4.884717,
            52.347652
          ],
          [
            4.884652,
            52.347691
          ],
          [
            4.88458,
            52.347733
          ],
          [
            4.88452,
            52.347774
          ],
          [
            4.884455,
            52.34782
          ],
          [
            4.884388,
            52.347874
          ],
          [
            4.88432,
            52.347923
          ],
          [
            4.884256,
            52.347973
          ],
          [
            4.884192,
            52.348019
          ],
          [
            4.884129,
            52.348068
          ],
          [
            4.884065,
            52.348118
          ],
          [
            4.884002,
            52.348164
          ],
          [
            4.883947,
            52.348194
          ],
          [
            4.883893,
            52.348228
          ],
          [
            4.883844,
            52.348263
          ],
          [
            4.883795,
            52.348297
          ],
          [
            4.883755,
            52.348324
          ],
          [
            4.883713,
            52.348362
          ],
          [
            4.883667,
            52.348392
          ],
          [
            4.883623,
            52.348423
          ],
          [
            4.883581,
            52.348446
          ],
          [
            4.883546,
            52.348469
          ],
          [
            4.883509,
            52.348495
          ],
          [
            4.883465,
            52.348526
          ],
          [
            4.883428,
            52.34856
          ],
          [
            4.883399,
            52.348598
          ],
          [
            4.88338,
            52.348629
          ],
          [
            4.883376,
            52.34866
          ],
          [
            4.883385,
            52.348694
          ],
          [
            4.88341,
            52.348732
          ],
          [
            4.883446,
            52.348774
          ],
          [
            4.883491,
            52.348812
          ],
          [
            4.883553,
            52.348854
          ],
          [
            4.883622,
            52.348892
          ],
          [
            4.883693,
            52.348934
          ],
          [
            4.883767,
            52.348972
          ],
          [
            4.883846,
            52.349014
          ],
          [
            4.88392,
            52.349052
          ],
          [
            4.883995,
            52.349091
          ],
          [
            4.884071,
            52.349129
          ],
          [
            4.88415,
            52.349167
          ],
          [
            4.884223,
            52.349205
          ],
          [
            4.884296,
            52.349239
          ],
          [
            4.88437,
            52.349278
          ],
          [
            4.884447,
            52.349316
          ],
          [
            4.884518,
            52.349354
          ],
          [
            4.884589,
            52.349388
          ],
          [
            4.884662,
            52.349426
          ],
          [
            4.884739,
            52.349464
          ],
          [
            4.884811,
            52.349503
          ],
          [
            4.884883,
            52.349537
          ],
          [
            4.884949,
            52.349571
          ],
          [
            4.885017,
            52.349606
          ],
          [
            4.885074,
            52.349636
          ],
          [
            4.88511,
            52.349667
          ],
          [
            4.885128,
            52.349689
          ],
          [
            4.885122,
            52.34972
          ],
          [
            4.885094,
            52.349747
          ],
          [
            4.885043,
            52.349781
          ],
          [
            4.884994,
            52.349812
          ],
          [
            4.884945,
            52.349842
          ],
          [
            4.884892,
            52.349873
          ],
          [
            4.88483,
            52.349903
          ],
          [
            4.884765,
            52.349937
          ],
          [
            4.884705,
            52.349979
          ],
          [
            4.884647,
            52.350029
          ],
          [
            4.884572,
            52.350082
          ],
          [
            4.884499,
            52.350136
          ],
          [
            4.884432,
            52.350182
          ],
          [
            4.884362,
            52.350231
          ],
          [
            4.884291,
            52.350285
          ],
          [
            4.884229,
            52.350327
          ],
          [
            4.884164,
            52.350372
          ],
          [
            4.884094,
            52.350418
          ],
          [
            4.884028,
            52.350464
          ],
          [
            4.883961,
            52.350502
          ],
          [
            4.883886,
            52.350548
          ],
          [
            4.883804,
            52.350582
          ],
          [
            4.883745,
            52.350597
          ],
          [
            4.883607,
            52.350624
          ],
          [
            4.883508,
            52.350643
          ],
          [
            4.883415,
            52.350658
          ],
          [
            4.883319,
            52.350674
          ],
          [
            4.883235,
            52.350685
          ],
          [
            4.883126,
            52.350704
          ],
          [
            4.883031,
            52.350719
          ],
          [
            4.882934,
            52.350739
          ],
          [
            4.882838,
            52.350754
          ],
          [
            4.882752,
            52.350769
          ],
          [
            4.882646,
            52.350784
          ],
          [
            4.882553,
            52.350803
          ],
          [
            4.882457,
            52.350826
          ],
          [
            4.882358,
            52.350841
          ],
          [
            4.882287,
            52.350853
          ],
          [
            4.882166,
            52.350876
          ],
          [
            4.882069,
            52.350891
          ],
          [
            4.881974,
            52.350906
          ],
          [
            4.881883,
            52.350925
          ],
          [
            4.881793,
            52.350941
          ],
          [
            4.881723,
            52.350964
          ],
          [
            4.881678,
            52.350994
          ],
          [
            4.88167,
            52.351028
          ],
          [
            4.881683,
            52.35107
          ],
          [
            4.881713,
            52.351116
          ],
          [
            4.88174,
            52.351158
          ],
          [
            4.881765,
            52.351208
          ],
          [
            4.881782,
            52.351254
          ],
          [
            4.881798,
            52.351303
          ],
          [
            4.881822,
            52.351349
          ],
          [
            4.881851,
            52.351402
          ],
          [
            4.881876,
            52.35144
          ],
          [
            4.8819,
            52.351479
          ],
          [
            4.88192,
            52.351509
          ],
          [
            4.881942,
            52.351543
          ],
          [
            4.881959,
            52.351574
          ],
          [
            4.881966,
            52.351604
          ],
          [
            4.881945,
            52.351627
          ],
          [
            4.881919,
            52.351635
          ],
          [
            4.881879,
            52.351631
          ],
          [
            4.881821,
            52.351631
          ],
          [
            4.88176,
            52.351627
          ],
          [
            4.881695,
            52.351616
          ],
          [
            4.881625,
            52.351608
          ],
          [
            4.881579,
            52.351597
          ],
          [
            4.88156,
            52.351582
          ],
          [
            4.881565,
            52.351566
          ],
          [
            4.881588,
            52.351536
          ],
          [
            4.881629,
            52.351509
          ],
          [
            4.881679,
            52.351482
          ],
          [
            4.88173,
            52.351456
          ],
          [
            4.881786,
            52.351429
          ],
          [
            4.881848,
            52.35141
          ],
          [
            4.881912,
            52.351398
          ],
          [
            4.881931,
            52.351391
          ],
          [
            4.882051,
            52.351376
          ],
          [
            4.882128,
            52.351364
          ],
          [
            4.882203,
            52.351353
          ],
          [
            4.882279,
            52.351337
          ],
          [
            4.882331,
            52.35133
          ],
          [
            4.882435,
            52.351311
          ],
          [
            4.882491,
            52.351299
          ],
          [
            4.882587,
            52.35128
          ],
          [
            4.88268,
            52.351261
          ],
          [
            4.882766,
            52.351242
          ],
          [
            4.882799,
            52.351234
          ],
          [
            4.882921,
            52.351212
          ],
          [
            4.882983,
            52.3512
          ],
          [
            4.883095,
            52.351181
          ],
          [
            4.883207,
            52.351158
          ],
          [
            4.883307,
            52.351143
          ],
          [
            4.883357,
            52.351135
          ],
          [
            4.883475,
            52.351116
          ],
          [
            4.883562,
            52.351101
          ],
          [
            4.883579,
            52.351097
          ],
          [
            4.883717,
            52.351074
          ],
          [
            4.883817,
            52.351055
          ],
          [
            4.883906,
            52.351036
          ],
          [
            4.883996,
            52.351021
          ],
          [
            4.884084,
            52.351006
          ],
          [
            4.884159,
            52.35099
          ],
          [
            4.884252,
            52.350979
          ],
          [
            4.884322,
            52.350971
          ],
          [
            4.88438,
            52.350967
          ],
          [
            4.884438,
            52.350986
          ],
          [
            4.884485,
            52.351006
          ],
          [
            4.884513,
            52.351028
          ],
          [
            4.884528,
            52.351059
          ],
          [
            4.884529,
            52.351093
          ],
          [
            4.88449,
            52.351131
          ],
          [
            4.884489,
            52.351147
          ],
          [
            4.884396,
            52.351177
          ],
          [
            4.884321,
            52.351196
          ],
          [
            4.884309,
            52.3512
          ],
          [
            4.88418,
            52.351231
          ],
          [
            4.884089,
            52.35125
          ],
          [
            4.884039,
            52.351257
          ],
          [
            4.883943,
            52.351269
          ],
          [
            4.883876,
            52.351276
          ],
          [
            4.883821,
            52.351273
          ],
          [
            4.883779,
            52.351269
          ],
          [
            4.883748,
            52.351246
          ],
          [
            4.88372,
            52.351215
          ],
          [
            4.883704,
            52.351189
          ],
          [
            4.883687,
            52.351158
          ],
          [
            4.883679,
            52.351143
          ],
          [
            4.883679,
            52.351143
          ],
          [
            4.883677,
            52.351116
          ],
          [
            4.88368,
            52.35112
          ],
          [
            4.883684,
            52.35112
          ],
          [
            4.88369,
            52.351135
          ],
          [
            4.883698,
            52.351154
          ],
          [
            4.883704,
            52.351185
          ],
          [
            4.883706,
            52.351215
          ],
          [
            4.883699,
            52.351246
          ],
          [
            4.883695,
            52.351265
          ],
          [
            4.883639,
            52.351295
          ],
          [
            4.883581,
            52.351315
          ],
          [
            4.883523,
            52.351334
          ],
          [
            4.883456,
            52.351349
          ],
          [
            4.883385,
            52.351364
          ],
          [
            4.883321,
            52.351376
          ],
          [
            4.883245,
            52.351391
          ],
          [
            4.883171,
            52.351406
          ],
          [
            4.883097,
            52.351421
          ],
          [
            4.883022,
            52.351429
          ],
          [
            4.882951,
            52.351429
          ],
          [
            4.882897,
            52.351429
          ],
          [
            4.882846,
            52.351418
          ],
          [
            4.882809,
            52.351398
          ],
          [
            4.882782,
            52.351372
          ],
          [
            4.882765,
            52.351345
          ],
          [
            4.882756,
            52.351315
          ],
          [
            4.882756,
            52.351315
          ],
          [
            4.882761,
            52.351284
          ],
          [
            4.88276,
            52.35128
          ],
          [
            4.88276,
            52.35128
          ],
          [
            4.88276,
            52.35128
          ],
          [
            4.88276,
            52.35128
          ],
          [
            4.882769,
            52.351303
          ],
          [
            4.882769,
            52.351307
          ],
          [
            4.882777,
            52.351311
          ],
          [
            4.882785,
            52.35133
          ],
          [
            4.882789,
            52.351349
          ],
          [
            4.882793,
            52.351368
          ],
          [
            4.882792,
            52.351402
          ],
          [
            4.882787,
            52.351429
          ],
          [
            4.88277,
            52.351444
          ],
          [
            4.882718,
            52.351479
          ],
          [
            4.882657,
            52.351498
          ],
          [
            4.882622,
            52.351509
          ],
          [
            4.882534,
            52.351532
          ],
          [
            4.882457,
            52.351547
          ],
          [
            4.882388,
            52.351563
          ],
          [
            4.882314,
            52.351578
          ],
          [
            4.882241,
            52.351597
          ],
          [
            4.882179,
            52.351616
          ],
          [
            4.882131,
            52.351631
          ],
          [
            4.882094,
            52.351654
          ],
          [
            4.882069,
            52.351677
          ],
          [
            4.882053,
            52.351711
          ],
          [
            4.882049,
            52.351738
          ],
          [
            4.882058,
            52.351776
          ],
          [
            4.882072,
            52.351818
          ],
          [
            4.882088,
            52.35186
          ],
          [
            4.882099,
            52.351898
          ],
          [
            4.88211,
            52.351952
          ],
          [
            4.882122,
            52.351997
          ],
          [
            4.882117,
            52.352047
          ],
          [
            4.882103,
            52.352089
          ],
          [
            4.882077,
            52.352139
          ],
          [
            4.882042,
            52.35218
          ],
          [
            4.882,
            52.352226
          ],
          [
            4.881955,
            52.352268
          ],
          [
            4.881917,
            52.352295
          ],
          [
            4.881871,
            52.352322
          ],
          [
            4.881816,
            52.352341
          ],
          [
            4.88176,
            52.352345
          ],
          [
            4.881695,
            52.352341
          ],
          [
            4.881629,
            52.352329
          ],
          [
            4.881494,
            52.352291
          ],
          [
            4.881422,
            52.352268
          ],
          [
            4.881346,
            52.352242
          ],
          [
            4.881273,
            52.352211
          ],
          [
            4.881187,
            52.352177
          ],
          [
            4.881105,
            52.352142
          ],
          [
            4.881025,
            52.352108
          ],
          [
            4.880951,
            52.352077
          ],
          [
            4.880886,
            52.352043
          ],
          [
            4.880846,
            52.35202
          ],
          [
            4.880819,
            52.351982
          ],
          [
            4.880811,
            52.351952
          ],
          [
            4.880824,
            52.351913
          ],
          [
            4.880845,
            52.351879
          ],
          [
            4.880876,
            52.351841
          ],
          [
            4.88092,
            52.35181
          ],
          [
            4.880974,
            52.351765
          ],
          [
            4.881033,
            52.351727
          ],
          [
            4.8811,
            52.351696
          ],
          [
            4.88117,
            52.351666
          ],
          [
            4.881238,
            52.351643
          ],
          [
            4.881327,
            52.351616
          ],
          [
            4.881409,
            52.351589
          ],
          [
            4.881486,
            52.351559
          ],
          [
            4.881561,
            52.351532
          ],
          [
            4.881628,
            52.351494
          ],
          [
            4.881681,
            52.351459
          ],
          [
            4.88172,
            52.351421
          ],
          [
            4.881748,
            52.351368
          ],
          [
            4.881764,
            52.351322
          ],
          [
            4.881767,
            52.351273
          ],
          [
            4.881754,
            52.351223
          ],
          [
            4.88174,
            52.351173
          ],
          [
            4.881721,
            52.351124
          ],
          [
            4.881695,
            52.351082
          ],
          [
            4.881663,
            52.35104
          ],
          [
            4.88162,
            52.351013
          ],
          [
            4.881586,
            52.350998
          ],
          [
            4.881509,
            52.350994
          ],
          [
            4.881443,
            52.350998
          ],
          [
            4.881372,
            52.351006
          ],
          [
            4.88129,
            52.351021
          ],
          [
            4.881238,
            52.351028
          ],
          [
            4.881129,
            52.351051
          ],
          [
            4.881103,
            52.351055
          ],
          [
            4.880954,
            52.351082
          ],
          [
            4.880845,
            52.351101
          ],
          [
            4.880739,
            52.351124
          ],
          [
            4.880636,
            52.351143
          ],
          [
            4.880538,
            52.351162
          ],
          [
            4.880448,
            52.351177
          ],
          [
            4.880347,
            52.351196
          ],
          [
            4.88025,
            52.351215
          ],
          [
            4.880174,
            52.351231
          ],
          [
            4.880075,
            52.351254
          ],
          [
            4.88001,
            52.351273
          ],
          [
            4.879954,
            52.351299
          ],
          [
            4.879905,
            52.351326
          ],
          [
            4.87987,
            52.351364
          ],
          [
            4.879854,
            52.351395
          ],
          [
            4.879835,
            52.351437
          ],
          [
            4.879817,
            52.351475
          ],
          [
            4.8798,
            52.351509
          ],
          [
            4.879776,
            52.351524
          ],
          [
            4.879745,
            52.351532
          ],
          [
            4.879717,
            52.351532
          ],
          [
            4.879676,
            52.351524
          ],
          [
            4.879632,
            52.351513
          ],
          [
            4.879578,
            52.351494
          ],
          [
            4.879482,
            52.351456
          ],
          [
            4.879437,
            52.351433
          ],
          [
            4.879426,
            52.351421
          ],
          [
            4.879425,
            52.351402
          ],
          [
            4.87944,
            52.351383
          ],
          [
            4.879477,
            52.351368
          ],
          [
            4.879522,
            52.351353
          ],
          [
            4.879573,
            52.351341
          ],
          [
            4.879628,
            52.35133
          ],
          [
            4.879688,
            52.35133
          ],
          [
            4.879737,
            52.351334
          ],
          [
            4.879771,
            52.351349
          ],
          [
            4.879797,
            52.351372
          ],
          [
            4.87981,
            52.351402
          ],
          [
            4.879818,
            52.351425
          ],
          [
            4.879811,
            52.351459
          ],
          [
            4.879819,
            52.351494
          ],
          [
            4.879825,
            52.351532
          ],
          [
            4.879851,
            52.35157
          ],
          [
            4.87989,
            52.351608
          ],
          [
            4.879947,
            52.351643
          ],
          [
            4.88001,
            52.351673
          ],
          [
            4.880079,
            52.351704
          ],
          [
            4.880154,
            52.351734
          ],
          [
            4.880233,
            52.351769
          ],
          [
            4.880311,
            52.351799
          ],
          [
            4.880388,
            52.351833
          ],
          [
            4.880465,
            52.351868
          ],
          [
            4.880505,
            52.351883
          ],
          [
            4.880614,
            52.351929
          ],
          [
            4.880697,
            52.351967
          ],
          [
            4.880776,
            52.352001
          ],
          [
            4.880856,
            52.352035
          ],
          [
            4.880928,
            52.352066
          ],
          [
            4.881009,
            52.3521
          ],
          [
            4.881092,
            52.352135
          ],
          [
            4.881162,
            52.352165
          ],
          [
            4.881259,
            52.352203
          ],
          [
            4.881344,
            52.352242
          ],
          [
            4.881509,
            52.352306
          ],
          [
            4.881587,
            52.352333
          ],
          [
            4.881665,
            52.352364
          ],
          [
            4.88174,
            52.352398
          ],
          [
            4.881808,
            52.352421
          ],
          [
            4.881869,
            52.352448
          ],
          [
            4.88194,
            52.352478
          ],
          [
            4.881979,
            52.352493
          ],
          [
            4.882074,
            52.352535
          ],
          [
            4.882153,
            52.352562
          ],
          [
            4.88223,
            52.352596
          ],
          [
            4.882282,
            52.352615
          ],
          [
            4.882404,
            52.35265
          ],
          [
            4.882393,
            52.35265
          ],
          [
            4.882501,
            52.352669
          ],
          [
            4.882669,
            52.352676
          ],
          [
            4.882782,
            52.352669
          ],
          [
            4.882882,
            52.352653
          ],
          [
            4.882972,
            52.352631
          ],
          [
            4.883067,
            52.352604
          ],
          [
            4.883157,
            52.352577
          ],
          [
            4.883255,
            52.352554
          ],
          [
            4.883252,
            52.35255
          ],
          [
            4.883425,
            52.352505
          ],
          [
            4.883519,
            52.352478
          ],
          [
            4.883531,
            52.352474
          ],
          [
            4.883706,
            52.352432
          ],
          [
            4.883801,
            52.352406
          ],
          [
            4.883863,
            52.352386
          ],
          [
            4.883988,
            52.352356
          ],
          [
            4.883985,
            52.352352
          ],
          [
            4.884168,
            52.352322
          ],
          [
            4.884276,
            52.352306
          ],
          [
            4.884367,
            52.352295
          ],
          [
            4.884419,
            52.352295
          ],
          [
            4.884546,
            52.352284
          ],
          [
            4.88463,
            52.352276
          ],
          [
            4.884634,
            52.352276
          ],
          [
            4.884799,
            52.352264
          ],
          [
            4.884838,
            52.352261
          ],
          [
            4.884975,
            52.352249
          ],
          [
            4.885059,
            52.352245
          ],
          [
            4.885067,
            52.352242
          ],
          [
            4.885203,
            52.352234
          ],
          [
            4.88529,
            52.35223
          ],
          [
            4.885294,
            52.35223
          ],
          [
            4.885436,
            52.352219
          ],
          [
            4.885587,
            52.352207
          ],
          [
            4.885677,
            52.3522
          ],
          [
            4.885744,
            52.352188
          ],
          [
            4.885808,
            52.352169
          ],
          [
            4.885847,
            52.352146
          ],
          [
            4.885872,
            52.352116
          ],
          [
            4.885891,
            52.352085
          ],
          [
            4.885893,
            52.352047
          ],
          [
            4.885891,
            52.352005
          ],
          [
            4.885893,
            52.351963
          ],
          [
            4.885895,
            52.35191
          ],
          [
            4.885896,
            52.351849
          ],
          [
            4.885903,
            52.351799
          ],
          [
            4.8859,
            52.35173
          ],
          [
            4.885906,
            52.351666
          ],
          [
            4.885899,
            52.351612
          ],
          [
            4.885884,
            52.351563
          ],
          [
            4.885853,
            52.351513
          ],
          [
            4.885805,
            52.351482
          ],
          [
            4.885746,
            52.351463
          ],
          [
            4.885684,
            52.351459
          ],
          [
            4.885602,
            52.351471
          ],
          [
            4.885533,
            52.351482
          ],
          [
            4.885453,
            52.351498
          ],
          [
            4.885372,
            52.351517
          ],
          [
            4.885287,
            52.351536
          ],
          [
            4.885311,
            52.351532
          ],
          [
            4.885122,
            52.35157
          ],
          [
            4.885021,
            52.351589
          ],
          [
            4.884952,
            52.351593
          ],
          [
            4.884898,
            52.351585
          ],
          [
            4.884851,
            52.351574
          ],
          [
            4.884817,
            52.351551
          ],
          [
            4.884787,
            52.351517
          ],
          [
            4.884756,
            52.351479
          ],
          [
            4.88473,
            52.351437
          ],
          [
            4.884704,
            52.351395
          ],
          [
            4.88468,
            52.35136
          ],
          [
            4.884655,
            52.351318
          ],
          [
            4.884626,
            52.351276
          ],
          [
            4.884584,
            52.35125
          ],
          [
            4.884542,
            52.351223
          ],
          [
            4.884493,
            52.351215
          ],
          [
            4.884434,
            52.351215
          ],
          [
            4.884374,
            52.351219
          ],
          [
            4.884308,
            52.351227
          ],
          [
            4.884246,
            52.351238
          ],
          [
            4.884185,
            52.35125
          ],
          [
            4.884136,
            52.351261
          ],
          [
            4.884136,
            52.351261
          ],
          [
            4.884047,
            52.351269
          ],
          [
            4.884048,
            52.351265
          ],
          [
            4.884052,
            52.351257
          ],
          [
            4.884075,
            52.35125
          ],
          [
            4.884058,
            52.35125
          ],
          [
            4.884069,
            52.351246
          ],
          [
            4.884085,
            52.351242
          ],
          [
            4.884141,
            52.351234
          ],
          [
            4.884152,
            52.351234
          ],
          [
            4.884233,
            52.351227
          ],
          [
            4.884284,
            52.351219
          ],
          [
            4.884521,
            52.351242
          ],
          [
            4.8846,
            52.351265
          ],
          [
            4.884643,
            52.351295
          ],
          [
            4.884672,
            52.35133
          ],
          [
            4.884697,
            52.351368
          ],
          [
            4.884725,
            52.351418
          ],
          [
            4.884748,
            52.351463
          ],
          [
            4.884768,
            52.351505
          ],
          [
            4.884764,
            52.35154
          ],
          [
            4.884753,
            52.351585
          ],
          [
            4.884741,
            52.35162
          ],
          [
            4.884737,
            52.351627
          ],
          [
            4.88473,
            52.351635
          ],
          [
            4.884654,
            52.351669
          ],
          [
            4.88459,
            52.351696
          ],
          [
            4.88454,
            52.351711
          ],
          [
            4.884454,
            52.35173
          ],
          [
            4.884418,
            52.351734
          ],
          [
            4.884301,
            52.351757
          ],
          [
            4.884215,
            52.351772
          ],
          [
            4.884133,
            52.351788
          ],
          [
            4.884047,
            52.351807
          ],
          [
            4.883957,
            52.351822
          ],
          [
            4.883871,
            52.351841
          ],
          [
            4.883783,
            52.351856
          ],
          [
            4.88373,
            52.351864
          ],
          [
            4.883619,
            52.351883
          ],
          [
            4.883545,
            52.351894
          ],
          [
            4.883475,
            52.351906
          ],
          [
            4.883418,
            52.351913
          ],
          [
            4.88336,
            52.351925
          ],
          [
            4.883321,
            52.351929
          ],
          [
            4.883277,
            52.35194
          ],
          [
            4.883235,
            52.351952
          ],
          [
            4.883197,
            52.351959
          ],
          [
            4.88314,
            52.351967
          ],
          [
            4.883084,
            52.351971
          ],
          [
            4.883027,
            52.351978
          ],
          [
            4.882965,
            52.35199
          ],
          [
            4.882903,
            52.352001
          ],
          [
            4.882834,
            52.352013
          ],
          [
            4.882769,
            52.352028
          ],
          [
            4.882705,
            52.352035
          ],
          [
            4.882629,
            52.352051
          ],
          [
            4.88256,
            52.352062
          ],
          [
            4.882494,
            52.352077
          ],
          [
            4.882439,
            52.352085
          ],
          [
            4.882383,
            52.352093
          ],
          [
            4.882335,
            52.352104
          ],
          [
            4.882285,
            52.352108
          ],
          [
            4.882238,
            52.352112
          ],
          [
            4.882199,
            52.352116
          ],
          [
            4.882162,
            52.352123
          ],
          [
            4.882127,
            52.352135
          ],
          [
            4.882097,
            52.352158
          ],
          [
            4.882059,
            52.352188
          ],
          [
            4.882038,
            52.352226
          ],
          [
            4.882004,
            52.352261
          ],
          [
            4.881979,
            52.352299
          ],
          [
            4.881947,
            52.352333
          ],
          [
            4.881919,
            52.352367
          ],
          [
            4.881895,
            52.352402
          ],
          [
            4.881893,
            52.352421
          ],
          [
            4.881906,
            52.352451
          ],
          [
            4.881935,
            52.35247
          ],
          [
            4.881966,
            52.352489
          ],
          [
            4.882014,
            52.352509
          ],
          [
            4.882051,
            52.352528
          ],
          [
            4.882094,
            52.352547
          ],
          [
            4.882144,
            52.35257
          ],
          [
            4.882179,
            52.352585
          ],
          [
            4.882223,
            52.3526
          ],
          [
            4.882272,
            52.352619
          ],
          [
            4.882319,
            52.352634
          ],
          [
            4.882363,
            52.35265
          ],
          [
            4.882383,
            52.352657
          ],
          [
            4.882419,
            52.352669
          ],
          [
            4.882451,
            52.352676
          ],
          [
            4.882562,
            52.352726
          ],
          [
            4.882617,
            52.35276
          ],
          [
            4.882656,
            52.352791
          ],
          [
            4.882681,
            52.35281
          ],
          [
            4.882706,
            52.352837
          ],
          [
            4.882713,
            52.352848
          ],
          [
            4.882713,
            52.352848
          ],
          [
            4.882713,
            52.352848
          ],
          [
            4.882713,
            52.352848
          ],
          [
            4.882713,
            52.352848
          ],
          [
            4.882713,
            52.352848
          ],
          [
            4.882713,
            52.352848
          ],
          [
            4.882779,
            52.352921
          ],
          [
            4.882786,
            52.352924
          ],
          [
            4.882803,
            52.352932
          ],
          [
            4.882827,
            52.35294
          ],
          [
            4.882858,
            52.35294
          ],
          [
            4.88289,
            52.352928
          ],
          [
            4.882933,
            52.352917
          ],
          [
            4.882979,
            52.352913
          ],
          [
            4.883028,
            52.352913
          ],
          [
            4.883081,
            52.352913
          ],
          [
            4.883136,
            52.352917
          ],
          [
            4.883194,
            52.352924
          ],
          [
            4.883263,
            52.352936
          ],
          [
            4.883332,
            52.352943
          ],
          [
            4.883403,
            52.352955
          ],
          [
            4.883449,
            52.352959
          ],
          [
            4.883552,
            52.352978
          ],
          [
            4.883641,
            52.352993
          ],
          [
            4.883723,
            52.353004
          ],
          [
            4.883807,
            52.35302
          ],
          [
            4.883878,
            52.353035
          ],
          [
            4.883979,
            52.35305
          ],
          [
            4.884068,
            52.353065
          ],
          [
            4.884157,
            52.353081
          ],
          [
            4.884208,
            52.353088
          ],
          [
            4.884325,
            52.353111
          ],
          [
            4.884414,
            52.35313
          ],
          [
            4.88447,
            52.353142
          ],
          [
            4.884583,
            52.353149
          ],
          [
            4.884664,
            52.353153
          ],
          [
            4.884724,
            52.353157
          ],
          [
            4.884776,
            52.35313
          ],
          [
            4.884806,
            52.353104
          ],
          [
            4.884845,
            52.353065
          ],
          [
            4.884877,
            52.353008
          ],
          [
            4.884903,
            52.352955
          ],
          [
            4.884925,
            52.352905
          ],
          [
            4.884958,
            52.35286
          ],
          [
            4.884985,
            52.352802
          ],
          [
            4.885014,
            52.352745
          ],
          [
            4.885036,
            52.352695
          ],
          [
            4.885063,
            52.352642
          ],
          [
            4.88509,
            52.352592
          ],
          [
            4.885108,
            52.352543
          ],
          [
            4.885125,
            52.352509
          ],
          [
            4.885149,
            52.352478
          ],
          [
            4.885167,
            52.352451
          ],
          [
            4.885171,
            52.352436
          ],
          [
            4.885175,
            52.352436
          ],
          [
            4.885178,
            52.352448
          ],
          [
            4.88517,
            52.352459
          ],
          [
            4.885146,
            52.352482
          ],
          [
            4.885126,
            52.352512
          ],
          [
            4.8851,
            52.352547
          ],
          [
            4.885081,
            52.352577
          ],
          [
            4.885055,
            52.352608
          ],
          [
            4.885026,
            52.35265
          ],
          [
            4.885,
            52.352699
          ],
          [
            4.884968,
            52.352753
          ],
          [
            4.884938,
            52.352806
          ],
          [
            4.884903,
            52.352867
          ],
          [
            4.884877,
            52.352913
          ],
          [
            4.884862,
            52.352963
          ],
          [
            4.884856,
            52.35302
          ],
          [
            4.884845,
            52.353043
          ],
          [
            4.884893,
            52.353096
          ],
          [
            4.88495,
            52.353138
          ],
          [
            4.884981,
            52.353157
          ],
          [
            4.885078,
            52.353188
          ],
          [
            4.885171,
            52.353214
          ],
          [
            4.885259,
            52.353233
          ],
          [
            4.885346,
            52.353252
          ],
          [
            4.885404,
            52.35326
          ],
          [
            4.88552,
            52.353279
          ],
          [
            4.885619,
            52.353298
          ],
          [
            4.885713,
            52.353313
          ],
          [
            4.885805,
            52.353325
          ],
          [
            4.885895,
            52.353344
          ],
          [
            4.885985,
            52.353355
          ],
          [
            4.886066,
            52.353371
          ],
          [
            4.886134,
            52.353378
          ],
          [
            4.886197,
            52.353386
          ],
          [
            4.886258,
            52.353394
          ],
          [
            4.886326,
            52.353397
          ],
          [
            4.88639,
            52.353409
          ],
          [
            4.886454,
            52.353416
          ],
          [
            4.886513,
            52.353424
          ],
          [
            4.886578,
            52.353436
          ],
          [
            4.886637,
            52.353447
          ],
          [
            4.8867,
            52.353455
          ],
          [
            4.88676,
            52.353462
          ],
          [
            4.886821,
            52.35347
          ],
          [
            4.886873,
            52.35347
          ],
          [
            4.88692,
            52.353462
          ],
          [
            4.886958,
            52.353451
          ],
          [
            4.88699,
            52.353428
          ],
          [
            4.887015,
            52.353405
          ],
          [
            4.887026,
            52.353367
          ],
          [
            4.887029,
            52.353325
          ],
          [
            4.887034,
            52.353275
          ],
          [
            4.887032,
            52.353233
          ],
          [
            4.887036,
            52.35318
          ],
          [
            4.887031,
            52.353127
          ],
          [
            4.887021,
            52.353077
          ],
          [
            4.887012,
            52.353031
          ],
          [
            4.886992,
            52.352993
          ],
          [
            4.886952,
            52.352947
          ],
          [
            4.886919,
            52.352905
          ],
          [
            4.886891,
            52.352871
          ],
          [
            4.886854,
            52.35284
          ],
          [
            4.886838,
            52.352795
          ],
          [
            4.886837,
            52.35276
          ],
          [
            4.886826,
            52.352715
          ],
          [
            4.886823,
            52.352673
          ],
          [
            4.886821,
            52.352627
          ],
          [
            4.886816,
            52.352577
          ],
          [
            4.886813,
            52.352539
          ],
          [
            4.886808,
            52.352497
          ],
          [
            4.886793,
            52.352459
          ],
          [
            4.886769,
            52.352428
          ],
          [
            4.886729,
            52.352398
          ],
          [
            4.886681,
            52.352379
          ],
          [
            4.88663,
            52.352367
          ],
          [
            4.886569,
            52.35236
          ],
          [
            4.886513,
            52.352356
          ],
          [
            4.886457,
            52.352356
          ],
          [
            4.886406,
            52.352352
          ],
          [
            4.886368,
            52.352348
          ],
          [
            4.886368,
            52.352348
          ],
          [
            4.886368,
            52.352348
          ],
          [
            4.886368,
            52.352348
          ],
          [
            4.886232,
            52.352352
          ],
          [
            4.88621,
            52.352352
          ],
          [
            4.886179,
            52.352352
          ],
          [
            4.88615,
            52.352356
          ],
          [
            4.886112,
            52.352356
          ],
          [
            4.886079,
            52.352356
          ],
          [
            4.88604,
            52.352352
          ],
          [
            4.886009,
            52.352352
          ],
          [
            4.885977,
            52.352333
          ],
          [
            4.88595,
            52.352318
          ],
          [
            4.885928,
            52.352295
          ],
          [
            4.885917,
            52.352261
          ],
          [
            4.885905,
            52.35223
          ],
          [
            4.885901,
            52.352188
          ],
          [
            4.885896,
            52.352139
          ],
          [
            4.885891,
            52.352081
          ],
          [
            4.88589,
            52.351967
          ],
          [
            4.885886,
            52.351906
          ],
          [
            4.885886,
            52.351849
          ],
          [
            4.885881,
            52.35178
          ],
          [
            4.885883,
            52.351711
          ],
          [
            4.885881,
            52.351654
          ],
          [
            4.885878,
            52.351589
          ],
          [
            4.885878,
            52.351524
          ],
          [
            4.885878,
            52.351459
          ],
          [
            4.885878,
            52.351395
          ],
          [
            4.885879,
            52.351341
          ],
          [
            4.885877,
            52.351276
          ],
          [
            4.885876,
            52.351212
          ],
          [
            4.885875,
            52.351151
          ],
          [
            4.885874,
            52.351097
          ],
          [
            4.885877,
            52.351028
          ],
          [
            4.885873,
            52.350964
          ],
          [
            4.88587,
            52.350903
          ],
          [
            4.885871,
            52.350841
          ],
          [
            4.885868,
            52.350788
          ],
          [
            4.885864,
            52.350716
          ],
          [
            4.885864,
            52.350651
          ],
          [
            4.885862,
            52.35059
          ],
          [
            4.885861,
            52.350529
          ],
          [
            4.885859,
            52.350464
          ],
          [
            4.885857,
            52.350403
          ],
          [
            4.885856,
            52.350349
          ],
          [
            4.88586,
            52.350296
          ],
          [
            4.885864,
            52.350243
          ],
          [
            4.885873,
            52.350189
          ],
          [
            4.885896,
            52.350143
          ],
          [
            4.885929,
            52.350109
          ],
          [
            4.885971,
            52.350071
          ],
          [
            4.886023,
            52.350033
          ],
          [
            4.886077,
            52.349998
          ],
          [
            4.886141,
            52.349968
          ],
          [
            4.886208,
            52.349937
          ],
          [
            4.886254,
            52.349922
          ],
          [
            4.886356,
            52.349899
          ],
          [
            4.886439,
            52.349884
          ],
          [
            4.886507,
            52.349876
          ],
          [
            4.886574,
            52.349876
          ],
          [
            4.886628,
            52.34988
          ],
          [
            4.886673,
            52.349896
          ],
          [
            4.886708,
            52.349915
          ],
          [
            4.886739,
            52.349945
          ],
          [
            4.886751,
            52.349987
          ],
          [
            4.88676,
            52.350018
          ],
          [
            4.886765,
            52.350071
          ],
          [
            4.88677,
            52.350128
          ],
          [
            4.886784,
            52.350185
          ],
          [
            4.886778,
            52.350246
          ],
          [
            4.88679,
            52.3503
          ],
          [
            4.8868,
            52.350353
          ],
          [
            4.886796,
            52.350418
          ],
          [
            4.886793,
            52.350475
          ],
          [
            4.886786,
            52.350533
          ],
          [
            4.886786,
            52.350586
          ],
          [
            4.886783,
            52.350655
          ],
          [
            4.886785,
            52.350723
          ],
          [
            4.886784,
            52.350788
          ],
          [
            4.886784,
            52.350853
          ],
          [
            4.886786,
            52.350918
          ],
          [
            4.886787,
            52.350975
          ],
          [
            4.886785,
            52.351044
          ],
          [
            4.886784,
            52.351109
          ],
          [
            4.886784,
            52.351192
          ],
          [
            4.886781,
            52.351273
          ],
          [
            4.886785,
            52.351364
          ],
          [
            4.886785,
            52.351456
          ],
          [
            4.88679,
            52.351528
          ],
          [
            4.886785,
            52.351604
          ],
          [
            4.886778,
            52.351666
          ],
          [
            4.88678,
            52.35173
          ],
          [
            4.886762,
            52.351799
          ],
          [
            4.886745,
            52.35186
          ],
          [
            4.886745,
            52.351894
          ],
          [
            4.886745,
            52.351933
          ],
          [
            4.886749,
            52.351982
          ],
          [
            4.886745,
            52.35202
          ],
          [
            4.886762,
            52.352058
          ],
          [
            4.88678,
            52.352089
          ],
          [
            4.88681,
            52.352116
          ],
          [
            4.886846,
            52.352127
          ],
          [
            4.886853,
            52.352135
          ],
          [
            4.886957,
            52.352146
          ],
          [
            4.88702,
            52.352154
          ],
          [
            4.887082,
            52.352161
          ],
          [
            4.887195,
            52.352173
          ],
          [
            4.887229,
            52.352177
          ],
          [
            4.887329,
            52.352192
          ],
          [
            4.887464,
            52.352211
          ],
          [
            4.887571,
            52.352226
          ],
          [
            4.88765,
            52.352238
          ],
          [
            4.887717,
            52.352245
          ],
          [
            4.88779,
            52.352257
          ],
          [
            4.887942,
            52.352276
          ],
          [
            4.88798,
            52.35228
          ],
          [
            4.88814,
            52.352303
          ],
          [
            4.888226,
            52.352318
          ],
          [
            4.88828,
            52.352325
          ],
          [
            4.888452,
            52.352348
          ],
          [
            4.888579,
            52.352367
          ],
          [
            4.888627,
            52.352375
          ],
          [
            4.888769,
            52.352394
          ],
          [
            4.888888,
            52.352413
          ],
          [
            4.888937,
            52.352425
          ],
          [
            4.889079,
            52.352448
          ],
          [
            4.889178,
            52.352459
          ],
          [
            4.889297,
            52.352478
          ],
          [
            4.889369,
            52.352489
          ],
          [
            4.889461,
            52.352501
          ],
          [
            4.889583,
            52.35252
          ],
          [
            4.889705,
            52.352535
          ],
          [
            4.889806,
            52.35255
          ],
          [
            4.889911,
            52.352566
          ],
          [
            4.889968,
            52.352573
          ],
          [
            4.8901,
            52.352589
          ],
          [
            4.890204,
            52.352604
          ],
          [
            4.89031,
            52.352619
          ],
          [
            4.890415,
            52.352634
          ],
          [
            4.890467,
            52.352642
          ],
          [
            4.8906,
            52.352661
          ],
          [
            4.890703,
            52.352673
          ],
          [
            4.890809,
            52.352688
          ],
          [
            4.890912,
            52.352703
          ],
          [
            4.890958,
            52.352711
          ],
          [
            4.891097,
            52.35273
          ],
          [
            4.891202,
            52.352749
          ],
          [
            4.891308,
            52.35276
          ],
          [
            4.891408,
            52.352779
          ],
          [
            4.891474,
            52.352787
          ],
          [
            4.891543,
            52.352798
          ],
          [
            4.891689,
            52.352818
          ],
          [
            4.891795,
            52.352833
          ],
          [
            4.891837,
            52.35284
          ],
          [
            4.891984,
            52.352856
          ],
          [
            4.892099,
            52.352875
          ],
          [
            4.892125,
            52.352879
          ],
          [
            4.892281,
            52.352905
          ],
          [
            4.892403,
            52.352924
          ],
          [
            4.89251,
            52.35294
          ],
          [
            4.892606,
            52.352955
          ],
          [
            4.892625,
            52.352959
          ],
          [
            4.892787,
            52.352978
          ],
          [
            4.892911,
            52.352993
          ],
          [
            4.893014,
            52.353008
          ],
          [
            4.89312,
            52.35302
          ],
          [
            4.893226,
            52.353031
          ],
          [
            4.893308,
            52.353046
          ],
          [
            4.893402,
            52.353054
          ],
          [
            4.893527,
            52.353069
          ],
          [
            4.893613,
            52.353081
          ],
          [
            4.893731,
            52.353092
          ],
          [
            4.893802,
            52.3531
          ],
          [
            4.893931,
            52.353111
          ],
          [
            4.894033,
            52.353123
          ],
          [
            4.894115,
            52.35313
          ],
          [
            4.894214,
            52.353142
          ],
          [
            4.894293,
            52.353153
          ],
          [
            4.89436,
            52.353161
          ],
          [
            4.894415,
            52.353168
          ],
          [
            4.894484,
            52.35318
          ],
          [
            4.894527,
            52.353184
          ],
          [
            4.894609,
            52.353199
          ],
          [
            4.894616,
            52.353203
          ],
          [
            4.89474,
            52.353229
          ],
          [
            4.894833,
            52.353249
          ],
          [
            4.894892,
            52.35326
          ],
          [
            4.8951,
            52.353306
          ],
          [
            4.895143,
            52.353317
          ],
          [
            4.895281,
            52.353344
          ],
          [
            4.895394,
            52.353363
          ],
          [
            4.895497,
            52.353386
          ],
          [
            4.89559,
            52.353405
          ],
          [
            4.895653,
            52.353416
          ],
          [
            4.895778,
            52.353439
          ],
          [
            4.895884,
            52.353458
          ],
          [
            4.895981,
            52.353478
          ],
          [
            4.896071,
            52.353493
          ],
          [
            4.896136,
            52.353508
          ],
          [
            4.896257,
            52.353527
          ],
          [
            4.896318,
            52.353539
          ],
          [
            4.896446,
            52.353561
          ],
          [
            4.896562,
            52.353592
          ],
          [
            4.896615,
            52.3536
          ],
          [
            4.896793,
            52.353642
          ],
          [
            4.896918,
            52.353676
          ],
          [
            4.897021,
            52.353699
          ],
          [
            4.897129,
            52.353725
          ],
          [
            4.897179,
            52.353737
          ],
          [
            4.897326,
            52.353767
          ],
          [
            4.897435,
            52.35379
          ],
          [
            4.897523,
            52.353809
          ],
          [
            4.897634,
            52.353832
          ],
          [
            4.897685,
            52.35384
          ],
          [
            4.897828,
            52.35387
          ],
          [
            4.89793,
            52.353889
          ],
          [
            4.898032,
            52.353912
          ],
          [
            4.898134,
            52.353935
          ],
          [
            4.898182,
            52.353947
          ],
          [
            4.898323,
            52.353977
          ],
          [
            4.89842,
            52.353996
          ],
          [
            4.898517,
            52.354019
          ],
          [
            4.898605,
            52.354038
          ],
          [
            4.898711,
            52.354054
          ],
          [
            4.898813,
            52.354076
          ],
          [
            4.898903,
            52.354095
          ],
          [
            4.898947,
            52.354103
          ],
          [
            4.899071,
            52.354126
          ],
          [
            4.899146,
            52.354145
          ],
          [
            4.89919,
            52.354172
          ],
          [
            4.899216,
            52.354191
          ],
          [
            4.899234,
            52.354214
          ],
          [
            4.899227,
            52.35424
          ],
          [
            4.899197,
            52.354271
          ],
          [
            4.899155,
            52.354298
          ],
          [
            4.899114,
            52.354328
          ],
          [
            4.899074,
            52.354362
          ],
          [
            4.899033,
            52.354397
          ],
          [
            4.898999,
            52.354435
          ],
          [
            4.89897,
            52.354477
          ],
          [
            4.898937,
            52.354527
          ],
          [
            4.898906,
            52.354576
          ],
          [
            4.89887,
            52.354637
          ],
          [
            4.89884,
            52.354683
          ],
          [
            4.89881,
            52.354725
          ],
          [
            4.898782,
            52.354771
          ],
          [
            4.898768,
            52.354813
          ],
          [
            4.898781,
            52.354855
          ],
          [
            4.898797,
            52.354881
          ],
          [
            4.898869,
            52.354923
          ],
          [
            4.898935,
            52.354958
          ],
          [
            4.899005,
            52.354984
          ],
          [
            4.899081,
            52.355011
          ],
          [
            4.899159,
            52.355038
          ],
          [
            4.899239,
            52.355057
          ],
          [
            4.899321,
            52.355083
          ],
          [
            4.899402,
            52.355106
          ],
          [
            4.899492,
            52.355133
          ],
          [
            4.899577,
            52.35516
          ],
          [
            4.899659,
            52.355187
          ],
          [
            4.899745,
            52.355209
          ],
          [
            4.899832,
            52.35524
          ],
          [
            4.899918,
            52.355267
          ],
          [
            4.900003,
            52.355286
          ],
          [
            4.90009,
            52.355312
          ],
          [
            4.900178,
            52.355339
          ],
          [
            4.900265,
            52.355362
          ],
          [
            4.90035,
            52.355385
          ],
          [
            4.900428,
            52.355412
          ],
          [
            4.900494,
            52.355434
          ],
          [
            4.900536,
            52.355453
          ],
          [
            4.900564,
            52.355473
          ],
          [
            4.900574,
            52.355492
          ],
          [
            4.900574,
            52.355518
          ],
          [
            4.900561,
            52.355541
          ],
          [
            4.900557,
            52.35556
          ],
          [
            4.900562,
            52.355583
          ],
          [
            4.900567,
            52.355621
          ],
          [
            4.900573,
            52.355663
          ],
          [
            4.900569,
            52.355705
          ],
          [
            4.900557,
            52.355751
          ],
          [
            4.900532,
            52.355797
          ],
          [
            4.900498,
            52.355846
          ],
          [
            4.90046,
            52.355892
          ],
          [
            4.900415,
            52.355946
          ],
          [
            4.900372,
            52.356003
          ],
          [
            4.900327,
            52.35606
          ],
          [
            4.900283,
            52.356117
          ],
          [
            4.900234,
            52.356174
          ],
          [
            4.900197,
            52.356228
          ],
          [
            4.900144,
            52.356281
          ],
          [
            4.900095,
            52.356342
          ],
          [
            4.900051,
            52.356396
          ],
          [
            4.900014,
            52.356442
          ],
          [
            4.899971,
            52.356499
          ],
          [
            4.899934,
            52.356552
          ],
          [
            4.899896,
            52.356598
          ],
          [
            4.899856,
            52.356647
          ],
          [
            4.899817,
            52.356686
          ],
          [
            4.899776,
            52.356712
          ],
          [
            4.899734,
            52.356728
          ],
          [
            4.899693,
            52.356731
          ],
          [
            4.899668,
            52.356731
          ],
          [
            4.899655,
            52.356731
          ],
          [
            4.899658,
            52.356708
          ],
          [
            4.899663,
            52.356686
          ],
          [
            4.899692,
            52.356659
          ],
          [
            4.899719,
            52.356632
          ],
          [
            4.899722,
            52.356625
          ],
          [
            4.899778,
            52.356571
          ],
          [
            4.89982,
            52.356529
          ],
          [
            4.899862,
            52.356476
          ],
          [
            4.899898,
            52.35643
          ],
          [
            4.899933,
            52.356381
          ],
          [
            4.899975,
            52.356327
          ],
          [
            4.900019,
            52.35627
          ],
          [
            4.900054,
            52.356224
          ],
          [
            4.900084,
            52.356174
          ],
          [
            4.9001,
            52.35614
          ],
          [
            4.900107,
            52.356113
          ],
          [
            4.900086,
            52.356083
          ],
          [
            4.900053,
            52.356064
          ],
          [
            4.899992,
            52.356049
          ],
          [
            4.899932,
            52.356029
          ],
          [
            4.899863,
            52.35601
          ],
          [
            4.899795,
            52.355991
          ],
          [
            4.899721,
            52.355968
          ],
          [
            4.899636,
            52.355942
          ],
          [
            4.899552,
            52.355915
          ],
          [
            4.899464,
            52.355888
          ],
          [
            4.899374,
            52.355862
          ],
          [
            4.899282,
            52.355839
          ],
          [
            4.899198,
            52.355812
          ],
          [
            4.899107,
            52.355785
          ],
          [
            4.899014,
            52.355759
          ],
          [
            4.898942,
            52.35574
          ],
          [
            4.898834,
            52.355709
          ],
          [
            4.898739,
            52.355682
          ],
          [
            4.898655,
            52.355659
          ],
          [
            4.898575,
            52.355637
          ],
          [
            4.8985,
            52.355614
          ],
          [
            4.89843,
            52.355591
          ],
          [
            4.898362,
            52.355572
          ],
          [
            4.898304,
            52.355553
          ],
          [
            4.898252,
            52.35553
          ],
          [
            4.898227,
            52.355503
          ],
          [
            4.898214,
            52.355476
          ],
          [
            4.898217,
            52.355446
          ],
          [
            4.898236,
            52.355404
          ],
          [
            4.898268,
            52.355354
          ],
          [
            4.898301,
            52.355316
          ],
          [
            4.898333,
            52.355267
          ],
          [
            4.89836,
            52.355221
          ],
          [
            4.898399,
            52.355175
          ],
          [
            4.898436,
            52.355118
          ],
          [
            4.898468,
            52.355072
          ],
          [
            4.8985,
            52.355026
          ],
          [
            4.898537,
            52.354977
          ],
          [
            4.898562,
            52.354935
          ],
          [
            4.898568,
            52.354908
          ],
          [
            4.898564,
            52.354877
          ],
          [
            4.898551,
            52.354855
          ],
          [
            4.898537,
            52.354836
          ],
          [
            4.89852,
            52.35482
          ],
          [
            4.898497,
            52.354816
          ],
          [
            4.898425,
            52.354778
          ],
          [
            4.898386,
            52.354744
          ],
          [
            4.898335,
            52.354702
          ],
          [
            4.89831,
            52.354683
          ],
          [
            4.898227,
            52.354603
          ],
          [
            4.898173,
            52.354565
          ],
          [
            4.898091,
            52.354519
          ],
          [
            4.898099,
            52.354519
          ],
          [
            4.897986,
            52.354477
          ],
          [
            4.897831,
            52.354435
          ],
          [
            4.897793,
            52.354427
          ],
          [
            4.897687,
            52.35442
          ],
          [
            4.897718,
            52.354408
          ],
          [
            4.897555,
            52.354431
          ],
          [
            4.89746,
            52.354443
          ],
          [
            4.897385,
            52.354458
          ],
          [
            4.897313,
            52.354485
          ],
          [
            4.897238,
            52.354515
          ],
          [
            4.897156,
            52.354557
          ],
          [
            4.89709,
            52.354591
          ],
          [
            4.897026,
            52.354626
          ],
          [
            4.896973,
            52.354656
          ],
          [
            4.896914,
            52.354683
          ],
          [
            4.896852,
            52.354713
          ],
          [
            4.896786,
            52.354744
          ],
          [
            4.896735,
            52.354767
          ],
          [
            4.896732,
            52.354767
          ],
          [
            4.896598,
            52.354801
          ],
          [
            4.89655,
            52.354816
          ],
          [
            4.896437,
            52.354836
          ],
          [
            4.896349,
            52.354847
          ],
          [
            4.896328,
            52.354847
          ],
          [
            4.896206,
            52.354855
          ],
          [
            4.896118,
            52.354855
          ],
          [
            4.896036,
            52.354851
          ],
          [
            4.895967,
            52.354847
          ],
          [
            4.895881,
            52.354836
          ],
          [
            4.895812,
            52.354828
          ],
          [
            4.895781,
            52.354828
          ],
          [
            4.895666,
            52.354813
          ],
          [
            4.895583,
            52.354797
          ],
          [
            4.895501,
            52.354778
          ],
          [
            4.895435,
            52.354759
          ],
          [
            4.895378,
            52.354744
          ],
          [
            4.895296,
            52.354706
          ],
          [
            4.895226,
            52.354679
          ],
          [
            4.895164,
            52.354645
          ],
          [
            4.895104,
            52.35461
          ],
          [
            4.895044,
            52.354576
          ],
          [
            4.894986,
            52.354538
          ],
          [
            4.894929,
            52.3545
          ],
          [
            4.894888,
            52.354469
          ],
          [
            4.894839,
            52.354435
          ],
          [
            4.894789,
            52.354397
          ],
          [
            4.894751,
            52.354362
          ],
          [
            4.894716,
            52.354328
          ],
          [
            4.894683,
            52.354301
          ],
          [
            4.894649,
            52.354271
          ],
          [
            4.894612,
            52.354233
          ],
          [
            4.894586,
            52.354202
          ],
          [
            4.894548,
            52.354172
          ],
          [
            4.894519,
            52.354137
          ],
          [
            4.894484,
            52.354107
          ],
          [
            4.894448,
            52.354076
          ],
          [
            4.894409,
            52.354042
          ],
          [
            4.894371,
            52.354008
          ],
          [
            4.894324,
            52.353981
          ],
          [
            4.894285,
            52.353966
          ],
          [
            4.89425,
            52.353954
          ],
          [
            4.894211,
            52.353947
          ],
          [
            4.89418,
            52.353939
          ],
          [
            4.894153,
            52.353931
          ],
          [
            4.894137,
            52.35392
          ],
          [
            4.894133,
            52.353905
          ],
          [
            4.894141,
            52.353874
          ],
          [
            4.894155,
            52.35384
          ],
          [
            4.894174,
            52.353802
          ],
          [
            4.894229,
            52.353722
          ],
          [
            4.894253,
            52.353683
          ],
          [
            4.894278,
            52.353642
          ],
          [
            4.894304,
            52.353596
          ],
          [
            4.89433,
            52.353558
          ],
          [
            4.894351,
            52.353516
          ],
          [
            4.89438,
            52.353481
          ],
          [
            4.894407,
            52.353447
          ],
          [
            4.894427,
            52.353424
          ],
          [
            4.894451,
            52.353416
          ],
          [
            4.894462,
            52.353413
          ],
          [
            4.894465,
            52.353416
          ],
          [
            4.894456,
            52.353428
          ],
          [
            4.894439,
            52.353443
          ],
          [
            4.894392,
            52.353485
          ],
          [
            4.89437,
            52.353512
          ],
          [
            4.894343,
            52.353542
          ],
          [
            4.894319,
            52.353588
          ],
          [
            4.894291,
            52.353626
          ],
          [
            4.89426,
            52.353672
          ],
          [
            4.894234,
            52.353722
          ],
          [
            4.8942,
            52.353771
          ],
          [
            4.894159,
            52.353828
          ],
          [
            4.894134,
            52.353878
          ],
          [
            4.894093,
            52.35392
          ],
          [
            4.894064,
            52.353973
          ],
          [
            4.89403,
            52.354031
          ],
          [
            4.893995,
            52.35408
          ],
          [
            4.89396,
            52.35413
          ],
          [
            4.893926,
            52.354179
          ],
          [
            4.893887,
            52.354233
          ],
          [
            4.893851,
            52.354286
          ],
          [
            4.893817,
            52.354336
          ],
          [
            4.893789,
            52.354374
          ],
          [
            4.893769,
            52.354408
          ],
          [
            4.893743,
            52.354435
          ],
          [
            4.893743,
            52.354435
          ],
          [
            4.893681,
            52.354492
          ],
          [
            4.893669,
            52.3545
          ],
          [
            4.893667,
            52.354492
          ],
          [
            4.893671,
            52.354485
          ],
          [
            4.893678,
            52.354469
          ],
          [
            4.893693,
            52.354443
          ],
          [
            4.893717,
            52.354408
          ],
          [
            4.893746,
            52.354374
          ],
          [
            4.893769,
            52.354336
          ],
          [
            4.893794,
            52.354301
          ],
          [
            4.893821,
            52.354259
          ],
          [
            4.893857,
            52.354214
          ],
          [
            4.893896,
            52.354157
          ],
          [
            4.893926,
            52.354111
          ],
          [
            4.893952,
            52.354069
          ],
          [
            4.89397,
            52.354027
          ],
          [
            4.893975,
            52.353985
          ],
          [
            4.893973,
            52.353962
          ],
          [
            4.893916,
            52.35392
          ],
          [
            4.89386,
            52.353897
          ],
          [
            4.893792,
            52.353878
          ],
          [
            4.893718,
            52.353863
          ],
          [
            4.893636,
            52.353851
          ],
          [
            4.893602,
            52.353844
          ],
          [
            4.893475,
            52.353828
          ],
          [
            4.893371,
            52.353813
          ],
          [
            4.893273,
            52.353802
          ],
          [
            4.893184,
            52.35379
          ],
          [
            4.893105,
            52.353783
          ],
          [
            4.892991,
            52.353767
          ],
          [
            4.892893,
            52.353756
          ],
          [
            4.892788,
            52.353741
          ],
          [
            4.892691,
            52.353729
          ],
          [
            4.892605,
            52.353722
          ],
          [
            4.892498,
            52.35371
          ],
          [
            4.892398,
            52.353699
          ],
          [
            4.892298,
            52.353687
          ],
          [
            4.892102,
            52.353661
          ],
          [
            4.892014,
            52.353653
          ],
          [
            4.891918,
            52.353638
          ],
          [
            4.891821,
            52.353626
          ],
          [
            4.891726,
            52.353615
          ],
          [
            4.891627,
            52.353603
          ],
          [
            4.891533,
            52.353592
          ],
          [
            4.891501,
            52.353588
          ],
          [
            4.891363,
            52.353569
          ],
          [
            4.891269,
            52.353558
          ],
          [
            4.891196,
            52.353546
          ],
          [
            4.891142,
            52.353531
          ],
          [
            4.891096,
            52.353508
          ],
          [
            4.891064,
            52.353493
          ],
          [
            4.891053,
            52.353466
          ],
          [
            4.891042,
            52.353439
          ],
          [
            4.891047,
            52.353409
          ],
          [
            4.891052,
            52.353386
          ],
          [
            4.891059,
            52.353359
          ],
          [
            4.891067,
            52.353329
          ],
          [
            4.891074,
            52.353298
          ],
          [
            4.891083,
            52.353271
          ],
          [
            4.89108,
            52.353249
          ],
          [
            4.891087,
            52.353229
          ],
          [
            4.891087,
            52.353229
          ],
          [
            4.891121,
            52.353184
          ],
          [
            4.891112,
            52.353161
          ],
          [
            4.891112,
            52.353161
          ],
          [
            4.891109,
            52.353119
          ],
          [
            4.891109,
            52.353119
          ],
          [
            4.891098,
            52.353088
          ],
          [
            4.891093,
            52.353077
          ],
          [
            4.891093,
            52.353077
          ],
          [
            4.891086,
            52.353043
          ],
          [
            4.891082,
            52.353031
          ],
          [
            4.891082,
            52.353031
          ],
          [
            4.89107,
            52.353004
          ],
          [
            4.89107,
            52.353004
          ],
          [
            4.89107,
            52.353004
          ],
          [
            4.89107,
            52.353004
          ],
          [
            4.890999,
            52.352951
          ],
          [
            4.890999,
            52.352951
          ],
          [
            4.890982,
            52.352959
          ],
          [
            4.89098,
            52.352959
          ],
          [
            4.890975,
            52.35297
          ],
          [
            4.890967,
            52.352982
          ],
          [
            4.890952,
            52.352997
          ],
          [
            4.890942,
            52.353031
          ],
          [
            4.89092,
            52.353062
          ],
          [
            4.890904,
            52.353096
          ],
          [
            4.890887,
            52.353142
          ],
          [
            4.890871,
            52.353184
          ],
          [
            4.890854,
            52.353233
          ],
          [
            4.890831,
            52.353294
          ],
          [
            4.890814,
            52.35334
          ],
          [
            4.8908,
            52.35339
          ],
          [
            4.890786,
            52.353447
          ],
          [
            4.890775,
            52.353493
          ],
          [
            4.890762,
            52.353546
          ],
          [
            4.890738,
            52.353592
          ],
          [
            4.890725,
            52.353645
          ],
          [
            4.890706,
            52.353695
          ],
          [
            4.890681,
            52.353729
          ],
          [
            4.890666,
            52.353775
          ],
          [
            4.89065,
            52.353825
          ],
          [
            4.890642,
            52.35387
          ],
          [
            4.890626,
            52.353916
          ],
          [
            4.890616,
            52.353951
          ],
          [
            4.890604,
            52.353989
          ],
          [
            4.890596,
            52.354015
          ],
          [
            4.890581,
            52.354034
          ],
          [
            4.890567,
            52.354042
          ],
          [
            4.890557,
            52.354038
          ],
          [
            4.890552,
            52.354012
          ],
          [
            4.890552,
            52.353985
          ],
          [
            4.890565,
            52.353947
          ],
          [
            4.890583,
            52.353897
          ],
          [
            4.890604,
            52.353836
          ],
          [
            4.890637,
            52.35376
          ],
          [
            4.890667,
            52.353683
          ],
          [
            4.890698,
            52.353611
          ],
          [
            4.890716,
            52.353554
          ],
          [
            4.890728,
            52.353504
          ],
          [
            4.890726,
            52.35347
          ],
          [
            4.89071,
            52.353439
          ],
          [
            4.890666,
            52.35342
          ],
          [
            4.890614,
            52.353409
          ],
          [
            4.89054,
            52.353397
          ],
          [
            4.890514,
            52.353397
          ],
          [
            4.890392,
            52.353382
          ],
          [
            4.890303,
            52.353371
          ],
          [
            4.890213,
            52.353359
          ],
          [
            4.890119,
            52.353348
          ],
          [
            4.890058,
            52.35334
          ],
          [
            4.889933,
            52.353325
          ],
          [
            4.889826,
            52.35331
          ],
          [
            4.889725,
            52.353294
          ],
          [
            4.889628,
            52.353283
          ],
          [
            4.889565,
            52.353275
          ],
          [
            4.889442,
            52.353256
          ],
          [
            4.889338,
            52.353241
          ],
          [
            4.889253,
            52.353226
          ],
          [
            4.889162,
            52.35321
          ],
          [
            4.889092,
            52.353203
          ],
          [
            4.889034,
            52.353195
          ],
          [
            4.888973,
            52.353184
          ],
          [
            4.888941,
            52.353165
          ],
          [
            4.888923,
            52.353146
          ],
          [
            4.888916,
            52.353138
          ],
          [
            4.888926,
            52.353077
          ],
          [
            4.888938,
            52.353031
          ],
          [
            4.888957,
            52.352993
          ],
          [
            4.888973,
            52.352947
          ],
          [
            4.88899,
            52.35289
          ],
          [
            4.889011,
            52.352833
          ],
          [
            4.889021,
            52.352783
          ],
          [
            4.889041,
            52.352737
          ],
          [
            4.889048,
            52.352699
          ],
          [
            4.889048,
            52.352699
          ],
          [
            4.88909,
            52.352665
          ],
          [
            4.889092,
            52.352665
          ],
          [
            4.889093,
            52.352673
          ],
          [
            4.889089,
            52.352688
          ],
          [
            4.889079,
            52.352715
          ],
          [
            4.889064,
            52.352753
          ],
          [
            4.88905,
            52.352798
          ],
          [
            4.889033,
            52.35284
          ],
          [
            4.889014,
            52.35289
          ],
          [
            4.888995,
            52.35294
          ],
          [
            4.888977,
            52.352993
          ],
          [
            4.888954,
            52.35305
          ],
          [
            4.888926,
            52.353111
          ],
          [
            4.888899,
            52.353172
          ],
          [
            4.888876,
            52.353222
          ],
          [
            4.888855,
            52.353271
          ],
          [
            4.888828,
            52.353333
          ],
          [
            4.888803,
            52.35339
          ],
          [
            4.888782,
            52.353447
          ],
          [
            4.888755,
            52.353504
          ],
          [
            4.888733,
            52.353561
          ],
          [
            4.888714,
            52.353611
          ],
          [
            4.888692,
            52.353661
          ],
          [
            4.888661,
            52.35371
          ],
          [
            4.888638,
            52.353748
          ],
          [
            4.88861,
            52.353783
          ],
          [
            4.888583,
            52.353828
          ],
          [
            4.888551,
            52.353867
          ],
          [
            4.888528,
            52.353905
          ],
          [
            4.888478,
            52.353996
          ],
          [
            4.88845,
            52.354042
          ],
          [
            4.888431,
            52.35408
          ],
          [
            4.888391,
            52.354103
          ],
          [
            4.888334,
            52.354134
          ],
          [
            4.888273,
            52.354149
          ],
          [
            4.8882,
            52.354153
          ],
          [
            4.888172,
            52.354157
          ],
          [
            4.888056,
            52.354149
          ],
          [
            4.88797,
            52.354141
          ],
          [
            4.887795,
            52.354126
          ],
          [
            4.887701,
            52.354122
          ],
          [
            4.88761,
            52.354115
          ],
          [
            4.887522,
            52.354107
          ],
          [
            4.887447,
            52.354099
          ],
          [
            4.887358,
            52.354088
          ],
          [
            4.887309,
            52.354088
          ],
          [
            4.887258,
            52.354073
          ],
          [
            4.887217,
            52.354065
          ],
          [
            4.887188,
            52.354057
          ],
          [
            4.887188,
            52.354057
          ],
          [
            4.887188,
            52.354057
          ],
          [
            4.887188,
            52.354057
          ],
          [
            4.887188,
            52.354057
          ],
          [
            4.887188,
            52.354057
          ],
          [
            4.887141,
            52.354015
          ],
          [
            4.887136,
            52.354008
          ],
          [
            4.887139,
            52.353992
          ],
          [
            4.88714,
            52.35397
          ],
          [
            4.887131,
            52.353943
          ],
          [
            4.887131,
            52.353916
          ],
          [
            4.887129,
            52.353878
          ],
          [
            4.887127,
            52.353847
          ],
          [
            4.887101,
            52.353828
          ],
          [
            4.887069,
            52.353771
          ],
          [
            4.887042,
            52.353729
          ],
          [
            4.887026,
            52.353699
          ],
          [
            4.887012,
            52.35368
          ],
          [
            4.887004,
            52.353645
          ],
          [
            4.886992,
            52.353619
          ],
          [
            4.886998,
            52.3536
          ],
          [
            4.886988,
            52.353569
          ],
          [
            4.886985,
            52.353554
          ],
          [
            4.886979,
            52.353531
          ],
          [
            4.886972,
            52.353504
          ],
          [
            4.886969,
            52.353485
          ],
          [
            4.886964,
            52.353455
          ],
          [
            4.886962,
            52.35342
          ],
          [
            4.886955,
            52.353378
          ],
          [
            4.88696,
            52.353336
          ],
          [
            4.886961,
            52.353287
          ],
          [
            4.886954,
            52.353229
          ],
          [
            4.886959,
            52.353184
          ],
          [
            4.886954,
            52.353138
          ],
          [
            4.886954,
            52.353085
          ],
          [
            4.886962,
            52.353039
          ],
          [
            4.886982,
            52.352997
          ],
          [
            4.887013,
            52.35297
          ],
          [
            4.887062,
            52.352955
          ],
          [
            4.887091,
            52.352947
          ],
          [
            4.887134,
            52.352947
          ],
          [
            4.887128,
            52.352943
          ],
          [
            4.887251,
            52.352963
          ],
          [
            4.887232,
            52.352959
          ],
          [
            4.887422,
            52.352989
          ],
          [
            4.887546,
            52.353004
          ],
          [
            4.887589,
            52.353012
          ],
          [
            4.887729,
            52.353039
          ],
          [
            4.887829,
            52.353054
          ],
          [
            4.887851,
            52.353058
          ],
          [
            4.888003,
            52.353092
          ],
          [
            4.888117,
            52.353111
          ],
          [
            4.88833,
            52.353149
          ],
          [
            4.88843,
            52.353168
          ],
          [
            4.888528,
            52.35318
          ],
          [
            4.88862,
            52.353191
          ],
          [
            4.888706,
            52.353203
          ],
          [
            4.888809,
            52.353214
          ],
          [
            4.888886,
            52.353226
          ],
          [
            4.88899,
            52.353241
          ],
          [
            4.889087,
            52.353252
          ],
          [
            4.889184,
            52.353264
          ],
          [
            4.889242,
            52.353275
          ],
          [
            4.889299,
            52.353283
          ],
          [
            4.889455,
            52.353306
          ],
          [
            4.889558,
            52.353321
          ],
          [
            4.889675,
            52.35334
          ],
          [
            4.889783,
            52.353359
          ],
          [
            4.889878,
            52.353371
          ],
          [
            4.889984,
            52.35339
          ],
          [
            4.890075,
            52.353401
          ],
          [
            4.890173,
            52.353416
          ],
          [
            4.890272,
            52.353428
          ],
          [
            4.890368,
            52.353443
          ],
          [
            4.890434,
            52.353451
          ],
          [
            4.890548,
            52.353466
          ],
          [
            4.890635,
            52.353478
          ],
          [
            4.8907,
            52.353489
          ],
          [
            4.890756,
            52.3535
          ],
          [
            4.890797,
            52.353512
          ],
          [
            4.890835,
            52.353531
          ],
          [
            4.890863,
            52.353546
          ],
          [
            4.890875,
            52.353573
          ],
          [
            4.890879,
            52.353603
          ],
          [
            4.890874,
            52.353638
          ],
          [
            4.890862,
            52.353661
          ],
          [
            4.890844,
            52.353714
          ],
          [
            4.890829,
            52.353752
          ],
          [
            4.890819,
            52.353786
          ],
          [
            4.890798,
            52.353794
          ],
          [
            4.890771,
            52.353886
          ],
          [
            4.890756,
            52.353943
          ],
          [
            4.89074,
            52.353981
          ],
          [
            4.890738,
            52.353992
          ],
          [
            4.890696,
            52.354103
          ],
          [
            4.890673,
            52.354168
          ],
          [
            4.89064,
            52.354229
          ],
          [
            4.89062,
            52.35429
          ],
          [
            4.890593,
            52.354343
          ],
          [
            4.890567,
            52.354408
          ],
          [
            4.890535,
            52.354465
          ],
          [
            4.890513,
            52.354542
          ],
          [
            4.890488,
            52.354614
          ],
          [
            4.890464,
            52.354683
          ],
          [
            4.890444,
            52.354744
          ],
          [
            4.890425,
            52.354797
          ],
          [
            4.890421,
            52.354855
          ],
          [
            4.890412,
            52.354904
          ],
          [
            4.890412,
            52.354954
          ],
          [
            4.890418,
            52.354984
          ],
          [
            4.890433,
            52.355011
          ],
          [
            4.890459,
            52.355041
          ],
          [
            4.890496,
            52.355068
          ],
          [
            4.890545,
            52.355083
          ],
          [
            4.890611,
            52.355103
          ],
          [
            4.890675,
            52.355114
          ],
          [
            4.890745,
            52.355122
          ],
          [
            4.890805,
            52.355125
          ],
          [
            4.890881,
            52.355122
          ],
          [
            4.890929,
            52.355122
          ],
          [
            4.891038,
            52.355122
          ],
          [
            4.891132,
            52.355129
          ],
          [
            4.891224,
            52.355141
          ],
          [
            4.891303,
            52.355152
          ],
          [
            4.891416,
            52.355175
          ],
          [
            4.89152,
            52.355194
          ],
          [
            4.89157,
            52.355202
          ],
          [
            4.891711,
            52.355228
          ],
          [
            4.891821,
            52.355251
          ],
          [
            4.891923,
            52.35527
          ],
          [
            4.892002,
            52.355282
          ],
          [
            4.892071,
            52.355297
          ],
          [
            4.892217,
            52.355324
          ],
          [
            4.892323,
            52.355343
          ],
          [
            4.892426,
            52.355362
          ],
          [
            4.892531,
            52.355381
          ],
          [
            4.892622,
            52.3554
          ],
          [
            4.892681,
            52.355412
          ],
          [
            4.892826,
            52.355438
          ],
          [
            4.892927,
            52.355461
          ],
          [
            4.892992,
            52.355484
          ],
          [
            4.893043,
            52.355511
          ],
          [
            4.893072,
            52.355537
          ],
          [
            4.893082,
            52.355576
          ],
          [
            4.893076,
            52.355614
          ],
          [
            4.893053,
            52.355667
          ],
          [
            4.893029,
            52.355717
          ],
          [
            4.893006,
            52.355759
          ],
          [
            4.892982,
            52.355804
          ],
          [
            4.892953,
            52.355843
          ],
          [
            4.892935,
            52.355877
          ],
          [
            4.89292,
            52.355896
          ],
          [
            4.892903,
            52.355923
          ],
          [
            4.892888,
            52.355946
          ],
          [
            4.892873,
            52.355968
          ],
          [
            4.892843,
            52.355991
          ],
          [
            4.89281,
            52.35601
          ],
          [
            4.892716,
            52.356029
          ],
          [
            4.892703,
            52.356037
          ],
          [
            4.892669,
            52.356037
          ],
          [
            4.892595,
            52.356033
          ],
          [
            4.892569,
            52.356018
          ],
          [
            4.892545,
            52.355995
          ],
          [
            4.892544,
            52.355972
          ],
          [
            4.892563,
            52.355946
          ],
          [
            4.892601,
            52.355923
          ],
          [
            4.892659,
            52.355911
          ],
          [
            4.892716,
            52.355911
          ],
          [
            4.892776,
            52.355911
          ],
          [
            4.892821,
            52.355904
          ],
          [
            4.892886,
            52.355881
          ],
          [
            4.892918,
            52.355862
          ],
          [
            4.892945,
            52.355835
          ],
          [
            4.892962,
            52.355797
          ],
          [
            4.892988,
            52.355759
          ],
          [
            4.893007,
            52.355717
          ],
          [
            4.893024,
            52.355679
          ],
          [
            4.893046,
            52.355633
          ],
          [
            4.893069,
            52.355591
          ],
          [
            4.893097,
            52.355545
          ],
          [
            4.893126,
            52.355499
          ],
          [
            4.893165,
            52.355453
          ],
          [
            4.89319,
            52.355408
          ],
          [
            4.893217,
            52.35537
          ],
          [
            4.893239,
            52.355328
          ],
          [
            4.893257,
            52.355289
          ],
          [
            4.89328,
            52.355248
          ],
          [
            4.893306,
            52.355209
          ],
          [
            4.893331,
            52.355171
          ],
          [
            4.893342,
            52.355137
          ],
          [
            4.893345,
            52.355106
          ],
          [
            4.893362,
            52.355064
          ],
          [
            4.893372,
            52.355026
          ],
          [
            4.893382,
            52.35498
          ],
          [
            4.8934,
            52.354938
          ],
          [
            4.893422,
            52.354893
          ],
          [
            4.893453,
            52.354843
          ],
          [
            4.893485,
            52.35479
          ],
          [
            4.893542,
            52.354702
          ],
          [
            4.893572,
            52.354664
          ],
          [
            4.893602,
            52.354626
          ],
          [
            4.893631,
            52.354591
          ],
          [
            4.893665,
            52.354561
          ],
          [
            4.893701,
            52.354542
          ],
          [
            4.893745,
            52.354527
          ],
          [
            4.893781,
            52.354519
          ],
          [
            4.893781,
            52.354519
          ],
          [
            4.893781,
            52.354519
          ],
          [
            4.893875,
            52.354549
          ],
          [
            4.893869,
            52.354553
          ],
          [
            4.893842,
            52.354553
          ],
          [
            4.893771,
            52.354549
          ],
          [
            4.893735,
            52.354549
          ],
          [
            4.893705,
            52.354561
          ],
          [
            4.893692,
            52.354569
          ],
          [
            4.893643,
            52.354603
          ],
          [
            4.893606,
            52.354633
          ],
          [
            4.893574,
            52.354672
          ],
          [
            4.893546,
            52.35471
          ],
          [
            4.893518,
            52.354744
          ],
          [
            4.893494,
            52.35479
          ],
          [
            4.893467,
            52.354836
          ],
          [
            4.893446,
            52.354866
          ],
          [
            4.893416,
            52.354904
          ],
          [
            4.893387,
            52.354946
          ],
          [
            4.893366,
            52.354973
          ],
          [
            4.893348,
            52.355
          ],
          [
            4.893333,
            52.355034
          ],
          [
            4.893321,
            52.35508
          ],
          [
            4.893309,
            52.355125
          ],
          [
            4.893279,
            52.355221
          ],
          [
            4.893255,
            52.355278
          ],
          [
            4.89323,
            52.355328
          ],
          [
            4.893208,
            52.35537
          ],
          [
            4.893182,
            52.355412
          ],
          [
            4.893184,
            52.355453
          ],
          [
            4.893198,
            52.35548
          ],
          [
            4.893232,
            52.355503
          ],
          [
            4.893309,
            52.355526
          ],
          [
            4.893465,
            52.35556
          ],
          [
            4.893554,
            52.355579
          ],
          [
            4.893603,
            52.355591
          ],
          [
            4.893736,
            52.355614
          ],
          [
            4.893845,
            52.355633
          ],
          [
            4.89394,
            52.355652
          ],
          [
            4.894043,
            52.355675
          ],
          [
            4.894145,
            52.355694
          ],
          [
            4.89422,
            52.355709
          ],
          [
            4.89433,
            52.355732
          ],
          [
            4.894439,
            52.355755
          ],
          [
            4.894535,
            52.355774
          ],
          [
            4.894636,
            52.355797
          ],
          [
            4.894686,
            52.355808
          ],
          [
            4.894827,
            52.355839
          ],
          [
            4.894927,
            52.355862
          ],
          [
            4.895024,
            52.355881
          ],
          [
            4.895131,
            52.355904
          ],
          [
            4.895224,
            52.355923
          ],
          [
            4.895431,
            52.355972
          ],
          [
            4.895526,
            52.355995
          ],
          [
            4.895626,
            52.356018
          ],
          [
            4.895724,
            52.356045
          ],
          [
            4.895711,
            52.356041
          ],
          [
            4.895903,
            52.356094
          ],
          [
            4.896,
            52.356121
          ],
          [
            4.896095,
            52.356148
          ],
          [
            4.896195,
            52.356178
          ],
          [
            4.896213,
            52.356182
          ],
          [
            4.89638,
            52.356228
          ],
          [
            4.896482,
            52.356258
          ],
          [
            4.896563,
            52.356281
          ],
          [
            4.896659,
            52.356308
          ],
          [
            4.896752,
            52.356339
          ],
          [
            4.896842,
            52.356365
          ],
          [
            4.896934,
            52.356392
          ],
          [
            4.897022,
            52.356419
          ],
          [
            4.897054,
            52.35643
          ],
          [
            4.897181,
            52.356461
          ],
          [
            4.897261,
            52.356472
          ],
          [
            4.897327,
            52.356472
          ],
          [
            4.897387,
            52.356453
          ],
          [
            4.897405,
            52.356453
          ],
          [
            4.897456,
            52.356419
          ],
          [
            4.897486,
            52.356388
          ],
          [
            4.897501,
            52.356369
          ],
          [
            4.897501,
            52.356369
          ],
          [
            4.897532,
            52.356319
          ],
          [
            4.897532,
            52.356319
          ],
          [
            4.897532,
            52.356319
          ],
          [
            4.897545,
            52.356316
          ],
          [
            4.897545,
            52.356316
          ],
          [
            4.897545,
            52.356316
          ],
          [
            4.89753,
            52.356339
          ],
          [
            4.897527,
            52.356342
          ],
          [
            4.897527,
            52.356342
          ],
          [
            4.897517,
            52.356365
          ],
          [
            4.897511,
            52.356373
          ],
          [
            4.897503,
            52.356381
          ],
          [
            4.897489,
            52.356392
          ],
          [
            4.897478,
            52.356407
          ],
          [
            4.897452,
            52.356434
          ],
          [
            4.897429,
            52.356457
          ],
          [
            4.897409,
            52.35648
          ],
          [
            4.897384,
            52.35651
          ],
          [
            4.897367,
            52.356537
          ],
          [
            4.897347,
            52.356567
          ],
          [
            4.897327,
            52.356598
          ],
          [
            4.897302,
            52.356636
          ],
          [
            4.897276,
            52.35667
          ],
          [
            4.897249,
            52.356712
          ],
          [
            4.897222,
            52.356747
          ],
          [
            4.897195,
            52.356785
          ],
          [
            4.897173,
            52.356819
          ],
          [
            4.897149,
            52.35685
          ],
          [
            4.897131,
            52.35688
          ],
          [
            4.897108,
            52.356915
          ],
          [
            4.897082,
            52.356934
          ],
          [
            4.897082,
            52.356934
          ],
          [
            4.897082,
            52.356934
          ],
          [
            4.897082,
            52.356934
          ],
          [
            4.897082,
            52.356934
          ],
          [
            4.896999,
            52.35696
          ],
          [
            4.896992,
            52.356953
          ],
          [
            4.896987,
            52.356945
          ],
          [
            4.896984,
            52.356934
          ],
          [
            4.896985,
            52.356926
          ],
          [
            4.896988,
            52.356918
          ],
          [
            4.897009,
            52.356915
          ],
          [
            4.897034,
            52.356915
          ],
          [
            4.897059,
            52.356922
          ],
          [
            4.897098,
            52.356934
          ],
          [
            4.897135,
            52.356945
          ],
          [
            4.897178,
            52.35696
          ],
          [
            4.897231,
            52.356979
          ],
          [
            4.897278,
            52.356995
          ],
          [
            4.897328,
            52.357006
          ],
          [
            4.89738,
            52.357021
          ],
          [
            4.897438,
            52.357037
          ],
          [
            4.897498,
            52.357056
          ],
          [
            4.897563,
            52.357079
          ],
          [
            4.897637,
            52.357098
          ],
          [
            4.897707,
            52.357121
          ],
          [
            4.897769,
            52.357143
          ],
          [
            4.897831,
            52.357162
          ],
          [
            4.897899,
            52.357185
          ],
          [
            4.897969,
            52.357208
          ],
          [
            4.898033,
            52.357227
          ],
          [
            4.898096,
            52.357246
          ],
          [
            4.89817,
            52.357269
          ],
          [
            4.898236,
            52.357285
          ],
          [
            4.89831,
            52.357307
          ],
          [
            4.89837,
            52.357326
          ],
          [
            4.898427,
            52.357342
          ],
          [
            4.898482,
            52.357349
          ],
          [
            4.898519,
            52.357349
          ],
          [
            4.898547,
            52.357346
          ],
          [
            4.898547,
            52.357346
          ],
          [
            4.898586,
            52.357315
          ],
          [
            4.898596,
            52.357307
          ],
          [
            4.898603,
            52.3573
          ],
          [
            4.898605,
            52.357292
          ],
          [
            4.898612,
            52.357296
          ],
          [
            4.89863,
            52.35725
          ],
          [
            4.898662,
            52.357189
          ],
          [
            4.898678,
            52.357155
          ],
          [
            4.898698,
            52.357117
          ],
          [
            4.898717,
            52.357079
          ],
          [
            4.898732,
            52.357059
          ],
          [
            4.898732,
            52.357059
          ],
          [
            4.898772,
            52.357044
          ],
          [
            4.89877,
            52.357044
          ],
          [
            4.898768,
            52.357048
          ],
          [
            4.898768,
            52.357048
          ],
          [
            4.898768,
            52.357048
          ],
          [
            4.898729,
            52.357071
          ],
          [
            4.898721,
            52.357079
          ],
          [
            4.898711,
            52.35709
          ],
          [
            4.8987,
            52.357105
          ],
          [
            4.898689,
            52.357121
          ],
          [
            4.898668,
            52.357143
          ],
          [
            4.898649,
            52.357178
          ],
          [
            4.898634,
            52.357201
          ],
          [
            4.898618,
            52.357227
          ],
          [
            4.898597,
            52.357258
          ],
          [
            4.898589,
            52.357269
          ],
          [
            4.898589,
            52.357269
          ],
          [
            4.898542,
            52.357326
          ],
          [
            4.898532,
            52.357338
          ],
          [
            4.898529,
            52.357342
          ],
          [
            4.898517,
            52.357361
          ],
          [
            4.898506,
            52.357388
          ],
          [
            4.898494,
            52.357407
          ],
          [
            4.898485,
            52.357437
          ],
          [
            4.898473,
            52.357464
          ],
          [
            4.898459,
            52.357491
          ],
          [
            4.898456,
            52.357525
          ],
          [
            4.898471,
            52.357544
          ],
          [
            4.8985,
            52.357563
          ],
          [
            4.898509,
            52.357571
          ],
          [
            4.898571,
            52.357594
          ],
          [
            4.898631,
            52.357605
          ],
          [
            4.898688,
            52.35762
          ],
          [
            4.898744,
            52.357628
          ],
          [
            4.898804,
            52.357643
          ],
          [
            4.89886,
            52.357655
          ],
          [
            4.898918,
            52.357666
          ],
          [
            4.898973,
            52.357674
          ],
          [
            4.899033,
            52.357689
          ],
          [
            4.899082,
            52.3577
          ],
          [
            4.899129,
            52.357708
          ],
          [
            4.899187,
            52.357712
          ],
          [
            4.899226,
            52.357704
          ],
          [
            4.899257,
            52.357689
          ],
          [
            4.899251,
            52.35767
          ],
          [
            4.899261,
            52.357632
          ],
          [
            4.899279,
            52.357609
          ],
          [
            4.899298,
            52.357552
          ],
          [
            4.899327,
            52.35751
          ],
          [
            4.899345,
            52.357471
          ],
          [
            4.899369,
            52.357429
          ],
          [
            4.899387,
            52.357391
          ],
          [
            4.899407,
            52.357346
          ],
          [
            4.899423,
            52.357311
          ],
          [
            4.89944,
            52.357277
          ],
          [
            4.899454,
            52.357231
          ],
          [
            4.899444,
            52.357208
          ],
          [
            4.899436,
            52.357178
          ],
          [
            4.899411,
            52.357151
          ],
          [
            4.899369,
            52.357136
          ],
          [
            4.899293,
            52.357117
          ],
          [
            4.899227,
            52.357098
          ],
          [
            4.89914,
            52.357079
          ],
          [
            4.899023,
            52.357048
          ],
          [
            4.898941,
            52.357025
          ],
          [
            4.898864,
            52.357002
          ],
          [
            4.898805,
            52.356987
          ],
          [
            4.89873,
            52.356968
          ],
          [
            4.89865,
            52.356953
          ],
          [
            4.898602,
            52.356941
          ],
          [
            4.898501,
            52.356918
          ],
          [
            4.898421,
            52.356895
          ],
          [
            4.898442,
            52.356899
          ],
          [
            4.89827,
            52.356853
          ],
          [
            4.89817,
            52.356827
          ],
          [
            4.898084,
            52.356808
          ],
          [
            4.897995,
            52.356785
          ],
          [
            4.897915,
            52.356758
          ],
          [
            4.897768,
            52.356712
          ],
          [
            4.897721,
            52.356697
          ],
          [
            4.897618,
            52.356659
          ],
          [
            4.897562,
            52.35664
          ],
          [
            4.897516,
            52.356621
          ],
          [
            4.897472,
            52.356602
          ],
          [
            4.897439,
            52.356586
          ],
          [
            4.897411,
            52.356567
          ],
          [
            4.897395,
            52.356552
          ],
          [
            4.897395,
            52.356552
          ],
          [
            4.897395,
            52.35651
          ],
          [
            4.897395,
            52.35651
          ],
          [
            4.897408,
            52.356476
          ],
          [
            4.897408,
            52.356476
          ],
          [
            4.897408,
            52.356476
          ],
          [
            4.897408,
            52.356476
          ],
          [
            4.897408,
            52.356476
          ],
          [
            4.897408,
            52.356476
          ],
          [
            4.897446,
            52.356449
          ],
          [
            4.897446,
            52.356449
          ],
          [
            4.897478,
            52.356449
          ],
          [
            4.897493,
            52.356461
          ],
          [
            4.897507,
            52.356468
          ],
          [
            4.897509,
            52.356483
          ],
          [
            4.897506,
            52.356499
          ],
          [
            4.897492,
            52.356518
          ],
          [
            4.897465,
            52.356533
          ],
          [
            4.89743,
            52.356544
          ],
          [
            4.897397,
            52.356548
          ],
          [
            4.897358,
            52.356544
          ],
          [
            4.897313,
            52.356537
          ],
          [
            4.89727,
            52.356529
          ],
          [
            4.897217,
            52.35651
          ],
          [
            4.897161,
            52.356495
          ],
          [
            4.897097,
            52.356472
          ],
          [
            4.897033,
            52.356453
          ],
          [
            4.89697,
            52.356434
          ],
          [
            4.896893,
            52.356411
          ],
          [
            4.896838,
            52.356396
          ],
          [
            4.896745,
            52.356369
          ],
          [
            4.89667,
            52.356346
          ],
          [
            4.896595,
            52.356327
          ],
          [
            4.896551,
            52.356312
          ],
          [
            4.896439,
            52.356281
          ],
          [
            4.89636,
            52.356258
          ],
          [
            4.89629,
            52.356239
          ],
          [
            4.896203,
            52.356213
          ],
          [
            4.896135,
            52.356186
          ],
          [
            4.896076,
            52.356167
          ],
          [
            4.895984,
            52.356136
          ],
          [
            4.895916,
            52.356113
          ],
          [
            4.895842,
            52.356091
          ],
          [
            4.895778,
            52.356071
          ],
          [
            4.895709,
            52.356052
          ],
          [
            4.895643,
            52.356037
          ],
          [
            4.895577,
            52.356022
          ],
          [
            4.895502,
            52.356003
          ],
          [
            4.895428,
            52.355988
          ],
          [
            4.895354,
            52.355968
          ],
          [
            4.895286,
            52.355949
          ],
          [
            4.895215,
            52.355934
          ],
          [
            4.895138,
            52.355915
          ],
          [
            4.89506,
            52.3559
          ],
          [
            4.894993,
            52.355885
          ],
          [
            4.894918,
            52.355869
          ],
          [
            4.894848,
            52.355854
          ],
          [
            4.894775,
            52.355843
          ],
          [
            4.894702,
            52.355827
          ],
          [
            4.894639,
            52.355812
          ],
          [
            4.894565,
            52.355797
          ],
          [
            4.894496,
            52.355782
          ],
          [
            4.894422,
            52.355766
          ],
          [
            4.894346,
            52.355751
          ],
          [
            4.894281,
            52.355736
          ],
          [
            4.894207,
            52.355721
          ],
          [
            4.894135,
            52.355705
          ],
          [
            4.894057,
            52.355686
          ],
          [
            4.893986,
            52.355675
          ],
          [
            4.893926,
            52.355659
          ],
          [
            4.893835,
            52.355644
          ],
          [
            4.893754,
            52.355629
          ],
          [
            4.893672,
            52.355614
          ],
          [
            4.893587,
            52.355598
          ],
          [
            4.893511,
            52.355583
          ],
          [
            4.893432,
            52.355568
          ],
          [
            4.893355,
            52.355549
          ],
          [
            4.893273,
            52.35553
          ],
          [
            4.893196,
            52.355514
          ],
          [
            4.893119,
            52.355499
          ],
          [
            4.893034,
            52.355484
          ],
          [
            4.892962,
            52.355473
          ],
          [
            4.892884,
            52.355457
          ],
          [
            4.89281,
            52.355446
          ],
          [
            4.892733,
            52.355431
          ],
          [
            4.892663,
            52.355419
          ],
          [
            4.892583,
            52.355404
          ],
          [
            4.892515,
            52.355389
          ],
          [
            4.892437,
            52.355377
          ],
          [
            4.892371,
            52.355362
          ],
          [
            4.892294,
            52.355347
          ],
          [
            4.892219,
            52.355335
          ],
          [
            4.892157,
            52.355324
          ],
          [
            4.892081,
            52.355312
          ],
          [
            4.892011,
            52.355297
          ],
          [
            4.891947,
            52.355286
          ],
          [
            4.89187,
            52.355274
          ],
          [
            4.891798,
            52.355259
          ],
          [
            4.89173,
            52.355248
          ],
          [
            4.891656,
            52.355232
          ],
          [
            4.891582,
            52.355217
          ],
          [
            4.89152,
            52.355206
          ],
          [
            4.891447,
            52.35519
          ],
          [
            4.891372,
            52.355175
          ],
          [
            4.891307,
            52.355164
          ],
          [
            4.891232,
            52.355148
          ],
          [
            4.891161,
            52.355137
          ],
          [
            4.891098,
            52.355122
          ],
          [
            4.89102,
            52.355106
          ],
          [
            4.890948,
            52.355095
          ],
          [
            4.890881,
            52.355083
          ],
          [
            4.89081,
            52.355068
          ],
          [
            4.890739,
            52.355053
          ],
          [
            4.890676,
            52.355041
          ],
          [
            4.890615,
            52.355026
          ],
          [
            4.890562,
            52.355015
          ],
          [
            4.890511,
            52.355007
          ],
          [
            4.890467,
            52.355
          ],
          [
            4.890415,
            52.354992
          ],
          [
            4.890365,
            52.354992
          ],
          [
            4.890315,
            52.354988
          ],
          [
            4.890255,
            52.35498
          ],
          [
            4.890194,
            52.354973
          ],
          [
            4.890121,
            52.354961
          ],
          [
            4.890009,
            52.354942
          ],
          [
            4.889904,
            52.354919
          ],
          [
            4.889812,
            52.354904
          ],
          [
            4.88973,
            52.354885
          ],
          [
            4.889636,
            52.35487
          ],
          [
            4.889578,
            52.354858
          ],
          [
            4.889455,
            52.354839
          ],
          [
            4.889355,
            52.35482
          ],
          [
            4.889253,
            52.354801
          ],
          [
            4.889154,
            52.354786
          ],
          [
            4.889058,
            52.354771
          ],
          [
            4.888959,
            52.354752
          ],
          [
            4.888866,
            52.354733
          ],
          [
            4.888779,
            52.354717
          ],
          [
            4.888681,
            52.354698
          ],
          [
            4.888583,
            52.354683
          ],
          [
            4.888488,
            52.354668
          ],
          [
            4.888399,
            52.35466
          ],
          [
            4.888392,
            52.354652
          ],
          [
            4.888237,
            52.354652
          ],
          [
            4.888132,
            52.354649
          ],
          [
            4.888054,
            52.354649
          ],
          [
            4.887957,
            52.354652
          ],
          [
            4.887831,
            52.354656
          ],
          [
            4.887795,
            52.354656
          ],
          [
            4.88764,
            52.35466
          ],
          [
            4.887517,
            52.35466
          ],
          [
            4.887408,
            52.35466
          ],
          [
            4.887308,
            52.35466
          ],
          [
            4.887209,
            52.35466
          ],
          [
            4.887113,
            52.354656
          ],
          [
            4.887034,
            52.354656
          ],
          [
            4.88695,
            52.354656
          ],
          [
            4.886877,
            52.354656
          ],
          [
            4.886808,
            52.354656
          ],
          [
            4.886752,
            52.35466
          ],
          [
            4.886696,
            52.354664
          ],
          [
            4.886653,
            52.354664
          ],
          [
            4.886553,
            52.354683
          ],
          [
            4.886512,
            52.354687
          ],
          [
            4.886471,
            52.354687
          ],
          [
            4.886436,
            52.354683
          ],
          [
            4.886387,
            52.354679
          ],
          [
            4.886367,
            52.354675
          ],
          [
            4.886276,
            52.35466
          ],
          [
            4.886202,
            52.354645
          ],
          [
            4.886154,
            52.354633
          ],
          [
            4.886046,
            52.354614
          ],
          [
            4.885956,
            52.354599
          ],
          [
            4.88586,
            52.354584
          ],
          [
            4.885763,
            52.354565
          ],
          [
            4.885687,
            52.354553
          ],
          [
            4.885576,
            52.354534
          ],
          [
            4.885479,
            52.354519
          ],
          [
            4.885388,
            52.3545
          ],
          [
            4.885296,
            52.354481
          ],
          [
            4.885199,
            52.354465
          ],
          [
            4.885104,
            52.35445
          ],
          [
            4.88501,
            52.354443
          ],
          [
            4.884929,
            52.354439
          ],
          [
            4.884835,
            52.354443
          ],
          [
            4.884741,
            52.354465
          ],
          [
            4.884667,
            52.354492
          ],
          [
            4.8846,
            52.354519
          ],
          [
            4.884539,
            52.354553
          ],
          [
            4.884486,
            52.354599
          ],
          [
            4.884446,
            52.354645
          ],
          [
            4.884397,
            52.354694
          ],
          [
            4.884357,
            52.354752
          ],
          [
            4.884311,
            52.354805
          ],
          [
            4.884273,
            52.354855
          ],
          [
            4.884235,
            52.3549
          ],
          [
            4.884191,
            52.354958
          ],
          [
            4.884154,
            52.355022
          ],
          [
            4.884111,
            52.355083
          ],
          [
            4.884069,
            52.355141
          ],
          [
            4.884033,
            52.355194
          ],
          [
            4.883997,
            52.355244
          ],
          [
            4.883956,
            52.355301
          ],
          [
            4.883908,
            52.355362
          ],
          [
            4.883865,
            52.355419
          ],
          [
            4.883816,
            52.355469
          ],
          [
            4.883763,
            52.355518
          ],
          [
            4.883702,
            52.355568
          ],
          [
            4.883635,
            52.355614
          ],
          [
            4.883558,
            52.355652
          ],
          [
            4.883478,
            52.355686
          ],
          [
            4.883388,
            52.355717
          ],
          [
            4.8833,
            52.35574
          ],
          [
            4.883209,
            52.355759
          ],
          [
            4.883118,
            52.355778
          ],
          [
            4.883021,
            52.355801
          ],
          [
            4.882923,
            52.355824
          ],
          [
            4.882819,
            52.355843
          ],
          [
            4.882715,
            52.355866
          ],
          [
            4.882608,
            52.355888
          ],
          [
            4.882511,
            52.355907
          ],
          [
            4.882412,
            52.355927
          ],
          [
            4.882318,
            52.355942
          ],
          [
            4.882222,
            52.355957
          ],
          [
            4.882131,
            52.355972
          ],
          [
            4.882096,
            52.35598
          ],
          [
            4.88196,
            52.356007
          ],
          [
            4.881864,
            52.356026
          ],
          [
            4.881779,
            52.356041
          ],
          [
            4.881692,
            52.35606
          ],
          [
            4.881608,
            52.356083
          ],
          [
            4.881531,
            52.356102
          ],
          [
            4.881467,
            52.356121
          ],
          [
            4.881412,
            52.356136
          ],
          [
            4.881364,
            52.356152
          ],
          [
            4.881325,
            52.356163
          ],
          [
            4.881274,
            52.356178
          ],
          [
            4.881231,
            52.35619
          ],
          [
            4.881178,
            52.356197
          ],
          [
            4.881117,
            52.356209
          ],
          [
            4.881067,
            52.35622
          ],
          [
            4.881007,
            52.356224
          ],
          [
            4.880946,
            52.356228
          ],
          [
            4.880872,
            52.356239
          ],
          [
            4.880808,
            52.356251
          ],
          [
            4.880744,
            52.356262
          ],
          [
            4.880689,
            52.35627
          ],
          [
            4.880626,
            52.356281
          ],
          [
            4.880562,
            52.356289
          ],
          [
            4.880507,
            52.356297
          ],
          [
            4.880446,
            52.356297
          ],
          [
            4.880385,
            52.356293
          ],
          [
            4.880337,
            52.356289
          ],
          [
            4.880283,
            52.356285
          ],
          [
            4.880236,
            52.356293
          ],
          [
            4.88018,
            52.356304
          ],
          [
            4.880139,
            52.356323
          ],
          [
            4.880101,
            52.35635
          ],
          [
            4.880069,
            52.356377
          ],
          [
            4.880035,
            52.356411
          ],
          [
            4.880004,
            52.356449
          ],
          [
            4.879943,
            52.356529
          ],
          [
            4.879907,
            52.356579
          ],
          [
            4.879874,
            52.356621
          ],
          [
            4.879839,
            52.35667
          ],
          [
            4.879801,
            52.356724
          ],
          [
            4.879723,
            52.356838
          ],
          [
            4.879685,
            52.356892
          ],
          [
            4.879643,
            52.356949
          ],
          [
            4.879597,
            52.35701
          ],
          [
            4.879551,
            52.357071
          ],
          [
            4.879511,
            52.357121
          ],
          [
            4.879468,
            52.357178
          ],
          [
            4.879426,
            52.357235
          ],
          [
            4.879386,
            52.357288
          ],
          [
            4.879347,
            52.357334
          ],
          [
            4.879314,
            52.35738
          ],
          [
            4.879282,
            52.357422
          ],
          [
            4.87925,
            52.35746
          ],
          [
            4.879219,
            52.357506
          ],
          [
            4.879193,
            52.357544
          ],
          [
            4.879165,
            52.35759
          ],
          [
            4.879128,
            52.357647
          ],
          [
            4.879102,
            52.357693
          ],
          [
            4.87907,
            52.357738
          ],
          [
            4.879036,
            52.357788
          ],
          [
            4.878995,
            52.357841
          ],
          [
            4.878964,
            52.357887
          ],
          [
            4.87893,
            52.357929
          ],
          [
            4.878896,
            52.357975
          ],
          [
            4.878875,
            52.358009
          ],
          [
            4.878852,
            52.358051
          ],
          [
            4.878837,
            52.358086
          ],
          [
            4.878828,
            52.358124
          ],
          [
            4.878819,
            52.358154
          ],
          [
            4.878808,
            52.358166
          ],
          [
            4.878808,
            52.358166
          ],
          [
            4.878764,
            52.358219
          ],
          [
            4.878764,
            52.358219
          ],
          [
            4.878735,
            52.358234
          ],
          [
            4.878735,
            52.358234
          ],
          [
            4.878735,
            52.358234
          ],
          [
            4.878735,
            52.358234
          ],
          [
            4.878697,
            52.358261
          ],
          [
            4.878678,
            52.358273
          ],
          [
            4.878662,
            52.35828
          ],
          [
            4.878633,
            52.358299
          ],
          [
            4.878605,
            52.358326
          ],
          [
            4.878578,
            52.358353
          ],
          [
            4.878542,
            52.358391
          ],
          [
            4.878512,
            52.358433
          ],
          [
            4.878482,
            52.358475
          ],
          [
            4.878451,
            52.35852
          ],
          [
            4.878428,
            52.35857
          ],
          [
            4.878395,
            52.35862
          ],
          [
            4.878361,
            52.358677
          ],
          [
            4.878315,
            52.35873
          ],
          [
            4.878271,
            52.358788
          ],
          [
            4.878224,
            52.358841
          ],
          [
            4.878178,
            52.358898
          ],
          [
            4.878138,
            52.358948
          ],
          [
            4.878096,
            52.359005
          ],
          [
            4.878054,
            52.359066
          ],
          [
            4.878008,
            52.359119
          ],
          [
            4.877955,
            52.359173
          ],
          [
            4.877902,
            52.359226
          ],
          [
            4.877849,
            52.359276
          ],
          [
            4.877806,
            52.359322
          ],
          [
            4.877764,
            52.35936
          ],
          [
            4.877764,
            52.35936
          ],
          [
            4.877764,
            52.35936
          ],
          [
            4.877764,
            52.35936
          ],
          [
            4.877713,
            52.359451
          ],
          [
            4.877707,
            52.359463
          ],
          [
            4.877697,
            52.35947
          ],
          [
            4.877687,
            52.359486
          ],
          [
            4.877666,
            52.359512
          ],
          [
            4.877644,
            52.359547
          ],
          [
            4.877614,
            52.359592
          ],
          [
            4.877587,
            52.359631
          ],
          [
            4.877553,
            52.35968
          ],
          [
            4.877515,
            52.359734
          ],
          [
            4.877476,
            52.359787
          ],
          [
            4.877432,
            52.359852
          ],
          [
            4.877391,
            52.359905
          ],
          [
            4.877353,
            52.359959
          ],
          [
            4.877318,
            52.360012
          ],
          [
            4.877285,
            52.360065
          ],
          [
            4.877246,
            52.36013
          ],
          [
            4.877207,
            52.360188
          ],
          [
            4.877169,
            52.360245
          ],
          [
            4.877127,
            52.360302
          ],
          [
            4.877087,
            52.360355
          ],
          [
            4.877042,
            52.360416
          ],
          [
            4.877001,
            52.360474
          ],
          [
            4.876965,
            52.360531
          ],
          [
            4.876931,
            52.360584
          ],
          [
            4.876893,
            52.360649
          ],
          [
            4.876853,
            52.360714
          ],
          [
            4.876816,
            52.360775
          ],
          [
            4.876773,
            52.36084
          ],
          [
            4.876731,
            52.360897
          ],
          [
            4.876686,
            52.360958
          ],
          [
            4.87664,
            52.361015
          ],
          [
            4.876593,
            52.36108
          ],
          [
            4.876552,
            52.361141
          ],
          [
            4.876504,
            52.361206
          ],
          [
            4.876464,
            52.361263
          ],
          [
            4.876419,
            52.361328
          ],
          [
            4.876374,
            52.361393
          ],
          [
            4.876335,
            52.36145
          ],
          [
            4.87629,
            52.361511
          ],
          [
            4.876248,
            52.361568
          ],
          [
            4.876201,
            52.36163
          ],
          [
            4.876157,
            52.361687
          ],
          [
            4.876114,
            52.361748
          ],
          [
            4.876081,
            52.361801
          ],
          [
            4.876031,
            52.361862
          ],
          [
            4.87599,
            52.361923
          ],
          [
            4.875938,
            52.361992
          ],
          [
            4.875893,
            52.362049
          ],
          [
            4.875848,
            52.362106
          ],
          [
            4.875803,
            52.362164
          ],
          [
            4.875764,
            52.362217
          ],
          [
            4.875723,
            52.362282
          ],
          [
            4.875679,
            52.362343
          ],
          [
            4.875645,
            52.362396
          ],
          [
            4.87561,
            52.362438
          ],
          [
            4.87558,
            52.362488
          ],
          [
            4.875551,
            52.362522
          ],
          [
            4.875528,
            52.362556
          ],
          [
            4.875511,
            52.362583
          ],
          [
            4.875502,
            52.362602
          ],
          [
            4.875493,
            52.362617
          ],
          [
            4.875493,
            52.362617
          ],
          [
            4.875493,
            52.362617
          ],
          [
            4.875473,
            52.362667
          ],
          [
            4.875467,
            52.362675
          ],
          [
            4.875466,
            52.362682
          ],
          [
            4.875457,
            52.362705
          ],
          [
            4.875447,
            52.362732
          ],
          [
            4.875437,
            52.362751
          ],
          [
            4.875424,
            52.362785
          ],
          [
            4.875394,
            52.362846
          ],
          [
            4.875374,
            52.362881
          ],
          [
            4.875357,
            52.362904
          ],
          [
            4.875338,
            52.362919
          ],
          [
            4.875315,
            52.362927
          ],
          [
            4.875284,
            52.362923
          ],
          [
            4.875176,
            52.362881
          ],
          [
            4.87511,
            52.362854
          ],
          [
            4.875044,
            52.362831
          ],
          [
            4.874972,
            52.362808
          ],
          [
            4.874891,
            52.362785
          ],
          [
            4.874806,
            52.362762
          ],
          [
            4.874738,
            52.362743
          ],
          [
            4.87467,
            52.362728
          ],
          [
            4.874603,
            52.362713
          ],
          [
            4.874537,
            52.362694
          ],
          [
            4.874461,
            52.362678
          ],
          [
            4.874383,
            52.362659
          ],
          [
            4.874303,
            52.362644
          ],
          [
            4.874215,
            52.362621
          ],
          [
            4.874136,
            52.362606
          ],
          [
            4.874112,
            52.362598
          ],
          [
            4.873976,
            52.36256
          ],
          [
            4.87389,
            52.362537
          ],
          [
            4.873809,
            52.362514
          ],
          [
            4.873739,
            52.362495
          ],
          [
            4.873659,
            52.362473
          ],
          [
            4.873579,
            52.36245
          ],
          [
            4.8735,
            52.362427
          ],
          [
            4.873416,
            52.362404
          ],
          [
            4.87333,
            52.362381
          ],
          [
            4.873238,
            52.362354
          ],
          [
            4.87315,
            52.362331
          ],
          [
            4.873063,
            52.362309
          ],
          [
            4.872966,
            52.362282
          ],
          [
            4.87289,
            52.362263
          ],
          [
            4.872778,
            52.362236
          ],
          [
            4.872688,
            52.362209
          ],
          [
            4.872592,
            52.362186
          ],
          [
            4.872496,
            52.36216
          ],
          [
            4.872416,
            52.362137
          ],
          [
            4.872311,
            52.36211
          ],
          [
            4.872226,
            52.362087
          ],
          [
            4.872132,
            52.362061
          ],
          [
            4.872039,
            52.362034
          ],
          [
            4.871964,
            52.362011
          ],
          [
            4.871855,
            52.361984
          ],
          [
            4.871761,
            52.361958
          ],
          [
            4.87167,
            52.361935
          ],
          [
            4.871572,
            52.361908
          ],
          [
            4.871496,
            52.361885
          ],
          [
            4.871384,
            52.361855
          ],
          [
            4.871293,
            52.361832
          ],
          [
            4.871197,
            52.361809
          ],
          [
            4.871104,
            52.361782
          ],
          [
            4.871013,
            52.361755
          ],
          [
            4.870918,
            52.361725
          ],
          [
            4.870828,
            52.361698
          ],
          [
            4.870741,
            52.361675
          ],
          [
            4.870644,
            52.361649
          ],
          [
            4.870562,
            52.36163
          ],
          [
            4.870455,
            52.361603
          ],
          [
            4.870364,
            52.36158
          ],
          [
            4.870269,
            52.361553
          ],
          [
            4.870173,
            52.36153
          ],
          [
            4.870093,
            52.361511
          ],
          [
            4.869985,
            52.361484
          ],
          [
            4.869893,
            52.361462
          ],
          [
            4.869808,
            52.361439
          ],
          [
            4.869714,
            52.361412
          ],
          [
            4.869632,
            52.361389
          ],
          [
            4.869524,
            52.361359
          ],
          [
            4.869431,
            52.361332
          ],
          [
            4.869342,
            52.361309
          ],
          [
            4.869247,
            52.361286
          ],
          [
            4.869164,
            52.361263
          ],
          [
            4.869056,
            52.36124
          ],
          [
            4.868966,
            52.361218
          ],
          [
            4.868872,
            52.361195
          ],
          [
            4.868776,
            52.361168
          ],
          [
            4.868682,
            52.361145
          ],
          [
            4.868586,
            52.361118
          ],
          [
            4.868495,
            52.361095
          ],
          [
            4.868408,
            52.361073
          ],
          [
            4.868323,
            52.36105
          ],
          [
            4.868239,
            52.361027
          ],
          [
            4.86816,
            52.361004
          ],
          [
            4.868072,
            52.360985
          ],
          [
            4.867988,
            52.360966
          ],
          [
            4.867903,
            52.360947
          ],
          [
            4.867815,
            52.360928
          ],
          [
            4.867729,
            52.360912
          ],
          [
            4.867628,
            52.360893
          ],
          [
            4.867534,
            52.36087
          ],
          [
            4.867445,
            52.360851
          ],
          [
            4.867347,
            52.360828
          ],
          [
            4.867269,
            52.360809
          ],
          [
            4.867157,
            52.360786
          ],
          [
            4.867065,
            52.360767
          ],
          [
            4.86697,
            52.360744
          ],
          [
            4.866878,
            52.360725
          ],
          [
            4.866789,
            52.360706
          ],
          [
            4.866693,
            52.360687
          ],
          [
            4.866603,
            52.360668
          ],
          [
            4.866512,
            52.360653
          ],
          [
            4.866424,
            52.360634
          ],
          [
            4.866338,
            52.360615
          ],
          [
            4.866255,
            52.360592
          ],
          [
            4.866182,
            52.360577
          ],
          [
            4.866102,
            52.360558
          ],
          [
            4.866058,
            52.360546
          ],
          [
            4.865955,
            52.360519
          ],
          [
            4.865877,
            52.360504
          ],
          [
            4.865804,
            52.360485
          ],
          [
            4.865751,
            52.36047
          ],
          [
            4.86572,
            52.360455
          ],
          [
            4.8657,
            52.360432
          ],
          [
            4.865698,
            52.360405
          ],
          [
            4.865713,
            52.360374
          ],
          [
            4.865735,
            52.360348
          ],
          [
            4.865774,
            52.360325
          ],
          [
            4.86583,
            52.36031
          ],
          [
            4.865875,
            52.360306
          ],
          [
            4.865961,
            52.360313
          ],
          [
            4.866034,
            52.360321
          ],
          [
            4.866062,
            52.360325
          ],
          [
            4.866188,
            52.360348
          ],
          [
            4.866369,
            52.360386
          ],
          [
            4.866462,
            52.360409
          ],
          [
            4.866549,
            52.360428
          ],
          [
            4.866647,
            52.360451
          ],
          [
            4.866743,
            52.360474
          ],
          [
            4.866839,
            52.360497
          ],
          [
            4.866891,
            52.360508
          ],
          [
            4.867015,
            52.360539
          ],
          [
            4.867129,
            52.360565
          ],
          [
            4.867223,
            52.360592
          ],
          [
            4.867322,
            52.360615
          ],
          [
            4.867408,
            52.360634
          ],
          [
            4.867481,
            52.360645
          ],
          [
            4.867535,
            52.360657
          ],
          [
            4.86758,
            52.360664
          ],
          [
            4.86758,
            52.360664
          ],
          [
            4.86758,
            52.360664
          ],
          [
            4.86758,
            52.360664
          ],
          [
            4.86758,
            52.360664
          ],
          [
            4.86758,
            52.360664
          ],
          [
            4.86758,
            52.360664
          ],
          [
            4.86758,
            52.360664
          ],
          [
            4.86758,
            52.360664
          ],
          [
            4.86758,
            52.360664
          ],
          [
            4.86758,
            52.360664
          ],
          [
            4.86758,
            52.360664
          ],
          [
            4.86758,
            52.360664
          ],
          [
            4.86758,
            52.360664
          ],
          [
            4.86758,
            52.360664
          ],
          [
            4.86758,
            52.360664
          ],
          [
            4.86758,
            52.360664
          ],
          [
            4.86758,
            52.360664
          ],
          [
            4.86758,
            52.360664
          ],
          [
            4.867598,
            52.360771
          ],
          [
            4.867594,
            52.360771
          ],
          [
            4.867595,
            52.360767
          ],
          [
            4.867585,
            52.360767
          ],
          [
            4.86757,
            52.360764
          ],
          [
            4.867545,
            52.360756
          ],
          [
            4.867515,
            52.360748
          ],
          [
            4.86748,
            52.360741
          ],
          [
            4.867409,
            52.360722
          ],
          [
            4.867358,
            52.36071
          ],
          [
            4.8673,
            52.360691
          ],
          [
            4.867242,
            52.360676
          ],
          [
            4.867188,
            52.360657
          ],
          [
            4.867132,
            52.360638
          ],
          [
            4.867025,
            52.3606
          ],
          [
            4.866953,
            52.360573
          ],
          [
            4.866891,
            52.360554
          ],
          [
            4.866837,
            52.360535
          ],
          [
            4.866748,
            52.360504
          ],
          [
            4.866668,
            52.360477
          ],
          [
            4.866604,
            52.360466
          ],
          [
            4.866616,
            52.360455
          ],
          [
            4.866492,
            52.360439
          ],
          [
            4.866401,
            52.360424
          ],
          [
            4.86633,
            52.360413
          ],
          [
            4.866254,
            52.360397
          ],
          [
            4.866188,
            52.360378
          ],
          [
            4.866127,
            52.360355
          ],
          [
            4.866063,
            52.360336
          ],
          [
            4.866005,
            52.360317
          ],
          [
            4.865955,
            52.360294
          ],
          [
            4.865887,
            52.360271
          ],
          [
            4.86583,
            52.360256
          ],
          [
            4.865781,
            52.360241
          ],
          [
            4.865727,
            52.360226
          ],
          [
            4.865672,
            52.360207
          ],
          [
            4.865609,
            52.360191
          ],
          [
            4.865547,
            52.360172
          ],
          [
            4.865477,
            52.360157
          ],
          [
            4.865418,
            52.360142
          ],
          [
            4.865347,
            52.360126
          ],
          [
            4.865273,
            52.360111
          ],
          [
            4.865211,
            52.3601
          ],
          [
            4.865137,
            52.360081
          ],
          [
            4.865005,
            52.36005
          ],
          [
            4.864932,
            52.360031
          ],
          [
            4.864863,
            52.36002
          ],
          [
            4.8648,
            52.360004
          ],
          [
            4.864745,
            52.359993
          ],
          [
            4.864745,
            52.359993
          ],
          [
            4.864643,
            52.359989
          ],
          [
            4.864622,
            52.359985
          ],
          [
            4.864612,
            52.359985
          ],
          [
            4.864661,
            52.359989
          ],
          [
            4.864686,
            52.359993
          ],
          [
            4.864705,
            52.359985
          ],
          [
            4.864725,
            52.359982
          ],
          [
            4.864743,
            52.35997
          ],
          [
            4.864761,
            52.359959
          ],
          [
            4.864778,
            52.359951
          ],
          [
            4.864794,
            52.359924
          ],
          [
            4.864818,
            52.359898
          ],
          [
            4.864838,
            52.359859
          ],
          [
            4.864861,
            52.359825
          ],
          [
            4.864883,
            52.359795
          ],
          [
            4.864912,
            52.359753
          ],
          [
            4.864939,
            52.359711
          ],
          [
            4.864996,
            52.359631
          ],
          [
            4.865061,
            52.359547
          ],
          [
            4.865088,
            52.359505
          ],
          [
            4.865109,
            52.359474
          ],
          [
            4.865138,
            52.359432
          ],
          [
            4.865165,
            52.359386
          ],
          [
            4.865186,
            52.359345
          ],
          [
            4.865203,
            52.359303
          ],
          [
            4.86523,
            52.359272
          ],
          [
            4.86525,
            52.359234
          ],
          [
            4.865265,
            52.359203
          ],
          [
            4.865283,
            52.359169
          ],
          [
            4.865304,
            52.359138
          ],
          [
            4.865355,
            52.359062
          ],
          [
            4.86537,
            52.359035
          ],
          [
            4.865391,
            52.359009
          ],
          [
            4.865408,
            52.358978
          ],
          [
            4.865418,
            52.358936
          ],
          [
            4.865412,
            52.35891
          ],
          [
            4.865392,
            52.358875
          ],
          [
            4.865395,
            52.358864
          ],
          [
            4.865312,
            52.358822
          ],
          [
            4.865247,
            52.358795
          ],
          [
            4.865177,
            52.358772
          ],
          [
            4.865103,
            52.358757
          ],
          [
            4.865025,
            52.358738
          ],
          [
            4.864974,
            52.358723
          ],
          [
            4.864924,
            52.358715
          ],
          [
            4.864783,
            52.358681
          ],
          [
            4.864675,
            52.35865
          ],
          [
            4.86458,
            52.358627
          ],
          [
            4.864492,
            52.358604
          ],
          [
            4.864401,
            52.358582
          ],
          [
            4.864301,
            52.358559
          ],
          [
            4.858581,
            52.357128
          ],
          [
            4.858542,
            52.357113
          ],
          [
            4.858479,
            52.357094
          ],
          [
            4.858417,
            52.357075
          ],
          [
            4.858347,
            52.357056
          ],
          [
            4.858275,
            52.35704
          ],
          [
            4.858206,
            52.357025
          ],
          [
            4.858147,
            52.357014
          ],
          [
            4.858071,
            52.356995
          ],
          [
            4.857995,
            52.356983
          ],
          [
            4.857888,
            52.35696
          ],
          [
            4.857745,
            52.356922
          ],
          [
            4.857669,
            52.356899
          ],
          [
            4.857556,
            52.356865
          ],
          [
            4.857492,
            52.35685
          ],
          [
            4.857354,
            52.356812
          ],
          [
            4.857258,
            52.356777
          ],
          [
            4.857162,
            52.356754
          ],
          [
            4.857072,
            52.356735
          ],
          [
            4.857002,
            52.356712
          ],
          [
            4.8569,
            52.356693
          ],
          [
            4.856781,
            52.356667
          ],
          [
            4.85669,
            52.356632
          ],
          [
            4.856596,
            52.356621
          ],
          [
            4.856506,
            52.356609
          ],
          [
            4.85641,
            52.35659
          ],
          [
            4.8563,
            52.356567
          ],
          [
            4.856228,
            52.356544
          ],
          [
            4.856136,
            52.356518
          ],
          [
            4.85608,
            52.356499
          ],
          [
            4.85596,
            52.356457
          ],
          [
            4.855878,
            52.35643
          ],
          [
            4.855799,
            52.3564
          ],
          [
            4.855762,
            52.356377
          ],
          [
            4.855707,
            52.356342
          ],
          [
            4.855647,
            52.3563
          ],
          [
            4.85561,
            52.35627
          ],
          [
            4.855572,
            52.356228
          ],
          [
            4.855558,
            52.356216
          ],
          [
            4.85553,
            52.356174
          ],
          [
            4.855511,
            52.356121
          ],
          [
            4.855498,
            52.356052
          ],
          [
            4.855499,
            52.355995
          ],
          [
            4.855504,
            52.355934
          ],
          [
            4.855523,
            52.355873
          ],
          [
            4.855553,
            52.355812
          ],
          [
            4.855586,
            52.355755
          ],
          [
            4.855635,
            52.355698
          ],
          [
            4.85569,
            52.355648
          ],
          [
            4.855798,
            52.355564
          ],
          [
            4.855895,
            52.355495
          ],
          [
            4.855981,
            52.355442
          ],
          [
            4.856052,
            52.355385
          ],
          [
            4.85608,
            52.355354
          ],
          [
            4.856104,
            52.355316
          ],
          [
            4.856107,
            52.355282
          ],
          [
            4.856107,
            52.355236
          ],
          [
            4.856085,
            52.355187
          ],
          [
            4.856053,
            52.355145
          ],
          [
            4.85601,
            52.355103
          ],
          [
            4.855967,
            52.355064
          ],
          [
            4.855907,
            52.35503
          ],
          [
            4.855847,
            52.355003
          ],
          [
            4.855783,
            52.354977
          ],
          [
            4.855721,
            52.354958
          ],
          [
            4.855655,
            52.354942
          ],
          [
            4.855591,
            52.354923
          ],
          [
            4.855527,
            52.354908
          ],
          [
            4.855461,
            52.354893
          ],
          [
            4.855399,
            52.354877
          ],
          [
            4.855326,
            52.354858
          ],
          [
            4.855263,
            52.354839
          ],
          [
            4.855222,
            52.354828
          ],
          [
            4.855099,
            52.354797
          ],
          [
            4.854998,
            52.354778
          ],
          [
            4.854956,
            52.354767
          ],
          [
            4.854955,
            52.354763
          ],
          [
            4.854887,
            52.354755
          ],
          [
            4.854803,
            52.354748
          ],
          [
            4.854712,
            52.35474
          ],
          [
            4.854687,
            52.354736
          ],
          [
            4.854586,
            52.354733
          ],
          [
            4.854552,
            52.354725
          ],
          [
            4.854454,
            52.354725
          ],
          [
            4.854372,
            52.354725
          ],
          [
            4.854292,
            52.354729
          ],
          [
            4.854218,
            52.354733
          ],
          [
            4.85414,
            52.354736
          ],
          [
            4.854066,
            52.35474
          ],
          [
            4.853989,
            52.354744
          ],
          [
            4.853528,
            52.354786
          ],
          [
            4.853384,
            52.354801
          ],
          [
            4.85335,
            52.354805
          ],
          [
            4.853177,
            52.35482
          ],
          [
            4.853056,
            52.354824
          ],
          [
            4.853015,
            52.354828
          ],
          [
            4.85284,
            52.354839
          ],
          [
            4.85279,
            52.354843
          ],
          [
            4.852616,
            52.354851
          ],
          [
            4.852499,
            52.354855
          ],
          [
            4.852422,
            52.354858
          ],
          [
            4.852288,
            52.354862
          ],
          [
            4.852183,
            52.354866
          ],
          [
            4.852124,
            52.354866
          ],
          [
            4.851991,
            52.35487
          ],
          [
            4.851873,
            52.354877
          ],
          [
            4.851778,
            52.354893
          ],
          [
            4.851682,
            52.354912
          ],
          [
            4.851593,
            52.354927
          ],
          [
            4.851487,
            52.354942
          ],
          [
            4.851388,
            52.354954
          ],
          [
            4.851294,
            52.354958
          ],
          [
            4.851192,
            52.354961
          ],
          [
            4.851134,
            52.354961
          ],
          [
            4.850991,
            52.354965
          ],
          [
            4.850884,
            52.354965
          ],
          [
            4.850787,
            52.354961
          ],
          [
            4.850684,
            52.354961
          ],
          [
            4.850616,
            52.354961
          ],
          [
            4.850535,
            52.354961
          ],
          [
            4.850386,
            52.354958
          ],
          [
            4.85028,
            52.354958
          ],
          [
            4.850174,
            52.354958
          ],
          [
            4.850113,
            52.354954
          ],
          [
            4.849976,
            52.35495
          ],
          [
            4.849867,
            52.35495
          ],
          [
            4.849765,
            52.35495
          ],
          [
            4.849672,
            52.35495
          ],
          [
            4.849599,
            52.354954
          ],
          [
            4.849473,
            52.354961
          ],
          [
            4.849368,
            52.354965
          ],
          [
            4.849266,
            52.354973
          ],
          [
            4.849165,
            52.354977
          ],
          [
            4.849111,
            52.354977
          ],
          [
            4.848973,
            52.35498
          ],
          [
            4.848871,
            52.35498
          ],
          [
            4.8488,
            52.354977
          ],
          [
            4.848663,
            52.354973
          ],
          [
            4.848591,
            52.354969
          ],
          [
            4.848459,
            52.354969
          ],
          [
            4.848354,
            52.354969
          ],
          [
            4.848255,
            52.354973
          ],
          [
            4.848158,
            52.354969
          ],
          [
            4.848064,
            52.354969
          ],
          [
            4.847976,
            52.354965
          ],
          [
            4.847938,
            52.354961
          ],
          [
            4.847808,
            52.35495
          ],
          [
            4.847713,
            52.354946
          ],
          [
            4.847619,
            52.354942
          ],
          [
            4.847559,
            52.354942
          ],
          [
            4.847431,
            52.354942
          ],
          [
            4.847328,
            52.354942
          ],
          [
            4.847247,
            52.354942
          ],
          [
            4.847135,
            52.354942
          ],
          [
            4.847085,
            52.354942
          ],
          [
            4.846936,
            52.354942
          ],
          [
            4.846827,
            52.354942
          ],
          [
            4.84673,
            52.354942
          ],
          [
            4.846643,
            52.354935
          ],
          [
            4.84657,
            52.354916
          ],
          [
            4.846566,
            52.354923
          ],
          [
            4.846456,
            52.354877
          ],
          [
            4.846376,
            52.354855
          ],
          [
            4.846335,
            52.354847
          ],
          [
            4.846222,
            52.354843
          ],
          [
            4.846138,
            52.354828
          ],
          [
            4.846078,
            52.354809
          ],
          [
            4.846034,
            52.354778
          ],
          [
            4.846008,
            52.354744
          ],
          [
            4.845991,
            52.354698
          ],
          [
            4.845983,
            52.354652
          ],
          [
            4.845985,
            52.354599
          ],
          [
            4.845984,
            52.354542
          ],
          [
            4.845985,
            52.354492
          ],
          [
            4.845987,
            52.354435
          ],
          [
            4.845988,
            52.354378
          ],
          [
            4.845987,
            52.354321
          ],
          [
            4.845993,
            52.354267
          ],
          [
            4.845988,
            52.354206
          ],
          [
            4.845991,
            52.354149
          ],
          [
            4.845989,
            52.354095
          ],
          [
            4.845993,
            52.354042
          ],
          [
            4.845993,
            52.353981
          ],
          [
            4.845995,
            52.353928
          ],
          [
            4.845997,
            52.353882
          ],
          [
            4.846009,
            52.353832
          ],
          [
            4.846004,
            52.353783
          ],
          [
            4.846013,
            52.353729
          ],
          [
            4.846014,
            52.353668
          ],
          [
            4.846016,
            52.353607
          ],
          [
            4.84602,
            52.353523
          ],
          [
            4.84602,
            52.353428
          ],
          [
            4.846033,
            52.353348
          ],
          [
            4.846035,
            52.353271
          ],
          [
            4.84602,
            52.353188
          ],
          [
            4.846016,
            52.353107
          ],
          [
            4.84603,
            52.353046
          ],
          [
            4.84602,
            52.352993
          ],
          [
            4.846031,
            52.352936
          ],
          [
            4.846021,
            52.352875
          ],
          [
            4.846017,
            52.352814
          ],
          [
            4.846011,
            52.35276
          ],
          [
            4.846012,
            52.352699
          ],
          [
            4.846008,
            52.352642
          ],
          [
            4.846011,
            52.352585
          ],
          [
            4.84601,
            52.352524
          ],
          [
            4.846007,
            52.352467
          ],
          [
            4.846001,
            52.352398
          ],
          [
            4.846002,
            52.352333
          ],
          [
            4.846005,
            52.352276
          ],
          [
            4.845999,
            52.352219
          ],
          [
            4.846001,
            52.352158
          ],
          [
            4.846004,
            52.352097
          ],
          [
            4.846008,
            52.352039
          ],
          [
            4.846024,
            52.351994
          ],
          [
            4.846028,
            52.351933
          ],
          [
            4.846038,
            52.351887
          ],
          [
            4.846026,
            52.351841
          ],
          [
            4.846036,
            52.351788
          ],
          [
            4.846031,
            52.351738
          ],
          [
            4.846005,
            52.351711
          ],
          [
            4.845981,
            52.351704
          ],
          [
            4.845964,
            52.351696
          ],
          [
            4.845862,
            52.351685
          ],
          [
            4.845796,
            52.351681
          ],
          [
            4.845732,
            52.351677
          ],
          [
            4.845667,
            52.351677
          ],
          [
            4.845598,
            52.351677
          ],
          [
            4.84552,
            52.351673
          ],
          [
            4.845438,
            52.351669
          ],
          [
            4.845405,
            52.351669
          ],
          [
            4.845293,
            52.351673
          ],
          [
            4.845207,
            52.351673
          ],
          [
            4.845112,
            52.351669
          ],
          [
            4.845075,
            52.351673
          ],
          [
            4.844847,
            52.351673
          ],
          [
            4.844789,
            52.351677
          ],
          [
            4.844679,
            52.351677
          ],
          [
            4.844645,
            52.351677
          ],
          [
            4.844497,
            52.351677
          ],
          [
            4.844475,
            52.351681
          ],
          [
            4.844288,
            52.351685
          ],
          [
            4.844166,
            52.351688
          ],
          [
            4.844151,
            52.351685
          ],
          [
            4.843953,
            52.351681
          ],
          [
            4.843827,
            52.351677
          ],
          [
            4.843711,
            52.351673
          ],
          [
            4.843682,
            52.351673
          ],
          [
            4.843494,
            52.351669
          ],
          [
            4.843365,
            52.351669
          ],
          [
            4.843315,
            52.351669
          ],
          [
            4.843144,
            52.351669
          ],
          [
            4.843021,
            52.351673
          ],
          [
            4.842947,
            52.351673
          ],
          [
            4.842912,
            52.351673
          ],
          [
            4.842769,
            52.351673
          ],
          [
            4.842628,
            52.351673
          ],
          [
            4.842485,
            52.351666
          ],
          [
            4.842333,
            52.351666
          ],
          [
            4.842304,
            52.351646
          ],
          [
            4.842072,
            52.35162
          ],
          [
            4.841971,
            52.35162
          ],
          [
            4.841873,
            52.351627
          ],
          [
            4.841805,
            52.351616
          ],
          [
            4.841703,
            52.351612
          ],
          [
            4.841589,
            52.351612
          ],
          [
            4.841504,
            52.351608
          ],
          [
            4.84142,
            52.351608
          ],
          [
            4.841343,
            52.351612
          ],
          [
            4.841268,
            52.351612
          ],
          [
            4.841194,
            52.351616
          ],
          [
            4.841133,
            52.35162
          ],
          [
            4.841085,
            52.351624
          ],
          [
            4.841052,
            52.351624
          ],
          [
            4.841052,
            52.351624
          ],
          [
            4.841052,
            52.351624
          ],
          [
            4.841052,
            52.351624
          ],
          [
            4.840998,
            52.351639
          ],
          [
            4.840977,
            52.351639
          ],
          [
            4.840943,
            52.351639
          ],
          [
            4.840898,
            52.351639
          ],
          [
            4.840849,
            52.351639
          ],
          [
            4.840788,
            52.351639
          ],
          [
            4.840722,
            52.351643
          ],
          [
            4.840696,
            52.351643
          ],
          [
            4.840573,
            52.351646
          ],
          [
            4.840504,
            52.351643
          ],
          [
            4.840438,
            52.351643
          ],
          [
            4.840336,
            52.351646
          ],
          [
            4.840247,
            52.351639
          ],
          [
            4.840161,
            52.351635
          ],
          [
            4.840076,
            52.351627
          ],
          [
            4.839987,
            52.351624
          ],
          [
            4.839894,
            52.35162
          ],
          [
            4.839805,
            52.35162
          ],
          [
            4.839714,
            52.351616
          ],
          [
            4.839643,
            52.351616
          ],
          [
            4.839528,
            52.351616
          ],
          [
            4.839431,
            52.351612
          ],
          [
            4.839344,
            52.351612
          ],
          [
            4.83925,
            52.351604
          ],
          [
            4.839205,
            52.351608
          ],
          [
            4.839061,
            52.351604
          ],
          [
            4.838952,
            52.351601
          ],
          [
            4.838853,
            52.351601
          ],
          [
            4.838773,
            52.351597
          ],
          [
            4.838674,
            52.351597
          ],
          [
            4.838591,
            52.351597
          ],
          [
            4.838459,
            52.351597
          ],
          [
            4.838356,
            52.351597
          ],
          [
            4.838331,
            52.351601
          ],
          [
            4.838185,
            52.351604
          ],
          [
            4.838131,
            52.351604
          ],
          [
            4.838074,
            52.351604
          ],
          [
            4.837894,
            52.351604
          ],
          [
            4.837813,
            52.351601
          ],
          [
            4.837763,
            52.351597
          ],
          [
            4.837575,
            52.351593
          ],
          [
            4.837545,
            52.351593
          ],
          [
            4.837364,
            52.351593
          ],
          [
            4.837236,
            52.351593
          ],
          [
            4.837117,
            52.351593
          ],
          [
            4.836993,
            52.351597
          ],
          [
            4.836959,
            52.351597
          ],
          [
            4.836749,
            52.351604
          ],
          [
            4.83664,
            52.351608
          ],
          [
            4.836547,
            52.351608
          ],
          [
            4.836482,
            52.351608
          ],
          [
            4.836337,
            52.351604
          ],
          [
            4.836325,
            52.351608
          ],
          [
            4.836119,
            52.351597
          ],
          [
            4.836077,
            52.351601
          ],
          [
            4.835918,
            52.351597
          ],
          [
            4.835842,
            52.351593
          ],
          [
            4.835715,
            52.351593
          ],
          [
            4.835616,
            52.351593
          ],
          [
            4.835516,
            52.351597
          ],
          [
            4.83542,
            52.351601
          ],
          [
            4.83534,
            52.351601
          ],
          [
            4.835225,
            52.351597
          ],
          [
            4.835116,
            52.351593
          ],
          [
            4.835016,
            52.351593
          ],
          [
            4.83492,
            52.351593
          ],
          [
            4.83482,
            52.351593
          ],
          [
            4.834726,
            52.351589
          ],
          [
            4.834617,
            52.351593
          ],
          [
            4.834514,
            52.351597
          ],
          [
            4.834433,
            52.351601
          ],
          [
            4.834314,
            52.351604
          ],
          [
            4.834224,
            52.351601
          ],
          [
            4.834132,
            52.351601
          ],
          [
            4.834076,
            52.351601
          ],
          [
            4.833976,
            52.351589
          ],
          [
            4.833795,
            52.351578
          ],
          [
            4.833694,
            52.351578
          ],
          [
            4.833596,
            52.351578
          ],
          [
            4.833487,
            52.351582
          ],
          [
            4.833406,
            52.351578
          ],
          [
            4.833288,
            52.351582
          ],
          [
            4.833195,
            52.351578
          ],
          [
            4.833102,
            52.351582
          ],
          [
            4.833001,
            52.351585
          ],
          [
            4.832915,
            52.351585
          ],
          [
            4.832802,
            52.351585
          ],
          [
            4.832703,
            52.351585
          ],
          [
            4.832604,
            52.351582
          ],
          [
            4.832503,
            52.351582
          ],
          [
            4.832412,
            52.351578
          ],
          [
            4.832332,
            52.351578
          ],
          [
            4.832223,
            52.351574
          ],
          [
            4.83213,
            52.35157
          ],
          [
            4.832032,
            52.351574
          ],
          [
            4.831932,
            52.351578
          ],
          [
            4.831875,
            52.351582
          ],
          [
            4.831763,
            52.351582
          ],
          [
            4.831697,
            52.351582
          ],
          [
            4.831564,
            52.351582
          ],
          [
            4.831484,
            52.351578
          ],
          [
            4.83139,
            52.351582
          ],
          [
            4.831288,
            52.351578
          ],
          [
            4.831223,
            52.351578
          ],
          [
            4.831106,
            52.351578
          ],
          [
            4.831006,
            52.351578
          ],
          [
            4.830882,
            52.351574
          ],
          [
            4.830775,
            52.35157
          ],
          [
            4.830702,
            52.35157
          ],
          [
            4.830568,
            52.351566
          ],
          [
            4.830471,
            52.351566
          ],
          [
            4.830382,
            52.351566
          ],
          [
            4.830285,
            52.35157
          ],
          [
            4.830213,
            52.351566
          ],
          [
            4.83007,
            52.351563
          ],
          [
            4.829976,
            52.351563
          ],
          [
            4.829878,
            52.351563
          ],
          [
            4.829769,
            52.351559
          ],
          [
            4.829723,
            52.351563
          ],
          [
            4.829596,
            52.351563
          ],
          [
            4.82948,
            52.351559
          ],
          [
            4.829386,
            52.351559
          ],
          [
            4.829293,
            52.351559
          ],
          [
            4.829234,
            52.351559
          ],
          [
            4.829108,
            52.351559
          ],
          [
            4.828982,
            52.351563
          ],
          [
            4.828877,
            52.351563
          ],
          [
            4.828785,
            52.351563
          ],
          [
            4.828752,
            52.351563
          ],
          [
            4.828602,
            52.351566
          ],
          [
            4.828485,
            52.35157
          ],
          [
            4.828384,
            52.35157
          ],
          [
            4.8283,
            52.35157
          ],
          [
            4.82827,
            52.35157
          ],
          [
            4.828119,
            52.35157
          ],
          [
            4.828024,
            52.35157
          ],
          [
            4.827945,
            52.35157
          ],
          [
            4.827855,
            52.351566
          ],
          [
            4.827775,
            52.351563
          ],
          [
            4.827704,
            52.351559
          ],
          [
            4.82763,
            52.351559
          ],
          [
            4.827603,
            52.351559
          ],
          [
            4.827482,
            52.351555
          ],
          [
            4.827398,
            52.351555
          ],
          [
            4.827379,
            52.351555
          ],
          [
            4.827228,
            52.351547
          ],
          [
            4.827122,
            52.351543
          ],
          [
            4.827034,
            52.351543
          ],
          [
            4.827003,
            52.35154
          ],
          [
            4.826847,
            52.351536
          ],
          [
            4.826728,
            52.351536
          ],
          [
            4.826623,
            52.351536
          ],
          [
            4.826524,
            52.351536
          ],
          [
            4.826477,
            52.351536
          ],
          [
            4.826341,
            52.351536
          ],
          [
            4.826215,
            52.351532
          ],
          [
            4.826108,
            52.351524
          ],
          [
            4.825954,
            52.351517
          ],
          [
            4.825838,
            52.351513
          ],
          [
            4.825764,
            52.351509
          ],
          [
            4.825644,
            52.351505
          ],
          [
            4.825544,
            52.351501
          ],
          [
            4.825434,
            52.351501
          ],
          [
            4.82532,
            52.351498
          ],
          [
            4.825235,
            52.351498
          ],
          [
            4.825078,
            52.351494
          ],
          [
            4.824963,
            52.35149
          ],
          [
            4.824881,
            52.351475
          ],
          [
            4.824755,
            52.351471
          ],
          [
            4.824665,
            52.351467
          ],
          [
            4.824564,
            52.351459
          ],
          [
            4.824474,
            52.351463
          ],
          [
            4.824346,
            52.351456
          ],
          [
            4.824252,
            52.351456
          ],
          [
            4.824156,
            52.351452
          ],
          [
            4.824063,
            52.351452
          ],
          [
            4.823969,
            52.351452
          ],
          [
            4.823856,
            52.351456
          ],
          [
            4.823756,
            52.351459
          ],
          [
            4.823653,
            52.351459
          ],
          [
            4.823555,
            52.351459
          ],
          [
            4.823466,
            52.351444
          ],
          [
            4.82335,
            52.351444
          ],
          [
            4.823305,
            52.35144
          ],
          [
            4.823141,
            52.351433
          ],
          [
            4.823042,
            52.351437
          ],
          [
            4.822948,
            52.351437
          ],
          [
            4.822848,
            52.351437
          ],
          [
            4.822789,
            52.351437
          ],
          [
            4.822643,
            52.351437
          ],
          [
            4.822542,
            52.35144
          ],
          [
            4.822444,
            52.351437
          ],
          [
            4.822338,
            52.351437
          ],
          [
            4.822259,
            52.351437
          ],
          [
            4.822147,
            52.351425
          ],
          [
            4.822038,
            52.351425
          ],
          [
            4.821944,
            52.351425
          ],
          [
            4.821844,
            52.351425
          ],
          [
            4.821784,
            52.351418
          ],
          [
            4.821637,
            52.351414
          ],
          [
            4.821535,
            52.351414
          ],
          [
            4.821439,
            52.351418
          ],
          [
            4.821345,
            52.351425
          ],
          [
            4.821246,
            52.351433
          ],
          [
            4.821153,
            52.351425
          ],
          [
            4.821054,
            52.351425
          ],
          [
            4.820966,
            52.351425
          ],
          [
            4.820861,
            52.351429
          ],
          [
            4.820765,
            52.351433
          ],
          [
            4.820668,
            52.351429
          ],
          [
            4.820565,
            52.351425
          ],
          [
            4.820505,
            52.351421
          ],
          [
            4.820364,
            52.351421
          ],
          [
            4.82026,
            52.351414
          ],
          [
            4.820149,
            52.351406
          ],
          [
            4.820049,
            52.351406
          ],
          [
            4.819957,
            52.351402
          ],
          [
            4.819849,
            52.351402
          ],
          [
            4.819749,
            52.351406
          ],
          [
            4.819647,
            52.351406
          ],
          [
            4.819548,
            52.351406
          ],
          [
            4.819475,
            52.351406
          ],
          [
            4.819347,
            52.35141
          ],
          [
            4.819242,
            52.351406
          ],
          [
            4.819144,
            52.351402
          ],
          [
            4.819054,
            52.351398
          ],
          [
            4.81895,
            52.351398
          ],
          [
            4.818859,
            52.351395
          ],
          [
            4.818769,
            52.351395
          ],
          [
            4.81868,
            52.351395
          ],
          [
            4.818594,
            52.351395
          ],
          [
            4.818499,
            52.351398
          ],
          [
            4.818411,
            52.351395
          ],
          [
            4.818308,
            52.351395
          ],
          [
            4.818209,
            52.351395
          ],
          [
            4.818111,
            52.351395
          ],
          [
            4.818013,
            52.351391
          ],
          [
            4.817943,
            52.351391
          ],
          [
            4.817805,
            52.351387
          ],
          [
            4.817701,
            52.351387
          ],
          [
            4.817604,
            52.351383
          ],
          [
            4.817499,
            52.351383
          ],
          [
            4.817418,
            52.351379
          ],
          [
            4.817297,
            52.351379
          ],
          [
            4.817196,
            52.351383
          ],
          [
            4.817097,
            52.351387
          ],
          [
            4.816999,
            52.351379
          ],
          [
            4.816916,
            52.351383
          ],
          [
            4.816806,
            52.351379
          ],
          [
            4.816709,
            52.351372
          ],
          [
            4.816612,
            52.351372
          ],
          [
            4.81652,
            52.351368
          ],
          [
            4.816418,
            52.351364
          ],
          [
            4.816321,
            52.351368
          ],
          [
            4.816225,
            52.351372
          ],
          [
            4.816133,
            52.351372
          ],
          [
            4.816031,
            52.351372
          ],
          [
            4.815938,
            52.351372
          ],
          [
            4.815844,
            52.351376
          ],
          [
            4.815753,
            52.351376
          ],
          [
            4.81565,
            52.351376
          ],
          [
            4.815554,
            52.351376
          ],
          [
            4.815458,
            52.351372
          ],
          [
            4.815368,
            52.351372
          ],
          [
            4.815264,
            52.351368
          ],
          [
            4.815165,
            52.351364
          ],
          [
            4.815068,
            52.351356
          ],
          [
            4.814969,
            52.351353
          ],
          [
            4.814896,
            52.351353
          ],
          [
            4.814754,
            52.351349
          ],
          [
            4.814652,
            52.351345
          ],
          [
            4.814556,
            52.351334
          ],
          [
            4.814456,
            52.35133
          ],
          [
            4.814374,
            52.351322
          ],
          [
            4.814258,
            52.351318
          ],
          [
            4.81416,
            52.351311
          ],
          [
            4.814062,
            52.351303
          ],
          [
            4.813965,
            52.351295
          ],
          [
            4.813887,
            52.351288
          ],
          [
            4.813762,
            52.351276
          ],
          [
            4.813663,
            52.351269
          ],
          [
            4.813568,
            52.351261
          ],
          [
            4.813475,
            52.351254
          ],
          [
            4.813381,
            52.351242
          ],
          [
            4.813292,
            52.351231
          ],
          [
            4.813194,
            52.351219
          ],
          [
            4.813095,
            52.351208
          ],
          [
            4.813021,
            52.351196
          ],
          [
            4.812897,
            52.351177
          ],
          [
            4.812799,
            52.351166
          ],
          [
            4.812698,
            52.351147
          ],
          [
            4.812598,
            52.351131
          ],
          [
            4.812516,
            52.351116
          ],
          [
            4.812403,
            52.351101
          ],
          [
            4.812307,
            52.351082
          ],
          [
            4.812208,
            52.351067
          ],
          [
            4.812103,
            52.351044
          ],
          [
            4.812011,
            52.351021
          ],
          [
            4.811923,
            52.351002
          ],
          [
            4.81184,
            52.350986
          ],
          [
            4.811761,
            52.350967
          ],
          [
            4.811697,
            52.350952
          ],
          [
            4.811599,
            52.350929
          ],
          [
            4.811521,
            52.350922
          ],
          [
            4.811454,
            52.350929
          ],
          [
            4.81137,
            52.350956
          ],
          [
            4.811299,
            52.350967
          ],
          [
            4.811218,
            52.350975
          ],
          [
            4.811141,
            52.350971
          ],
          [
            4.811059,
            52.350952
          ],
          [
            4.810993,
            52.350922
          ],
          [
            4.810939,
            52.35088
          ],
          [
            4.810891,
            52.35083
          ],
          [
            4.810824,
            52.350796
          ],
          [
            4.81074,
            52.350777
          ],
          [
            4.810654,
            52.350761
          ],
          [
            4.810583,
            52.35075
          ],
          [
            4.81052,
            52.350742
          ],
          [
            4.810455,
            52.350735
          ],
          [
            4.810384,
            52.350727
          ],
          [
            4.81036,
            52.350723
          ],
          [
            4.810211,
            52.3507
          ],
          [
            4.81011,
            52.350681
          ],
          [
            4.809999,
            52.350655
          ],
          [
            4.809862,
            52.350616
          ],
          [
            4.809752,
            52.350586
          ],
          [
            4.809656,
            52.350563
          ],
          [
            4.80956,
            52.350544
          ],
          [
            4.809465,
            52.350521
          ],
          [
            4.80939,
            52.350506
          ],
          [
            4.809272,
            52.350479
          ],
          [
            4.809173,
            52.350456
          ],
          [
            4.80908,
            52.350433
          ],
          [
            4.808985,
            52.350418
          ],
          [
            4.808909,
            52.350403
          ],
          [
            4.808797,
            52.350384
          ],
          [
            4.808701,
            52.350365
          ],
          [
            4.808606,
            52.350342
          ],
          [
            4.80851,
            52.350323
          ],
          [
            4.808434,
            52.350304
          ],
          [
            4.80832,
            52.350281
          ],
          [
            4.808223,
            52.350262
          ],
          [
            4.808127,
            52.350243
          ],
          [
            4.808032,
            52.350224
          ],
          [
            4.807954,
            52.350208
          ],
          [
            4.807842,
            52.350189
          ],
          [
            4.807744,
            52.350166
          ],
          [
            4.807648,
            52.350147
          ],
          [
            4.807551,
            52.350128
          ],
          [
            4.807474,
            52.350113
          ],
          [
            4.807361,
            52.35009
          ],
          [
            4.807264,
            52.350071
          ],
          [
            4.807167,
            52.350052
          ],
          [
            4.807071,
            52.350029
          ],
          [
            4.806994,
            52.350014
          ],
          [
            4.806879,
            52.349991
          ],
          [
            4.806813,
            52.349976
          ],
          [
            4.806736,
            52.349957
          ],
          [
            4.806666,
            52.349937
          ],
          [
            4.806573,
            52.349915
          ],
          [
            4.806492,
            52.349896
          ],
          [
            4.806401,
            52.349876
          ],
          [
            4.806307,
            52.349857
          ],
          [
            4.806252,
            52.349842
          ],
          [
            4.806125,
            52.349815
          ],
          [
            4.806029,
            52.3498
          ],
          [
            4.805932,
            52.349777
          ],
          [
            4.805836,
            52.349758
          ],
          [
            4.805767,
            52.349743
          ],
          [
            4.805651,
            52.34972
          ],
          [
            4.805558,
            52.349701
          ],
          [
            4.80546,
            52.349682
          ],
          [
            4.80536,
            52.349663
          ],
          [
            4.805289,
            52.349647
          ],
          [
            4.805168,
            52.349625
          ],
          [
            4.805071,
            52.349602
          ],
          [
            4.80498,
            52.349583
          ],
          [
            4.804895,
            52.349564
          ],
          [
            4.804831,
            52.349548
          ],
          [
            4.804706,
            52.349522
          ],
          [
            4.804605,
            52.349499
          ],
          [
            4.80451,
            52.349476
          ],
          [
            4.804418,
            52.349457
          ],
          [
            4.804344,
            52.349442
          ],
          [
            4.804222,
            52.349415
          ],
          [
            4.80412,
            52.3494
          ],
          [
            4.804024,
            52.349381
          ],
          [
            4.803936,
            52.349365
          ],
          [
            4.803839,
            52.34935
          ],
          [
            4.803743,
            52.349335
          ],
          [
            4.803648,
            52.349319
          ],
          [
            4.803555,
            52.349297
          ],
          [
            4.803429,
            52.349274
          ],
          [
            4.803301,
            52.349251
          ],
          [
            4.803172,
            52.349228
          ],
          [
            4.803058,
            52.349205
          ],
          [
            4.802965,
            52.349186
          ],
          [
            4.802866,
            52.349167
          ],
          [
            4.80279,
            52.349148
          ],
          [
            4.802671,
            52.349125
          ],
          [
            4.802571,
            52.34911
          ],
          [
            4.802474,
            52.349091
          ],
          [
            4.802381,
            52.349068
          ],
          [
            4.802311,
            52.349056
          ],
          [
            4.802186,
            52.349033
          ],
          [
            4.802086,
            52.349014
          ],
          [
            4.80199,
            52.348995
          ],
          [
            4.801904,
            52.348976
          ],
          [
            4.801798,
            52.348957
          ],
          [
            4.801706,
            52.348934
          ],
          [
            4.801614,
            52.348919
          ],
          [
            4.801515,
            52.3489
          ],
          [
            4.801435,
            52.348881
          ],
          [
            4.80132,
            52.348854
          ],
          [
            4.801224,
            52.348831
          ],
          [
            4.801132,
            52.348816
          ],
          [
            4.80103,
            52.348801
          ],
          [
            4.80095,
            52.348782
          ],
          [
            4.800837,
            52.348763
          ],
          [
            4.800741,
            52.348743
          ],
          [
            4.800649,
            52.348724
          ],
          [
            4.800549,
            52.348702
          ],
          [
            4.800463,
            52.348682
          ],
          [
            4.800355,
            52.34866
          ],
          [
            4.800263,
            52.348637
          ],
          [
            4.800175,
            52.348606
          ],
          [
            4.800086,
            52.348583
          ],
          [
            4.799997,
            52.348553
          ],
          [
            4.799905,
            52.348526
          ],
          [
            4.799817,
            52.348499
          ],
          [
            4.799728,
            52.348469
          ],
          [
            4.799644,
            52.348434
          ],
          [
            4.799559,
            52.348404
          ],
          [
            4.799466,
            52.348366
          ],
          [
            4.799377,
            52.348331
          ],
          [
            4.799289,
            52.348305
          ],
          [
            4.799206,
            52.34827
          ],
          [
            4.799119,
            52.34824
          ],
          [
            4.799033,
            52.348206
          ],
          [
            4.798951,
            52.348175
          ],
          [
            4.798875,
            52.348141
          ],
          [
            4.798799,
            52.348103
          ],
          [
            4.798718,
            52.348064
          ],
          [
            4.798639,
            52.34803
          ],
          [
            4.79856,
            52.347996
          ],
          [
            4.798487,
            52.347954
          ],
          [
            4.798405,
            52.347916
          ],
          [
            4.798327,
            52.3479
          ],
          [
            4.798207,
            52.3479
          ],
          [
            4.798109,
            52.347889
          ],
          [
            4.798017,
            52.34787
          ],
          [
            4.797934,
            52.347839
          ],
          [
            4.797872,
            52.347809
          ],
          [
            4.797826,
            52.347767
          ],
          [
            4.797796,
            52.347717
          ],
          [
            4.797781,
            52.347664
          ],
          [
            4.797781,
            52.347679
          ],
          [
            4.797731,
            52.347565
          ],
          [
            4.797675,
            52.347511
          ],
          [
            4.79761,
            52.347469
          ],
          [
            4.797544,
            52.347427
          ],
          [
            4.797485,
            52.347382
          ],
          [
            4.797416,
            52.347336
          ],
          [
            4.797349,
            52.347286
          ],
          [
            4.797284,
            52.34724
          ],
          [
            4.797222,
            52.347191
          ],
          [
            4.797162,
            52.347145
          ],
          [
            4.797097,
            52.347099
          ],
          [
            4.797033,
            52.34705
          ],
          [
            4.796978,
            52.347004
          ],
          [
            4.796922,
            52.346954
          ],
          [
            4.796864,
            52.346905
          ],
          [
            4.79681,
            52.346851
          ],
          [
            4.796761,
            52.346802
          ],
          [
            4.796707,
            52.346748
          ],
          [
            4.796654,
            52.346695
          ],
          [
            4.796602,
            52.346642
          ],
          [
            4.796555,
            52.346588
          ],
          [
            4.796512,
            52.346539
          ],
          [
            4.796471,
            52.346481
          ],
          [
            4.796425,
            52.346424
          ],
          [
            4.796378,
            52.346367
          ],
          [
            4.796333,
            52.34631
          ],
          [
            4.796291,
            52.346256
          ],
          [
            4.796252,
            52.346207
          ],
          [
            4.796219,
            52.346146
          ],
          [
            4.796189,
            52.346085
          ],
          [
            4.796156,
            52.346024
          ],
          [
            4.796121,
            52.345966
          ],
          [
            4.796085,
            52.345909
          ],
          [
            4.796051,
            52.345856
          ],
          [
            4.79601,
            52.345799
          ],
          [
            4.795978,
            52.345741
          ],
          [
            4.795944,
            52.345684
          ],
          [
            4.795908,
            52.345627
          ],
          [
            4.795877,
            52.34557
          ],
          [
            4.795838,
            52.345512
          ],
          [
            4.795803,
            52.345451
          ],
          [
            4.795769,
            52.345394
          ],
          [
            4.795731,
            52.345337
          ],
          [
            4.795697,
            52.34528
          ],
          [
            4.795664,
            52.345223
          ],
          [
            4.795625,
            52.345161
          ],
          [
            4.795589,
            52.345104
          ],
          [
            4.795555,
            52.345047
          ],
          [
            4.795516,
            52.344994
          ],
          [
            4.795478,
            52.344936
          ],
          [
            4.795441,
            52.344883
          ],
          [
            4.795401,
            52.344822
          ],
          [
            4.795365,
            52.344761
          ],
          [
            4.795339,
            52.344704
          ],
          [
            4.795317,
            52.34465
          ],
          [
            4.795299,
            52.344585
          ],
          [
            4.795293,
            52.344524
          ],
          [
            4.795289,
            52.344463
          ],
          [
            4.795283,
            52.344406
          ],
          [
            4.795281,
            52.344349
          ],
          [
            4.79527,
            52.34428
          ],
          [
            4.795245,
            52.344215
          ],
          [
            4.795216,
            52.344158
          ],
          [
            4.795183,
            52.344109
          ],
          [
            4.795148,
            52.344055
          ],
          [
            4.79511,
            52.343994
          ],
          [
            4.795071,
            52.343933
          ],
          [
            4.795048,
            52.343864
          ],
          [
            4.795016,
            52.343803
          ],
          [
            4.794988,
            52.343739
          ],
          [
            4.79495,
            52.343685
          ],
          [
            4.794913,
            52.343624
          ],
          [
            4.794874,
            52.343567
          ],
          [
            4.794831,
            52.34351
          ],
          [
            4.794794,
            52.343452
          ],
          [
            4.794757,
            52.343399
          ],
          [
            4.794719,
            52.343342
          ],
          [
            4.794682,
            52.343288
          ],
          [
            4.794641,
            52.343235
          ],
          [
            4.794599,
            52.343178
          ],
          [
            4.794558,
            52.343121
          ],
          [
            4.794518,
            52.343067
          ],
          [
            4.794479,
            52.34301
          ],
          [
            4.794446,
            52.342953
          ],
          [
            4.794405,
            52.342892
          ],
          [
            4.794361,
            52.342835
          ],
          [
            4.794318,
            52.342777
          ],
          [
            4.794279,
            52.342724
          ],
          [
            4.79424,
            52.342667
          ],
          [
            4.794198,
            52.342606
          ],
          [
            4.79416,
            52.342552
          ],
          [
            4.794121,
            52.342495
          ],
          [
            4.794077,
            52.342438
          ],
          [
            4.794031,
            52.342381
          ],
          [
            4.793982,
            52.342323
          ],
          [
            4.793931,
            52.34227
          ],
          [
            4.793875,
            52.342224
          ],
          [
            4.793819,
            52.342175
          ],
          [
            4.793757,
            52.342125
          ],
          [
            4.793688,
            52.342079
          ],
          [
            4.793619,
            52.34203
          ],
          [
            4.793546,
            52.341988
          ],
          [
            4.79347,
            52.341946
          ],
          [
            4.793395,
            52.341907
          ],
          [
            4.793323,
            52.341869
          ],
          [
            4.793244,
            52.341835
          ],
          [
            4.793173,
            52.341797
          ],
          [
            4.793103,
            52.341759
          ],
          [
            4.793046,
            52.341728
          ],
          [
            4.792982,
            52.34169
          ],
          [
            4.792919,
            52.341652
          ],
          [
            4.792857,
            52.341602
          ],
          [
            4.792807,
            52.341553
          ],
          [
            4.792764,
            52.341503
          ],
          [
            4.792725,
            52.34145
          ],
          [
            4.792684,
            52.341396
          ],
          [
            4.792642,
            52.341347
          ],
          [
            4.792596,
            52.341293
          ],
          [
            4.792551,
            52.341236
          ],
          [
            4.792508,
            52.341175
          ],
          [
            4.792469,
            52.341122
          ],
          [
            4.792427,
            52.341061
          ],
          [
            4.792388,
            52.341003
          ],
          [
            4.792351,
            52.34095
          ],
          [
            4.792312,
            52.340897
          ],
          [
            4.79227,
            52.340855
          ],
          [
            4.792223,
            52.340816
          ],
          [
            4.792164,
            52.340778
          ],
          [
            4.792108,
            52.340752
          ],
          [
            4.792056,
            52.340725
          ],
          [
            4.791996,
            52.340698
          ],
          [
            4.791939,
            52.340675
          ],
          [
            4.79188,
            52.340652
          ],
          [
            4.791818,
            52.340645
          ],
          [
            4.791748,
            52.340656
          ],
          [
            4.791746,
            52.340664
          ],
          [
            4.791656,
            52.340733
          ],
          [
            4.791603,
            52.340771
          ],
          [
            4.791543,
            52.340813
          ],
          [
            4.791491,
            52.340862
          ],
          [
            4.791441,
            52.340908
          ],
          [
            4.791389,
            52.34095
          ],
          [
            4.791335,
            52.341003
          ],
          [
            4.791279,
            52.341057
          ],
          [
            4.791228,
            52.341106
          ],
          [
            4.791182,
            52.341164
          ],
          [
            4.791126,
            52.341213
          ],
          [
            4.791059,
            52.341259
          ],
          [
            4.790979,
            52.341301
          ],
          [
            4.790893,
            52.341343
          ],
          [
            4.790816,
            52.341385
          ],
          [
            4.790745,
            52.341427
          ],
          [
            4.790664,
            52.341469
          ],
          [
            4.790583,
            52.341511
          ],
          [
            4.790504,
            52.341553
          ],
          [
            4.79043,
            52.341595
          ],
          [
            4.79035,
            52.341629
          ],
          [
            4.790269,
            52.341671
          ],
          [
            4.790183,
            52.341709
          ],
          [
            4.790101,
            52.341743
          ],
          [
            4.790017,
            52.341782
          ],
          [
            4.789937,
            52.341812
          ],
          [
            4.789849,
            52.341846
          ],
          [
            4.78976,
            52.341881
          ],
          [
            4.789675,
            52.341915
          ],
          [
            4.78959,
            52.341949
          ],
          [
            4.789506,
            52.34198
          ],
          [
            4.789417,
            52.342014
          ],
          [
            4.789329,
            52.342049
          ],
          [
            4.789245,
            52.342087
          ],
          [
            4.789162,
            52.342121
          ],
          [
            4.789078,
            52.342155
          ],
          [
            4.789001,
            52.34219
          ],
          [
            4.788915,
            52.342228
          ],
          [
            4.78883,
            52.342262
          ],
          [
            4.788745,
            52.342297
          ],
          [
            4.788659,
            52.342331
          ],
          [
            4.788578,
            52.342361
          ],
          [
            4.78849,
            52.3424
          ],
          [
            4.788404,
            52.342434
          ],
          [
            4.78832,
            52.342468
          ],
          [
            4.788243,
            52.342506
          ],
          [
            4.788161,
            52.342537
          ],
          [
            4.788072,
            52.342571
          ],
          [
            4.787991,
            52.342609
          ],
          [
            4.787909,
            52.342644
          ],
          [
            4.787825,
            52.342678
          ],
          [
            4.787743,
            52.342712
          ],
          [
            4.787661,
            52.342751
          ],
          [
            4.787639,
            52.342754
          ],
          [
            4.787491,
            52.342815
          ],
          [
            4.787412,
            52.342846
          ],
          [
            4.787329,
            52.342884
          ],
          [
            4.787247,
            52.342918
          ],
          [
            4.787158,
            52.342953
          ],
          [
            4.787114,
            52.342968
          ],
          [
            4.786985,
            52.343018
          ],
          [
            4.786908,
            52.343048
          ],
          [
            4.786829,
            52.343079
          ],
          [
            4.786752,
            52.343098
          ],
          [
            4.786755,
            52.343094
          ],
          [
            4.786758,
            52.343094
          ],
          [
            4.786522,
            52.34306
          ],
          [
            4.786449,
            52.343025
          ],
          [
            4.78638,
            52.342991
          ],
          [
            4.786298,
            52.342941
          ],
          [
            4.786225,
            52.342892
          ],
          [
            4.786157,
            52.342842
          ],
          [
            4.786083,
            52.342793
          ],
          [
            4.786014,
            52.342743
          ],
          [
            4.785954,
            52.342705
          ],
          [
            4.785856,
            52.342644
          ],
          [
            4.785781,
            52.342594
          ],
          [
            4.785709,
            52.342545
          ],
          [
            4.785641,
            52.342495
          ],
          [
            4.785573,
            52.342445
          ],
          [
            4.785508,
            52.342396
          ],
          [
            4.785443,
            52.342354
          ],
          [
            4.785376,
            52.342312
          ],
          [
            4.785328,
            52.342281
          ],
          [
            4.785219,
            52.342213
          ],
          [
            4.78515,
            52.342163
          ],
          [
            4.785081,
            52.342121
          ],
          [
            4.785013,
            52.342075
          ],
          [
            4.78497,
            52.342045
          ],
          [
            4.784876,
            52.34198
          ],
          [
            4.784812,
            52.341934
          ],
          [
            4.784748,
            52.341885
          ],
          [
            4.784679,
            52.341839
          ],
          [
            4.784612,
            52.341793
          ],
          [
            4.784576,
            52.341766
          ],
          [
            4.784478,
            52.341698
          ],
          [
            4.78441,
            52.341652
          ],
          [
            4.78434,
            52.341606
          ],
          [
            4.78427,
            52.341557
          ],
          [
            4.784205,
            52.341515
          ],
          [
            4.78414,
            52.341461
          ],
          [
            4.784075,
            52.341415
          ],
          [
            4.78401,
            52.34137
          ],
          [
            4.783941,
            52.34132
          ],
          [
            4.783875,
            52.341282
          ],
          [
            4.783807,
            52.341232
          ],
          [
            4.78374,
            52.341187
          ],
          [
            4.783673,
            52.341141
          ],
          [
            4.783609,
            52.341095
          ],
          [
            4.783554,
            52.341049
          ],
          [
            4.783477,
            52.341019
          ],
          [
            4.783392,
            52.341007
          ],
          [
            4.783388,
            52.341011
          ],
          [
            4.783274,
            52.341034
          ],
          [
            4.783195,
            52.341057
          ],
          [
            4.783099,
            52.341114
          ],
          [
            4.783036,
            52.341152
          ],
          [
            4.782976,
            52.341194
          ],
          [
            4.782912,
            52.341232
          ],
          [
            4.782838,
            52.341267
          ],
          [
            4.782763,
            52.341293
          ],
          [
            4.782686,
            52.341324
          ],
          [
            4.782614,
            52.341354
          ],
          [
            4.782549,
            52.341392
          ],
          [
            4.782484,
            52.341423
          ],
          [
            4.782417,
            52.341446
          ],
          [
            4.782351,
            52.34148
          ],
          [
            4.78229,
            52.341511
          ],
          [
            4.782226,
            52.341545
          ],
          [
            4.782168,
            52.341579
          ],
          [
            4.782106,
            52.341614
          ],
          [
            4.782053,
            52.341656
          ],
          [
            4.781996,
            52.341682
          ],
          [
            4.78194,
            52.341717
          ],
          [
            4.781882,
            52.341755
          ],
          [
            4.781818,
            52.341789
          ],
          [
            4.781775,
            52.341793
          ],
          [
            4.781749,
            52.341793
          ],
          [
            4.781599,
            52.34177
          ],
          [
            4.781533,
            52.34174
          ],
          [
            4.781474,
            52.341698
          ],
          [
            4.781423,
            52.341656
          ],
          [
            4.781369,
            52.341614
          ],
          [
            4.781309,
            52.341568
          ],
          [
            4.781241,
            52.341526
          ],
          [
            4.781179,
            52.341488
          ],
          [
            4.781115,
            52.341446
          ],
          [
            4.781051,
            52.3414
          ],
          [
            4.780987,
            52.341354
          ],
          [
            4.780921,
            52.341309
          ],
          [
            4.780858,
            52.341267
          ],
          [
            4.780787,
            52.341221
          ],
          [
            4.780718,
            52.341175
          ],
          [
            4.780654,
            52.341129
          ],
          [
            4.780587,
            52.341084
          ],
          [
            4.780526,
            52.341038
          ],
          [
            4.780477,
            52.340992
          ],
          [
            4.780468,
            52.340965
          ],
          [
            4.780474,
            52.340969
          ],
          [
            4.780512,
            52.340843
          ],
          [
            4.780549,
            52.34079
          ],
          [
            4.780541,
            52.340771
          ],
          [
            4.780534,
            52.340683
          ],
          [
            4.780497,
            52.340633
          ],
          [
            4.780441,
            52.340591
          ],
          [
            4.780379,
            52.340542
          ],
          [
            4.780321,
            52.340496
          ],
          [
            4.780266,
            52.34045
          ],
          [
            4.780213,
            52.340405
          ],
          [
            4.780159,
            52.340359
          ],
          [
            4.780101,
            52.340313
          ],
          [
            4.780047,
            52.340267
          ],
          [
            4.779986,
            52.340225
          ],
          [
            4.779931,
            52.340179
          ],
          [
            4.779875,
            52.340134
          ],
          [
            4.77982,
            52.340092
          ],
          [
            4.779768,
            52.340042
          ],
          [
            4.779713,
            52.339989
          ],
          [
            4.779657,
            52.339947
          ],
          [
            4.779603,
            52.339897
          ],
          [
            4.77955,
            52.339848
          ],
          [
            4.779499,
            52.339798
          ],
          [
            4.779447,
            52.339752
          ],
          [
            4.779393,
            52.33971
          ],
          [
            4.779332,
            52.339664
          ],
          [
            4.779285,
            52.339622
          ],
          [
            4.779245,
            52.339584
          ],
          [
            4.779202,
            52.339546
          ],
          [
            4.77917,
            52.339512
          ],
          [
            4.779133,
            52.339489
          ],
          [
            4.779102,
            52.339466
          ],
          [
            4.779075,
            52.339439
          ],
          [
            4.779054,
            52.33942
          ],
          [
            4.779036,
            52.339394
          ],
          [
            4.779018,
            52.339375
          ],
          [
            4.778995,
            52.339359
          ],
          [
            4.778959,
            52.339359
          ],
          [
            4.778959,
            52.339359
          ],
          [
            4.778912,
            52.339386
          ],
          [
            4.778931,
            52.339401
          ],
          [
            4.778945,
            52.339424
          ],
          [
            4.778965,
            52.339439
          ],
          [
            4.778978,
            52.339451
          ],
          [
            4.779015,
            52.339474
          ],
          [
            4.779036,
            52.339489
          ],
          [
            4.779032,
            52.339493
          ],
          [
            4.779032,
            52.339493
          ],
          [
            4.779032,
            52.339493
          ],
          [
            4.779032,
            52.339493
          ],
          [
            4.779155,
            52.339443
          ],
          [
            4.779155,
            52.339443
          ],
          [
            4.779155,
            52.339443
          ],
          [
            4.779155,
            52.339443
          ]
        ]
      }
    }
  ]
}