{
  "type": "FeatureCollection",
  "features": [
    {
      "type": "Feature",
      "properties": {
        "id": "badhoevedorp-to-amsterdam-ride-a8609200-8366-11f1-8ad1-a40dbc8fa83a",
        "title": "Badhoevedorp to Amsterdam ride",
        "source": "Badhoevedorp to Amsterdam ride-a8609200-8366-11f1-8ad1-a40dbc8fa83a.fit"
      },
      "geometry": {
        "type": "LineString",
        "coordinates": [
          [
            4.77911,
            52.33955
          ],
          [
            4.779115,
            52.339539
          ],
          [
            4.77914,
            52.339512
          ],
          [
            4.77917,
            52.339516
          ],
          [
            4.779161,
            52.339542
          ],
          [
            4.779177,
            52.339569
          ],
          [
            4.779198,
            52.3396
          ],
          [
            4.779232,
            52.339634
          ],
          [
            4.779273,
            52.339668
          ],
          [
            4.77932,
            52.339703
          ],
          [
            4.779365,
            52.339733
          ],
          [
            4.779408,
            52.339737
          ],
          [
            4.779498,
            52.339775
          ],
          [
            4.779558,
            52.339809
          ],
          [
            4.779601,
            52.339867
          ],
          [
            4.779661,
            52.339897
          ],
          [
            4.779729,
            52.339951
          ],
          [
            4.779781,
            52.339996
          ],
          [
            4.779845,
            52.340042
          ],
          [
            4.779902,
            52.340092
          ],
          [
            4.779968,
            52.340141
          ],
          [
            4.780028,
            52.340191
          ],
          [
            4.780087,
            52.340244
          ],
          [
            4.780147,
            52.340294
          ],
          [
            4.780203,
            52.340351
          ],
          [
            4.780265,
            52.340405
          ],
          [
            4.780318,
            52.340454
          ],
          [
            4.780377,
            52.3405
          ],
          [
            4.78043,
            52.340549
          ],
          [
            4.780486,
            52.340599
          ],
          [
            4.780544,
            52.340649
          ],
          [
            4.780614,
            52.340694
          ],
          [
            4.780702,
            52.340729
          ],
          [
            4.780686,
            52.340717
          ],
          [
            4.780806,
            52.340687
          ],
          [
            4.780975,
            52.340618
          ],
          [
            4.781053,
            52.340576
          ],
          [
            4.781135,
            52.340534
          ],
          [
            4.781207,
            52.340496
          ],
          [
            4.781291,
            52.340458
          ],
          [
            4.781371,
            52.34042
          ],
          [
            4.781446,
            52.340378
          ],
          [
            4.781524,
            52.34034
          ],
          [
            4.781607,
            52.340301
          ],
          [
            4.781685,
            52.34026
          ],
          [
            4.781762,
            52.340221
          ],
          [
            4.781834,
            52.340187
          ],
          [
            4.781905,
            52.340149
          ],
          [
            4.78197,
            52.340111
          ],
          [
            4.78203,
            52.340092
          ],
          [
            4.782077,
            52.340069
          ],
          [
            4.782122,
            52.340065
          ],
          [
            4.782127,
            52.340069
          ],
          [
            4.782278,
            52.340099
          ],
          [
            4.78234,
            52.34013
          ],
          [
            4.7824,
            52.340172
          ],
          [
            4.782469,
            52.340214
          ],
          [
            4.782529,
            52.340263
          ],
          [
            4.782597,
            52.340305
          ],
          [
            4.782667,
            52.340351
          ],
          [
            4.782734,
            52.340401
          ],
          [
            4.782795,
            52.340447
          ],
          [
            4.782864,
            52.340492
          ],
          [
            4.782934,
            52.340538
          ],
          [
            4.783,
            52.340588
          ],
          [
            4.783066,
            52.340633
          ],
          [
            4.783131,
            52.340679
          ],
          [
            4.783195,
            52.340725
          ],
          [
            4.783262,
            52.340771
          ],
          [
            4.783326,
            52.340816
          ],
          [
            4.783396,
            52.340866
          ],
          [
            4.78346,
            52.340912
          ],
          [
            4.783528,
            52.340958
          ],
          [
            4.783597,
            52.341007
          ],
          [
            4.783664,
            52.341053
          ],
          [
            4.783731,
            52.341095
          ],
          [
            4.783793,
            52.341141
          ],
          [
            4.783854,
            52.341187
          ],
          [
            4.783915,
            52.341232
          ],
          [
            4.783984,
            52.341274
          ],
          [
            4.784054,
            52.341324
          ],
          [
            4.784121,
            52.341373
          ],
          [
            4.784194,
            52.341415
          ],
          [
            4.784255,
            52.341461
          ],
          [
            4.784317,
            52.341507
          ],
          [
            4.784384,
            52.341557
          ],
          [
            4.784452,
            52.341602
          ],
          [
            4.784526,
            52.341648
          ],
          [
            4.784588,
            52.341698
          ],
          [
            4.784653,
            52.34174
          ],
          [
            4.784718,
            52.341789
          ],
          [
            4.784785,
            52.341835
          ],
          [
            4.784855,
            52.341881
          ],
          [
            4.78493,
            52.341927
          ],
          [
            4.784991,
            52.341976
          ],
          [
            4.785056,
            52.342022
          ],
          [
            4.785125,
            52.342068
          ],
          [
            4.78519,
            52.342113
          ],
          [
            4.785256,
            52.342159
          ],
          [
            4.785324,
            52.342209
          ],
          [
            4.785392,
            52.342255
          ],
          [
            4.785452,
            52.342297
          ],
          [
            4.785521,
            52.342342
          ],
          [
            4.785587,
            52.342388
          ],
          [
            4.785651,
            52.342438
          ],
          [
            4.785713,
            52.34248
          ],
          [
            4.785781,
            52.342525
          ],
          [
            4.785849,
            52.342571
          ],
          [
            4.785919,
            52.342621
          ],
          [
            4.785983,
            52.342663
          ],
          [
            4.78605,
            52.342712
          ],
          [
            4.786116,
            52.342758
          ],
          [
            4.786181,
            52.342804
          ],
          [
            4.786247,
            52.34285
          ],
          [
            4.786309,
            52.342896
          ],
          [
            4.786373,
            52.342934
          ],
          [
            4.786438,
            52.342976
          ],
          [
            4.786501,
            52.343014
          ],
          [
            4.786567,
            52.343048
          ],
          [
            4.786641,
            52.343067
          ],
          [
            4.786617,
            52.34306
          ],
          [
            4.786818,
            52.343052
          ],
          [
            4.786902,
            52.343025
          ],
          [
            4.786984,
            52.342991
          ],
          [
            4.787069,
            52.342957
          ],
          [
            4.787152,
            52.342922
          ],
          [
            4.787242,
            52.342884
          ],
          [
            4.787331,
            52.34285
          ],
          [
            4.787416,
            52.342815
          ],
          [
            4.787504,
            52.342777
          ],
          [
            4.787591,
            52.342743
          ],
          [
            4.787673,
            52.342709
          ],
          [
            4.787755,
            52.342674
          ],
          [
            4.787843,
            52.34264
          ],
          [
            4.78793,
            52.342606
          ],
          [
            4.788015,
            52.342571
          ],
          [
            4.7881,
            52.342537
          ],
          [
            4.788182,
            52.342503
          ],
          [
            4.78827,
            52.342468
          ],
          [
            4.788356,
            52.342434
          ],
          [
            4.788441,
            52.3424
          ],
          [
            4.788522,
            52.342365
          ],
          [
            4.788601,
            52.342327
          ],
          [
            4.788687,
            52.342293
          ],
          [
            4.788772,
            52.342262
          ],
          [
            4.788864,
            52.342224
          ],
          [
            4.788946,
            52.34219
          ],
          [
            4.789026,
            52.342155
          ],
          [
            4.789109,
            52.342117
          ],
          [
            4.789193,
            52.342083
          ],
          [
            4.789281,
            52.342049
          ],
          [
            4.789361,
            52.342014
          ],
          [
            4.789447,
            52.34198
          ],
          [
            4.789532,
            52.341942
          ],
          [
            4.789616,
            52.341907
          ],
          [
            4.789705,
            52.341873
          ],
          [
            4.789788,
            52.341839
          ],
          [
            4.789873,
            52.341805
          ],
          [
            4.789959,
            52.34177
          ],
          [
            4.790038,
            52.341732
          ],
          [
            4.79012,
            52.341698
          ],
          [
            4.790206,
            52.34166
          ],
          [
            4.790286,
            52.341621
          ],
          [
            4.790365,
            52.341583
          ],
          [
            4.790443,
            52.341545
          ],
          [
            4.790518,
            52.341507
          ],
          [
            4.790598,
            52.341465
          ],
          [
            4.790666,
            52.341419
          ],
          [
            4.790731,
            52.341373
          ],
          [
            4.790798,
            52.341331
          ],
          [
            4.790862,
            52.34129
          ],
          [
            4.790914,
            52.341248
          ],
          [
            4.790944,
            52.341209
          ],
          [
            4.790943,
            52.341175
          ],
          [
            4.790941,
            52.341171
          ],
          [
            4.790933,
            52.341156
          ],
          [
            4.790923,
            52.341129
          ],
          [
            4.790916,
            52.341103
          ],
          [
            4.790924,
            52.34108
          ],
          [
            4.790924,
            52.34108
          ],
          [
            4.790924,
            52.34108
          ],
          [
            4.790924,
            52.34108
          ],
          [
            4.790924,
            52.34108
          ],
          [
            4.790924,
            52.34108
          ],
          [
            4.790924,
            52.34108
          ],
          [
            4.790924,
            52.34108
          ],
          [
            4.790953,
            52.341045
          ],
          [
            4.790966,
            52.34103
          ],
          [
            4.790989,
            52.341007
          ],
          [
            4.791008,
            52.340973
          ],
          [
            4.79101,
            52.340969
          ],
          [
            4.791077,
            52.340927
          ],
          [
            4.791144,
            52.3409
          ],
          [
            4.791241,
            52.340862
          ],
          [
            4.791306,
            52.340824
          ],
          [
            4.791366,
            52.340782
          ],
          [
            4.791418,
            52.340733
          ],
          [
            4.791479,
            52.340683
          ],
          [
            4.791554,
            52.340645
          ],
          [
            4.791643,
            52.340614
          ],
          [
            4.791712,
            52.340607
          ],
          [
            4.791843,
            52.340603
          ],
          [
            4.791935,
            52.340622
          ],
          [
            4.792011,
            52.340656
          ],
          [
            4.792092,
            52.340687
          ],
          [
            4.79217,
            52.340729
          ],
          [
            4.792246,
            52.340771
          ],
          [
            4.792316,
            52.34082
          ],
          [
            4.792377,
            52.34087
          ],
          [
            4.792429,
            52.340923
          ],
          [
            4.792484,
            52.340981
          ],
          [
            4.792542,
            52.341038
          ],
          [
            4.7926,
            52.341091
          ],
          [
            4.792658,
            52.341148
          ],
          [
            4.792711,
            52.341202
          ],
          [
            4.792772,
            52.341259
          ],
          [
            4.792837,
            52.341309
          ],
          [
            4.792901,
            52.341358
          ],
          [
            4.792966,
            52.341404
          ],
          [
            4.793034,
            52.341454
          ],
          [
            4.793108,
            52.341503
          ],
          [
            4.793167,
            52.341534
          ],
          [
            4.793231,
            52.341568
          ],
          [
            4.793315,
            52.341614
          ],
          [
            4.7934,
            52.341656
          ],
          [
            4.793484,
            52.341694
          ],
          [
            4.793565,
            52.341732
          ],
          [
            4.793659,
            52.341778
          ],
          [
            4.793744,
            52.341824
          ],
          [
            4.793817,
            52.341866
          ],
          [
            4.793891,
            52.341915
          ],
          [
            4.793959,
            52.341969
          ],
          [
            4.794017,
            52.342014
          ],
          [
            4.794071,
            52.342068
          ],
          [
            4.794121,
            52.342121
          ],
          [
            4.794166,
            52.342175
          ],
          [
            4.794206,
            52.342232
          ],
          [
            4.794247,
            52.342293
          ],
          [
            4.794284,
            52.34235
          ],
          [
            4.794321,
            52.342403
          ],
          [
            4.794358,
            52.342464
          ],
          [
            4.794396,
            52.342518
          ],
          [
            4.794439,
            52.342579
          ],
          [
            4.794477,
            52.342632
          ],
          [
            4.794515,
            52.34269
          ],
          [
            4.794556,
            52.342747
          ],
          [
            4.794597,
            52.342808
          ],
          [
            4.794631,
            52.342857
          ],
          [
            4.794673,
            52.342915
          ],
          [
            4.794718,
            52.342972
          ],
          [
            4.794766,
            52.343029
          ],
          [
            4.794789,
            52.343063
          ],
          [
            4.794855,
            52.343151
          ],
          [
            4.794888,
            52.343204
          ],
          [
            4.794929,
            52.343266
          ],
          [
            4.794967,
            52.343323
          ],
          [
            4.795001,
            52.343372
          ],
          [
            4.795045,
            52.343437
          ],
          [
            4.795081,
            52.343491
          ],
          [
            4.795125,
            52.343559
          ],
          [
            4.795159,
            52.343613
          ],
          [
            4.79519,
            52.34367
          ],
          [
            4.795224,
            52.343727
          ],
          [
            4.795266,
            52.343788
          ],
          [
            4.795302,
            52.343845
          ],
          [
            4.795336,
            52.343895
          ],
          [
            4.795375,
            52.343956
          ],
          [
            4.795417,
            52.344021
          ],
          [
            4.795452,
            52.344078
          ],
          [
            4.795478,
            52.344135
          ],
          [
            4.795496,
            52.344185
          ],
          [
            4.795509,
            52.344246
          ],
          [
            4.795524,
            52.344315
          ],
          [
            4.795535,
            52.344379
          ],
          [
            4.795541,
            52.344444
          ],
          [
            4.795548,
            52.344505
          ],
          [
            4.795557,
            52.344563
          ],
          [
            4.795576,
            52.344616
          ],
          [
            4.795604,
            52.344685
          ],
          [
            4.795633,
            52.344746
          ],
          [
            4.79567,
            52.344807
          ],
          [
            4.795703,
            52.344864
          ],
          [
            4.795735,
            52.344917
          ],
          [
            4.795771,
            52.344974
          ],
          [
            4.79581,
            52.345036
          ],
          [
            4.795851,
            52.345097
          ],
          [
            4.795884,
            52.34515
          ],
          [
            4.795908,
            52.345207
          ],
          [
            4.795939,
            52.345264
          ],
          [
            4.795979,
            52.345325
          ],
          [
            4.796021,
            52.345383
          ],
          [
            4.796058,
            52.34544
          ],
          [
            4.796085,
            52.345489
          ],
          [
            4.796123,
            52.345558
          ],
          [
            4.796156,
            52.345619
          ],
          [
            4.79619,
            52.345676
          ],
          [
            4.796221,
            52.345734
          ],
          [
            4.796256,
            52.345791
          ],
          [
            4.796291,
            52.345848
          ],
          [
            4.796329,
            52.345909
          ],
          [
            4.796367,
            52.34597
          ],
          [
            4.796398,
            52.34602
          ],
          [
            4.796439,
            52.346085
          ],
          [
            4.796478,
            52.346146
          ],
          [
            4.796514,
            52.346199
          ],
          [
            4.796553,
            52.346252
          ],
          [
            4.796594,
            52.34631
          ],
          [
            4.796632,
            52.346363
          ],
          [
            4.796683,
            52.346428
          ],
          [
            4.796729,
            52.346485
          ],
          [
            4.796777,
            52.346539
          ],
          [
            4.796825,
            52.346592
          ],
          [
            4.796873,
            52.346645
          ],
          [
            4.796925,
            52.346699
          ],
          [
            4.79698,
            52.346756
          ],
          [
            4.797037,
            52.346809
          ],
          [
            4.797093,
            52.346859
          ],
          [
            4.79715,
            52.346909
          ],
          [
            4.797212,
            52.346958
          ],
          [
            4.797282,
            52.347004
          ],
          [
            4.797352,
            52.34705
          ],
          [
            4.797421,
            52.347095
          ],
          [
            4.797492,
            52.347141
          ],
          [
            4.79756,
            52.347183
          ],
          [
            4.797622,
            52.347218
          ],
          [
            4.797685,
            52.347256
          ],
          [
            4.797748,
            52.347294
          ],
          [
            4.797825,
            52.347343
          ],
          [
            4.797905,
            52.347397
          ],
          [
            4.797949,
            52.347412
          ],
          [
            4.797995,
            52.347424
          ],
          [
            4.798089,
            52.347443
          ],
          [
            4.798179,
            52.347466
          ],
          [
            4.798265,
            52.347485
          ],
          [
            4.798346,
            52.347511
          ],
          [
            4.798415,
            52.347546
          ],
          [
            4.798462,
            52.34758
          ],
          [
            4.798502,
            52.347622
          ],
          [
            4.798534,
            52.347641
          ],
          [
            4.798623,
            52.347752
          ],
          [
            4.798669,
            52.347797
          ],
          [
            4.798733,
            52.347839
          ],
          [
            4.798803,
            52.347877
          ],
          [
            4.798881,
            52.347919
          ],
          [
            4.798956,
            52.347958
          ],
          [
            4.799035,
            52.348
          ],
          [
            4.799122,
            52.348042
          ],
          [
            4.799208,
            52.348084
          ],
          [
            4.799294,
            52.348122
          ],
          [
            4.799379,
            52.34816
          ],
          [
            4.799464,
            52.348198
          ],
          [
            4.799553,
            52.348232
          ],
          [
            4.799632,
            52.348259
          ],
          [
            4.799721,
            52.348293
          ],
          [
            4.799808,
            52.34832
          ],
          [
            4.799889,
            52.348347
          ],
          [
            4.799976,
            52.348373
          ],
          [
            4.80006,
            52.3484
          ],
          [
            4.800157,
            52.348427
          ],
          [
            4.800247,
            52.34845
          ],
          [
            4.800328,
            52.348469
          ],
          [
            4.80042,
            52.348492
          ],
          [
            4.800517,
            52.348515
          ],
          [
            4.800618,
            52.348541
          ],
          [
            4.800717,
            52.348564
          ],
          [
            4.800788,
            52.348579
          ],
          [
            4.800904,
            52.348602
          ],
          [
            4.801014,
            52.348625
          ],
          [
            4.801109,
            52.348644
          ],
          [
            4.801216,
            52.348671
          ],
          [
            4.801309,
            52.34869
          ],
          [
            4.801417,
            52.348717
          ],
          [
            4.80152,
            52.34874
          ],
          [
            4.801593,
            52.348751
          ],
          [
            4.801676,
            52.348766
          ],
          [
            4.801713,
            52.34877
          ],
          [
            4.801854,
            52.348793
          ],
          [
            4.801966,
            52.348816
          ],
          [
            4.802064,
            52.348835
          ],
          [
            4.802157,
            52.348854
          ],
          [
            4.802224,
            52.348866
          ],
          [
            4.802332,
            52.348885
          ],
          [
            4.802435,
            52.348907
          ],
          [
            4.802525,
            52.348923
          ],
          [
            4.80259,
            52.348938
          ],
          [
            4.802668,
            52.348949
          ],
          [
            4.802819,
            52.34898
          ],
          [
            4.802924,
            52.349003
          ],
          [
            4.803023,
            52.349022
          ],
          [
            4.803112,
            52.349041
          ],
          [
            4.803159,
            52.349052
          ],
          [
            4.803293,
            52.349079
          ],
          [
            4.803403,
            52.349098
          ],
          [
            4.803514,
            52.349125
          ],
          [
            4.803618,
            52.349148
          ],
          [
            4.803679,
            52.349159
          ],
          [
            4.803787,
            52.349178
          ],
          [
            4.803869,
            52.349197
          ],
          [
            4.803944,
            52.349213
          ],
          [
            4.804,
            52.349228
          ],
          [
            4.804,
            52.349228
          ],
          [
            4.804,
            52.349228
          ],
          [
            4.804,
            52.349228
          ],
          [
            4.804114,
            52.349266
          ],
          [
            4.80414,
            52.349274
          ],
          [
            4.804177,
            52.349281
          ],
          [
            4.80422,
            52.349285
          ],
          [
            4.80425,
            52.349289
          ],
          [
            4.804341,
            52.349304
          ],
          [
            4.804422,
            52.349319
          ],
          [
            4.804508,
            52.349335
          ],
          [
            4.804585,
            52.34935
          ],
          [
            4.804697,
            52.349373
          ],
          [
            4.804793,
            52.349392
          ],
          [
            4.804886,
            52.349415
          ],
          [
            4.804966,
            52.34943
          ],
          [
            4.805033,
            52.349442
          ],
          [
            4.80514,
            52.349464
          ],
          [
            4.805246,
            52.349487
          ],
          [
            4.805339,
            52.349503
          ],
          [
            4.805428,
            52.349522
          ],
          [
            4.805462,
            52.349529
          ],
          [
            4.80561,
            52.34956
          ],
          [
            4.805716,
            52.349583
          ],
          [
            4.805806,
            52.349598
          ],
          [
            4.805888,
            52.349613
          ],
          [
            4.805927,
            52.349621
          ],
          [
            4.806065,
            52.349647
          ],
          [
            4.806171,
            52.349667
          ],
          [
            4.806263,
            52.349682
          ],
          [
            4.806353,
            52.349697
          ],
          [
            4.806427,
            52.349712
          ],
          [
            4.806537,
            52.349731
          ],
          [
            4.806634,
            52.349751
          ],
          [
            4.806736,
            52.349773
          ],
          [
            4.806838,
            52.349792
          ],
          [
            4.806893,
            52.349804
          ],
          [
            4.807028,
            52.349834
          ],
          [
            4.807137,
            52.349857
          ],
          [
            4.80723,
            52.349876
          ],
          [
            4.807309,
            52.349892
          ],
          [
            4.80736,
            52.349903
          ],
          [
            4.807484,
            52.349926
          ],
          [
            4.807593,
            52.349945
          ],
          [
            4.807694,
            52.349964
          ],
          [
            4.807792,
            52.349983
          ],
          [
            4.807858,
            52.349995
          ],
          [
            4.807984,
            52.350021
          ],
          [
            4.808093,
            52.350044
          ],
          [
            4.808176,
            52.35006
          ],
          [
            4.808266,
            52.350079
          ],
          [
            4.80835,
            52.350094
          ],
          [
            4.808467,
            52.350117
          ],
          [
            4.808555,
            52.350132
          ],
          [
            4.808646,
            52.350147
          ],
          [
            4.808744,
            52.350166
          ],
          [
            4.808816,
            52.350182
          ],
          [
            4.808871,
            52.350193
          ],
          [
            4.809057,
            52.350235
          ],
          [
            4.809168,
            52.350258
          ],
          [
            4.809268,
            52.350281
          ],
          [
            4.80937,
            52.350304
          ],
          [
            4.809432,
            52.350315
          ],
          [
            4.809557,
            52.350342
          ],
          [
            4.809666,
            52.350365
          ],
          [
            4.809779,
            52.350391
          ],
          [
            4.809874,
            52.35041
          ],
          [
            4.809923,
            52.350422
          ],
          [
            4.810056,
            52.350449
          ],
          [
            4.810167,
            52.350472
          ],
          [
            4.810266,
            52.350491
          ],
          [
            4.810357,
            52.35051
          ],
          [
            4.810432,
            52.350525
          ],
          [
            4.810543,
            52.350548
          ],
          [
            4.810656,
            52.350571
          ],
          [
            4.810757,
            52.35059
          ],
          [
            4.810789,
            52.350594
          ],
          [
            4.810952,
            52.350601
          ],
          [
            4.811053,
            52.350601
          ],
          [
            4.811137,
            52.350605
          ],
          [
            4.811227,
            52.350613
          ],
          [
            4.811321,
            52.350632
          ],
          [
            4.811396,
            52.350658
          ],
          [
            4.811449,
            52.350681
          ],
          [
            4.811611,
            52.350761
          ],
          [
            4.811675,
            52.35078
          ],
          [
            4.811756,
            52.350803
          ],
          [
            4.811843,
            52.350822
          ],
          [
            4.811882,
            52.35083
          ],
          [
            4.812029,
            52.350857
          ],
          [
            4.812141,
            52.35088
          ],
          [
            4.812244,
            52.350899
          ],
          [
            4.812337,
            52.350918
          ],
          [
            4.81238,
            52.350925
          ],
          [
            4.812514,
            52.350948
          ],
          [
            4.812618,
            52.350967
          ],
          [
            4.812717,
            52.350983
          ],
          [
            4.812809,
            52.350994
          ],
          [
            4.812878,
            52.351006
          ],
          [
            4.813011,
            52.351025
          ],
          [
            4.813117,
            52.35104
          ],
          [
            4.813224,
            52.351055
          ],
          [
            4.81332,
            52.351067
          ],
          [
            4.813387,
            52.351074
          ],
          [
            4.813619,
            52.351105
          ],
          [
            4.813722,
            52.351112
          ],
          [
            4.813825,
            52.351124
          ],
          [
            4.813923,
            52.351135
          ],
          [
            4.813986,
            52.351139
          ],
          [
            4.814128,
            52.351154
          ],
          [
            4.81423,
            52.351158
          ],
          [
            4.814327,
            52.351166
          ],
          [
            4.814435,
            52.351173
          ],
          [
            4.81453,
            52.351177
          ],
          [
            4.814584,
            52.351181
          ],
          [
            4.81473,
            52.351185
          ],
          [
            4.814835,
            52.351189
          ],
          [
            4.814938,
            52.351189
          ],
          [
            4.815035,
            52.351192
          ],
          [
            4.815116,
            52.351196
          ],
          [
            4.815237,
            52.351196
          ],
          [
            4.815337,
            52.3512
          ],
          [
            4.815442,
            52.3512
          ],
          [
            4.815535,
            52.351204
          ],
          [
            4.815599,
            52.351204
          ],
          [
            4.815732,
            52.3512
          ],
          [
            4.81585,
            52.3512
          ],
          [
            4.815933,
            52.3512
          ],
          [
            4.816044,
            52.351204
          ],
          [
            4.816165,
            52.351204
          ],
          [
            4.816243,
            52.351208
          ],
          [
            4.816356,
            52.351212
          ],
          [
            4.816473,
            52.351212
          ],
          [
            4.816544,
            52.351215
          ],
          [
            4.816583,
            52.351215
          ],
          [
            4.816698,
            52.351215
          ],
          [
            4.81683,
            52.351219
          ],
          [
            4.816906,
            52.351219
          ],
          [
            4.817009,
            52.351223
          ],
          [
            4.81712,
            52.351223
          ],
          [
            4.817231,
            52.351223
          ],
          [
            4.817289,
            52.351223
          ],
          [
            4.817432,
            52.351227
          ],
          [
            4.817518,
            52.351227
          ],
          [
            4.817647,
            52.351231
          ],
          [
            4.817737,
            52.351231
          ],
          [
            4.817831,
            52.351231
          ],
          [
            4.817954,
            52.351231
          ],
          [
            4.818061,
            52.351234
          ],
          [
            4.818163,
            52.351238
          ],
          [
            4.818251,
            52.351238
          ],
          [
            4.818301,
            52.351238
          ],
          [
            4.818432,
            52.351238
          ],
          [
            4.81857,
            52.351242
          ],
          [
            4.818677,
            52.351242
          ],
          [
            4.818772,
            52.351246
          ],
          [
            4.81882,
            52.351246
          ],
          [
            4.818971,
            52.351246
          ],
          [
            4.819079,
            52.35125
          ],
          [
            4.819184,
            52.35125
          ],
          [
            4.819278,
            52.35125
          ],
          [
            4.819357,
            52.35125
          ],
          [
            4.819482,
            52.351254
          ],
          [
            4.819579,
            52.351254
          ],
          [
            4.819743,
            52.351254
          ],
          [
            4.81984,
            52.351257
          ],
          [
            4.819901,
            52.351257
          ],
          [
            4.820049,
            52.351257
          ],
          [
            4.820151,
            52.351254
          ],
          [
            4.820251,
            52.351246
          ],
          [
            4.820349,
            52.351242
          ],
          [
            4.820415,
            52.351246
          ],
          [
            4.820475,
            52.35125
          ],
          [
            4.820584,
            52.351257
          ],
          [
            4.820689,
            52.351261
          ],
          [
            4.820758,
            52.351265
          ],
          [
            4.820888,
            52.351269
          ],
          [
            4.820985,
            52.351269
          ],
          [
            4.821076,
            52.351269
          ],
          [
            4.821187,
            52.351269
          ],
          [
            4.821269,
            52.351269
          ],
          [
            4.821347,
            52.351269
          ],
          [
            4.821486,
            52.351273
          ],
          [
            4.821605,
            52.351276
          ],
          [
            4.821698,
            52.351276
          ],
          [
            4.821799,
            52.351276
          ],
          [
            4.821851,
            52.351276
          ],
          [
            4.82199,
            52.351276
          ],
          [
            4.822094,
            52.351276
          ],
          [
            4.822201,
            52.35128
          ],
          [
            4.822307,
            52.35128
          ],
          [
            4.822391,
            52.35128
          ],
          [
            4.822423,
            52.351284
          ],
          [
            4.822572,
            52.351284
          ],
          [
            4.822708,
            52.351284
          ],
          [
            4.822765,
            52.35128
          ],
          [
            4.822889,
            52.351284
          ],
          [
            4.822925,
            52.351284
          ],
          [
            4.823066,
            52.351284
          ],
          [
            4.823156,
            52.351284
          ],
          [
            4.823255,
            52.351284
          ],
          [
            4.823346,
            52.351284
          ],
          [
            4.823411,
            52.351284
          ],
          [
            4.823557,
            52.351288
          ],
          [
            4.82367,
            52.351288
          ],
          [
            4.82378,
            52.351292
          ],
          [
            4.823879,
            52.351292
          ],
          [
            4.823977,
            52.351295
          ],
          [
            4.824095,
            52.351295
          ],
          [
            4.824199,
            52.351295
          ],
          [
            4.824317,
            52.351299
          ],
          [
            4.824409,
            52.351299
          ],
          [
            4.824427,
            52.351295
          ],
          [
            4.824467,
            52.351295
          ],
          [
            4.824616,
            52.351288
          ],
          [
            4.824714,
            52.351276
          ],
          [
            4.824805,
            52.351273
          ],
          [
            4.824858,
            52.351269
          ],
          [
            4.824994,
            52.351265
          ],
          [
            4.825099,
            52.351261
          ],
          [
            4.825221,
            52.351265
          ],
          [
            4.825282,
            52.351257
          ],
          [
            4.825422,
            52.351261
          ],
          [
            4.825445,
            52.351261
          ],
          [
            4.825624,
            52.351261
          ],
          [
            4.825761,
            52.351261
          ],
          [
            4.825863,
            52.351261
          ],
          [
            4.825951,
            52.351261
          ],
          [
            4.826007,
            52.351261
          ],
          [
            4.826158,
            52.351261
          ],
          [
            4.82625,
            52.351261
          ],
          [
            4.826344,
            52.351261
          ],
          [
            4.82648,
            52.351261
          ],
          [
            4.826594,
            52.351261
          ],
          [
            4.826709,
            52.351265
          ],
          [
            4.826811,
            52.351265
          ],
          [
            4.826909,
            52.351269
          ],
          [
            4.826987,
            52.351269
          ],
          [
            4.827006,
            52.351273
          ],
          [
            4.827082,
            52.351269
          ],
          [
            4.82724,
            52.351261
          ],
          [
            4.827383,
            52.351261
          ],
          [
            4.827552,
            52.351273
          ],
          [
            4.827704,
            52.351288
          ],
          [
            4.827812,
            52.351295
          ],
          [
            4.827862,
            52.351299
          ],
          [
            4.828011,
            52.351311
          ],
          [
            4.82813,
            52.351318
          ],
          [
            4.828179,
            52.351315
          ],
          [
            4.82832,
            52.351318
          ],
          [
            4.828419,
            52.351322
          ],
          [
            4.828508,
            52.351326
          ],
          [
            4.828682,
            52.35133
          ],
          [
            4.828781,
            52.35133
          ],
          [
            4.828865,
            52.35133
          ],
          [
            4.828982,
            52.351334
          ],
          [
            4.82899,
            52.351334
          ],
          [
            4.829155,
            52.351334
          ],
          [
            4.829266,
            52.351334
          ],
          [
            4.829367,
            52.35133
          ],
          [
            4.829458,
            52.35133
          ],
          [
            4.829485,
            52.35133
          ],
          [
            4.829639,
            52.35133
          ],
          [
            4.82975,
            52.35133
          ],
          [
            4.829861,
            52.35133
          ],
          [
            4.829997,
            52.351337
          ],
          [
            4.830072,
            52.351337
          ],
          [
            4.830164,
            52.351334
          ],
          [
            4.830262,
            52.351337
          ],
          [
            4.830298,
            52.351337
          ],
          [
            4.83042,
            52.351337
          ],
          [
            4.83056,
            52.351337
          ],
          [
            4.830672,
            52.351337
          ],
          [
            4.83077,
            52.351337
          ],
          [
            4.830879,
            52.351341
          ],
          [
            4.830986,
            52.351345
          ],
          [
            4.831039,
            52.351345
          ],
          [
            4.831192,
            52.351349
          ],
          [
            4.831296,
            52.351349
          ],
          [
            4.831401,
            52.351349
          ],
          [
            4.831501,
            52.351349
          ],
          [
            4.83164,
            52.351353
          ],
          [
            4.831724,
            52.351353
          ],
          [
            4.83186,
            52.351353
          ],
          [
            4.831966,
            52.351353
          ],
          [
            4.832079,
            52.351356
          ],
          [
            4.8322,
            52.35136
          ],
          [
            4.832251,
            52.35136
          ],
          [
            4.832398,
            52.351368
          ],
          [
            4.832517,
            52.351372
          ],
          [
            4.83257,
            52.351372
          ],
          [
            4.832687,
            52.351368
          ],
          [
            4.832802,
            52.351376
          ],
          [
            4.832962,
            52.351387
          ],
          [
            4.833062,
            52.351391
          ],
          [
            4.833163,
            52.351395
          ],
          [
            4.833266,
            52.351402
          ],
          [
            4.833374,
            52.351406
          ],
          [
            4.833445,
            52.35141
          ],
          [
            4.833563,
            52.35141
          ],
          [
            4.833683,
            52.351414
          ],
          [
            4.833787,
            52.351414
          ],
          [
            4.833879,
            52.351414
          ],
          [
            4.833973,
            52.351418
          ],
          [
            4.834085,
            52.351421
          ],
          [
            4.834181,
            52.351429
          ],
          [
            4.834283,
            52.351429
          ],
          [
            4.834322,
            52.351437
          ],
          [
            4.834465,
            52.351437
          ],
          [
            4.834607,
            52.351437
          ],
          [
            4.834705,
            52.351437
          ],
          [
            4.834806,
            52.351433
          ],
          [
            4.834901,
            52.351433
          ],
          [
            4.834972,
            52.351433
          ],
          [
            4.835122,
            52.351437
          ],
          [
            4.835196,
            52.35144
          ],
          [
            4.835337,
            52.35144
          ],
          [
            4.83544,
            52.351444
          ],
          [
            4.835544,
            52.351444
          ],
          [
            4.835648,
            52.351444
          ],
          [
            4.83571,
            52.351448
          ],
          [
            4.835844,
            52.351452
          ],
          [
            4.835943,
            52.351452
          ],
          [
            4.836049,
            52.351456
          ],
          [
            4.836129,
            52.351452
          ],
          [
            4.836224,
            52.351459
          ],
          [
            4.836326,
            52.351459
          ],
          [
            4.836478,
            52.351463
          ],
          [
            4.836558,
            52.351463
          ],
          [
            4.836698,
            52.351463
          ],
          [
            4.836792,
            52.351459
          ],
          [
            4.836919,
            52.351459
          ],
          [
            4.836977,
            52.351456
          ],
          [
            4.837144,
            52.351452
          ],
          [
            4.837248,
            52.351452
          ],
          [
            4.837331,
            52.351448
          ],
          [
            4.837449,
            52.351452
          ],
          [
            4.837528,
            52.351452
          ],
          [
            4.83766,
            52.351459
          ],
          [
            4.8377,
            52.351459
          ],
          [
            4.837885,
            52.351467
          ],
          [
            4.837975,
            52.351467
          ],
          [
            4.838099,
            52.351471
          ],
          [
            4.838201,
            52.351471
          ],
          [
            4.838283,
            52.351475
          ],
          [
            4.838421,
            52.351482
          ],
          [
            4.838495,
            52.351479
          ],
          [
            4.838608,
            52.351482
          ],
          [
            4.838736,
            52.351479
          ],
          [
            4.838836,
            52.351486
          ],
          [
            4.838935,
            52.351486
          ],
          [
            4.839043,
            52.351486
          ],
          [
            4.839097,
            52.351486
          ],
          [
            4.83925,
            52.351479
          ],
          [
            4.839333,
            52.351475
          ],
          [
            4.839462,
            52.351475
          ],
          [
            4.83957,
            52.351471
          ],
          [
            4.839648,
            52.351467
          ],
          [
            4.839768,
            52.351471
          ],
          [
            4.839867,
            52.351475
          ],
          [
            4.839967,
            52.351475
          ],
          [
            4.840065,
            52.351467
          ],
          [
            4.840121,
            52.351479
          ],
          [
            4.840224,
            52.351482
          ],
          [
            4.840307,
            52.351486
          ],
          [
            4.840366,
            52.35149
          ],
          [
            4.840482,
            52.351494
          ],
          [
            4.840514,
            52.35149
          ],
          [
            4.840665,
            52.351486
          ],
          [
            4.840743,
            52.351486
          ],
          [
            4.840871,
            52.351486
          ],
          [
            4.840974,
            52.351486
          ],
          [
            4.841025,
            52.351486
          ],
          [
            4.841163,
            52.351482
          ],
          [
            4.841273,
            52.351482
          ],
          [
            4.841376,
            52.351479
          ],
          [
            4.84142,
            52.351479
          ],
          [
            4.841572,
            52.351479
          ],
          [
            4.841679,
            52.351479
          ],
          [
            4.841782,
            52.351479
          ],
          [
            4.841891,
            52.351479
          ],
          [
            4.841994,
            52.351479
          ],
          [
            4.842082,
            52.351479
          ],
          [
            4.842172,
            52.351475
          ],
          [
            4.842248,
            52.351475
          ],
          [
            4.842313,
            52.351475
          ],
          [
            4.842347,
            52.351498
          ],
          [
            4.842429,
            52.351494
          ],
          [
            4.84249,
            52.351521
          ],
          [
            4.842477,
            52.351521
          ],
          [
            4.842631,
            52.351574
          ],
          [
            4.842643,
            52.351566
          ],
          [
            4.842702,
            52.351578
          ],
          [
            4.842744,
            52.351582
          ],
          [
            4.84282,
            52.351582
          ],
          [
            4.842961,
            52.351578
          ],
          [
            4.843176,
            52.351566
          ],
          [
            4.843479,
            52.351547
          ],
          [
            4.843663,
            52.35154
          ],
          [
            4.843888,
            52.351528
          ],
          [
            4.844006,
            52.351524
          ],
          [
            4.844094,
            52.351524
          ],
          [
            4.844209,
            52.351521
          ],
          [
            4.844311,
            52.351517
          ],
          [
            4.844412,
            52.351517
          ],
          [
            4.844494,
            52.351513
          ],
          [
            4.844604,
            52.351509
          ],
          [
            4.844704,
            52.351513
          ],
          [
            4.844789,
            52.351521
          ],
          [
            4.844904,
            52.351524
          ],
          [
            4.845007,
            52.351532
          ],
          [
            4.84511,
            52.351532
          ],
          [
            4.845211,
            52.351536
          ],
          [
            4.845302,
            52.35154
          ],
          [
            4.845348,
            52.351543
          ],
          [
            4.845453,
            52.351547
          ],
          [
            4.845537,
            52.351547
          ],
          [
            4.845627,
            52.351547
          ],
          [
            4.845729,
            52.351547
          ],
          [
            4.845764,
            52.351547
          ],
          [
            4.845925,
            52.351551
          ],
          [
            4.846043,
            52.351555
          ],
          [
            4.846056,
            52.351555
          ],
          [
            4.846256,
            52.351559
          ],
          [
            4.846365,
            52.351563
          ],
          [
            4.846499,
            52.351563
          ],
          [
            4.846531,
            52.351566
          ],
          [
            4.846689,
            52.351566
          ],
          [
            4.846861,
            52.351574
          ],
          [
            4.846924,
            52.351574
          ],
          [
            4.847104,
            52.351574
          ],
          [
            4.84713,
            52.351574
          ],
          [
            4.847353,
            52.351578
          ],
          [
            4.847486,
            52.351578
          ],
          [
            4.847608,
            52.351578
          ],
          [
            4.847738,
            52.351574
          ],
          [
            4.847789,
            52.351574
          ],
          [
            4.847963,
            52.351574
          ],
          [
            4.848017,
            52.351574
          ],
          [
            4.848192,
            52.351574
          ],
          [
            4.848238,
            52.351574
          ],
          [
            4.848411,
            52.351574
          ],
          [
            4.848526,
            52.351574
          ],
          [
            4.848635,
            52.351574
          ],
          [
            4.848744,
            52.351574
          ],
          [
            4.848848,
            52.351574
          ],
          [
            4.848896,
            52.351574
          ],
          [
            4.849037,
            52.351582
          ],
          [
            4.849142,
            52.351578
          ],
          [
            4.849222,
            52.351563
          ],
          [
            4.849275,
            52.351536
          ],
          [
            4.84931,
            52.351498
          ],
          [
            4.849338,
            52.351456
          ],
          [
            4.849347,
            52.351406
          ],
          [
            4.849349,
            52.351345
          ],
          [
            4.849353,
            52.351292
          ],
          [
            4.849368,
            52.351234
          ],
          [
            4.849397,
            52.351185
          ],
          [
            4.849445,
            52.351131
          ],
          [
            4.849499,
            52.351093
          ],
          [
            4.849551,
            52.351067
          ],
          [
            4.849622,
            52.351044
          ],
          [
            4.849698,
            52.351028
          ],
          [
            4.849775,
            52.351017
          ],
          [
            4.849858,
            52.351013
          ],
          [
            4.849948,
            52.351009
          ],
          [
            4.85,
            52.351009
          ],
          [
            4.850135,
            52.351006
          ],
          [
            4.850241,
            52.351006
          ],
          [
            4.850346,
            52.351006
          ],
          [
            4.850449,
            52.351006
          ],
          [
            4.850496,
            52.351006
          ],
          [
            4.850642,
            52.351006
          ],
          [
            4.850755,
            52.351006
          ],
          [
            4.850858,
            52.351006
          ],
          [
            4.850958,
            52.351006
          ],
          [
            4.851012,
            52.351006
          ],
          [
            4.851149,
            52.351009
          ],
          [
            4.851254,
            52.351009
          ],
          [
            4.851347,
            52.351009
          ],
          [
            4.851447,
            52.351009
          ],
          [
            4.851554,
            52.351002
          ],
          [
            4.851652,
            52.350994
          ],
          [
            4.851747,
            52.350983
          ],
          [
            4.85184,
            52.350967
          ],
          [
            4.851934,
            52.350956
          ],
          [
            4.852023,
            52.350945
          ],
          [
            4.852114,
            52.350929
          ],
          [
            4.852201,
            52.350918
          ],
          [
            4.852297,
            52.350903
          ],
          [
            4.852387,
            52.350891
          ],
          [
            4.852486,
            52.35088
          ],
          [
            4.852555,
            52.350876
          ],
          [
            4.852612,
            52.350872
          ],
          [
            4.852782,
            52.350861
          ],
          [
            4.852873,
            52.350853
          ],
          [
            4.853002,
            52.350841
          ],
          [
            4.85305,
            52.350834
          ],
          [
            4.85321,
            52.350815
          ],
          [
            4.853269,
            52.350811
          ],
          [
            4.853323,
            52.350803
          ],
          [
            4.853529,
            52.350792
          ],
          [
            4.853606,
            52.350788
          ],
          [
            4.853758,
            52.350788
          ],
          [
            4.853837,
            52.350792
          ],
          [
            4.853976,
            52.350803
          ],
          [
            4.854043,
            52.350811
          ],
          [
            4.854134,
            52.350826
          ],
          [
            4.854288,
            52.350853
          ],
          [
            4.854392,
            52.350872
          ],
          [
            4.854493,
            52.350899
          ],
          [
            4.854588,
            52.350922
          ],
          [
            4.854676,
            52.350945
          ],
          [
            4.854772,
            52.350971
          ],
          [
            4.85487,
            52.350998
          ],
          [
            4.854963,
            52.351021
          ],
          [
            4.855053,
            52.351044
          ],
          [
            4.855139,
            52.35107
          ],
          [
            4.855208,
            52.351093
          ],
          [
            4.855322,
            52.351124
          ],
          [
            4.855415,
            52.351151
          ],
          [
            4.855502,
            52.351177
          ],
          [
            4.855597,
            52.351196
          ],
          [
            4.855638,
            52.351212
          ],
          [
            4.855771,
            52.351242
          ],
          [
            4.855872,
            52.351265
          ],
          [
            4.855957,
            52.351288
          ],
          [
            4.856038,
            52.351311
          ],
          [
            4.856098,
            52.35133
          ],
          [
            4.856152,
            52.351345
          ],
          [
            4.856187,
            52.351356
          ],
          [
            4.856187,
            52.351356
          ],
          [
            4.856187,
            52.351356
          ],
          [
            4.856187,
            52.351356
          ],
          [
            4.856247,
            52.351364
          ],
          [
            4.856254,
            52.351368
          ],
          [
            4.85626,
            52.351376
          ],
          [
            4.856275,
            52.351391
          ],
          [
            4.85628,
            52.35141
          ],
          [
            4.856288,
            52.351437
          ],
          [
            4.856299,
            52.351475
          ],
          [
            4.856313,
            52.351513
          ],
          [
            4.856327,
            52.351551
          ],
          [
            4.856342,
            52.351574
          ],
          [
            4.856364,
            52.351597
          ],
          [
            4.856394,
            52.351612
          ],
          [
            4.856438,
            52.351627
          ],
          [
            4.856489,
            52.351643
          ],
          [
            4.856548,
            52.351654
          ],
          [
            4.856599,
            52.351662
          ],
          [
            4.856645,
            52.351681
          ],
          [
            4.856656,
            52.3517
          ],
          [
            4.856667,
            52.351727
          ],
          [
            4.856659,
            52.351761
          ],
          [
            4.856645,
            52.351799
          ],
          [
            4.856626,
            52.351845
          ],
          [
            4.856609,
            52.351883
          ],
          [
            4.856586,
            52.351929
          ],
          [
            4.85656,
            52.351982
          ],
          [
            4.856537,
            52.352043
          ],
          [
            4.856508,
            52.352097
          ],
          [
            4.856483,
            52.352154
          ],
          [
            4.856457,
            52.352211
          ],
          [
            4.856433,
            52.352272
          ],
          [
            4.856409,
            52.352329
          ],
          [
            4.856387,
            52.352386
          ],
          [
            4.856366,
            52.35244
          ],
          [
            4.856349,
            52.352501
          ],
          [
            4.856321,
            52.352566
          ],
          [
            4.856302,
            52.352627
          ],
          [
            4.856282,
            52.352688
          ],
          [
            4.856258,
            52.352749
          ],
          [
            4.856242,
            52.352802
          ],
          [
            4.856217,
            52.352867
          ],
          [
            4.856197,
            52.352921
          ],
          [
            4.856182,
            52.352963
          ],
          [
            4.856161,
            52.35302
          ],
          [
            4.856133,
            52.353085
          ],
          [
            4.856115,
            52.353146
          ],
          [
            4.856093,
            52.353203
          ],
          [
            4.856071,
            52.353264
          ],
          [
            4.856049,
            52.353325
          ],
          [
            4.85603,
            52.353378
          ],
          [
            4.856009,
            52.353443
          ],
          [
            4.855987,
            52.353504
          ],
          [
            4.855963,
            52.353565
          ],
          [
            4.855941,
            52.35363
          ],
          [
            4.855918,
            52.353687
          ],
          [
            4.8559,
            52.353741
          ],
          [
            4.855874,
            52.353802
          ],
          [
            4.855852,
            52.353863
          ],
          [
            4.855826,
            52.353924
          ],
          [
            4.855809,
            52.353973
          ],
          [
            4.855791,
            52.354019
          ],
          [
            4.855773,
            52.354069
          ],
          [
            4.85575,
            52.354126
          ],
          [
            4.855732,
            52.354172
          ],
          [
            4.855712,
            52.354214
          ],
          [
            4.855694,
            52.354263
          ],
          [
            4.855675,
            52.354313
          ],
          [
            4.855668,
            52.354351
          ],
          [
            4.855663,
            52.354404
          ],
          [
            4.855664,
            52.354462
          ],
          [
            4.855663,
            52.354519
          ],
          [
            4.855662,
            52.354572
          ],
          [
            4.855661,
            52.354641
          ],
          [
            4.855658,
            52.354706
          ],
          [
            4.855661,
            52.354771
          ],
          [
            4.855659,
            52.354771
          ],
          [
            4.855663,
            52.354794
          ],
          [
            4.855768,
            52.354877
          ],
          [
            4.855897,
            52.354938
          ],
          [
            4.855898,
            52.354946
          ],
          [
            4.856094,
            52.354988
          ],
          [
            4.856222,
            52.355015
          ],
          [
            4.856332,
            52.355041
          ],
          [
            4.856375,
            52.355045
          ],
          [
            4.856542,
            52.355076
          ],
          [
            4.85659,
            52.355083
          ],
          [
            4.856763,
            52.355103
          ],
          [
            4.856822,
            52.35511
          ],
          [
            4.857011,
            52.355118
          ],
          [
            4.857081,
            52.355122
          ],
          [
            4.857254,
            52.355122
          ],
          [
            4.857394,
            52.355118
          ],
          [
            4.857505,
            52.355118
          ],
          [
            4.85757,
            52.35511
          ],
          [
            4.857673,
            52.355106
          ],
          [
            4.857708,
            52.355103
          ],
          [
            4.857852,
            52.355095
          ],
          [
            4.85796,
            52.355087
          ],
          [
            4.858053,
            52.355087
          ],
          [
            4.858159,
            52.355087
          ],
          [
            4.85825,
            52.355095
          ],
          [
            4.858348,
            52.355095
          ],
          [
            4.858454,
            52.355099
          ],
          [
            4.858571,
            52.355106
          ],
          [
            4.858686,
            52.355118
          ],
          [
            4.858787,
            52.355129
          ],
          [
            4.858906,
            52.355148
          ],
          [
            4.858949,
            52.355152
          ],
          [
            4.85911,
            52.355187
          ],
          [
            4.85921,
            52.355213
          ],
          [
            4.8593,
            52.355232
          ],
          [
            4.859396,
            52.355251
          ],
          [
            4.859504,
            52.35527
          ],
          [
            4.859604,
            52.355289
          ],
          [
            4.859704,
            52.355316
          ],
          [
            4.859711,
            52.355316
          ],
          [
            4.859892,
            52.35537
          ],
          [
            4.859981,
            52.355396
          ],
          [
            4.860074,
            52.355419
          ],
          [
            4.860172,
            52.355442
          ],
          [
            4.860246,
            52.355461
          ],
          [
            4.860288,
            52.355476
          ],
          [
            4.860452,
            52.355526
          ],
          [
            4.860537,
            52.355553
          ],
          [
            4.860629,
            52.355579
          ],
          [
            4.860698,
            52.355602
          ],
          [
            4.860793,
            52.355644
          ],
          [
            4.860882,
            52.355679
          ],
          [
            4.860959,
            52.355717
          ],
          [
            4.861048,
            52.355751
          ],
          [
            4.861133,
            52.355774
          ],
          [
            4.861223,
            52.355797
          ],
          [
            4.861328,
            52.35582
          ],
          [
            4.861422,
            52.355839
          ],
          [
            4.86151,
            52.355866
          ],
          [
            4.861601,
            52.355888
          ],
          [
            4.861648,
            52.3559
          ],
          [
            4.86179,
            52.355934
          ],
          [
            4.861873,
            52.355946
          ],
          [
            4.862005,
            52.355961
          ],
          [
            4.862065,
            52.355968
          ],
          [
            4.862202,
            52.355984
          ],
          [
            4.862267,
            52.355991
          ],
          [
            4.862421,
            52.356022
          ],
          [
            4.862517,
            52.356033
          ],
          [
            4.862592,
            52.356041
          ],
          [
            4.862723,
            52.356056
          ],
          [
            4.862823,
            52.356064
          ],
          [
            4.862927,
            52.356071
          ],
          [
            4.862956,
            52.356071
          ],
          [
            4.863096,
            52.356087
          ],
          [
            4.86318,
            52.356098
          ],
          [
            4.863261,
            52.356106
          ],
          [
            4.863339,
            52.35611
          ],
          [
            4.863436,
            52.356113
          ],
          [
            4.863417,
            52.356113
          ],
          [
            4.863622,
            52.356121
          ],
          [
            4.863739,
            52.356129
          ],
          [
            4.863833,
            52.356132
          ],
          [
            4.863925,
            52.356136
          ],
          [
            4.864033,
            52.35614
          ],
          [
            4.864116,
            52.35614
          ],
          [
            4.864235,
            52.35614
          ],
          [
            4.864262,
            52.35614
          ],
          [
            4.864446,
            52.356148
          ],
          [
            4.864562,
            52.356155
          ],
          [
            4.86464,
            52.356159
          ],
          [
            4.864794,
            52.356171
          ],
          [
            4.864908,
            52.356178
          ],
          [
            4.865011,
            52.356186
          ],
          [
            4.86512,
            52.356194
          ],
          [
            4.86516,
            52.356197
          ],
          [
            4.865335,
            52.356209
          ],
          [
            4.865411,
            52.356216
          ],
          [
            4.86549,
            52.356224
          ],
          [
            4.86558,
            52.356239
          ],
          [
            4.865594,
            52.356243
          ],
          [
            4.865755,
            52.356266
          ],
          [
            4.865856,
            52.356285
          ],
          [
            4.865945,
            52.3563
          ],
          [
            4.866112,
            52.356331
          ],
          [
            4.866157,
            52.356339
          ],
          [
            4.866332,
            52.356381
          ],
          [
            4.866426,
            52.3564
          ],
          [
            4.866446,
            52.356407
          ],
          [
            4.866624,
            52.356445
          ],
          [
            4.866718,
            52.356468
          ],
          [
            4.866814,
            52.356491
          ],
          [
            4.866905,
            52.356514
          ],
          [
            4.866956,
            52.356533
          ],
          [
            4.867082,
            52.356575
          ],
          [
            4.867174,
            52.356602
          ],
          [
            4.86725,
            52.356617
          ],
          [
            4.867282,
            52.356628
          ],
          [
            4.867457,
            52.356674
          ],
          [
            4.867534,
            52.356697
          ],
          [
            4.867642,
            52.356731
          ],
          [
            4.86773,
            52.356762
          ],
          [
            4.867814,
            52.356796
          ],
          [
            4.867892,
            52.356827
          ],
          [
            4.867979,
            52.356861
          ],
          [
            4.867985,
            52.356865
          ],
          [
            4.868148,
            52.356934
          ],
          [
            4.868232,
            52.356972
          ],
          [
            4.868311,
            52.357002
          ],
          [
            4.868394,
            52.357037
          ],
          [
            4.868476,
            52.357075
          ],
          [
            4.868481,
            52.357079
          ],
          [
            4.868632,
            52.357155
          ],
          [
            4.868706,
            52.357197
          ],
          [
            4.868782,
            52.357239
          ],
          [
            4.86886,
            52.357281
          ],
          [
            4.868938,
            52.357319
          ],
          [
            4.869016,
            52.357361
          ],
          [
            4.869096,
            52.357395
          ],
          [
            4.869173,
            52.357422
          ],
          [
            4.869281,
            52.357449
          ],
          [
            4.869377,
            52.357464
          ],
          [
            4.869477,
            52.357475
          ],
          [
            4.869575,
            52.357475
          ],
          [
            4.869645,
            52.357471
          ],
          [
            4.869775,
            52.35746
          ],
          [
            4.86988,
            52.357456
          ],
          [
            4.869979,
            52.357456
          ],
          [
            4.870078,
            52.357464
          ],
          [
            4.870142,
            52.357468
          ],
          [
            4.870276,
            52.357483
          ],
          [
            4.870378,
            52.357494
          ],
          [
            4.870475,
            52.35751
          ],
          [
            4.870575,
            52.357529
          ],
          [
            4.870668,
            52.357552
          ],
          [
            4.870763,
            52.357578
          ],
          [
            4.870854,
            52.357609
          ],
          [
            4.870944,
            52.357639
          ],
          [
            4.871028,
            52.35767
          ],
          [
            4.871115,
            52.357708
          ],
          [
            4.871203,
            52.357742
          ],
          [
            4.871287,
            52.357777
          ],
          [
            4.871369,
            52.357811
          ],
          [
            4.871458,
            52.357853
          ],
          [
            4.871546,
            52.357887
          ],
          [
            4.871636,
            52.357922
          ],
          [
            4.87172,
            52.357956
          ],
          [
            4.871812,
            52.357983
          ],
          [
            4.871907,
            52.358013
          ],
          [
            4.872003,
            52.358032
          ],
          [
            4.872075,
            52.358044
          ],
          [
            4.872207,
            52.358063
          ],
          [
            4.872302,
            52.358078
          ],
          [
            4.87237,
            52.358086
          ],
          [
            4.87244,
            52.358093
          ],
          [
            4.872504,
            52.358101
          ],
          [
            4.872625,
            52.358116
          ],
          [
            4.872719,
            52.358131
          ],
          [
            4.872807,
            52.358147
          ],
          [
            4.872902,
            52.358162
          ],
          [
            4.872962,
            52.358173
          ],
          [
            4.873088,
            52.358196
          ],
          [
            4.873184,
            52.358219
          ],
          [
            4.873269,
            52.358238
          ],
          [
            4.873361,
            52.358265
          ],
          [
            4.873451,
            52.358292
          ],
          [
            4.873541,
            52.358322
          ],
          [
            4.873627,
            52.358353
          ],
          [
            4.873709,
            52.358387
          ],
          [
            4.873785,
            52.358417
          ],
          [
            4.873867,
            52.358452
          ],
          [
            4.873939,
            52.358486
          ],
          [
            4.874001,
            52.35852
          ],
          [
            4.874067,
            52.358555
          ],
          [
            4.874131,
            52.358593
          ],
          [
            4.874197,
            52.358635
          ],
          [
            4.874256,
            52.358673
          ],
          [
            4.874323,
            52.358707
          ],
          [
            4.874393,
            52.358727
          ],
          [
            4.874465,
            52.35873
          ],
          [
            4.874503,
            52.358734
          ],
          [
            4.874625,
            52.358719
          ],
          [
            4.87472,
            52.358711
          ],
          [
            4.874809,
            52.358711
          ],
          [
            4.874897,
            52.358723
          ],
          [
            4.874979,
            52.358742
          ],
          [
            4.875063,
            52.358757
          ],
          [
            4.875148,
            52.35878
          ],
          [
            4.875235,
            52.358803
          ],
          [
            4.87532,
            52.358822
          ],
          [
            4.875408,
            52.358837
          ],
          [
            4.875497,
            52.35886
          ],
          [
            4.875591,
            52.358883
          ],
          [
            4.875684,
            52.358906
          ],
          [
            4.875773,
            52.358929
          ],
          [
            4.875859,
            52.358952
          ],
          [
            4.875916,
            52.358967
          ],
          [
            4.876039,
            52.359001
          ],
          [
            4.87614,
            52.359024
          ],
          [
            4.876232,
            52.359047
          ],
          [
            4.876321,
            52.359074
          ],
          [
            4.876412,
            52.3591
          ],
          [
            4.876494,
            52.359119
          ],
          [
            4.876586,
            52.359146
          ],
          [
            4.876683,
            52.359169
          ],
          [
            4.87677,
            52.359192
          ],
          [
            4.876871,
            52.359219
          ],
          [
            4.87696,
            52.359245
          ],
          [
            4.877045,
            52.359272
          ],
          [
            4.87713,
            52.359299
          ],
          [
            4.877213,
            52.359318
          ],
          [
            4.877263,
            52.359329
          ],
          [
            4.877378,
            52.359356
          ],
          [
            4.877447,
            52.359367
          ],
          [
            4.877447,
            52.359367
          ],
          [
            4.87756,
            52.359379
          ],
          [
            4.877584,
            52.359375
          ],
          [
            4.877611,
            52.359356
          ],
          [
            4.877629,
            52.359329
          ],
          [
            4.877652,
            52.359299
          ],
          [
            4.877677,
            52.359257
          ],
          [
            4.877694,
            52.359215
          ],
          [
            4.877703,
            52.359177
          ],
          [
            4.877719,
            52.359127
          ],
          [
            4.87775,
            52.359085
          ],
          [
            4.877767,
            52.359032
          ],
          [
            4.877799,
            52.358978
          ],
          [
            4.877834,
            52.358932
          ],
          [
            4.877866,
            52.358879
          ],
          [
            4.877904,
            52.35883
          ],
          [
            4.877941,
            52.35878
          ],
          [
            4.877991,
            52.358727
          ],
          [
            4.878036,
            52.358669
          ],
          [
            4.878082,
            52.358616
          ],
          [
            4.878125,
            52.35857
          ],
          [
            4.878167,
            52.35852
          ],
          [
            4.878211,
            52.358463
          ],
          [
            4.878249,
            52.358414
          ],
          [
            4.878286,
            52.358364
          ],
          [
            4.878334,
            52.358311
          ],
          [
            4.878367,
            52.358257
          ],
          [
            4.878422,
            52.3582
          ],
          [
            4.878466,
            52.358143
          ],
          [
            4.878513,
            52.358089
          ],
          [
            4.87856,
            52.35804
          ],
          [
            4.87861,
            52.357983
          ],
          [
            4.878654,
            52.357925
          ],
          [
            4.878688,
            52.357876
          ],
          [
            4.878717,
            52.357819
          ],
          [
            4.878751,
            52.35775
          ],
          [
            4.878783,
            52.357689
          ],
          [
            4.878815,
            52.357624
          ],
          [
            4.878845,
            52.357574
          ],
          [
            4.878887,
            52.357517
          ],
          [
            4.878928,
            52.35746
          ],
          [
            4.878969,
            52.357403
          ],
          [
            4.879005,
            52.357349
          ],
          [
            4.879047,
            52.357292
          ],
          [
            4.879088,
            52.357231
          ],
          [
            4.879127,
            52.357174
          ],
          [
            4.879168,
            52.357113
          ],
          [
            4.879208,
            52.357056
          ],
          [
            4.879247,
            52.357006
          ],
          [
            4.879282,
            52.356957
          ],
          [
            4.879318,
            52.356907
          ],
          [
            4.879351,
            52.356857
          ],
          [
            4.879389,
            52.356808
          ],
          [
            4.879424,
            52.356754
          ],
          [
            4.879461,
            52.356697
          ],
          [
            4.879501,
            52.35664
          ],
          [
            4.87954,
            52.356586
          ],
          [
            4.879576,
            52.356533
          ],
          [
            4.879611,
            52.356487
          ],
          [
            4.879646,
            52.356438
          ],
          [
            4.879674,
            52.356403
          ],
          [
            4.879698,
            52.356369
          ],
          [
            4.879768,
            52.356297
          ],
          [
            4.879793,
            52.356293
          ],
          [
            4.879815,
            52.356289
          ],
          [
            4.879837,
            52.356289
          ],
          [
            4.879874,
            52.356289
          ],
          [
            4.87991,
            52.3563
          ],
          [
            4.879973,
            52.356312
          ],
          [
            4.880027,
            52.356319
          ],
          [
            4.880081,
            52.356331
          ],
          [
            4.88014,
            52.356346
          ],
          [
            4.8802,
            52.356361
          ],
          [
            4.880261,
            52.356377
          ],
          [
            4.880307,
            52.3564
          ],
          [
            4.880346,
            52.356415
          ],
          [
            4.880374,
            52.35643
          ],
          [
            4.880387,
            52.356438
          ],
          [
            4.880387,
            52.356449
          ],
          [
            4.880368,
            52.356457
          ],
          [
            4.880348,
            52.356445
          ],
          [
            4.880352,
            52.356434
          ],
          [
            4.88036,
            52.356426
          ],
          [
            4.880362,
            52.356426
          ],
          [
            4.880434,
            52.35643
          ],
          [
            4.880507,
            52.356449
          ],
          [
            4.880559,
            52.356461
          ],
          [
            4.880617,
            52.356476
          ],
          [
            4.880683,
            52.356487
          ],
          [
            4.880734,
            52.356487
          ],
          [
            4.880778,
            52.35648
          ],
          [
            4.880818,
            52.356461
          ],
          [
            4.880854,
            52.356445
          ],
          [
            4.880884,
            52.356419
          ],
          [
            4.880912,
            52.356392
          ],
          [
            4.880945,
            52.356369
          ],
          [
            4.880991,
            52.356342
          ],
          [
            4.881037,
            52.356327
          ],
          [
            4.881098,
            52.356319
          ],
          [
            4.881153,
            52.356323
          ],
          [
            4.881229,
            52.356342
          ],
          [
            4.88129,
            52.356361
          ],
          [
            4.881359,
            52.356392
          ],
          [
            4.881428,
            52.356426
          ],
          [
            4.8815,
            52.356457
          ],
          [
            4.881576,
            52.356491
          ],
          [
            4.881569,
            52.356491
          ],
          [
            4.881596,
            52.356503
          ],
          [
            4.881637,
            52.356522
          ],
          [
            4.881708,
            52.356556
          ],
          [
            4.881791,
            52.356594
          ],
          [
            4.881882,
            52.35664
          ],
          [
            4.881981,
            52.356689
          ],
          [
            4.882092,
            52.356735
          ],
          [
            4.882269,
            52.356804
          ],
          [
            4.882369,
            52.356853
          ],
          [
            4.882395,
            52.356865
          ],
          [
            4.882431,
            52.356884
          ],
          [
            4.882474,
            52.356915
          ],
          [
            4.882515,
            52.356949
          ],
          [
            4.882569,
            52.35701
          ],
          [
            4.882619,
            52.357075
          ],
          [
            4.882659,
            52.357132
          ],
          [
            4.882696,
            52.357182
          ],
          [
            4.882735,
            52.357227
          ],
          [
            4.882822,
            52.357334
          ],
          [
            4.882877,
            52.357403
          ],
          [
            4.882925,
            52.35746
          ],
          [
            4.882967,
            52.357513
          ],
          [
            4.883007,
            52.357563
          ],
          [
            4.883052,
            52.357613
          ],
          [
            4.883096,
            52.357662
          ],
          [
            4.883134,
            52.357716
          ],
          [
            4.883173,
            52.357769
          ],
          [
            4.883211,
            52.357819
          ],
          [
            4.883248,
            52.357872
          ],
          [
            4.883285,
            52.357925
          ],
          [
            4.88328,
            52.357933
          ],
          [
            4.883292,
            52.357948
          ],
          [
            4.88331,
            52.357967
          ],
          [
            4.88324,
            52.358078
          ],
          [
            4.883203,
            52.358128
          ],
          [
            4.88317,
            52.358166
          ],
          [
            4.883145,
            52.358196
          ],
          [
            4.883125,
            52.358227
          ],
          [
            4.883116,
            52.358253
          ],
          [
            4.883114,
            52.35828
          ],
          [
            4.883119,
            52.358315
          ],
          [
            4.88312,
            52.358341
          ],
          [
            4.883116,
            52.35836
          ],
          [
            4.883105,
            52.358379
          ],
          [
            4.883105,
            52.358379
          ],
          [
            4.883105,
            52.358379
          ],
          [
            4.883056,
            52.358398
          ],
          [
            4.883056,
            52.358398
          ],
          [
            4.883042,
            52.358383
          ],
          [
            4.883042,
            52.358383
          ],
          [
            4.883042,
            52.358383
          ],
          [
            4.883051,
            52.358368
          ],
          [
            4.883051,
            52.358368
          ],
          [
            4.883112,
            52.358368
          ],
          [
            4.883112,
            52.358368
          ],
          [
            4.883113,
            52.358402
          ],
          [
            4.883113,
            52.358402
          ],
          [
            4.883113,
            52.358402
          ],
          [
            4.883113,
            52.358402
          ],
          [
            4.883113,
            52.358402
          ],
          [
            4.883112,
            52.358398
          ],
          [
            4.883129,
            52.358391
          ],
          [
            4.883138,
            52.358376
          ],
          [
            4.883143,
            52.358356
          ],
          [
            4.883141,
            52.358334
          ],
          [
            4.883129,
            52.358311
          ],
          [
            4.883108,
            52.358288
          ],
          [
            4.883083,
            52.358273
          ],
          [
            4.883083,
            52.358273
          ],
          [
            4.883015,
            52.358253
          ],
          [
            4.882994,
            52.358261
          ],
          [
            4.882975,
            52.358265
          ],
          [
            4.882956,
            52.358276
          ],
          [
            4.882921,
            52.358292
          ],
          [
            4.882885,
            52.358299
          ],
          [
            4.882845,
            52.358303
          ],
          [
            4.88281,
            52.358299
          ],
          [
            4.88281,
            52.358299
          ],
          [
            4.88281,
            52.358299
          ],
          [
            4.882814,
            52.358284
          ],
          [
            4.882814,
            52.358284
          ],
          [
            4.882813,
            52.358288
          ],
          [
            4.882813,
            52.358288
          ],
          [
            4.882813,
            52.358288
          ],
          [
            4.882807,
            52.358326
          ],
          [
            4.882813,
            52.358337
          ],
          [
            4.882825,
            52.35836
          ],
          [
            4.882846,
            52.358387
          ],
          [
            4.88287,
            52.35841
          ],
          [
            4.882905,
            52.358433
          ],
          [
            4.882935,
            52.358452
          ],
          [
            4.882966,
            52.358479
          ],
          [
            4.882988,
            52.358498
          ],
          [
            4.883008,
            52.358528
          ],
          [
            4.883035,
            52.358566
          ],
          [
            4.883057,
            52.358597
          ],
          [
            4.88309,
            52.358627
          ],
          [
            4.883133,
            52.358646
          ],
          [
            4.883226,
            52.358692
          ],
          [
            4.883288,
            52.358723
          ],
          [
            4.883338,
            52.358753
          ],
          [
            4.883387,
            52.358784
          ],
          [
            4.883438,
            52.358818
          ],
          [
            4.883482,
            52.358845
          ],
          [
            4.883529,
            52.358879
          ],
          [
            4.883567,
            52.358913
          ],
          [
            4.883612,
            52.358948
          ],
          [
            4.883652,
            52.358982
          ],
          [
            4.883687,
            52.359009
          ],
          [
            4.883723,
            52.359028
          ],
          [
            4.883768,
            52.359043
          ],
          [
            4.883805,
            52.359051
          ],
          [
            4.883823,
            52.359055
          ],
          [
            4.883854,
            52.359055
          ],
          [
            4.883877,
            52.359055
          ],
          [
            4.883912,
            52.359055
          ],
          [
            4.883912,
            52.359055
          ],
          [
            4.883964,
            52.359074
          ],
          [
            4.88397,
            52.359081
          ],
          [
            4.88397,
            52.359081
          ],
          [
            4.883938,
            52.359093
          ],
          [
            4.883938,
            52.359093
          ],
          [
            4.883938,
            52.359093
          ],
          [
            4.883938,
            52.359093
          ],
          [
            4.883925,
            52.359093
          ],
          [
            4.883925,
            52.359093
          ],
          [
            4.883895,
            52.359123
          ],
          [
            4.883894,
            52.359135
          ],
          [
            4.883883,
            52.35915
          ],
          [
            4.883871,
            52.359173
          ],
          [
            4.883862,
            52.3592
          ],
          [
            4.883849,
            52.359234
          ],
          [
            4.883835,
            52.359264
          ],
          [
            4.883828,
            52.359291
          ],
          [
            4.883842,
            52.359314
          ],
          [
            4.883862,
            52.359333
          ],
          [
            4.883894,
            52.359337
          ],
          [
            4.883923,
            52.359325
          ],
          [
            4.883941,
            52.359318
          ],
          [
            4.883944,
            52.35931
          ],
          [
            4.883944,
            52.35931
          ],
          [
            4.883944,
            52.35931
          ],
          [
            4.88399,
            52.359352
          ],
          [
            4.88399,
            52.359352
          ],
          [
            4.88399,
            52.359352
          ],
          [
            4.883947,
            52.359276
          ],
          [
            4.883947,
            52.359276
          ],
          [
            4.883939,
            52.359238
          ],
          [
            4.883932,
            52.35923
          ],
          [
            4.883932,
            52.35923
          ],
          [
            4.883903,
            52.359203
          ],
          [
            4.883888,
            52.359196
          ],
          [
            4.883888,
            52.359196
          ],
          [
            4.883838,
            52.3592
          ],
          [
            4.883825,
            52.359215
          ],
          [
            4.883815,
            52.359238
          ],
          [
            4.883804,
            52.359268
          ],
          [
            4.883794,
            52.359291
          ],
          [
            4.883783,
            52.359325
          ],
          [
            4.883768,
            52.35936
          ],
          [
            4.88375,
            52.359386
          ],
          [
            4.883727,
            52.359413
          ],
          [
            4.883685,
            52.359425
          ],
          [
            4.883685,
            52.359425
          ],
          [
            4.883617,
            52.359417
          ],
          [
            4.883601,
            52.359409
          ],
          [
            4.883586,
            52.359402
          ],
          [
            4.883586,
            52.359402
          ],
          [
            4.88356,
            52.359383
          ],
          [
            4.88356,
            52.359383
          ],
          [
            4.883542,
            52.359375
          ],
          [
            4.883542,
            52.359375
          ],
          [
            4.883504,
            52.359367
          ],
          [
            4.88349,
            52.359364
          ],
          [
            4.883485,
            52.359348
          ],
          [
            4.883485,
            52.359348
          ],
          [
            4.883521,
            52.359318
          ],
          [
            4.883509,
            52.359325
          ],
          [
            4.883515,
            52.359314
          ],
          [
            4.883523,
            52.359303
          ],
          [
            4.883535,
            52.359283
          ],
          [
            4.883543,
            52.359264
          ],
          [
            4.883543,
            52.359264
          ],
          [
            4.883589,
            52.359211
          ],
          [
            4.883605,
            52.359207
          ],
          [
            4.883605,
            52.359207
          ],
          [
            4.883637,
            52.359188
          ],
          [
            4.883637,
            52.359188
          ],
          [
            4.883637,
            52.359188
          ],
          [
            4.883697,
            52.359192
          ],
          [
            4.883697,
            52.359192
          ],
          [
            4.88373,
            52.3592
          ],
          [
            4.883737,
            52.3592
          ],
          [
            4.883737,
            52.3592
          ],
          [
            4.883737,
            52.3592
          ],
          [
            4.883764,
            52.359211
          ],
          [
            4.883764,
            52.359211
          ],
          [
            4.883764,
            52.359211
          ],
          [
            4.883724,
            52.359413
          ],
          [
            4.883715,
            52.359425
          ],
          [
            4.88371,
            52.359436
          ],
          [
            4.883711,
            52.359444
          ],
          [
            4.883711,
            52.359459
          ],
          [
            4.883716,
            52.359478
          ],
          [
            4.88372,
            52.359497
          ],
          [
            4.883715,
            52.359528
          ],
          [
            4.883737,
            52.359566
          ],
          [
            4.883732,
            52.359604
          ],
          [
            4.88373,
            52.359638
          ],
          [
            4.883725,
            52.359676
          ],
          [
            4.883715,
            52.359707
          ],
          [
            4.883701,
            52.359745
          ],
          [
            4.883685,
            52.359772
          ],
          [
            4.883667,
            52.359795
          ],
          [
            4.883655,
            52.35981
          ],
          [
            4.883627,
            52.359821
          ],
          [
            4.883592,
            52.359821
          ],
          [
            4.88357,
            52.359814
          ],
          [
            4.883544,
            52.359795
          ],
          [
            4.883525,
            52.359764
          ],
          [
            4.883507,
            52.359726
          ],
          [
            4.883504,
            52.359684
          ],
          [
            4.883518,
            52.35965
          ],
          [
            4.883541,
            52.359615
          ],
          [
            4.88359,
            52.359585
          ],
          [
            4.883706,
            52.359535
          ],
          [
            4.88376,
            52.359516
          ],
          [
            4.883814,
            52.359493
          ],
          [
            4.88386,
            52.35947
          ],
          [
            4.883898,
            52.359444
          ],
          [
            4.883929,
            52.359413
          ],
          [
            4.883952,
            52.35939
          ],
          [
            4.883977,
            52.35936
          ],
          [
            4.883997,
            52.359329
          ],
          [
            4.884021,
            52.359299
          ],
          [
            4.884057,
            52.359264
          ],
          [
            4.884102,
            52.359241
          ],
          [
            4.884156,
            52.359234
          ],
          [
            4.884213,
            52.359245
          ],
          [
            4.88426,
            52.359268
          ],
          [
            4.884308,
            52.359299
          ],
          [
            4.884356,
            52.359333
          ],
          [
            4.884416,
            52.359379
          ],
          [
            4.884468,
            52.359417
          ],
          [
            4.884527,
            52.359455
          ],
          [
            4.884591,
            52.359497
          ],
          [
            4.884643,
            52.359531
          ],
          [
            4.884693,
            52.35957
          ],
          [
            4.884743,
            52.3596
          ],
          [
            4.884778,
            52.359611
          ],
          [
            4.884804,
            52.359611
          ],
          [
            4.884804,
            52.359611
          ],
          [
            4.884792,
            52.359592
          ],
          [
            4.884778,
            52.359589
          ],
          [
            4.884778,
            52.359589
          ],
          [
            4.884778,
            52.359589
          ],
          [
            4.884796,
            52.3596
          ],
          [
            4.884796,
            52.3596
          ],
          [
            4.884743,
            52.359558
          ],
          [
            4.884719,
            52.359547
          ],
          [
            4.884695,
            52.359535
          ],
          [
            4.884666,
            52.359535
          ],
          [
            4.884648,
            52.359547
          ],
          [
            4.884651,
            52.35957
          ],
          [
            4.884676,
            52.359592
          ],
          [
            4.884715,
            52.359615
          ],
          [
            4.884753,
            52.359638
          ],
          [
            4.884805,
            52.359661
          ],
          [
            4.884858,
            52.359692
          ],
          [
            4.884905,
            52.359722
          ],
          [
            4.884952,
            52.359753
          ],
          [
            4.884991,
            52.359779
          ],
          [
            4.885022,
            52.359798
          ],
          [
            4.885055,
            52.359825
          ],
          [
            4.885069,
            52.359833
          ],
          [
            4.885554,
            52.360313
          ],
          [
            4.885548,
            52.360252
          ],
          [
            4.885585,
            52.360287
          ],
          [
            4.885595,
            52.360279
          ],
          [
            4.885697,
            52.360359
          ],
          [
            4.885764,
            52.360401
          ],
          [
            4.885826,
            52.360424
          ],
          [
            4.885868,
            52.360436
          ],
          [
            4.885868,
            52.360436
          ],
          [
            4.885868,
            52.360436
          ],
          [
            4.885868,
            52.360436
          ],
          [
            4.885925,
            52.360458
          ],
          [
            4.885938,
            52.360462
          ],
          [
            4.885996,
            52.360519
          ],
          [
            4.886055,
            52.360569
          ],
          [
            4.886151,
            52.360645
          ],
          [
            4.886212,
            52.360691
          ],
          [
            4.886273,
            52.360733
          ],
          [
            4.886337,
            52.360779
          ],
          [
            4.886365,
            52.360802
          ],
          [
            4.886445,
            52.360859
          ],
          [
            4.886493,
            52.360893
          ],
          [
            4.886548,
            52.360935
          ],
          [
            4.886591,
            52.360966
          ],
          [
            4.886624,
            52.360989
          ],
          [
            4.886665,
            52.361023
          ],
          [
            4.886705,
            52.36105
          ],
          [
            4.886745,
            52.36108
          ],
          [
            4.886782,
            52.361107
          ],
          [
            4.886803,
            52.361137
          ],
          [
            4.886813,
            52.361164
          ],
          [
            4.886817,
            52.361202
          ],
          [
            4.886828,
            52.361233
          ],
          [
            4.886845,
            52.361256
          ],
          [
            4.886868,
            52.361294
          ],
          [
            4.88689,
            52.361328
          ],
          [
            4.886921,
            52.361359
          ],
          [
            4.88695,
            52.361393
          ],
          [
            4.886954,
            52.361431
          ],
          [
            4.886954,
            52.361431
          ],
          [
            4.886925,
            52.361443
          ],
          [
            4.886904,
            52.361443
          ],
          [
            4.886853,
            52.361397
          ],
          [
            4.886823,
            52.361366
          ],
          [
            4.886803,
            52.361336
          ],
          [
            4.886769,
            52.361301
          ],
          [
            4.886746,
            52.361271
          ],
          [
            4.886715,
            52.361244
          ],
          [
            4.88668,
            52.36121
          ],
          [
            4.886648,
            52.361176
          ],
          [
            4.886618,
            52.361137
          ],
          [
            4.886586,
            52.361099
          ],
          [
            4.886558,
            52.361065
          ],
          [
            4.886521,
            52.361019
          ],
          [
            4.886484,
            52.36097
          ],
          [
            4.886438,
            52.360931
          ],
          [
            4.886385,
            52.360889
          ],
          [
            4.886339,
            52.360855
          ],
          [
            4.886291,
            52.360828
          ],
          [
            4.886291,
            52.360828
          ],
          [
            4.886291,
            52.360828
          ],
          [
            4.886291,
            52.360828
          ],
          [
            4.886271,
            52.360802
          ],
          [
            4.886281,
            52.360794
          ],
          [
            4.886314,
            52.360786
          ],
          [
            4.886354,
            52.36079
          ],
          [
            4.886406,
            52.360825
          ],
          [
            4.886459,
            52.360851
          ],
          [
            4.886509,
            52.360889
          ],
          [
            4.88656,
            52.360931
          ],
          [
            4.886614,
            52.360973
          ],
          [
            4.886664,
            52.361019
          ],
          [
            4.886719,
            52.361065
          ],
          [
            4.886765,
            52.361111
          ],
          [
            4.8868,
            52.361149
          ],
          [
            4.886811,
            52.36121
          ],
          [
            4.886832,
            52.361259
          ],
          [
            4.886844,
            52.361317
          ],
          [
            4.886862,
            52.361378
          ],
          [
            4.886969,
            52.361484
          ],
          [
            4.887007,
            52.361534
          ],
          [
            4.887032,
            52.361561
          ],
          [
            4.887035,
            52.361565
          ],
          [
            4.887069,
            52.361603
          ],
          [
            4.887088,
            52.361622
          ],
          [
            4.887103,
            52.361641
          ],
          [
            4.887122,
            52.361664
          ],
          [
            4.887143,
            52.361687
          ],
          [
            4.887174,
            52.361721
          ],
          [
            4.887184,
            52.361733
          ],
          [
            4.887213,
            52.361763
          ],
          [
            4.887242,
            52.36179
          ],
          [
            4.887263,
            52.361809
          ],
          [
            4.887254,
            52.361801
          ],
          [
            4.88727,
            52.361816
          ],
          [
            4.887317,
            52.361885
          ],
          [
            4.887368,
            52.361942
          ],
          [
            4.887411,
            52.362003
          ],
          [
            4.887461,
            52.362061
          ],
          [
            4.8875,
            52.36211
          ],
          [
            4.887548,
            52.362164
          ],
          [
            4.887589,
            52.362213
          ],
          [
            4.887627,
            52.362259
          ],
          [
            4.887667,
            52.362309
          ],
          [
            4.887705,
            52.362343
          ],
          [
            4.887735,
            52.362381
          ],
          [
            4.887763,
            52.362412
          ],
          [
            4.887791,
            52.362438
          ],
          [
            4.887816,
            52.362465
          ],
          [
            4.887846,
            52.362492
          ],
          [
            4.887866,
            52.362518
          ],
          [
            4.887894,
            52.362545
          ],
          [
            4.887924,
            52.362568
          ],
          [
            4.887951,
            52.362598
          ],
          [
            4.887979,
            52.362629
          ],
          [
            4.887999,
            52.362648
          ],
          [
            4.887999,
            52.362648
          ],
          [
            4.887999,
            52.362648
          ],
          [
            4.888066,
            52.362736
          ],
          [
            4.888066,
            52.362736
          ],
          [
            4.888066,
            52.362736
          ],
          [
            4.888094,
            52.362724
          ],
          [
            4.888094,
            52.362724
          ],
          [
            4.888096,
            52.362713
          ],
          [
            4.888096,
            52.362713
          ],
          [
            4.888096,
            52.362713
          ],
          [
            4.888096,
            52.362713
          ],
          [
            4.888096,
            52.362713
          ],
          [
            4.888126,
            52.362686
          ],
          [
            4.888126,
            52.362686
          ],
          [
            4.888126,
            52.362686
          ],
          [
            4.888103,
            52.362663
          ],
          [
            4.888103,
            52.362663
          ],
          [
            4.888068,
            52.362656
          ],
          [
            4.888068,
            52.362656
          ],
          [
            4.888068,
            52.362656
          ],
          [
            4.888039,
            52.362678
          ],
          [
            4.888039,
            52.362678
          ],
          [
            4.888043,
            52.362701
          ],
          [
            4.888074,
            52.362724
          ],
          [
            4.888094,
            52.362743
          ],
          [
            4.888127,
            52.362778
          ],
          [
            4.888149,
            52.362804
          ],
          [
            4.888175,
            52.362831
          ],
          [
            4.888191,
            52.362846
          ],
          [
            4.888206,
            52.362865
          ],
          [
            4.88823,
            52.362896
          ],
          [
            4.888276,
            52.362946
          ],
          [
            4.8883,
            52.36298
          ],
          [
            4.888339,
            52.363022
          ],
          [
            4.888379,
            52.363087
          ],
          [
            4.888431,
            52.363136
          ],
          [
            4.888474,
            52.363193
          ],
          [
            4.888515,
            52.363243
          ],
          [
            4.888553,
            52.363293
          ],
          [
            4.888598,
            52.363331
          ],
          [
            4.888636,
            52.363369
          ],
          [
            4.888621,
            52.363358
          ],
          [
            4.888635,
            52.363373
          ],
          [
            4.888664,
            52.363396
          ],
          [
            4.888691,
            52.363434
          ],
          [
            4.888727,
            52.363476
          ],
          [
            4.888775,
            52.363522
          ],
          [
            4.888815,
            52.363583
          ],
          [
            4.888854,
            52.363632
          ],
          [
            4.888906,
            52.363686
          ],
          [
            4.888959,
            52.363743
          ],
          [
            4.889014,
            52.363796
          ],
          [
            4.889054,
            52.36385
          ],
          [
            4.889113,
            52.363899
          ],
          [
            4.889167,
            52.363949
          ],
          [
            4.889209,
            52.364002
          ],
          [
            4.889255,
            52.364052
          ],
          [
            4.889303,
            52.364101
          ],
          [
            4.889376,
            52.36417
          ],
          [
            4.889376,
            52.36417
          ],
          [
            4.889376,
            52.36417
          ],
          [
            4.889464,
            52.36425
          ],
          [
            4.889461,
            52.364258
          ],
          [
            4.889472,
            52.364269
          ],
          [
            4.889467,
            52.364265
          ],
          [
            4.889503,
            52.364304
          ],
          [
            4.889533,
            52.364334
          ],
          [
            4.889663,
            52.364468
          ],
          [
            4.889696,
            52.364513
          ],
          [
            4.889735,
            52.364559
          ],
          [
            4.889776,
            52.364605
          ],
          [
            4.88982,
            52.364655
          ],
          [
            4.889804,
            52.364639
          ],
          [
            4.889887,
            52.364735
          ],
          [
            4.88993,
            52.364773
          ],
          [
            4.889966,
            52.364819
          ],
          [
            4.890008,
            52.364857
          ],
          [
            4.890029,
            52.364902
          ],
          [
            4.890023,
            52.364868
          ],
          [
            4.890014,
            52.364872
          ],
          [
            4.890032,
            52.364895
          ],
          [
            4.890063,
            52.36491
          ],
          [
            4.890096,
            52.364952
          ],
          [
            4.890133,
            52.364998
          ],
          [
            4.890155,
            52.365044
          ],
          [
            4.8902,
            52.365086
          ],
          [
            4.890228,
            52.365128
          ],
          [
            4.890266,
            52.365162
          ],
          [
            4.890294,
            52.3652
          ],
          [
            4.89032,
            52.365242
          ],
          [
            4.890355,
            52.365273
          ],
          [
            4.890369,
            52.365303
          ],
          [
            4.890369,
            52.365303
          ],
          [
            4.890369,
            52.365303
          ],
          [
            4.890369,
            52.365303
          ],
          [
            4.890401,
            52.365391
          ],
          [
            4.890401,
            52.365391
          ],
          [
            4.890401,
            52.365391
          ],
          [
            4.890401,
            52.365391
          ],
          [
            4.89043,
            52.365376
          ],
          [
            4.89043,
            52.365376
          ],
          [
            4.890439,
            52.365376
          ],
          [
            4.890439,
            52.365376
          ],
          [
            4.890441,
            52.365364
          ],
          [
            4.890449,
            52.365356
          ],
          [
            4.890459,
            52.365353
          ],
          [
            4.890472,
            52.365349
          ],
          [
            4.890505,
            52.365341
          ],
          [
            4.890489,
            52.365341
          ],
          [
            4.890508,
            52.365337
          ],
          [
            4.890612,
            52.365326
          ],
          [
            4.890638,
            52.365322
          ],
          [
            4.890842,
            52.365292
          ],
          [
            4.890965,
            52.365276
          ],
          [
            4.891059,
            52.365261
          ],
          [
            4.891156,
            52.36525
          ],
          [
            4.891252,
            52.365238
          ],
          [
            4.891349,
            52.365223
          ],
          [
            4.891439,
            52.365212
          ],
          [
            4.891525,
            52.3652
          ],
          [
            4.891522,
            52.3652
          ],
          [
            4.891679,
            52.365185
          ],
          [
            4.891777,
            52.365177
          ],
          [
            4.891862,
            52.365166
          ],
          [
            4.89195,
            52.365154
          ],
          [
            4.892019,
            52.365147
          ],
          [
            4.892082,
            52.365135
          ],
          [
            4.892104,
            52.365131
          ],
          [
            4.89222,
            52.365116
          ],
          [
            4.892295,
            52.365105
          ],
          [
            4.892376,
            52.365093
          ],
          [
            4.89244,
            52.365086
          ],
          [
            4.892497,
            52.365078
          ],
          [
            4.892543,
            52.365078
          ],
          [
            4.892641,
            52.365078
          ],
          [
            4.892685,
            52.365078
          ],
          [
            4.892723,
            52.365082
          ],
          [
            4.89277,
            52.365089
          ],
          [
            4.892806,
            52.365093
          ],
          [
            4.892848,
            52.365105
          ],
          [
            4.892848,
            52.365105
          ],
          [
            4.892848,
            52.365105
          ],
          [
            4.892848,
            52.365105
          ],
          [
            4.892965,
            52.365147
          ],
          [
            4.892959,
            52.365154
          ],
          [
            4.892958,
            52.365154
          ],
          [
            4.892957,
            52.365158
          ],
          [
            4.892954,
            52.36517
          ],
          [
            4.892951,
            52.365181
          ],
          [
            4.892947,
            52.365189
          ],
          [
            4.892949,
            52.365212
          ],
          [
            4.892951,
            52.365238
          ],
          [
            4.892959,
            52.365265
          ],
          [
            4.89297,
            52.365307
          ],
          [
            4.892981,
            52.365349
          ],
          [
            4.892994,
            52.365395
          ],
          [
            4.893003,
            52.365437
          ],
          [
            4.893023,
            52.36549
          ],
          [
            4.893041,
            52.365555
          ],
          [
            4.893053,
            52.365608
          ],
          [
            4.893068,
            52.365662
          ],
          [
            4.89309,
            52.365715
          ],
          [
            4.893102,
            52.365784
          ],
          [
            4.893126,
            52.365841
          ],
          [
            4.893137,
            52.365894
          ],
          [
            4.893155,
            52.365936
          ],
          [
            4.89317,
            52.365986
          ],
          [
            4.89317,
            52.365986
          ],
          [
            4.893205,
            52.366058
          ],
          [
            4.893205,
            52.366058
          ],
          [
            4.893213,
            52.3661
          ],
          [
            4.893213,
            52.3661
          ],
          [
            4.893199,
            52.366119
          ],
          [
            4.893199,
            52.366119
          ],
          [
            4.893199,
            52.366119
          ],
          [
            4.892974,
            52.366219
          ],
          [
            4.892974,
            52.366219
          ],
          [
            4.892974,
            52.366219
          ],
          [
            4.893129,
            52.366188
          ],
          [
            4.893128,
            52.366192
          ],
          [
            4.893128,
            52.366192
          ],
          [
            4.893128,
            52.366192
          ],
          [
            4.893062,
            52.366261
          ],
          [
            4.893062,
            52.366261
          ],
          [
            4.893056,
            52.366268
          ],
          [
            4.893053,
            52.36628
          ],
          [
            4.893053,
            52.36628
          ],
          [
            4.893055,
            52.366295
          ],
          [
            4.893056,
            52.366314
          ],
          [
            4.893055,
            52.366325
          ],
          [
            4.893057,
            52.366333
          ],
          [
            4.893058,
            52.366337
          ],
          [
            4.89307,
            52.366367
          ],
          [
            4.893076,
            52.366383
          ],
          [
            4.893081,
            52.366398
          ],
          [
            4.893087,
            52.366409
          ],
          [
            4.893088,
            52.366417
          ],
          [
            4.893093,
            52.366432
          ],
          [
            4.893094,
            52.366451
          ],
          [
            4.893097,
            52.366474
          ],
          [
            4.893104,
            52.366509
          ],
          [
            4.893094,
            52.366489
          ],
          [
            4.893139,
            52.366577
          ],
          [
            4.893164,
            52.366619
          ],
          [
            4.893216,
            52.366688
          ],
          [
            4.893257,
            52.366745
          ],
          [
            4.893302,
            52.366791
          ],
          [
            4.893331,
            52.366817
          ],
          [
            4.89339,
            52.366859
          ],
          [
            4.893438,
            52.36689
          ],
          [
            4.893438,
            52.36689
          ],
          [
            4.893438,
            52.36689
          ],
          [
            4.893576,
            52.36697
          ],
          [
            4.89359,
            52.36697
          ],
          [
            4.893605,
            52.366974
          ],
          [
            4.893621,
            52.366978
          ],
          [
            4.893637,
            52.366982
          ],
          [
            4.893662,
            52.366978
          ],
          [
            4.893662,
            52.366978
          ],
          [
            4.893662,
            52.366978
          ],
          [
            4.893662,
            52.366978
          ],
          [
            4.893822,
            52.36692
          ],
          [
            4.893835,
            52.366917
          ],
          [
            4.893848,
            52.366909
          ],
          [
            4.893825,
            52.36692
          ],
          [
            4.89389,
            52.366898
          ],
          [
            4.89396,
            52.366875
          ],
          [
            4.894014,
            52.366856
          ],
          [
            4.894067,
            52.366829
          ],
          [
            4.894125,
            52.36681
          ],
          [
            4.894244,
            52.366768
          ],
          [
            4.894302,
            52.366749
          ],
          [
            4.894363,
            52.366726
          ],
          [
            4.894426,
            52.366707
          ],
          [
            4.894471,
            52.366695
          ],
          [
            4.894526,
            52.36668
          ],
          [
            4.894574,
            52.366665
          ],
          [
            4.894608,
            52.366657
          ],
          [
            4.894653,
            52.366646
          ],
          [
            4.894684,
            52.366638
          ],
          [
            4.894727,
            52.366631
          ],
          [
            4.894727,
            52.366631
          ],
          [
            4.894727,
            52.366631
          ],
          [
            4.894611,
            52.366661
          ],
          [
            4.894611,
            52.366661
          ],
          [
            4.894602,
            52.366611
          ],
          [
            4.894627,
            52.366581
          ],
          [
            4.89464,
            52.366577
          ],
          [
            4.894653,
            52.366573
          ],
          [
            4.894623,
            52.366581
          ],
          [
            4.89461,
            52.366577
          ],
          [
            4.894622,
            52.366581
          ],
          [
            4.894807,
            52.366554
          ],
          [
            4.894929,
            52.366535
          ],
          [
            4.895025,
            52.366516
          ],
          [
            4.895112,
            52.366501
          ],
          [
            4.895161,
            52.366489
          ],
          [
            4.895272,
            52.366463
          ],
          [
            4.895355,
            52.36644
          ],
          [
            4.895432,
            52.366413
          ],
          [
            4.895521,
            52.36639
          ],
          [
            4.895597,
            52.366367
          ],
          [
            4.895668,
            52.366348
          ],
          [
            4.895739,
            52.366329
          ],
          [
            4.895793,
            52.366314
          ],
          [
            4.895906,
            52.366283
          ],
          [
            4.895945,
            52.366261
          ],
          [
            4.895975,
            52.366238
          ],
          [
            4.896001,
            52.366211
          ],
          [
            4.896037,
            52.366184
          ],
          [
            4.896047,
            52.366157
          ],
          [
            4.896059,
            52.366135
          ],
          [
            4.89606,
            52.366093
          ],
          [
            4.896068,
            52.366058
          ],
          [
            4.89607,
            52.366032
          ],
          [
            4.896096,
            52.366016
          ],
          [
            4.89614,
            52.365997
          ],
          [
            4.896175,
            52.365986
          ],
          [
            4.896201,
            52.365986
          ],
          [
            4.896232,
            52.365982
          ],
          [
            4.89626,
            52.365986
          ],
          [
            4.89628,
            52.36599
          ],
          [
            4.89628,
            52.36599
          ],
          [
            4.89629,
            52.366005
          ],
          [
            4.896287,
            52.366013
          ],
          [
            4.896287,
            52.366013
          ],
          [
            4.896287,
            52.366013
          ],
          [
            4.896287,
            52.366013
          ],
          [
            4.896668,
            52.366104
          ],
          [
            4.896644,
            52.3661
          ],
          [
            4.896252,
            52.365994
          ],
          [
            4.896222,
            52.365978
          ],
          [
            4.896234,
            52.365963
          ],
          [
            4.896267,
            52.365952
          ],
          [
            4.89632,
            52.365948
          ],
          [
            4.896372,
            52.365955
          ],
          [
            4.896423,
            52.365967
          ],
          [
            4.896466,
            52.365974
          ],
          [
            4.896505,
            52.365986
          ],
          [
            4.896536,
            52.365994
          ],
          [
            4.896565,
            52.365997
          ],
          [
            4.896565,
            52.365997
          ],
          [
            4.896565,
            52.365997
          ],
          [
            4.896595,
            52.366016
          ],
          [
            4.896595,
            52.366016
          ],
          [
            4.896616,
            52.366032
          ],
          [
            4.896633,
            52.366032
          ],
          [
            4.896664,
            52.366032
          ],
          [
            4.896664,
            52.366032
          ],
          [
            4.896689,
            52.366001
          ],
          [
            4.896673,
            52.36599
          ],
          [
            4.896654,
            52.365986
          ],
          [
            4.896609,
            52.365986
          ],
          [
            4.896575,
            52.365997
          ],
          [
            4.896544,
            52.366009
          ],
          [
            4.896517,
            52.366013
          ],
          [
            4.896517,
            52.366013
          ],
          [
            4.89645,
            52.366013
          ],
          [
            4.896445,
            52.36599
          ],
          [
            4.896451,
            52.365967
          ],
          [
            4.896453,
            52.365952
          ],
          [
            4.896461,
            52.365929
          ],
          [
            4.896471,
            52.36591
          ],
          [
            4.896467,
            52.365906
          ],
          [
            4.896462,
            52.365879
          ],
          [
            4.896423,
            52.365841
          ],
          [
            4.896374,
            52.365833
          ],
          [
            4.896345,
            52.36581
          ],
          [
            4.896309,
            52.365795
          ],
          [
            4.896278,
            52.36578
          ],
          [
            4.896236,
            52.365761
          ],
          [
            4.896173,
            52.365753
          ],
          [
            4.896049,
            52.365738
          ],
          [
            4.896007,
            52.36573
          ],
          [
            4.895974,
            52.365715
          ],
          [
            4.895953,
            52.365692
          ],
          [
            4.89594,
            52.365662
          ],
          [
            4.895937,
            52.36562
          ],
          [
            4.895938,
            52.365585
          ],
          [
            4.895941,
            52.36554
          ],
          [
            4.895947,
            52.365494
          ],
          [
            4.895956,
            52.365448
          ],
          [
            4.89596,
            52.365406
          ],
          [
            4.895969,
            52.36536
          ],
          [
            4.895975,
            52.365322
          ],
          [
            4.895982,
            52.365276
          ],
          [
            4.895987,
            52.365234
          ],
          [
            4.895992,
            52.365189
          ],
          [
            4.895998,
            52.365147
          ],
          [
            4.896001,
            52.365112
          ],
          [
            4.895995,
            52.36507
          ],
          [
            4.895998,
            52.365028
          ],
          [
            4.89599,
            52.365002
          ],
          [
            4.895973,
            52.364983
          ],
          [
            4.895952,
            52.364967
          ],
          [
            4.895934,
            52.36496
          ],
          [
            4.895919,
            52.364952
          ],
          [
            4.895919,
            52.364952
          ],
          [
            4.895919,
            52.364952
          ],
          [
            4.895919,
            52.364952
          ],
          [
            4.895869,
            52.364914
          ],
          [
            4.895869,
            52.364914
          ],
          [
            4.895869,
            52.364914
          ],
          [
            4.895952,
            52.365231
          ],
          [
            4.895952,
            52.365231
          ],
          [
            4.895952,
            52.365231
          ],
          [
            4.895914,
            52.364986
          ],
          [
            4.895925,
            52.364983
          ],
          [
            4.895953,
            52.364975
          ],
          [
            4.895971,
            52.364967
          ],
          [
            4.895971,
            52.364967
          ],
          [
            4.896011,
            52.364956
          ],
          [
            4.896011,
            52.364956
          ],
          [
            4.896054,
            52.364944
          ],
          [
            4.89607,
            52.364937
          ],
          [
            4.89607,
            52.364937
          ],
          [
            4.89607,
            52.364937
          ],
          [
            4.89607,
            52.364937
          ],
          [
            4.89611,
            52.364891
          ],
          [
            4.89611,
            52.364891
          ],
          [
            4.89611,
            52.364891
          ],
          [
            4.89611,
            52.364891
          ],
          [
            4.896097,
            52.364853
          ],
          [
            4.896094,
            52.364864
          ],
          [
            4.896093,
            52.364868
          ],
          [
            4.896092,
            52.364872
          ],
          [
            4.896091,
            52.364872
          ],
          [
            4.896079,
            52.364883
          ],
          [
            4.896079,
            52.364902
          ],
          [
            4.896066,
            52.364929
          ],
          [
            4.896056,
            52.36496
          ],
          [
            4.896046,
            52.364994
          ],
          [
            4.896035,
            52.365021
          ],
          [
            4.896025,
            52.365067
          ],
          [
            4.896025,
            52.365116
          ],
          [
            4.896019,
            52.365173
          ],
          [
            4.896006,
            52.365231
          ],
          [
            4.895981,
            52.365288
          ],
          [
            4.89598,
            52.365345
          ],
          [
            4.895959,
            52.365402
          ],
          [
            4.895962,
            52.365471
          ],
          [
            4.895961,
            52.365528
          ],
          [
            4.89596,
            52.365585
          ],
          [
            4.895944,
            52.365581
          ],
          [
            4.895999,
            52.365643
          ],
          [
            4.89605,
            52.365669
          ],
          [
            4.896105,
            52.3657
          ],
          [
            4.896155,
            52.365719
          ],
          [
            4.896209,
            52.365734
          ],
          [
            4.896302,
            52.365757
          ],
          [
            4.896442,
            52.365784
          ],
          [
            4.896507,
            52.365795
          ],
          [
            4.896567,
            52.365799
          ],
          [
            4.896629,
            52.365807
          ],
          [
            4.896685,
            52.365814
          ],
          [
            4.896746,
            52.365822
          ],
          [
            4.89681,
            52.36583
          ],
          [
            4.896859,
            52.365833
          ],
          [
            4.896909,
            52.365841
          ],
          [
            4.89696,
            52.365849
          ],
          [
            4.897023,
            52.365864
          ],
          [
            4.897073,
            52.365875
          ],
          [
            4.897126,
            52.365883
          ],
          [
            4.897175,
            52.365894
          ],
          [
            4.897232,
            52.365902
          ],
          [
            4.897286,
            52.365913
          ],
          [
            4.897343,
            52.365921
          ],
          [
            4.897389,
            52.365936
          ],
          [
            4.89744,
            52.365952
          ],
          [
            4.897475,
            52.365963
          ],
          [
            4.897508,
            52.365982
          ],
          [
            4.897531,
            52.366001
          ],
          [
            4.897545,
            52.366024
          ],
          [
            4.897563,
            52.366055
          ],
          [
            4.897579,
            52.366081
          ],
          [
            4.897586,
            52.366119
          ],
          [
            4.897593,
            52.366157
          ],
          [
            4.897601,
            52.36618
          ],
          [
            4.897605,
            52.366215
          ],
          [
            4.897605,
            52.366215
          ],
          [
            4.897599,
            52.366272
          ],
          [
            4.897599,
            52.366272
          ],
          [
            4.897599,
            52.366272
          ],
          [
            4.897599,
            52.366272
          ],
          [
            4.897599,
            52.366272
          ],
          [
            4.897615,
            52.366325
          ],
          [
            4.897623,
            52.366329
          ],
          [
            4.897632,
            52.366329
          ],
          [
            4.897662,
            52.366325
          ],
          [
            4.897703,
            52.36631
          ],
          [
            4.897756,
            52.366291
          ],
          [
            4.897738,
            52.366299
          ],
          [
            4.897744,
            52.366299
          ],
          [
            4.897769,
            52.366291
          ],
          [
            4.897767,
            52.366291
          ],
          [
            4.897852,
            52.36628
          ],
          [
            4.897873,
            52.366268
          ],
          [
            4.897984,
            52.366253
          ],
          [
            4.898046,
            52.366253
          ],
          [
            4.898158,
            52.366234
          ],
          [
            4.89814,
            52.366234
          ],
          [
            4.898289,
            52.366222
          ],
          [
            4.89839,
            52.366207
          ],
          [
            4.898532,
            52.366207
          ],
          [
            4.898615,
            52.366196
          ],
          [
            4.898647,
            52.366192
          ],
          [
            4.898751,
            52.366196
          ],
          [
            4.898925,
            52.366188
          ],
          [
            4.899058,
            52.36618
          ],
          [
            4.899177,
            52.366177
          ],
          [
            4.899281,
            52.366173
          ],
          [
            4.899378,
            52.366169
          ],
          [
            4.899472,
            52.366169
          ],
          [
            4.899574,
            52.366169
          ],
          [
            4.899662,
            52.366177
          ],
          [
            4.899817,
            52.366173
          ],
          [
            4.899871,
            52.366188
          ],
          [
            4.899991,
            52.366196
          ],
          [
            4.900122,
            52.366203
          ],
          [
            4.900219,
            52.366211
          ],
          [
            4.900278,
            52.366215
          ],
          [
            4.900387,
            52.366226
          ],
          [
            4.900468,
            52.366234
          ],
          [
            4.900539,
            52.366245
          ],
          [
            4.900601,
            52.366253
          ],
          [
            4.900655,
            52.366264
          ],
          [
            4.900703,
            52.366272
          ],
          [
            4.90075,
            52.366283
          ],
          [
            4.900792,
            52.366295
          ],
          [
            4.900847,
            52.36631
          ],
          [
            4.9009,
            52.366325
          ],
          [
            4.900943,
            52.366337
          ],
          [
            4.900997,
            52.366352
          ],
          [
            4.901042,
            52.366367
          ],
          [
            4.901094,
            52.366383
          ],
          [
            4.901146,
            52.366394
          ],
          [
            4.901205,
            52.366409
          ],
          [
            4.901264,
            52.366425
          ],
          [
            4.901327,
            52.36644
          ],
          [
            4.901387,
            52.366455
          ],
          [
            4.901434,
            52.366474
          ],
          [
            4.901473,
            52.366486
          ],
          [
            4.901499,
            52.366509
          ],
          [
            4.901511,
            52.366539
          ],
          [
            4.901501,
            52.366573
          ],
          [
            4.901477,
            52.366608
          ],
          [
            4.901439,
            52.366642
          ],
          [
            4.901399,
            52.366672
          ],
          [
            4.901345,
            52.366703
          ],
          [
            4.901276,
            52.366737
          ],
          [
            4.901201,
            52.366768
          ],
          [
            4.901127,
            52.366802
          ],
          [
            4.901055,
            52.366829
          ],
          [
            4.900971,
            52.366863
          ],
          [
            4.900883,
            52.366898
          ],
          [
            4.900802,
            52.366932
          ],
          [
            4.900721,
            52.366962
          ],
          [
            4.900644,
            52.366997
          ],
          [
            4.900589,
            52.36702
          ],
          [
            4.900474,
            52.367062
          ],
          [
            4.900377,
            52.3671
          ],
          [
            4.900285,
            52.36713
          ],
          [
            4.900209,
            52.367161
          ],
          [
            4.900128,
            52.367187
          ],
          [
            4.900033,
            52.367222
          ],
          [
            4.899944,
            52.367256
          ],
          [
            4.89986,
            52.36729
          ],
          [
            4.899775,
            52.367321
          ],
          [
            4.899699,
            52.367351
          ],
          [
            4.899521,
            52.36742
          ],
          [
            4.899437,
            52.367455
          ],
          [
            4.899354,
            52.367485
          ],
          [
            4.899277,
            52.367519
          ],
          [
            4.899203,
            52.367546
          ],
          [
            4.89913,
            52.367573
          ],
          [
            4.89907,
            52.3676
          ],
          [
            4.899009,
            52.367622
          ],
          [
            4.898968,
            52.367638
          ],
          [
            4.898968,
            52.367638
          ],
          [
            4.898968,
            52.367638
          ],
          [
            4.898968,
            52.367638
          ],
          [
            4.898818,
            52.367672
          ],
          [
            4.898818,
            52.367672
          ],
          [
            4.89886,
            52.367687
          ],
          [
            4.898888,
            52.367695
          ],
          [
            4.898922,
            52.36771
          ],
          [
            4.898977,
            52.367744
          ],
          [
            4.899025,
            52.367771
          ],
          [
            4.899071,
            52.367802
          ],
          [
            4.899116,
            52.36784
          ],
          [
            4.899152,
            52.367874
          ],
          [
            4.899166,
            52.367908
          ],
          [
            4.899208,
            52.367981
          ],
          [
            4.899228,
            52.368011
          ],
          [
            4.899205,
            52.368042
          ],
          [
            4.899204,
            52.368073
          ],
          [
            4.899143,
            52.368084
          ],
          [
            4.899107,
            52.368103
          ],
          [
            4.899057,
            52.368111
          ],
          [
            4.899017,
            52.368118
          ],
          [
            4.898978,
            52.368122
          ],
          [
            4.898943,
            52.368126
          ],
          [
            4.898943,
            52.368126
          ],
          [
            4.898943,
            52.368126
          ],
          [
            4.898922,
            52.368122
          ],
          [
            4.898907,
            52.368118
          ],
          [
            4.898907,
            52.368118
          ],
          [
            4.898907,
            52.368118
          ],
          [
            4.898907,
            52.368118
          ],
          [
            4.898865,
            52.368122
          ],
          [
            4.898856,
            52.36813
          ],
          [
            4.898856,
            52.36813
          ],
          [
            4.898829,
            52.368141
          ],
          [
            4.898818,
            52.368145
          ],
          [
            4.89881,
            52.368153
          ],
          [
            4.89881,
            52.368153
          ],
          [
            4.898795,
            52.36816
          ],
          [
            4.898794,
            52.368176
          ],
          [
            4.898796,
            52.368183
          ],
          [
            4.898812,
            52.368202
          ],
          [
            4.898822,
            52.368217
          ],
          [
            4.898843,
            52.36824
          ],
          [
            4.898873,
            52.368275
          ],
          [
            4.898903,
            52.368305
          ],
          [
            4.898934,
            52.368336
          ],
          [
            4.898957,
            52.368366
          ],
          [
            4.898985,
            52.368393
          ],
          [
            4.89901,
            52.36842
          ],
          [
            4.899034,
            52.368446
          ],
          [
            4.899057,
            52.368469
          ],
          [
            4.899075,
            52.368492
          ],
          [
            4.899092,
            52.368507
          ],
          [
            4.899106,
            52.368526
          ],
          [
            4.899106,
            52.368526
          ],
          [
            4.89915,
            52.368565
          ],
          [
            4.899165,
            52.36858
          ],
          [
            4.899174,
            52.368584
          ],
          [
            4.899174,
            52.368584
          ],
          [
            4.899174,
            52.368584
          ],
          [
            4.899174,
            52.368584
          ],
          [
            4.899446,
            52.368324
          ],
          [
            4.899446,
            52.368324
          ],
          [
            4.899446,
            52.368324
          ],
          [
            4.899257,
            52.368622
          ],
          [
            4.899257,
            52.368622
          ],
          [
            4.899257,
            52.368622
          ],
          [
            4.899216,
            52.368652
          ],
          [
            4.899216,
            52.368652
          ],
          [
            4.899216,
            52.368652
          ],
          [
            4.899228,
            52.36866
          ],
          [
            4.899228,
            52.36866
          ],
          [
            4.899228,
            52.36866
          ],
          [
            4.899257,
            52.368656
          ],
          [
            4.899261,
            52.368668
          ],
          [
            4.899261,
            52.368668
          ],
          [
            4.899309,
            52.368691
          ],
          [
            4.899319,
            52.368702
          ],
          [
            4.899332,
            52.36871
          ],
          [
            4.899343,
            52.368721
          ],
          [
            4.899354,
            52.368736
          ],
          [
            4.899361,
            52.368744
          ],
          [
            4.899377,
            52.368759
          ],
          [
            4.89946,
            52.368851
          ],
          [
            4.899476,
            52.36887
          ],
          [
            4.899495,
            52.368885
          ],
          [
            4.899512,
            52.368904
          ],
          [
            4.899504,
            52.368893
          ],
          [
            4.899505,
            52.368896
          ],
          [
            4.899513,
            52.368908
          ],
          [
            4.899524,
            52.368912
          ],
          [
            4.899541,
            52.368931
          ],
          [
            4.899538,
            52.368935
          ],
          [
            4.89959,
            52.368984
          ],
          [
            4.899632,
            52.369026
          ],
          [
            4.899672,
            52.36906
          ],
          [
            4.89971,
            52.369099
          ],
          [
            4.899745,
            52.369129
          ],
          [
            4.899785,
            52.369163
          ],
          [
            4.899831,
            52.369198
          ],
          [
            4.899872,
            52.369244
          ],
          [
            4.899938,
            52.369305
          ],
          [
            4.899992,
            52.36935
          ],
          [
            4.900037,
            52.369392
          ],
          [
            4.900073,
            52.369423
          ],
          [
            4.900111,
            52.369457
          ],
          [
            4.900143,
            52.369476
          ],
          [
            4.900171,
            52.369499
          ],
          [
            4.900194,
            52.369518
          ],
          [
            4.900202,
            52.369526
          ],
          [
            4.900225,
            52.369534
          ],
          [
            4.900242,
            52.369545
          ],
          [
            4.900248,
            52.369549
          ],
          [
            4.900281,
            52.369564
          ],
          [
            4.900316,
            52.369583
          ],
          [
            4.900314,
            52.369591
          ],
          [
            4.900374,
            52.369625
          ],
          [
            4.900412,
            52.369659
          ],
          [
            4.900434,
            52.369675
          ],
          [
            4.900444,
            52.369701
          ],
          [
            4.900451,
            52.369701
          ],
          [
            4.900401,
            52.369732
          ],
          [
            4.900372,
            52.369743
          ],
          [
            4.900344,
            52.369747
          ],
          [
            4.900315,
            52.369755
          ],
          [
            4.900294,
            52.369759
          ],
          [
            4.900294,
            52.369759
          ],
          [
            4.900245,
            52.369751
          ],
          [
            4.900225,
            52.369747
          ],
          [
            4.900222,
            52.369747
          ],
          [
            4.900208,
            52.369739
          ],
          [
            4.900216,
            52.369736
          ],
          [
            4.900216,
            52.369728
          ],
          [
            4.900223,
            52.369713
          ],
          [
            4.900227,
            52.369717
          ],
          [
            4.900238,
            52.369709
          ],
          [
            4.900302,
            52.369701
          ],
          [
            4.900347,
            52.369705
          ],
          [
            4.900377,
            52.369701
          ],
          [
            4.9004,
            52.369701
          ],
          [
            4.900424,
            52.369709
          ],
          [
            4.900424,
            52.369709
          ],
          [
            4.900421,
            52.369747
          ],
          [
            4.900416,
            52.369759
          ],
          [
            4.900416,
            52.369759
          ],
          [
            4.900384,
            52.369781
          ],
          [
            4.900375,
            52.369781
          ],
          [
            4.900375,
            52.369781
          ],
          [
            4.90032,
            52.369789
          ],
          [
            4.900304,
            52.369785
          ],
          [
            4.90029,
            52.369781
          ],
          [
            4.90029,
            52.369781
          ],
          [
            4.900267,
            52.369747
          ],
          [
            4.900267,
            52.369747
          ],
          [
            4.900267,
            52.369747
          ],
          [
            4.900267,
            52.369747
          ],
          [
            4.900235,
            52.369717
          ],
          [
            4.900237,
            52.369717
          ],
          [
            4.900233,
            52.36972
          ],
          [
            4.900243,
            52.369717
          ],
          [
            4.900253,
            52.369705
          ],
          [
            4.900247,
            52.369705
          ],
          [
            4.900309,
            52.369694
          ],
          [
            4.900357,
            52.369682
          ],
          [
            4.900408,
            52.369682
          ],
          [
            4.900435,
            52.369678
          ],
          [
            4.900459,
            52.369675
          ],
          [
            4.900479,
            52.369678
          ],
          [
            4.900487,
            52.369686
          ],
          [
            4.900483,
            52.36969
          ],
          [
            4.900483,
            52.36969
          ],
          [
            4.900554,
            52.369694
          ],
          [
            4.900575,
            52.36969
          ],
          [
            4.900606,
            52.369694
          ],
          [
            4.900598,
            52.369694
          ],
          [
            4.900689,
            52.369705
          ],
          [
            4.900746,
            52.369713
          ],
          [
            4.900794,
            52.369713
          ],
          [
            4.90083,
            52.369709
          ],
          [
            4.90086,
            52.369705
          ],
          [
            4.900896,
            52.36969
          ],
          [
            4.900926,
            52.369678
          ],
          [
            4.900963,
            52.369659
          ],
          [
            4.901005,
            52.36964
          ],
          [
            4.901045,
            52.369629
          ],
          [
            4.901086,
            52.369621
          ],
          [
            4.901116,
            52.369614
          ],
          [
            4.901149,
            52.36961
          ],
          [
            4.901182,
            52.36961
          ],
          [
            4.901182,
            52.36961
          ],
          [
            4.901182,
            52.36961
          ],
          [
            4.901292,
            52.369595
          ],
          [
            4.901292,
            52.369595
          ],
          [
            4.90133,
            52.369583
          ],
          [
            4.901356,
            52.369579
          ],
          [
            4.90137,
            52.369583
          ],
          [
            4.901381,
            52.369579
          ],
          [
            4.901406,
            52.369579
          ],
          [
            4.901426,
            52.369587
          ],
          [
            4.901454,
            52.369595
          ],
          [
            4.901483,
            52.369621
          ],
          [
            4.901502,
            52.369644
          ],
          [
            4.901521,
            52.369656
          ],
          [
            4.901521,
            52.369656
          ],
          [
            4.901521,
            52.369656
          ],
          [
            4.901521,
            52.369656
          ],
          [
            4.901521,
            52.369656
          ],
          [
            4.901507,
            52.36969
          ],
          [
            4.901506,
            52.36969
          ],
          [
            4.901498,
            52.36969
          ],
          [
            4.901485,
            52.369686
          ],
          [
            4.901464,
            52.369678
          ],
          [
            4.901427,
            52.369671
          ],
          [
            4.901397,
            52.369667
          ],
          [
            4.901353,
            52.369671
          ],
          [
            4.901308,
            52.369675
          ],
          [
            4.901274,
            52.369675
          ],
          [
            4.901231,
            52.369678
          ],
          [
            4.901193,
            52.369686
          ],
          [
            4.901165,
            52.36969
          ],
          [
            4.901165,
            52.36969
          ],
          [
            4.901101,
            52.36972
          ],
          [
            4.901101,
            52.36972
          ],
          [
            4.901045,
            52.369743
          ],
          [
            4.901031,
            52.369755
          ],
          [
            4.90102,
            52.369762
          ],
          [
            4.90102,
            52.369762
          ],
          [
            4.900984,
            52.369789
          ],
          [
            4.900969,
            52.369801
          ],
          [
            4.900969,
            52.369801
          ],
          [
            4.900937,
            52.369816
          ],
          [
            4.900937,
            52.369816
          ],
          [
            4.900916,
            52.369839
          ],
          [
            4.900916,
            52.369839
          ],
          [
            4.900886,
            52.369854
          ],
          [
            4.900877,
            52.369862
          ],
          [
            4.900877,
            52.369862
          ],
          [
            4.900845,
            52.369869
          ],
          [
            4.900845,
            52.369869
          ],
          [
            4.900805,
            52.369885
          ],
          [
            4.900805,
            52.369885
          ],
          [
            4.900771,
            52.369892
          ],
          [
            4.900771,
            52.369892
          ],
          [
            4.900743,
            52.369904
          ],
          [
            4.900743,
            52.369904
          ],
          [
            4.900712,
            52.369911
          ],
          [
            4.900712,
            52.369911
          ],
          [
            4.900712,
            52.369911
          ],
          [
            4.900668,
            52.369923
          ],
          [
            4.900668,
            52.369923
          ],
          [
            4.900668,
            52.369923
          ],
          [
            4.900668,
            52.369923
          ],
          [
            4.900675,
            52.369915
          ],
          [
            4.900675,
            52.369915
          ],
          [
            4.900675,
            52.369915
          ],
          [
            4.900675,
            52.369915
          ],
          [
            4.900784,
            52.369976
          ],
          [
            4.900813,
            52.369976
          ],
          [
            4.900813,
            52.369976
          ],
          [
            4.900815,
            52.369991
          ],
          [
            4.900806,
            52.370014
          ],
          [
            4.900815,
            52.369999
          ],
          [
            4.900812,
            52.370003
          ],
          [
            4.90081,
            52.37001
          ],
          [
            4.900799,
            52.370026
          ],
          [
            4.900799,
            52.370049
          ],
          [
            4.900779,
            52.370087
          ],
          [
            4.900761,
            52.370125
          ],
          [
            4.90075,
            52.370159
          ],
          [
            4.90073,
            52.370213
          ],
          [
            4.900715,
            52.370274
          ],
          [
            4.900701,
            52.370335
          ],
          [
            4.900686,
            52.370392
          ],
          [
            4.900676,
            52.370441
          ],
          [
            4.900648,
            52.370495
          ],
          [
            4.900643,
            52.370544
          ],
          [
            4.900628,
            52.370609
          ],
          [
            4.900623,
            52.370678
          ],
          [
            4.900624,
            52.370739
          ],
          [
            4.900612,
            52.370792
          ],
          [
            4.900613,
            52.370857
          ],
          [
            4.900597,
            52.370926
          ],
          [
            4.900597,
            52.371006
          ],
          [
            4.900589,
            52.371067
          ],
          [
            4.900579,
            52.37112
          ],
          [
            4.900564,
            52.371182
          ],
          [
            4.900549,
            52.371243
          ],
          [
            4.900541,
            52.371311
          ],
          [
            4.900533,
            52.371376
          ],
          [
            4.900519,
            52.371437
          ],
          [
            4.900505,
            52.37149
          ],
          [
            4.900507,
            52.371559
          ],
          [
            4.900494,
            52.371616
          ],
          [
            4.900489,
            52.371685
          ],
          [
            4.900484,
            52.371746
          ],
          [
            4.900473,
            52.371803
          ],
          [
            4.900475,
            52.371864
          ],
          [
            4.900486,
            52.371918
          ],
          [
            4.900493,
            52.371975
          ],
          [
            4.900499,
            52.372028
          ],
          [
            4.900518,
            52.372078
          ],
          [
            4.900566,
            52.372162
          ],
          [
            4.900596,
            52.372223
          ],
          [
            4.900626,
            52.372276
          ],
          [
            4.900656,
            52.372318
          ],
          [
            4.900683,
            52.37236
          ],
          [
            4.900712,
            52.372414
          ],
          [
            4.900738,
            52.372459
          ],
          [
            4.900754,
            52.372494
          ],
          [
            4.900776,
            52.372528
          ],
          [
            4.90076,
            52.372604
          ],
          [
            4.90076,
            52.372604
          ],
          [
            4.900728,
            52.372623
          ],
          [
            4.900728,
            52.372623
          ],
          [
            4.900728,
            52.372623
          ],
          [
            4.900582,
            52.372631
          ],
          [
            4.900582,
            52.372631
          ],
          [
            4.900582,
            52.372631
          ],
          [
            4.900723,
            52.372612
          ],
          [
            4.900723,
            52.372612
          ],
          [
            4.900723,
            52.372612
          ],
          [
            4.900742,
            52.37262
          ],
          [
            4.900742,
            52.37262
          ],
          [
            4.900748,
            52.372608
          ],
          [
            4.900748,
            52.372589
          ],
          [
            4.900749,
            52.372562
          ],
          [
            4.900743,
            52.372528
          ],
          [
            4.900732,
            52.37249
          ],
          [
            4.90072,
            52.372456
          ],
          [
            4.900695,
            52.372417
          ],
          [
            4.900662,
            52.372387
          ],
          [
            4.900599,
            52.372311
          ],
          [
            4.900558,
            52.372261
          ],
          [
            4.90053,
            52.372231
          ],
          [
            4.900484,
            52.372204
          ],
          [
            4.900506,
            52.372208
          ],
          [
            4.900499,
            52.372208
          ],
          [
            4.90049,
            52.3722
          ],
          [
            4.900464,
            52.372181
          ],
          [
            4.900426,
            52.372166
          ],
          [
            4.90039,
            52.372154
          ],
          [
            4.900362,
            52.372143
          ],
          [
            4.900362,
            52.372143
          ],
          [
            4.90028,
            52.372131
          ],
          [
            4.900244,
            52.372135
          ],
          [
            4.900219,
            52.372143
          ],
          [
            4.900187,
            52.372154
          ],
          [
            4.900169,
            52.372158
          ],
          [
            4.900149,
            52.372158
          ],
          [
            4.900064,
            52.372169
          ],
          [
            4.899997,
            52.372169
          ],
          [
            4.899961,
            52.372169
          ],
          [
            4.899923,
            52.372166
          ],
          [
            4.899923,
            52.372166
          ],
          [
            4.899923,
            52.372166
          ],
          [
            4.899696,
            52.372101
          ],
          [
            4.899799,
            52.372131
          ],
          [
            4.899815,
            52.372154
          ],
          [
            4.899817,
            52.372162
          ],
          [
            4.899818,
            52.372181
          ],
          [
            4.899847,
            52.372196
          ],
          [
            4.899898,
            52.372208
          ],
          [
            4.89996,
            52.372208
          ],
          [
            4.900022,
            52.372196
          ],
          [
            4.900002,
            52.3722
          ],
          [
            4.900012,
            52.372196
          ],
          [
            4.90003,
            52.372192
          ],
          [
            4.900061,
            52.372189
          ],
          [
            4.900098,
            52.372181
          ],
          [
            4.900131,
            52.372173
          ],
          [
            4.900171,
            52.372166
          ],
          [
            4.900214,
            52.372154
          ],
          [
            4.900251,
            52.372147
          ],
          [
            4.900251,
            52.372147
          ],
          [
            4.900337,
            52.372135
          ],
          [
            4.900375,
            52.372131
          ],
          [
            4.9004,
            52.372131
          ],
          [
            4.900421,
            52.372135
          ],
          [
            4.900445,
            52.372139
          ],
          [
            4.900459,
            52.372154
          ],
          [
            4.900499,
            52.372173
          ],
          [
            4.900549,
            52.372219
          ],
          [
            4.900595,
            52.372273
          ],
          [
            4.90062,
            52.372318
          ],
          [
            4.900657,
            52.372368
          ],
          [
            4.900697,
            52.372425
          ],
          [
            4.900728,
            52.372478
          ],
          [
            4.900771,
            52.37252
          ],
          [
            4.900802,
            52.372585
          ],
          [
            4.90084,
            52.372639
          ],
          [
            4.900871,
            52.372692
          ],
          [
            4.900909,
            52.372749
          ],
          [
            4.90093,
            52.372791
          ],
          [
            4.900967,
            52.372833
          ],
          [
            4.900997,
            52.372891
          ],
          [
            4.901017,
            52.37294
          ],
          [
            4.901041,
            52.372986
          ],
          [
            4.901065,
            52.373032
          ],
          [
            4.901081,
            52.37307
          ],
          [
            4.901112,
            52.373112
          ],
          [
            4.901127,
            52.373154
          ],
          [
            4.901152,
            52.373203
          ],
          [
            4.90118,
            52.373257
          ],
          [
            4.901211,
            52.373306
          ],
          [
            4.901237,
            52.37336
          ],
          [
            4.901261,
            52.373413
          ],
          [
            4.901292,
            52.373474
          ],
          [
            4.901322,
            52.373543
          ],
          [
            4.901357,
            52.373611
          ],
          [
            4.901404,
            52.373703
          ],
          [
            4.901455,
            52.373795
          ],
          [
            4.901502,
            52.373878
          ],
          [
            4.90152,
            52.373905
          ],
          [
            4.901547,
            52.373974
          ],
          [
            4.90159,
            52.37405
          ],
          [
            4.901648,
            52.374172
          ],
          [
            4.901681,
            52.374233
          ],
          [
            4.901716,
            52.374306
          ],
          [
            4.901754,
            52.37439
          ],
          [
            4.901794,
            52.374474
          ],
          [
            4.901824,
            52.374554
          ],
          [
            4.90185,
            52.374599
          ],
          [
            4.901886,
            52.374664
          ],
          [
            4.901888,
            52.374672
          ],
          [
            4.901921,
            52.374744
          ],
          [
            4.901952,
            52.374821
          ],
          [
            4.901981,
            52.374878
          ],
          [
            4.902033,
            52.374989
          ],
          [
            4.902046,
            52.375011
          ],
          [
            4.90207,
            52.375057
          ],
          [
            4.902105,
            52.375122
          ],
          [
            4.902139,
            52.375187
          ],
          [
            4.902179,
            52.375259
          ],
          [
            4.902215,
            52.375328
          ],
          [
            4.902244,
            52.375393
          ],
          [
            4.902268,
            52.37545
          ],
          [
            4.90229,
            52.375477
          ],
          [
            4.902305,
            52.375523
          ],
          [
            4.902321,
            52.375565
          ],
          [
            4.902345,
            52.375607
          ],
          [
            4.902369,
            52.37566
          ],
          [
            4.902388,
            52.375702
          ],
          [
            4.90241,
            52.375748
          ],
          [
            4.902424,
            52.375793
          ],
          [
            4.902445,
            52.375832
          ],
          [
            4.902459,
            52.37587
          ],
          [
            4.902481,
            52.375912
          ],
          [
            4.902503,
            52.37595
          ],
          [
            4.902529,
            52.375984
          ],
          [
            4.902574,
            52.376019
          ],
          [
            4.902625,
            52.376041
          ],
          [
            4.902688,
            52.37606
          ],
          [
            4.90272,
            52.376064
          ],
          [
            4.902809,
            52.376053
          ],
          [
            4.902876,
            52.376041
          ],
          [
            4.902935,
            52.376022
          ],
          [
            4.902996,
            52.375988
          ],
          [
            4.903045,
            52.375946
          ],
          [
            4.903089,
            52.375904
          ],
          [
            4.903127,
            52.375858
          ],
          [
            4.903152,
            52.375809
          ],
          [
            4.903167,
            52.375755
          ],
          [
            4.903174,
            52.375706
          ],
          [
            4.903181,
            52.375637
          ],
          [
            4.903184,
            52.375576
          ],
          [
            4.90319,
            52.375519
          ],
          [
            4.903201,
            52.375462
          ],
          [
            4.903213,
            52.375397
          ],
          [
            4.903227,
            52.375336
          ],
          [
            4.903251,
            52.375279
          ],
          [
            4.903282,
            52.375225
          ],
          [
            4.903324,
            52.375175
          ],
          [
            4.903373,
            52.375126
          ],
          [
            4.90342,
            52.375084
          ],
          [
            4.903476,
            52.375038
          ],
          [
            4.903524,
            52.375008
          ],
          [
            4.903583,
            52.374969
          ],
          [
            4.903636,
            52.374935
          ],
          [
            4.903693,
            52.374901
          ],
          [
            4.903742,
            52.374874
          ],
          [
            4.9038,
            52.374844
          ],
          [
            4.903853,
            52.374809
          ],
          [
            4.90391,
            52.374775
          ],
          [
            4.903964,
            52.374748
          ],
          [
            4.904027,
            52.37471
          ],
          [
            4.904082,
            52.37468
          ],
          [
            4.904135,
            52.374649
          ],
          [
            4.904192,
            52.374619
          ],
          [
            4.904251,
            52.374588
          ],
          [
            4.9043,
            52.374561
          ],
          [
            4.904358,
            52.374531
          ],
          [
            4.904419,
            52.3745
          ],
          [
            4.904524,
            52.374443
          ],
          [
            4.904567,
            52.37442
          ],
          [
            4.904598,
            52.374393
          ],
          [
            4.904628,
            52.374367
          ],
          [
            4.904649,
            52.374344
          ],
          [
            4.904654,
            52.374329
          ],
          [
            4.904644,
            52.374302
          ],
          [
            4.90463,
            52.374283
          ],
          [
            4.904602,
            52.374256
          ],
          [
            4.904572,
            52.374233
          ],
          [
            4.904538,
            52.374203
          ],
          [
            4.9045,
            52.374172
          ],
          [
            4.90446,
            52.374142
          ],
          [
            4.904428,
            52.374111
          ],
          [
            4.904384,
            52.374077
          ],
          [
            4.904346,
            52.374043
          ],
          [
            4.904304,
            52.374008
          ],
          [
            4.904267,
            52.373978
          ],
          [
            4.904227,
            52.373951
          ],
          [
            4.904193,
            52.373928
          ],
          [
            4.904152,
            52.373901
          ],
          [
            4.904112,
            52.373886
          ],
          [
            4.904076,
            52.373875
          ],
          [
            4.904031,
            52.373882
          ],
          [
            4.904007,
            52.37389
          ],
          [
            4.903967,
            52.373901
          ],
          [
            4.903943,
            52.373924
          ],
          [
            4.903914,
            52.373955
          ],
          [
            4.90388,
            52.373985
          ],
          [
            4.903854,
            52.374023
          ],
          [
            4.903829,
            52.37405
          ],
          [
            4.903804,
            52.374085
          ],
          [
            4.903785,
            52.374111
          ],
          [
            4.903762,
            52.374146
          ],
          [
            4.903744,
            52.374184
          ],
          [
            4.903715,
            52.374222
          ],
          [
            4.903696,
            52.374256
          ],
          [
            4.903671,
            52.37429
          ],
          [
            4.903658,
            52.374325
          ],
          [
            4.903644,
            52.374367
          ],
          [
            4.903633,
            52.374401
          ],
          [
            4.903635,
            52.374432
          ],
          [
            4.90364,
            52.374466
          ],
          [
            4.903652,
            52.374496
          ],
          [
            4.903664,
            52.374531
          ],
          [
            4.903678,
            52.374561
          ],
          [
            4.903682,
            52.374596
          ],
          [
            4.903695,
            52.374622
          ],
          [
            4.903703,
            52.374645
          ],
          [
            4.903719,
            52.374672
          ],
          [
            4.903719,
            52.374672
          ],
          [
            4.903766,
            52.374733
          ],
          [
            4.90378,
            52.374748
          ],
          [
            4.90378,
            52.374748
          ],
          [
            4.90378,
            52.374748
          ],
          [
            4.903837,
            52.374779
          ],
          [
            4.903837,
            52.374779
          ],
          [
            4.903837,
            52.374779
          ],
          [
            4.903837,
            52.374779
          ],
          [
            4.903839,
            52.374821
          ],
          [
            4.903876,
            52.37479
          ],
          [
            4.903895,
            52.374802
          ],
          [
            4.903914,
            52.374794
          ],
          [
            4.90394,
            52.374794
          ],
          [
            4.903966,
            52.374786
          ],
          [
            4.90399,
            52.374783
          ],
          [
            4.90399,
            52.374783
          ],
          [
            4.904038,
            52.37479
          ],
          [
            4.904038,
            52.37479
          ],
          [
            4.904038,
            52.37479
          ],
          [
            4.904038,
            52.37479
          ],
          [
            4.904038,
            52.37479
          ],
          [
            4.904042,
            52.374794
          ],
          [
            4.904058,
            52.374805
          ],
          [
            4.904058,
            52.374821
          ],
          [
            4.904052,
            52.374859
          ],
          [
            4.904052,
            52.374901
          ],
          [
            4.904062,
            52.374943
          ],
          [
            4.904102,
            52.374977
          ],
          [
            4.904152,
            52.374989
          ],
          [
            4.904238,
            52.374985
          ],
          [
            4.904306,
            52.374966
          ],
          [
            4.904331,
            52.374943
          ],
          [
            4.904444,
            52.374859
          ],
          [
            4.904451,
            52.374855
          ],
          [
            4.9045,
            52.374821
          ],
          [
            4.904593,
            52.37476
          ],
          [
            4.904687,
            52.374702
          ],
          [
            4.904786,
            52.374641
          ],
          [
            4.904874,
            52.374588
          ],
          [
            4.90491,
            52.374565
          ],
          [
            4.904992,
            52.374523
          ],
          [
            4.905081,
            52.374474
          ],
          [
            4.905156,
            52.374432
          ],
          [
            4.905241,
            52.374374
          ],
          [
            4.905264,
            52.374359
          ],
          [
            4.905301,
            52.374332
          ],
          [
            4.905344,
            52.374306
          ],
          [
            4.90539,
            52.374279
          ],
          [
            4.905435,
            52.374256
          ],
          [
            4.905516,
            52.374218
          ],
          [
            4.905582,
            52.374187
          ],
          [
            4.905649,
            52.374157
          ],
          [
            4.905714,
            52.374123
          ],
          [
            4.90579,
            52.374081
          ],
          [
            4.905861,
            52.374039
          ],
          [
            4.905928,
            52.374004
          ],
          [
            4.906002,
            52.373962
          ],
          [
            4.906079,
            52.373917
          ],
          [
            4.906156,
            52.373875
          ],
          [
            4.906222,
            52.373836
          ],
          [
            4.906286,
            52.373798
          ],
          [
            4.906354,
            52.37376
          ],
          [
            4.906414,
            52.37373
          ],
          [
            4.90648,
            52.373692
          ],
          [
            4.906538,
            52.373657
          ],
          [
            4.906601,
            52.373627
          ],
          [
            4.906666,
            52.373585
          ],
          [
            4.906733,
            52.373543
          ],
          [
            4.906794,
            52.373501
          ],
          [
            4.906865,
            52.373455
          ],
          [
            4.906931,
            52.373409
          ],
          [
            4.906996,
            52.373363
          ],
          [
            4.907055,
            52.373322
          ],
          [
            4.907125,
            52.373272
          ],
          [
            4.907195,
            52.373226
          ],
          [
            4.907255,
            52.373184
          ],
          [
            4.907315,
            52.373146
          ],
          [
            4.90737,
            52.373112
          ],
          [
            4.90742,
            52.373085
          ],
          [
            4.907456,
            52.373062
          ],
          [
            4.907489,
            52.373047
          ],
          [
            4.907527,
            52.373028
          ],
          [
            4.907562,
            52.373009
          ],
          [
            4.907608,
            52.372986
          ],
          [
            4.907646,
            52.372963
          ],
          [
            4.907689,
            52.37294
          ],
          [
            4.907729,
            52.372917
          ],
          [
            4.907769,
            52.372894
          ],
          [
            4.907807,
            52.372868
          ],
          [
            4.907846,
            52.372841
          ],
          [
            4.907888,
            52.372814
          ],
          [
            4.907921,
            52.372799
          ],
          [
            4.907961,
            52.37278
          ],
          [
            4.907993,
            52.372765
          ],
          [
            4.908033,
            52.372742
          ],
          [
            4.908069,
            52.372723
          ],
          [
            4.908101,
            52.372704
          ],
          [
            4.908128,
            52.372688
          ],
          [
            4.90816,
            52.372677
          ],
          [
            4.908197,
            52.372658
          ],
          [
            4.908242,
            52.372639
          ],
          [
            4.908294,
            52.372627
          ],
          [
            4.908349,
            52.372612
          ],
          [
            4.908401,
            52.372604
          ],
          [
            4.908463,
            52.372597
          ],
          [
            4.908537,
            52.372597
          ],
          [
            4.908613,
            52.372597
          ],
          [
            4.90869,
            52.372589
          ],
          [
            4.908769,
            52.372578
          ],
          [
            4.908852,
            52.372562
          ],
          [
            4.908875,
            52.372562
          ],
          [
            4.909006,
            52.372524
          ],
          [
            4.909115,
            52.372494
          ],
          [
            4.909203,
            52.372459
          ],
          [
            4.909298,
            52.372429
          ],
          [
            4.909391,
            52.372395
          ],
          [
            4.909474,
            52.372368
          ],
          [
            4.909574,
            52.372334
          ],
          [
            4.909668,
            52.372299
          ],
          [
            4.909757,
            52.372269
          ],
          [
            4.909843,
            52.372242
          ],
          [
            4.909928,
            52.372215
          ],
          [
            4.910003,
            52.372189
          ],
          [
            4.910053,
            52.372169
          ],
          [
            4.910149,
            52.372131
          ],
          [
            4.910222,
            52.372105
          ],
          [
            4.910295,
            52.372074
          ],
          [
            4.91036,
            52.372047
          ],
          [
            4.910424,
            52.372021
          ],
          [
            4.910483,
            52.371994
          ],
          [
            4.910537,
            52.371971
          ],
          [
            4.910583,
            52.371956
          ],
          [
            4.910622,
            52.371944
          ],
          [
            4.910654,
            52.371933
          ],
          [
            4.910654,
            52.371933
          ],
          [
            4.910654,
            52.371933
          ],
          [
            4.910654,
            52.371933
          ],
          [
            4.910764,
            52.371902
          ],
          [
            4.910764,
            52.371902
          ],
          [
            4.910787,
            52.371895
          ],
          [
            4.910787,
            52.371895
          ],
          [
            4.910787,
            52.371895
          ],
          [
            4.910833,
            52.371883
          ],
          [
            4.910847,
            52.37188
          ],
          [
            4.910862,
            52.37188
          ],
          [
            4.910883,
            52.371876
          ],
          [
            4.910911,
            52.371864
          ],
          [
            4.910949,
            52.371849
          ],
          [
            4.910995,
            52.371834
          ],
          [
            4.911049,
            52.371811
          ],
          [
            4.9111,
            52.371792
          ],
          [
            4.911166,
            52.371765
          ],
          [
            4.911227,
            52.371746
          ],
          [
            4.911284,
            52.371727
          ],
          [
            4.911357,
            52.371712
          ],
          [
            4.911429,
            52.371697
          ],
          [
            4.911499,
            52.371685
          ],
          [
            4.91157,
            52.37167
          ],
          [
            4.911637,
            52.371655
          ],
          [
            4.911694,
            52.371643
          ],
          [
            4.911749,
            52.37162
          ],
          [
            4.911798,
            52.37159
          ],
          [
            4.911856,
            52.371563
          ],
          [
            4.911911,
            52.371532
          ],
          [
            4.911984,
            52.37149
          ],
          [
            4.912051,
            52.37146
          ],
          [
            4.912118,
            52.371426
          ],
          [
            4.912264,
            52.371368
          ],
          [
            4.912343,
            52.371342
          ],
          [
            4.912422,
            52.371315
          ],
          [
            4.912486,
            52.371296
          ],
          [
            4.912549,
            52.371269
          ],
          [
            4.912603,
            52.37125
          ],
          [
            4.912661,
            52.371227
          ],
          [
            4.912716,
            52.371201
          ],
          [
            4.912775,
            52.371178
          ],
          [
            4.912829,
            52.371155
          ],
          [
            4.912883,
            52.371136
          ],
          [
            4.912939,
            52.371117
          ],
          [
            4.912989,
            52.371101
          ],
          [
            4.913039,
            52.371086
          ],
          [
            4.913078,
            52.371075
          ],
          [
            4.913125,
            52.371063
          ],
          [
            4.913169,
            52.371056
          ],
          [
            4.913206,
            52.371052
          ],
          [
            4.913253,
            52.371044
          ],
          [
            4.913294,
            52.37104
          ],
          [
            4.913349,
            52.371037
          ],
          [
            4.913395,
            52.371033
          ],
          [
            4.913426,
            52.371025
          ],
          [
            4.913461,
            52.371014
          ],
          [
            4.913461,
            52.371014
          ],
          [
            4.913523,
            52.371021
          ],
          [
            4.913523,
            52.371021
          ],
          [
            4.913523,
            52.371021
          ],
          [
            4.9135,
            52.371029
          ],
          [
            4.9135,
            52.371029
          ],
          [
            4.913456,
            52.37104
          ],
          [
            4.913436,
            52.371044
          ],
          [
            4.913417,
            52.371048
          ],
          [
            4.913388,
            52.371059
          ],
          [
            4.913354,
            52.371071
          ],
          [
            4.913322,
            52.371079
          ],
          [
            4.913297,
            52.371082
          ],
          [
            4.913297,
            52.371082
          ],
          [
            4.91324,
            52.371101
          ],
          [
            4.91324,
            52.371101
          ],
          [
            4.91323,
            52.371117
          ],
          [
            4.913234,
            52.371117
          ],
          [
            4.913234,
            52.371117
          ],
          [
            4.913234,
            52.371117
          ],
          [
            4.913234,
            52.371117
          ],
          [
            4.913234,
            52.371117
          ],
          [
            4.913264,
            52.371159
          ],
          [
            4.913264,
            52.371159
          ],
          [
            4.913264,
            52.371159
          ],
          [
            4.913233,
            52.371109
          ],
          [
            4.913235,
            52.371098
          ],
          [
            4.913209,
            52.371079
          ],
          [
            4.913172,
            52.371071
          ],
          [
            4.913121,
            52.371067
          ],
          [
            4.913057,
            52.371079
          ],
          [
            4.912993,
            52.371098
          ],
          [
            4.912933,
            52.37112
          ],
          [
            4.912862,
            52.371136
          ],
          [
            4.912799,
            52.371159
          ],
          [
            4.912733,
            52.371185
          ],
          [
            4.912687,
            52.371212
          ],
          [
            4.912644,
            52.37125
          ],
          [
            4.912594,
            52.371265
          ],
          [
            4.912569,
            52.371273
          ],
          [
            4.912453,
            52.371311
          ],
          [
            4.912382,
            52.37133
          ],
          [
            4.912335,
            52.371349
          ],
          [
            4.912275,
            52.371372
          ],
          [
            4.912217,
            52.371391
          ],
          [
            4.912156,
            52.371414
          ],
          [
            4.912093,
            52.371445
          ],
          [
            4.912022,
            52.371468
          ],
          [
            4.911963,
            52.371498
          ],
          [
            4.911912,
            52.371529
          ],
          [
            4.911883,
            52.371559
          ],
          [
            4.911857,
            52.371586
          ],
          [
            4.911831,
            52.371601
          ],
          [
            4.911831,
            52.371601
          ],
          [
            4.911831,
            52.371601
          ],
          [
            4.911828,
            52.371609
          ],
          [
            4.911782,
            52.371632
          ],
          [
            4.911768,
            52.371639
          ],
          [
            4.911739,
            52.371655
          ],
          [
            4.911694,
            52.371666
          ],
          [
            4.911639,
            52.371674
          ],
          [
            4.911581,
            52.371681
          ],
          [
            4.911516,
            52.371689
          ],
          [
            4.911451,
            52.3717
          ],
          [
            4.911389,
            52.371712
          ],
          [
            4.911316,
            52.371742
          ],
          [
            4.91128,
            52.371761
          ],
          [
            4.91128,
            52.371761
          ],
          [
            4.91128,
            52.371761
          ],
          [
            4.91128,
            52.371761
          ],
          [
            4.911256,
            52.371784
          ],
          [
            4.911225,
            52.371792
          ],
          [
            4.911173,
            52.371803
          ],
          [
            4.911113,
            52.371819
          ],
          [
            4.911056,
            52.37183
          ],
          [
            4.910998,
            52.371845
          ],
          [
            4.910943,
            52.371861
          ],
          [
            4.910889,
            52.37188
          ],
          [
            4.910832,
            52.371902
          ],
          [
            4.910769,
            52.371937
          ],
          [
            4.910711,
            52.371963
          ],
          [
            4.910644,
            52.37199
          ],
          [
            4.910585,
            52.372005
          ],
          [
            4.9105,
            52.372017
          ],
          [
            4.910419,
            52.372047
          ],
          [
            4.910345,
            52.372082
          ],
          [
            4.910267,
            52.372112
          ],
          [
            4.910184,
            52.372143
          ],
          [
            4.91009,
            52.372181
          ],
          [
            4.91,
            52.372211
          ],
          [
            4.909911,
            52.372238
          ],
          [
            4.909824,
            52.372261
          ],
          [
            4.909738,
            52.372299
          ],
          [
            4.909648,
            52.37233
          ],
          [
            4.909572,
            52.372364
          ],
          [
            4.909481,
            52.372383
          ],
          [
            4.909391,
            52.37241
          ],
          [
            4.909302,
            52.37244
          ],
          [
            4.909213,
            52.372475
          ],
          [
            4.909124,
            52.372501
          ],
          [
            4.909046,
            52.37252
          ],
          [
            4.908974,
            52.372547
          ],
          [
            4.908917,
            52.372566
          ],
          [
            4.90884,
            52.372589
          ],
          [
            4.908781,
            52.372601
          ],
          [
            4.908708,
            52.372608
          ],
          [
            4.908645,
            52.372616
          ],
          [
            4.908606,
            52.372604
          ],
          [
            4.908554,
            52.372593
          ],
          [
            4.908504,
            52.372589
          ],
          [
            4.908448,
            52.372581
          ],
          [
            4.908387,
            52.372581
          ],
          [
            4.90833,
            52.372589
          ],
          [
            4.908269,
            52.372604
          ],
          [
            4.908209,
            52.372623
          ],
          [
            4.908169,
            52.372639
          ],
          [
            4.9081,
            52.372673
          ],
          [
            4.908025,
            52.372715
          ],
          [
            4.907958,
            52.372745
          ],
          [
            4.907891,
            52.37278
          ],
          [
            4.907821,
            52.372822
          ],
          [
            4.907758,
            52.37286
          ],
          [
            4.907697,
            52.372894
          ],
          [
            4.90763,
            52.372925
          ],
          [
            4.907576,
            52.372948
          ],
          [
            4.907519,
            52.372959
          ],
          [
            4.907466,
            52.372959
          ],
          [
            4.907414,
            52.37294
          ],
          [
            4.907362,
            52.372925
          ],
          [
            4.907307,
            52.372891
          ],
          [
            4.907259,
            52.37286
          ],
          [
            4.907172,
            52.372814
          ],
          [
            4.907176,
            52.372814
          ],
          [
            4.907021,
            52.372749
          ],
          [
            4.906912,
            52.372704
          ],
          [
            4.906815,
            52.372662
          ],
          [
            4.906727,
            52.372627
          ],
          [
            4.906634,
            52.372589
          ],
          [
            4.906547,
            52.372551
          ],
          [
            4.906461,
            52.372513
          ],
          [
            4.906388,
            52.372478
          ],
          [
            4.906311,
            52.372448
          ],
          [
            4.906237,
            52.372414
          ],
          [
            4.906158,
            52.372379
          ],
          [
            4.906092,
            52.372353
          ],
          [
            4.906021,
            52.372322
          ],
          [
            4.905957,
            52.372295
          ],
          [
            4.905899,
            52.372269
          ],
          [
            4.905834,
            52.372238
          ],
          [
            4.905765,
            52.372204
          ],
          [
            4.905702,
            52.372173
          ],
          [
            4.905636,
            52.372139
          ],
          [
            4.905571,
            52.372105
          ],
          [
            4.905499,
            52.372074
          ],
          [
            4.905431,
            52.37204
          ],
          [
            4.905362,
            52.372005
          ],
          [
            4.905303,
            52.371983
          ],
          [
            4.905241,
            52.371956
          ],
          [
            4.905186,
            52.371933
          ],
          [
            4.905131,
            52.37191
          ],
          [
            4.905084,
            52.371895
          ],
          [
            4.905036,
            52.371876
          ],
          [
            4.905036,
            52.371876
          ],
          [
            4.905036,
            52.371876
          ],
          [
            4.905004,
            52.37167
          ],
          [
            4.905004,
            52.37167
          ],
          [
            4.904985,
            52.371746
          ],
          [
            4.904985,
            52.371746
          ],
          [
            4.904985,
            52.371746
          ],
          [
            4.904927,
            52.371761
          ],
          [
            4.904912,
            52.371761
          ],
          [
            4.9049,
            52.371758
          ],
          [
            4.904884,
            52.37175
          ],
          [
            4.904868,
            52.371746
          ],
          [
            4.904842,
            52.371735
          ],
          [
            4.904812,
            52.371723
          ],
          [
            4.904781,
            52.371708
          ],
          [
            4.904736,
            52.371685
          ],
          [
            4.904696,
            52.37167
          ],
          [
            4.904661,
            52.371655
          ],
          [
            4.904661,
            52.371655
          ],
          [
            4.904573,
            52.371624
          ],
          [
            4.904573,
            52.371624
          ],
          [
            4.904547,
            52.371601
          ],
          [
            4.904547,
            52.371601
          ],
          [
            4.904551,
            52.371601
          ],
          [
            4.904557,
            52.371605
          ],
          [
            4.904558,
            52.371601
          ],
          [
            4.904564,
            52.371605
          ],
          [
            4.904577,
            52.371616
          ],
          [
            4.904585,
            52.371632
          ],
          [
            4.904588,
            52.371643
          ],
          [
            4.904589,
            52.371658
          ],
          [
            4.90461,
            52.371658
          ],
          [
            4.904547,
            52.371704
          ],
          [
            4.904497,
            52.371735
          ],
          [
            4.904454,
            52.371761
          ],
          [
            4.904381,
            52.371803
          ],
          [
            4.904288,
            52.371861
          ],
          [
            4.904288,
            52.371861
          ],
          [
            4.904288,
            52.371861
          ],
          [
            4.904076,
            52.372002
          ],
          [
            4.904056,
            52.372013
          ],
          [
            4.904047,
            52.372017
          ],
          [
            4.904031,
            52.372025
          ],
          [
            4.904016,
            52.372032
          ],
          [
            4.903989,
            52.372047
          ],
          [
            4.904004,
            52.372044
          ],
          [
            4.903927,
            52.372078
          ],
          [
            4.903865,
            52.372101
          ],
          [
            4.903808,
            52.372124
          ],
          [
            4.903756,
            52.37215
          ],
          [
            4.903707,
            52.372173
          ],
          [
            4.903653,
            52.3722
          ],
          [
            4.903597,
            52.372227
          ],
          [
            4.903553,
            52.372253
          ],
          [
            4.903553,
            52.372253
          ],
          [
            4.903553,
            52.372253
          ],
          [
            4.903553,
            52.372253
          ],
          [
            4.903553,
            52.372253
          ],
          [
            4.903553,
            52.372253
          ],
          [
            4.903368,
            52.372379
          ],
          [
            4.903368,
            52.372379
          ],
          [
            4.903368,
            52.372379
          ],
          [
            4.903368,
            52.372379
          ],
          [
            4.903193,
            52.372364
          ],
          [
            4.903193,
            52.372364
          ],
          [
            4.903167,
            52.37236
          ],
          [
            4.903159,
            52.37236
          ],
          [
            4.903151,
            52.372364
          ],
          [
            4.90314,
            52.372372
          ],
          [
            4.903122,
            52.372379
          ],
          [
            4.903096,
            52.372395
          ],
          [
            4.903066,
            52.372417
          ],
          [
            4.903031,
            52.372437
          ],
          [
            4.902989,
            52.372459
          ],
          [
            4.902956,
            52.372471
          ],
          [
            4.902956,
            52.372471
          ],
          [
            4.902956,
            52.372471
          ],
          [
            4.902944,
            52.372482
          ],
          [
            4.902944,
            52.372482
          ],
          [
            4.902944,
            52.372482
          ],
          [
            4.902942,
            52.372471
          ],
          [
            4.902932,
            52.372471
          ],
          [
            4.902922,
            52.372467
          ],
          [
            4.902911,
            52.372463
          ],
          [
            4.902906,
            52.372463
          ],
          [
            4.902885,
            52.372463
          ],
          [
            4.902864,
            52.372463
          ],
          [
            4.902843,
            52.372463
          ],
          [
            4.90282,
            52.372467
          ],
          [
            4.902796,
            52.372471
          ],
          [
            4.902796,
            52.372471
          ],
          [
            4.90272,
            52.372478
          ],
          [
            4.902692,
            52.372482
          ],
          [
            4.902672,
            52.372478
          ],
          [
            4.902656,
            52.372478
          ],
          [
            4.902641,
            52.372467
          ],
          [
            4.902619,
            52.372448
          ],
          [
            4.902602,
            52.372437
          ],
          [
            4.902585,
            52.372414
          ],
          [
            4.902574,
            52.372383
          ],
          [
            4.902565,
            52.372353
          ],
          [
            4.902557,
            52.372322
          ],
          [
            4.902545,
            52.372295
          ],
          [
            4.902533,
            52.372261
          ],
          [
            4.902544,
            52.372223
          ],
          [
            4.902525,
            52.372173
          ],
          [
            4.902531,
            52.372135
          ],
          [
            4.902529,
            52.372101
          ],
          [
            4.902546,
            52.37207
          ],
          [
            4.902569,
            52.372047
          ],
          [
            4.902601,
            52.372021
          ],
          [
            4.902638,
            52.372002
          ],
          [
            4.902658,
            52.372013
          ],
          [
            4.902669,
            52.372021
          ],
          [
            4.902684,
            52.372044
          ],
          [
            4.902697,
            52.372059
          ],
          [
            4.902701,
            52.37207
          ],
          [
            4.902721,
            52.372105
          ],
          [
            4.902725,
            52.372128
          ],
          [
            4.902733,
            52.372135
          ],
          [
            4.90274,
            52.372147
          ],
          [
            4.902739,
            52.372158
          ],
          [
            4.90275,
            52.372181
          ],
          [
            4.902764,
            52.372196
          ],
          [
            4.902785,
            52.372231
          ],
          [
            4.902801,
            52.37225
          ],
          [
            4.902814,
            52.372269
          ],
          [
            4.902863,
            52.372318
          ],
          [
            4.902902,
            52.372372
          ],
          [
            4.90293,
            52.372414
          ],
          [
            4.90293,
            52.372414
          ],
          [
            4.902949,
            52.372494
          ],
          [
            4.902945,
            52.37252
          ],
          [
            4.902943,
            52.372536
          ],
          [
            4.902939,
            52.372547
          ],
          [
            4.902929,
            52.372555
          ],
          [
            4.902908,
            52.37257
          ],
          [
            4.90288,
            52.372593
          ],
          [
            4.902843,
            52.372623
          ],
          [
            4.902801,
            52.37265
          ],
          [
            4.902756,
            52.372684
          ],
          [
            4.902713,
            52.372707
          ],
          [
            4.902659,
            52.372742
          ],
          [
            4.902605,
            52.372776
          ],
          [
            4.902558,
            52.372807
          ],
          [
            4.902501,
            52.372841
          ],
          [
            4.902452,
            52.372868
          ],
          [
            4.902395,
            52.372902
          ],
          [
            4.902348,
            52.372936
          ],
          [
            4.902303,
            52.372967
          ],
          [
            4.902267,
            52.372986
          ],
          [
            4.90225,
            52.373016
          ],
          [
            4.90225,
            52.373016
          ],
          [
            4.902257,
            52.373024
          ],
          [
            4.902266,
            52.373035
          ],
          [
            4.902277,
            52.373043
          ],
          [
            4.902294,
            52.373055
          ],
          [
            4.902313,
            52.373066
          ],
          [
            4.902327,
            52.373074
          ],
          [
            4.90235,
            52.373093
          ],
          [
            4.902378,
            52.373108
          ],
          [
            4.9024,
            52.373119
          ],
          [
            4.902427,
            52.373131
          ],
          [
            4.902459,
            52.373127
          ],
          [
            4.90249,
            52.373123
          ],
          [
            4.90252,
            52.373119
          ],
          [
            4.902548,
            52.373108
          ],
          [
            4.902583,
            52.373096
          ],
          [
            4.90261,
            52.373085
          ],
          [
            4.902638,
            52.373074
          ],
          [
            4.902675,
            52.373055
          ],
          [
            4.902712,
            52.373032
          ],
          [
            4.902755,
            52.373005
          ],
          [
            4.902796,
            52.372982
          ],
          [
            4.902846,
            52.372963
          ],
          [
            4.902898,
            52.372936
          ],
          [
            4.902936,
            52.372921
          ],
          [
            4.902976,
            52.372898
          ],
          [
            4.902976,
            52.372898
          ],
          [
            4.903069,
            52.372841
          ],
          [
            4.903069,
            52.372841
          ],
          [
            4.903069,
            52.372841
          ],
          [
            4.903069,
            52.372841
          ],
          [
            4.903105,
            52.372787
          ],
          [
            4.903109,
            52.37278
          ],
          [
            4.903111,
            52.37278
          ],
          [
            4.903111,
            52.37278
          ],
          [
            4.903111,
            52.37278
          ],
          [
            4.903111,
            52.37278
          ],
          [
            4.903206,
            52.37273
          ],
          [
            4.903215,
            52.372726
          ],
          [
            4.903219,
            52.372723
          ],
          [
            4.903224,
            52.372719
          ],
          [
            4.903232,
            52.372715
          ],
          [
            4.903246,
            52.3727
          ],
          [
            4.903267,
            52.372684
          ],
          [
            4.903286,
            52.372669
          ],
          [
            4.903302,
            52.372658
          ],
          [
            4.903318,
            52.37265
          ],
          [
            4.903345,
            52.372635
          ],
          [
            4.903374,
            52.372623
          ],
          [
            4.903397,
            52.372604
          ],
          [
            4.903432,
            52.372585
          ],
          [
            4.903454,
            52.372574
          ],
          [
            4.903493,
            52.372555
          ],
          [
            4.903527,
            52.372536
          ],
          [
            4.903551,
            52.372524
          ],
          [
            4.903573,
            52.372505
          ],
          [
            4.903585,
            52.372498
          ],
          [
            4.903598,
            52.372478
          ],
          [
            4.903601,
            52.372463
          ],
          [
            4.903597,
            52.37244
          ],
          [
            4.90359,
            52.372421
          ],
          [
            4.903574,
            52.372402
          ],
          [
            4.903563,
            52.372372
          ],
          [
            4.903548,
            52.372353
          ],
          [
            4.903542,
            52.372334
          ],
          [
            4.903532,
            52.372326
          ],
          [
            4.903527,
            52.372314
          ],
          [
            4.903533,
            52.372311
          ],
          [
            4.903544,
            52.372314
          ],
          [
            4.903558,
            52.372326
          ],
          [
            4.903574,
            52.372345
          ],
          [
            4.903589,
            52.372364
          ],
          [
            4.903617,
            52.372383
          ],
          [
            4.903633,
            52.372417
          ],
          [
            4.90367,
            52.372452
          ],
          [
            4.903698,
            52.37249
          ],
          [
            4.903729,
            52.372517
          ],
          [
            4.90377,
            52.372551
          ],
          [
            4.903803,
            52.372581
          ],
          [
            4.903844,
            52.372608
          ],
          [
            4.903875,
            52.372627
          ],
          [
            4.90391,
            52.372646
          ],
          [
            4.90391,
            52.372646
          ],
          [
            4.903994,
            52.372688
          ],
          [
            4.904019,
            52.372704
          ],
          [
            4.904036,
            52.372715
          ],
          [
            4.904051,
            52.372726
          ],
          [
            4.904064,
            52.372738
          ],
          [
            4.904076,
            52.372742
          ],
          [
            4.904091,
            52.372753
          ],
          [
            4.904108,
            52.372768
          ],
          [
            4.904124,
            52.372784
          ],
          [
            4.904137,
            52.372795
          ],
          [
            4.904137,
            52.372795
          ],
          [
            4.904203,
            52.372826
          ],
          [
            4.904226,
            52.372833
          ],
          [
            4.904234,
            52.372833
          ],
          [
            4.904259,
            52.372826
          ],
          [
            4.904286,
            52.372818
          ],
          [
            4.904311,
            52.372807
          ],
          [
            4.904335,
            52.372799
          ],
          [
            4.904356,
            52.372791
          ],
          [
            4.904377,
            52.372784
          ],
          [
            4.904408,
            52.372768
          ],
          [
            4.904446,
            52.372745
          ],
          [
            4.90448,
            52.372726
          ],
          [
            4.904542,
            52.372692
          ],
          [
            4.904597,
            52.372658
          ],
          [
            4.904655,
            52.372627
          ],
          [
            4.904712,
            52.372593
          ],
          [
            4.904785,
            52.372551
          ],
          [
            4.904856,
            52.372513
          ],
          [
            4.904925,
            52.372475
          ],
          [
            4.904989,
            52.37244
          ],
          [
            4.905066,
            52.372402
          ],
          [
            4.905144,
            52.37236
          ],
          [
            4.905216,
            52.372318
          ],
          [
            4.905287,
            52.37228
          ],
          [
            4.905355,
            52.372242
          ],
          [
            4.905406,
            52.372211
          ],
          [
            4.905448,
            52.372185
          ],
          [
            4.905477,
            52.372166
          ],
          [
            4.905485,
            52.372131
          ],
          [
            4.905474,
            52.372101
          ],
          [
            4.905457,
            52.372074
          ],
          [
            4.905418,
            52.372047
          ],
          [
            4.905373,
            52.372021
          ],
          [
            4.905324,
            52.371998
          ],
          [
            4.905284,
            52.371975
          ],
          [
            4.905232,
            52.371952
          ],
          [
            4.905177,
            52.371925
          ],
          [
            4.905127,
            52.371899
          ],
          [
            4.905074,
            52.371876
          ],
          [
            4.905026,
            52.371853
          ],
          [
            4.904975,
            52.37183
          ],
          [
            4.904922,
            52.371811
          ],
          [
            4.904861,
            52.371784
          ],
          [
            4.904805,
            52.371761
          ],
          [
            4.904752,
            52.371742
          ],
          [
            4.904697,
            52.371723
          ],
          [
            4.904656,
            52.371704
          ],
          [
            4.904621,
            52.371689
          ],
          [
            4.904606,
            52.371674
          ],
          [
            4.904604,
            52.371662
          ],
          [
            4.904609,
            52.371655
          ],
          [
            4.90462,
            52.371651
          ],
          [
            4.904639,
            52.371662
          ],
          [
            4.904658,
            52.37167
          ],
          [
            4.904686,
            52.371685
          ],
          [
            4.904729,
            52.371704
          ],
          [
            4.904773,
            52.371727
          ],
          [
            4.904828,
            52.371754
          ],
          [
            4.904877,
            52.371777
          ],
          [
            4.904935,
            52.371807
          ],
          [
            4.905,
            52.371838
          ],
          [
            4.905073,
            52.371876
          ],
          [
            4.905145,
            52.37191
          ],
          [
            4.905187,
            52.371925
          ],
          [
            4.905293,
            52.371975
          ],
          [
            4.905383,
            52.372017
          ],
          [
            4.905455,
            52.372051
          ],
          [
            4.905534,
            52.372082
          ],
          [
            4.905617,
            52.37212
          ],
          [
            4.90569,
            52.372158
          ],
          [
            4.905758,
            52.372189
          ],
          [
            4.905825,
            52.372219
          ],
          [
            4.905899,
            52.37225
          ],
          [
            4.90596,
            52.372276
          ],
          [
            4.906027,
            52.372307
          ],
          [
            4.906091,
            52.372337
          ],
          [
            4.90616,
            52.372364
          ],
          [
            4.906229,
            52.372391
          ],
          [
            4.906308,
            52.372421
          ],
          [
            4.906387,
            52.372452
          ],
          [
            4.906464,
            52.372478
          ],
          [
            4.906549,
            52.372517
          ],
          [
            4.906635,
            52.372555
          ],
          [
            4.906712,
            52.372593
          ],
          [
            4.9068,
            52.372631
          ],
          [
            4.906882,
            52.372665
          ],
          [
            4.90696,
            52.3727
          ],
          [
            4.907029,
            52.372734
          ],
          [
            4.907103,
            52.372765
          ],
          [
            4.907154,
            52.372784
          ],
          [
            4.907203,
            52.372814
          ],
          [
            4.907246,
            52.372833
          ],
          [
            4.907286,
            52.37286
          ],
          [
            4.907324,
            52.372883
          ],
          [
            4.907361,
            52.37291
          ],
          [
            4.907405,
            52.37294
          ],
          [
            4.907436,
            52.372963
          ],
          [
            4.907466,
            52.372986
          ],
          [
            4.907466,
            52.372986
          ],
          [
            4.907466,
            52.372986
          ],
          [
            4.907513,
            52.373096
          ],
          [
            4.907507,
            52.373104
          ],
          [
            4.907494,
            52.373112
          ],
          [
            4.907471,
            52.373123
          ],
          [
            4.907448,
            52.373138
          ],
          [
            4.907413,
            52.373161
          ],
          [
            4.907368,
            52.373188
          ],
          [
            4.907317,
            52.373219
          ],
          [
            4.907263,
            52.373253
          ],
          [
            4.90722,
            52.373283
          ],
          [
            4.907176,
            52.373314
          ],
          [
            4.907137,
            52.373344
          ],
          [
            4.9071,
            52.373375
          ],
          [
            4.907066,
            52.373405
          ],
          [
            4.907034,
            52.37344
          ],
          [
            4.907022,
            52.373451
          ],
          [
            4.907012,
            52.373463
          ],
          [
            4.906998,
            52.373474
          ],
          [
            4.906988,
            52.373486
          ],
          [
            4.906978,
            52.373493
          ],
          [
            4.907005,
            52.373535
          ],
          [
            4.907028,
            52.373558
          ],
          [
            4.907028,
            52.373558
          ],
          [
            4.907028,
            52.373558
          ],
          [
            4.907028,
            52.373558
          ],
          [
            4.907157,
            52.373581
          ],
          [
            4.907155,
            52.373581
          ],
          [
            4.907146,
            52.373577
          ],
          [
            4.907152,
            52.373573
          ],
          [
            4.90716,
            52.373581
          ],
          [
            4.90717,
            52.373589
          ],
          [
            4.907252,
            52.373661
          ],
          [
            4.907275,
            52.373684
          ],
          [
            4.907297,
            52.373699
          ],
          [
            4.907317,
            52.373714
          ],
          [
            4.90734,
            52.373734
          ],
          [
            4.90734,
            52.373734
          ],
          [
            4.907381,
            52.373768
          ],
          [
            4.907391,
            52.373783
          ],
          [
            4.907409,
            52.373798
          ],
          [
            4.907409,
            52.373798
          ],
          [
            4.907469,
            52.373836
          ],
          [
            4.907485,
            52.373836
          ],
          [
            4.907485,
            52.373836
          ],
          [
            4.907485,
            52.373836
          ],
          [
            4.907485,
            52.373836
          ],
          [
            4.907507,
            52.373852
          ],
          [
            4.907507,
            52.373852
          ],
          [
            4.907507,
            52.373852
          ],
          [
            4.907507,
            52.373852
          ],
          [
            4.907455,
            52.37384
          ],
          [
            4.907455,
            52.37384
          ],
          [
            4.907447,
            52.373833
          ],
          [
            4.907447,
            52.373833
          ],
          [
            4.907389,
            52.373814
          ],
          [
            4.907389,
            52.373814
          ],
          [
            4.907362,
            52.373783
          ],
          [
            4.907343,
            52.373772
          ],
          [
            4.907331,
            52.373764
          ],
          [
            4.907308,
            52.373749
          ],
          [
            4.907286,
            52.373737
          ],
          [
            4.907264,
            52.373726
          ],
          [
            4.907239,
            52.373707
          ],
          [
            4.907197,
            52.37368
          ],
          [
            4.907169,
            52.373661
          ],
          [
            4.907151,
            52.373653
          ],
          [
            4.907124,
            52.373634
          ],
          [
            4.907098,
            52.373615
          ],
          [
            4.907076,
            52.373608
          ],
          [
            4.907038,
            52.373589
          ],
          [
            4.907003,
            52.373573
          ],
          [
            4.906968,
            52.373562
          ],
          [
            4.906923,
            52.373566
          ],
          [
            4.906885,
            52.37357
          ],
          [
            4.90684,
            52.373585
          ],
          [
            4.906794,
            52.373611
          ],
          [
            4.906738,
            52.373638
          ],
          [
            4.906689,
            52.373665
          ],
          [
            4.906642,
            52.373684
          ],
          [
            4.906584,
            52.373714
          ],
          [
            4.90653,
            52.373741
          ],
          [
            4.90647,
            52.373775
          ],
          [
            4.906406,
            52.37381
          ],
          [
            4.906348,
            52.37384
          ],
          [
            4.906285,
            52.373878
          ],
          [
            4.906222,
            52.373913
          ],
          [
            4.906158,
            52.373947
          ],
          [
            4.906094,
            52.373981
          ],
          [
            4.906029,
            52.37402
          ],
          [
            4.905956,
            52.374058
          ],
          [
            4.905895,
            52.374096
          ],
          [
            4.905771,
            52.374172
          ],
          [
            4.905709,
            52.374207
          ],
          [
            4.905644,
            52.374245
          ],
          [
            4.905576,
            52.374287
          ],
          [
            4.905512,
            52.374325
          ],
          [
            4.905447,
            52.374363
          ],
          [
            4.905383,
            52.374401
          ],
          [
            4.905312,
            52.374443
          ],
          [
            4.905241,
            52.374485
          ],
          [
            4.905178,
            52.374523
          ],
          [
            4.905114,
            52.374561
          ],
          [
            4.905054,
            52.374596
          ],
          [
            4.904984,
            52.374634
          ],
          [
            4.904919,
            52.374672
          ],
          [
            4.904852,
            52.374706
          ],
          [
            4.904793,
            52.374741
          ],
          [
            4.904731,
            52.374771
          ],
          [
            4.904671,
            52.374802
          ],
          [
            4.904619,
            52.374832
          ],
          [
            4.904559,
            52.374863
          ],
          [
            4.904502,
            52.374893
          ],
          [
            4.904446,
            52.374928
          ],
          [
            4.904395,
            52.374954
          ],
          [
            4.904343,
            52.374981
          ],
          [
            4.90429,
            52.375004
          ],
          [
            4.904231,
            52.375027
          ],
          [
            4.90418,
            52.375042
          ],
          [
            4.904116,
            52.375053
          ],
          [
            4.904055,
            52.375065
          ],
          [
            4.90399,
            52.37508
          ],
          [
            4.903933,
            52.375099
          ],
          [
            4.903882,
            52.375118
          ],
          [
            4.903837,
            52.375145
          ],
          [
            4.903799,
            52.375175
          ],
          [
            4.903762,
            52.375221
          ],
          [
            4.903732,
            52.375263
          ],
          [
            4.903711,
            52.375305
          ],
          [
            4.903693,
            52.375355
          ],
          [
            4.903676,
            52.375408
          ],
          [
            4.903653,
            52.375469
          ],
          [
            4.903635,
            52.375523
          ],
          [
            4.903616,
            52.37558
          ],
          [
            4.903593,
            52.375641
          ],
          [
            4.903567,
            52.375702
          ],
          [
            4.903533,
            52.375767
          ],
          [
            4.9035,
            52.37582
          ],
          [
            4.903458,
            52.375877
          ],
          [
            4.903414,
            52.375931
          ],
          [
            4.903368,
            52.375977
          ],
          [
            4.903322,
            52.376015
          ],
          [
            4.903284,
            52.376049
          ],
          [
            4.903213,
            52.376102
          ],
          [
            4.90318,
            52.376129
          ],
          [
            4.903163,
            52.376156
          ],
          [
            4.903155,
            52.376179
          ],
          [
            4.903151,
            52.376202
          ],
          [
            4.903163,
            52.376228
          ],
          [
            4.903189,
            52.376259
          ],
          [
            4.903219,
            52.376301
          ],
          [
            4.903253,
            52.376339
          ],
          [
            4.903287,
            52.376377
          ],
          [
            4.903333,
            52.376423
          ],
          [
            4.903379,
            52.376473
          ],
          [
            4.903431,
            52.376522
          ],
          [
            4.903488,
            52.376579
          ],
          [
            4.903552,
            52.376633
          ],
          [
            4.903606,
            52.376686
          ],
          [
            4.903651,
            52.376728
          ],
          [
            4.903688,
            52.376762
          ],
          [
            4.90374,
            52.376797
          ],
          [
            4.90379,
            52.37682
          ],
          [
            4.903846,
            52.376823
          ],
          [
            4.903891,
            52.376816
          ],
          [
            4.903936,
            52.376804
          ],
          [
            4.903999,
            52.376781
          ],
          [
            4.904066,
            52.376759
          ],
          [
            4.904126,
            52.376736
          ],
          [
            4.904182,
            52.376717
          ],
          [
            4.904252,
            52.376701
          ],
          [
            4.904325,
            52.376682
          ],
          [
            4.904397,
            52.376663
          ],
          [
            4.904472,
            52.376644
          ],
          [
            4.904546,
            52.376625
          ],
          [
            4.90462,
            52.376606
          ],
          [
            4.904698,
            52.376587
          ],
          [
            4.904772,
            52.376568
          ],
          [
            4.904845,
            52.376549
          ],
          [
            4.90492,
            52.376534
          ],
          [
            4.905002,
            52.376514
          ],
          [
            4.905086,
            52.376492
          ],
          [
            4.905166,
            52.376473
          ],
          [
            4.905232,
            52.376453
          ],
          [
            4.905335,
            52.376427
          ],
          [
            4.905421,
            52.3764
          ],
          [
            4.905507,
            52.376377
          ],
          [
            4.905597,
            52.37635
          ],
          [
            4.905694,
            52.37632
          ],
          [
            4.905779,
            52.376293
          ],
          [
            4.90585,
            52.376274
          ],
          [
            4.905934,
            52.376244
          ],
          [
            4.906027,
            52.376224
          ],
          [
            4.906137,
            52.376198
          ],
          [
            4.906238,
            52.376175
          ],
          [
            4.906335,
            52.376137
          ],
          [
            4.906426,
            52.37611
          ],
          [
            4.906507,
            52.376083
          ],
          [
            4.90659,
            52.376057
          ],
          [
            4.906676,
            52.37603
          ],
          [
            4.906773,
            52.376003
          ],
          [
            4.906881,
            52.375973
          ],
          [
            4.906987,
            52.375942
          ],
          [
            4.907028,
            52.375938
          ],
          [
            4.907166,
            52.375904
          ],
          [
            4.90727,
            52.375885
          ],
          [
            4.907368,
            52.37587
          ],
          [
            4.907463,
            52.375847
          ],
          [
            4.907558,
            52.375824
          ],
          [
            4.907658,
            52.375793
          ],
          [
            4.907758,
            52.375759
          ],
          [
            4.907852,
            52.375725
          ],
          [
            4.907944,
            52.37569
          ],
          [
            4.908033,
            52.375656
          ],
          [
            4.908112,
            52.375629
          ],
          [
            4.908173,
            52.37561
          ],
          [
            4.908247,
            52.37558
          ],
          [
            4.90833,
            52.375553
          ],
          [
            4.908406,
            52.375526
          ],
          [
            4.90848,
            52.375504
          ],
          [
            4.908551,
            52.375484
          ],
          [
            4.908621,
            52.375469
          ],
          [
            4.908684,
            52.375462
          ],
          [
            4.90873,
            52.375462
          ],
          [
            4.908772,
            52.375462
          ],
          [
            4.908772,
            52.375462
          ],
          [
            4.908857,
            52.375465
          ],
          [
            4.90887,
            52.375473
          ],
          [
            4.908886,
            52.375465
          ],
          [
            4.908903,
            52.375469
          ],
          [
            4.908914,
            52.375462
          ],
          [
            4.90894,
            52.37545
          ],
          [
            4.908978,
            52.375427
          ],
          [
            4.90903,
            52.375404
          ],
          [
            4.909088,
            52.375389
          ],
          [
            4.90916,
            52.375378
          ],
          [
            4.909231,
            52.37537
          ],
          [
            4.909304,
            52.375362
          ],
          [
            4.909373,
            52.375359
          ],
          [
            4.909457,
            52.375351
          ],
          [
            4.909533,
            52.375355
          ],
          [
            4.909591,
            52.375359
          ],
          [
            4.909648,
            52.375381
          ],
          [
            4.909671,
            52.375404
          ],
          [
            4.909675,
            52.375431
          ],
          [
            4.909663,
            52.37545
          ],
          [
            4.909646,
            52.375484
          ],
          [
            4.909643,
            52.375507
          ],
          [
            4.90965,
            52.375534
          ],
          [
            4.909655,
            52.375553
          ],
          [
            4.909655,
            52.375553
          ],
          [
            4.909667,
            52.375584
          ],
          [
            4.909667,
            52.375584
          ],
          [
            4.909667,
            52.375584
          ],
          [
            4.909667,
            52.375584
          ],
          [
            4.909677,
            52.375614
          ],
          [
            4.90968,
            52.375614
          ],
          [
            4.909691,
            52.375614
          ],
          [
            4.909717,
            52.375614
          ],
          [
            4.909717,
            52.375614
          ],
          [
            4.909788,
            52.375622
          ],
          [
            4.909843,
            52.375629
          ],
          [
            4.909893,
            52.375637
          ],
          [
            4.909954,
            52.375648
          ],
          [
            4.910109,
            52.375675
          ],
          [
            4.910171,
            52.375683
          ],
          [
            4.910221,
            52.37569
          ],
          [
            4.910267,
            52.37569
          ],
          [
            4.910267,
            52.37569
          ],
          [
            4.910267,
            52.37569
          ],
          [
            4.910236,
            52.375702
          ],
          [
            4.910236,
            52.375702
          ],
          [
            4.910236,
            52.375702
          ],
          [
            4.910219,
            52.375706
          ],
          [
            4.910219,
            52.375706
          ],
          [
            4.910219,
            52.375706
          ],
          [
            4.910191,
            52.375713
          ],
          [
            4.910179,
            52.375713
          ],
          [
            4.910168,
            52.375717
          ],
          [
            4.910086,
            52.375732
          ],
          [
            4.910052,
            52.37574
          ],
          [
            4.90999,
            52.375729
          ],
          [
            4.909957,
            52.375729
          ],
          [
            4.909904,
            52.375698
          ],
          [
            4.909907,
            52.375702
          ],
          [
            4.909884,
            52.375687
          ],
          [
            4.909821,
            52.375645
          ],
          [
            4.909819,
            52.375614
          ],
          [
            4.909796,
            52.375561
          ],
          [
            4.909802,
            52.375504
          ],
          [
            4.909839,
            52.375435
          ],
          [
            4.909888,
            52.375397
          ],
          [
            4.909953,
            52.375374
          ],
          [
            4.910026,
            52.375378
          ],
          [
            4.910096,
            52.375389
          ],
          [
            4.910161,
            52.375416
          ],
          [
            4.910226,
            52.375446
          ],
          [
            4.910264,
            52.375473
          ],
          [
            4.910309,
            52.3755
          ],
          [
            4.910353,
            52.375526
          ],
          [
            4.910389,
            52.375549
          ],
          [
            4.910419,
            52.375561
          ],
          [
            4.910452,
            52.375572
          ],
          [
            4.910485,
            52.375587
          ],
          [
            4.910516,
            52.375603
          ],
          [
            4.910539,
            52.375614
          ],
          [
            4.910552,
            52.375626
          ],
          [
            4.910565,
            52.375641
          ],
          [
            4.910565,
            52.375641
          ],
          [
            4.91056,
            52.375671
          ],
          [
            4.910556,
            52.375683
          ],
          [
            4.910555,
            52.375694
          ],
          [
            4.910552,
            52.37571
          ],
          [
            4.910553,
            52.375729
          ],
          [
            4.910551,
            52.375752
          ],
          [
            4.910563,
            52.375786
          ],
          [
            4.910564,
            52.375828
          ],
          [
            4.91057,
            52.37587
          ],
          [
            4.910576,
            52.375904
          ],
          [
            4.910578,
            52.375942
          ],
          [
            4.910571,
            52.375984
          ],
          [
            4.910566,
            52.376019
          ],
          [
            4.910562,
            52.37606
          ],
          [
            4.910548,
            52.376095
          ],
          [
            4.910541,
            52.376141
          ],
          [
            4.910524,
            52.376179
          ],
          [
            4.910512,
            52.376209
          ],
          [
            4.91049,
            52.376244
          ],
          [
            4.910474,
            52.376278
          ],
          [
            4.910458,
            52.376305
          ],
          [
            4.910439,
            52.376339
          ],
          [
            4.910419,
            52.376358
          ],
          [
            4.910397,
            52.376381
          ],
          [
            4.910392,
            52.376408
          ],
          [
            4.910372,
            52.376431
          ],
          [
            4.910351,
            52.37645
          ],
          [
            4.910316,
            52.376469
          ],
          [
            4.91032,
            52.376473
          ],
          [
            4.910239,
            52.376484
          ],
          [
            4.910164,
            52.376492
          ],
          [
            4.91001,
            52.376507
          ],
          [
            4.909935,
            52.376499
          ],
          [
            4.909867,
            52.376503
          ],
          [
            4.909791,
            52.376503
          ],
          [
            4.909726,
            52.376507
          ],
          [
            4.909656,
            52.376503
          ],
          [
            4.90967,
            52.376499
          ],
          [
            4.90954,
            52.376499
          ],
          [
            4.909438,
            52.376492
          ],
          [
            4.909393,
            52.376495
          ],
          [
            4.909309,
            52.376488
          ],
          [
            4.909187,
            52.376488
          ],
          [
            4.909095,
            52.376503
          ],
          [
            4.909014,
            52.376514
          ],
          [
            4.908941,
            52.376526
          ],
          [
            4.908882,
            52.376545
          ],
          [
            4.908882,
            52.376545
          ],
          [
            4.908882,
            52.376545
          ],
          [
            4.908666,
            52.376587
          ],
          [
            4.908666,
            52.376587
          ],
          [
            4.908639,
            52.376579
          ],
          [
            4.908627,
            52.376575
          ],
          [
            4.908622,
            52.376572
          ],
          [
            4.908617,
            52.376572
          ],
          [
            4.908616,
            52.376549
          ],
          [
            4.908606,
            52.376541
          ],
          [
            4.908601,
            52.37653
          ],
          [
            4.908583,
            52.376514
          ],
          [
            4.90857,
            52.376492
          ],
          [
            4.908551,
            52.376476
          ],
          [
            4.908524,
            52.376469
          ],
          [
            4.908498,
            52.376461
          ],
          [
            4.90848,
            52.376457
          ],
          [
            4.908454,
            52.376453
          ],
          [
            4.908415,
            52.376457
          ],
          [
            4.908383,
            52.376465
          ],
          [
            4.90833,
            52.376465
          ],
          [
            4.908306,
            52.376465
          ],
          [
            4.908231,
            52.376453
          ],
          [
            4.908183,
            52.376453
          ],
          [
            4.908134,
            52.376438
          ],
          [
            4.908077,
            52.376438
          ],
          [
            4.908033,
            52.376434
          ],
          [
            4.907988,
            52.376446
          ],
          [
            4.907947,
            52.376431
          ],
          [
            4.907905,
            52.376434
          ],
          [
            4.907872,
            52.376434
          ],
          [
            4.907834,
            52.376446
          ],
          [
            4.907795,
            52.376453
          ],
          [
            4.907754,
            52.376473
          ],
          [
            4.907727,
            52.376492
          ],
          [
            4.907706,
            52.376473
          ],
          [
            4.907644,
            52.376503
          ],
          [
            4.907572,
            52.376526
          ],
          [
            4.907488,
            52.376526
          ],
          [
            4.907469,
            52.376545
          ],
          [
            4.90735,
            52.376537
          ],
          [
            4.907265,
            52.376526
          ],
          [
            4.907257,
            52.376522
          ],
          [
            4.907115,
            52.376526
          ],
          [
            4.907012,
            52.376526
          ],
          [
            4.90692,
            52.376526
          ],
          [
            4.906837,
            52.37653
          ],
          [
            4.906857,
            52.37653
          ],
          [
            4.906788,
            52.376534
          ],
          [
            4.906569,
            52.376568
          ],
          [
            4.906429,
            52.376587
          ],
          [
            4.906319,
            52.376602
          ],
          [
            4.906233,
            52.376625
          ],
          [
            4.906203,
            52.376625
          ],
          [
            4.906056,
            52.376648
          ],
          [
            4.906049,
            52.376652
          ],
          [
            4.905874,
            52.376686
          ],
          [
            4.905776,
            52.376705
          ],
          [
            4.905682,
            52.376728
          ],
          [
            4.905661,
            52.376732
          ],
          [
            4.90555,
            52.376747
          ],
          [
            4.905413,
            52.376762
          ],
          [
            4.905307,
            52.376781
          ],
          [
            4.905212,
            52.376781
          ],
          [
            4.905199,
            52.376789
          ],
          [
            4.90503,
            52.376808
          ],
          [
            4.90497,
            52.376816
          ],
          [
            4.90488,
            52.376831
          ],
          [
            4.904755,
            52.376854
          ],
          [
            4.904783,
            52.376846
          ],
          [
            4.904647,
            52.376907
          ],
          [
            4.904534,
            52.376968
          ],
          [
            4.904416,
            52.377018
          ],
          [
            4.904305,
            52.377052
          ],
          [
            4.904211,
            52.377075
          ],
          [
            4.904143,
            52.37709
          ],
          [
            4.904143,
            52.37709
          ],
          [
            4.904143,
            52.37709
          ],
          [
            4.904032,
            52.377113
          ],
          [
            4.904032,
            52.377113
          ],
          [
            4.903994,
            52.377121
          ],
          [
            4.903979,
            52.377121
          ],
          [
            4.903968,
            52.37711
          ],
          [
            4.90395,
            52.377094
          ],
          [
            4.903934,
            52.377083
          ],
          [
            4.903913,
            52.377052
          ],
          [
            4.903894,
            52.377029
          ],
          [
            4.903875,
            52.377003
          ],
          [
            4.903849,
            52.376984
          ],
          [
            4.90382,
            52.376968
          ],
          [
            4.90382,
            52.376968
          ],
          [
            4.90382,
            52.376968
          ],
          [
            4.90382,
            52.376968
          ],
          [
            4.903759,
            52.376953
          ],
          [
            4.903743,
            52.376961
          ],
          [
            4.903717,
            52.376976
          ],
          [
            4.903675,
            52.376995
          ],
          [
            4.903623,
            52.37701
          ],
          [
            4.903563,
            52.377033
          ],
          [
            4.903491,
            52.37706
          ],
          [
            4.903455,
            52.377071
          ],
          [
            4.903336,
            52.377113
          ],
          [
            4.903253,
            52.377144
          ],
          [
            4.903069,
            52.377209
          ],
          [
            4.902963,
            52.377235
          ],
          [
            4.902869,
            52.377254
          ],
          [
            4.90278,
            52.377274
          ],
          [
            4.902704,
            52.377281
          ],
          [
            4.902622,
            52.377285
          ],
          [
            4.902563,
            52.377289
          ],
          [
            4.902518,
            52.3773
          ],
          [
            4.902488,
            52.377315
          ],
          [
            4.902448,
            52.377338
          ],
          [
            4.902416,
            52.377361
          ],
          [
            4.902375,
            52.377392
          ],
          [
            4.902342,
            52.377418
          ],
          [
            4.902328,
            52.377449
          ],
          [
            4.902339,
            52.377483
          ],
          [
            4.902319,
            52.377522
          ],
          [
            4.9023,
            52.377556
          ],
          [
            4.902291,
            52.37759
          ],
          [
            4.902259,
            52.377621
          ],
          [
            4.90221,
            52.377651
          ],
          [
            4.902163,
            52.377674
          ],
          [
            4.902118,
            52.377689
          ],
          [
            4.902079,
            52.377705
          ],
          [
            4.902051,
            52.37772
          ],
          [
            4.902022,
            52.377731
          ],
          [
            4.901985,
            52.377739
          ],
          [
            4.901959,
            52.37775
          ],
          [
            4.901934,
            52.377762
          ],
          [
            4.901897,
            52.377773
          ],
          [
            4.901866,
            52.377789
          ],
          [
            4.901836,
            52.377804
          ],
          [
            4.901797,
            52.377815
          ],
          [
            4.901742,
            52.377823
          ],
          [
            4.901674,
            52.377834
          ],
          [
            4.901607,
            52.377853
          ],
          [
            4.901547,
            52.377869
          ],
          [
            4.901484,
            52.377892
          ],
          [
            4.901428,
            52.377911
          ],
          [
            4.901381,
            52.377922
          ],
          [
            4.901333,
            52.377922
          ],
          [
            4.901295,
            52.37793
          ],
          [
            4.901267,
            52.377941
          ],
          [
            4.901241,
            52.377941
          ],
          [
            4.901219,
            52.377941
          ],
          [
            4.901191,
            52.37793
          ],
          [
            4.901167,
            52.377914
          ],
          [
            4.901158,
            52.377911
          ],
          [
            4.90114,
            52.377907
          ],
          [
            4.901108,
            52.377895
          ],
          [
            4.90106,
            52.377895
          ],
          [
            4.901003,
            52.377892
          ],
          [
            4.900955,
            52.377899
          ],
          [
            4.900914,
            52.377911
          ],
          [
            4.900868,
            52.377914
          ],
          [
            4.900833,
            52.377918
          ],
          [
            4.900809,
            52.377922
          ],
          [
            4.900789,
            52.377926
          ],
          [
            4.900765,
            52.377941
          ],
          [
            4.900734,
            52.377953
          ],
          [
            4.900687,
            52.377968
          ],
          [
            4.900626,
            52.377987
          ],
          [
            4.900566,
            52.378006
          ],
          [
            4.900508,
            52.378029
          ],
          [
            4.900446,
            52.378052
          ],
          [
            4.900392,
            52.378059
          ],
          [
            4.900355,
            52.378071
          ],
          [
            4.900327,
            52.378086
          ],
          [
            4.900307,
            52.378101
          ],
          [
            4.900301,
            52.378117
          ],
          [
            4.900292,
            52.378136
          ],
          [
            4.900283,
            52.378151
          ],
          [
            4.900283,
            52.378151
          ],
          [
            4.900239,
            52.378185
          ],
          [
            4.900215,
            52.378197
          ],
          [
            4.900178,
            52.378201
          ],
          [
            4.900145,
            52.378204
          ],
          [
            4.900145,
            52.378204
          ],
          [
            4.900099,
            52.378231
          ],
          [
            4.900089,
            52.378239
          ],
          [
            4.900082,
            52.378258
          ],
          [
            4.90007,
            52.378269
          ],
          [
            4.900057,
            52.378288
          ],
          [
            4.900043,
            52.378307
          ],
          [
            4.900022,
            52.378326
          ],
          [
            4.900022,
            52.378326
          ],
          [
            4.899981,
            52.378357
          ],
          [
            4.899955,
            52.378361
          ],
          [
            4.899925,
            52.378342
          ],
          [
            4.899886,
            52.378323
          ],
          [
            4.89984,
            52.378304
          ],
          [
            4.899791,
            52.378288
          ],
          [
            4.899753,
            52.378265
          ],
          [
            4.899729,
            52.378258
          ],
          [
            4.899713,
            52.378258
          ],
          [
            4.899669,
            52.378258
          ],
          [
            4.899628,
            52.378273
          ],
          [
            4.899588,
            52.378288
          ],
          [
            4.899554,
            52.3783
          ],
          [
            4.899502,
            52.378307
          ],
          [
            4.899471,
            52.378307
          ],
          [
            4.899436,
            52.3783
          ],
          [
            4.899391,
            52.3783
          ],
          [
            4.899354,
            52.378296
          ],
          [
            4.899319,
            52.378292
          ],
          [
            4.89927,
            52.3783
          ],
          [
            4.899241,
            52.378315
          ],
          [
            4.899202,
            52.378342
          ],
          [
            4.89916,
            52.378376
          ],
          [
            4.899111,
            52.378422
          ],
          [
            4.899065,
            52.37846
          ],
          [
            4.899023,
            52.378494
          ],
          [
            4.899023,
            52.378494
          ],
          [
            4.899023,
            52.378494
          ],
          [
            4.899023,
            52.378494
          ],
          [
            4.898971,
            52.378536
          ],
          [
            4.898955,
            52.378551
          ],
          [
            4.898926,
            52.378574
          ],
          [
            4.898883,
            52.378605
          ],
          [
            4.898833,
            52.378639
          ],
          [
            4.898777,
            52.378677
          ],
          [
            4.898719,
            52.378716
          ],
          [
            4.898656,
            52.378754
          ],
          [
            4.8986,
            52.378792
          ],
          [
            4.898548,
            52.378822
          ],
          [
            4.898503,
            52.378849
          ],
          [
            4.898447,
            52.378876
          ],
          [
            4.898396,
            52.378895
          ],
          [
            4.898342,
            52.378906
          ],
          [
            4.898288,
            52.378918
          ],
          [
            4.898241,
            52.378922
          ],
          [
            4.898191,
            52.378918
          ],
          [
            4.89815,
            52.378918
          ],
          [
            4.898098,
            52.37891
          ],
          [
            4.898054,
            52.378902
          ],
          [
            4.898003,
            52.378902
          ],
          [
            4.89795,
            52.378902
          ],
          [
            4.89791,
            52.378902
          ],
          [
            4.89786,
            52.378899
          ],
          [
            4.897806,
            52.378891
          ],
          [
            4.897753,
            52.378883
          ],
          [
            4.897712,
            52.378868
          ],
          [
            4.897687,
            52.378853
          ],
          [
            4.89766,
            52.378834
          ],
          [
            4.897627,
            52.378811
          ],
          [
            4.897608,
            52.378799
          ],
          [
            4.897608,
            52.378799
          ],
          [
            4.897608,
            52.378799
          ],
          [
            4.897607,
            52.378761
          ],
          [
            4.897577,
            52.37875
          ],
          [
            4.897577,
            52.37875
          ],
          [
            4.897553,
            52.378738
          ],
          [
            4.897553,
            52.378738
          ],
          [
            4.897533,
            52.378727
          ],
          [
            4.897533,
            52.378727
          ],
          [
            4.897533,
            52.378727
          ],
          [
            4.897512,
            52.378708
          ],
          [
            4.897512,
            52.378708
          ],
          [
            4.897503,
            52.378693
          ],
          [
            4.897503,
            52.378693
          ],
          [
            4.897491,
            52.378677
          ],
          [
            4.897515,
            52.37867
          ],
          [
            4.897555,
            52.378658
          ],
          [
            4.897607,
            52.378658
          ],
          [
            4.897652,
            52.378674
          ],
          [
            4.8977,
            52.378723
          ],
          [
            4.897751,
            52.378769
          ],
          [
            4.897811,
            52.378819
          ],
          [
            4.897867,
            52.378864
          ],
          [
            4.897908,
            52.378914
          ],
          [
            4.897967,
            52.37896
          ],
          [
            4.897986,
            52.379005
          ],
          [
            4.898033,
            52.379047
          ],
          [
            4.898058,
            52.379101
          ],
          [
            4.898087,
            52.379139
          ],
          [
            4.89812,
            52.379185
          ],
          [
            4.89815,
            52.37923
          ],
          [
            4.89818,
            52.379276
          ],
          [
            4.898225,
            52.379311
          ],
          [
            4.898247,
            52.379341
          ],
          [
            4.898263,
            52.379349
          ],
          [
            4.898508,
            52.379604
          ],
          [
            4.899069,
            52.380024
          ],
          [
            4.899074,
            52.380039
          ],
          [
            4.899101,
            52.380123
          ],
          [
            4.899219,
            52.380371
          ],
          [
            4.89922,
            52.380356
          ],
          [
            4.899216,
            52.380386
          ],
          [
            4.899246,
            52.380413
          ],
          [
            4.899253,
            52.380417
          ],
          [
            4.899259,
            52.380428
          ],
          [
            4.899274,
            52.38044
          ],
          [
            4.89929,
            52.380459
          ],
          [
            4.899307,
            52.380486
          ],
          [
            4.89934,
            52.380505
          ],
          [
            4.899376,
            52.380535
          ],
          [
            4.899413,
            52.380569
          ],
          [
            4.899432,
            52.380592
          ],
          [
            4.899443,
            52.380619
          ],
          [
            4.899446,
            52.380646
          ],
          [
            4.899439,
            52.380669
          ],
          [
            4.899417,
            52.380692
          ],
          [
            4.899384,
            52.380714
          ],
          [
            4.899354,
            52.38073
          ],
          [
            4.899327,
            52.380745
          ],
          [
            4.899301,
            52.380753
          ],
          [
            4.899279,
            52.380764
          ],
          [
            4.899257,
            52.380775
          ],
          [
            4.899245,
            52.380787
          ],
          [
            4.899245,
            52.380787
          ],
          [
            4.899243,
            52.380806
          ],
          [
            4.899243,
            52.380806
          ],
          [
            4.899243,
            52.380806
          ],
          [
            4.899199,
            52.380699
          ],
          [
            4.899199,
            52.380699
          ],
          [
            4.899219,
            52.380684
          ],
          [
            4.899225,
            52.380676
          ],
          [
            4.899234,
            52.380669
          ],
          [
            4.899249,
            52.380653
          ],
          [
            4.89927,
            52.380638
          ],
          [
            4.899289,
            52.380619
          ],
          [
            4.899302,
            52.380596
          ],
          [
            4.899313,
            52.380577
          ],
          [
            4.899324,
            52.380558
          ],
          [
            4.899353,
            52.38052
          ],
          [
            4.899364,
            52.380489
          ],
          [
            4.899403,
            52.380447
          ],
          [
            4.899469,
            52.380413
          ],
          [
            4.899534,
            52.380386
          ],
          [
            4.899625,
            52.380363
          ],
          [
            4.899681,
            52.380333
          ],
          [
            4.899745,
            52.380318
          ],
          [
            4.899784,
            52.38031
          ],
          [
            4.899764,
            52.380314
          ],
          [
            4.899826,
            52.380302
          ],
          [
            4.899883,
            52.380302
          ],
          [
            4.899984,
            52.380272
          ],
          [
            4.900044,
            52.380253
          ],
          [
            4.90015,
            52.380215
          ],
          [
            4.900224,
            52.380184
          ],
          [
            4.900283,
            52.380157
          ],
          [
            4.900394,
            52.380119
          ],
          [
            4.900445,
            52.3801
          ],
          [
            4.900584,
            52.380054
          ],
          [
            4.900674,
            52.380016
          ],
          [
            4.900709,
            52.380001
          ],
          [
            4.900765,
            52.379982
          ],
          [
            4.900864,
            52.379952
          ],
          [
            4.900938,
            52.379925
          ],
          [
            4.901013,
            52.379898
          ],
          [
            4.901136,
            52.379856
          ],
          [
            4.901235,
            52.379822
          ],
          [
            4.901335,
            52.379787
          ],
          [
            4.90141,
            52.379757
          ],
          [
            4.901458,
            52.379738
          ],
          [
            4.901558,
            52.379703
          ],
          [
            4.90167,
            52.379662
          ],
          [
            4.901762,
            52.379627
          ],
          [
            4.901831,
            52.379601
          ],
          [
            4.901915,
            52.37957
          ],
          [
            4.902006,
            52.379536
          ],
          [
            4.902061,
            52.379517
          ],
          [
            4.902188,
            52.379475
          ],
          [
            4.90229,
            52.379437
          ],
          [
            4.902361,
            52.379417
          ],
          [
            4.90239,
            52.37941
          ],
          [
            4.902523,
            52.379372
          ],
          [
            4.902599,
            52.379353
          ],
          [
            4.902697,
            52.379326
          ],
          [
            4.902807,
            52.379292
          ],
          [
            4.902896,
            52.379261
          ],
          [
            4.903034,
            52.379211
          ],
          [
            4.903132,
            52.379173
          ],
          [
            4.903249,
            52.379127
          ],
          [
            4.903233,
            52.379131
          ],
          [
            4.903238,
            52.379131
          ],
          [
            4.903283,
            52.379116
          ],
          [
            4.903347,
            52.379093
          ],
          [
            4.903412,
            52.379063
          ],
          [
            4.903495,
            52.379028
          ],
          [
            4.903579,
            52.378994
          ],
          [
            4.903656,
            52.37896
          ],
          [
            4.903694,
            52.378944
          ],
          [
            4.903815,
            52.378895
          ],
          [
            4.903802,
            52.378899
          ],
          [
            4.903982,
            52.378826
          ],
          [
            4.904097,
            52.37878
          ],
          [
            4.904206,
            52.378738
          ],
          [
            4.904316,
            52.378696
          ],
          [
            4.904419,
            52.378658
          ],
          [
            4.904509,
            52.378632
          ],
          [
            4.904594,
            52.378605
          ],
          [
            4.904671,
            52.378582
          ],
          [
            4.904727,
            52.378567
          ],
          [
            4.904823,
            52.378544
          ],
          [
            4.904904,
            52.378525
          ],
          [
            4.904999,
            52.378502
          ],
          [
            4.905099,
            52.378479
          ],
          [
            4.905186,
            52.37846
          ],
          [
            4.905263,
            52.378441
          ],
          [
            4.905341,
            52.378426
          ],
          [
            4.905405,
            52.378418
          ],
          [
            4.905433,
            52.378414
          ],
          [
            4.905514,
            52.378414
          ],
          [
            4.905889,
            52.378471
          ],
          [
            4.905929,
            52.37849
          ],
          [
            4.905962,
            52.378509
          ],
          [
            4.90599,
            52.378532
          ],
          [
            4.905973,
            52.378551
          ],
          [
            4.905962,
            52.378567
          ],
          [
            4.905938,
            52.378582
          ],
          [
            4.905925,
            52.378597
          ],
          [
            4.905925,
            52.378597
          ],
          [
            4.905893,
            52.37862
          ],
          [
            4.905884,
            52.378632
          ],
          [
            4.90585,
            52.378658
          ],
          [
            4.905837,
            52.378658
          ],
          [
            4.905813,
            52.378662
          ],
          [
            4.905776,
            52.378651
          ],
          [
            4.905739,
            52.378632
          ],
          [
            4.905707,
            52.378612
          ],
          [
            4.905676,
            52.37859
          ],
          [
            4.90564,
            52.378567
          ],
          [
            4.905597,
            52.378548
          ],
          [
            4.905537,
            52.378517
          ],
          [
            4.905473,
            52.378498
          ],
          [
            4.905387,
            52.378483
          ],
          [
            4.905294,
            52.378483
          ],
          [
            4.905251,
            52.378487
          ],
          [
            4.905094,
            52.378513
          ],
          [
            4.904984,
            52.378532
          ],
          [
            4.904894,
            52.378548
          ],
          [
            4.904799,
            52.378559
          ],
          [
            4.904701,
            52.378574
          ],
          [
            4.904612,
            52.378597
          ],
          [
            4.904562,
            52.378612
          ],
          [
            4.904485,
            52.378643
          ],
          [
            4.90443,
            52.378662
          ],
          [
            4.90426,
            52.378731
          ],
          [
            4.904206,
            52.37875
          ],
          [
            4.904129,
            52.37878
          ],
          [
            4.904037,
            52.378815
          ],
          [
            4.903941,
            52.378853
          ],
          [
            4.903855,
            52.378887
          ],
          [
            4.903778,
            52.378922
          ],
          [
            4.90367,
            52.378967
          ],
          [
            4.903583,
            52.379002
          ],
          [
            4.903536,
            52.379021
          ],
          [
            4.903458,
            52.379047
          ],
          [
            4.903409,
            52.379078
          ],
          [
            4.903381,
            52.379105
          ],
          [
            4.90338,
            52.379127
          ],
          [
            4.903388,
            52.379158
          ],
          [
            4.903429,
            52.379177
          ],
          [
            4.903477,
            52.379192
          ],
          [
            4.903534,
            52.379211
          ],
          [
            4.903577,
            52.379242
          ],
          [
            4.903609,
            52.379276
          ],
          [
            4.903625,
            52.379311
          ],
          [
            4.903628,
            52.379345
          ],
          [
            4.903606,
            52.379368
          ],
          [
            4.903567,
            52.379391
          ],
          [
            4.903524,
            52.379398
          ],
          [
            4.903478,
            52.379406
          ],
          [
            4.903429,
            52.379421
          ],
          [
            4.903383,
            52.379437
          ],
          [
            4.903346,
            52.379448
          ],
          [
            4.903288,
            52.379471
          ],
          [
            4.903226,
            52.37949
          ],
          [
            4.903142,
            52.379513
          ],
          [
            4.903068,
            52.379536
          ],
          [
            4.903009,
            52.379551
          ],
          [
            4.902903,
            52.379581
          ],
          [
            4.902829,
            52.379604
          ],
          [
            4.902752,
            52.379631
          ],
          [
            4.902673,
            52.379654
          ],
          [
            4.90259,
            52.379681
          ],
          [
            4.902511,
            52.379707
          ],
          [
            4.902444,
            52.379726
          ],
          [
            4.902367,
            52.379753
          ],
          [
            4.902286,
            52.37978
          ],
          [
            4.902235,
            52.379799
          ],
          [
            4.902135,
            52.379833
          ],
          [
            4.902065,
            52.379856
          ],
          [
            4.902023,
            52.379868
          ],
          [
            4.901923,
            52.379902
          ],
          [
            4.901851,
            52.379929
          ],
          [
            4.901803,
            52.379944
          ],
          [
            4.901697,
            52.379978
          ],
          [
            4.901618,
            52.380009
          ],
          [
            4.901539,
            52.380035
          ],
          [
            4.901457,
            52.380066
          ],
          [
            4.901379,
            52.380096
          ],
          [
            4.901301,
            52.380127
          ],
          [
            4.90122,
            52.380154
          ],
          [
            4.901143,
            52.380184
          ],
          [
            4.90107,
            52.380215
          ],
          [
            4.900989,
            52.380245
          ],
          [
            4.900908,
            52.38028
          ],
          [
            4.900855,
            52.380299
          ],
          [
            4.90078,
            52.380325
          ],
          [
            4.90069,
            52.380363
          ],
          [
            4.900617,
            52.380394
          ],
          [
            4.900539,
            52.380424
          ],
          [
            4.900468,
            52.380455
          ],
          [
            4.900412,
            52.380478
          ],
          [
            4.900344,
            52.380505
          ],
          [
            4.900282,
            52.380528
          ],
          [
            4.900238,
            52.38055
          ],
          [
            4.900209,
            52.380569
          ],
          [
            4.900179,
            52.380589
          ],
          [
            4.90016,
            52.3806
          ],
          [
            4.90016,
            52.3806
          ],
          [
            4.90016,
            52.3806
          ],
          [
            4.90016,
            52.3806
          ],
          [
            4.90011,
            52.380627
          ],
          [
            4.90011,
            52.380627
          ],
          [
            4.900084,
            52.380634
          ],
          [
            4.900073,
            52.380638
          ],
          [
            4.900073,
            52.380638
          ],
          [
            4.900022,
            52.38065
          ],
          [
            4.899999,
            52.380653
          ],
          [
            4.899973,
            52.380661
          ],
          [
            4.899948,
            52.380665
          ],
          [
            4.899948,
            52.380665
          ],
          [
            4.899948,
            52.380665
          ],
          [
            4.899915,
            52.380653
          ],
          [
            4.899915,
            52.380653
          ],
          [
            4.899896,
            52.380634
          ],
          [
            4.899891,
            52.380627
          ],
          [
            4.899882,
            52.380615
          ],
          [
            4.899865,
            52.3806
          ],
          [
            4.899847,
            52.380585
          ],
          [
            4.899824,
            52.380569
          ],
          [
            4.899804,
            52.380554
          ],
          [
            4.899784,
            52.380543
          ],
          [
            4.899771,
            52.380528
          ],
          [
            4.899754,
            52.380512
          ],
          [
            4.899739,
            52.380493
          ],
          [
            4.899727,
            52.380478
          ],
          [
            4.899727,
            52.380478
          ],
          [
            4.899705,
            52.380451
          ],
          [
            4.899701,
            52.380444
          ],
          [
            4.899688,
            52.380436
          ],
          [
            4.899678,
            52.380428
          ],
          [
            4.899663,
            52.380421
          ],
          [
            4.899663,
            52.380421
          ],
          [
            4.899599,
            52.380413
          ],
          [
            4.899599,
            52.380413
          ],
          [
            4.899599,
            52.380413
          ],
          [
            4.899565,
            52.380417
          ],
          [
            4.899565,
            52.380417
          ],
          [
            4.899559,
            52.380424
          ],
          [
            4.899559,
            52.380424
          ],
          [
            4.899537,
            52.380432
          ],
          [
            4.899537,
            52.380432
          ],
          [
            4.899508,
            52.380447
          ],
          [
            4.899498,
            52.380451
          ],
          [
            4.899498,
            52.380451
          ],
          [
            4.899466,
            52.38047
          ],
          [
            4.899466,
            52.380474
          ],
          [
            4.899465,
            52.380486
          ],
          [
            4.899463,
            52.380508
          ],
          [
            4.899447,
            52.380531
          ],
          [
            4.899421,
            52.380569
          ],
          [
            4.899382,
            52.380608
          ],
          [
            4.899337,
            52.380646
          ],
          [
            4.899292,
            52.38068
          ],
          [
            4.899247,
            52.380711
          ],
          [
            4.899211,
            52.380737
          ],
          [
            4.89918,
            52.380764
          ],
          [
            4.899157,
            52.380783
          ],
          [
            4.899149,
            52.380795
          ],
          [
            4.899149,
            52.380795
          ],
          [
            4.899149,
            52.380795
          ],
          [
            4.89917,
            52.380836
          ],
          [
            4.89917,
            52.380836
          ],
          [
            4.89917,
            52.380836
          ],
          [
            4.899191,
            52.380848
          ],
          [
            4.899191,
            52.380848
          ],
          [
            4.899191,
            52.380848
          ],
          [
            4.899209,
            52.380863
          ],
          [
            4.899209,
            52.380863
          ],
          [
            4.899209,
            52.380863
          ],
          [
            4.899227,
            52.380878
          ],
          [
            4.899227,
            52.380878
          ],
          [
            4.899229,
            52.380882
          ],
          [
            4.899229,
            52.380882
          ],
          [
            4.899229,
            52.380882
          ],
          [
            4.899216,
            52.380901
          ],
          [
            4.899216,
            52.380901
          ],
          [
            4.899216,
            52.380901
          ],
          [
            4.890992,
            52.400875
          ],
          [
            4.890994,
            52.400875
          ],
          [
            4.891001,
            52.400875
          ],
          [
            4.891006,
            52.400875
          ],
          [
            4.890999,
            52.400871
          ],
          [
            4.891002,
            52.400875
          ],
          [
            4.891009,
            52.400887
          ],
          [
            4.891024,
            52.400894
          ],
          [
            4.89104,
            52.400906
          ],
          [
            4.89104,
            52.400906
          ],
          [
            4.8911,
            52.400944
          ],
          [
            4.8911,
            52.400944
          ],
          [
            4.8911,
            52.400944
          ],
          [
            4.891179,
            52.400997
          ],
          [
            4.891179,
            52.400997
          ],
          [
            4.891179,
            52.400997
          ],
          [
            4.891202,
            52.401024
          ],
          [
            4.891206,
            52.401028
          ],
          [
            4.891206,
            52.401028
          ],
          [
            4.891193,
            52.401047
          ],
          [
            4.89119,
            52.401058
          ],
          [
            4.89119,
            52.401058
          ],
          [
            4.891162,
            52.401081
          ],
          [
            4.891162,
            52.401081
          ],
          [
            4.891132,
            52.401096
          ],
          [
            4.891116,
            52.401104
          ],
          [
            4.891107,
            52.401112
          ],
          [
            4.891106,
            52.401115
          ],
          [
            4.891104,
            52.401131
          ],
          [
            4.891109,
            52.40115
          ],
          [
            4.89112,
            52.401165
          ],
          [
            4.891135,
            52.401173
          ],
          [
            4.891156,
            52.401176
          ],
          [
            4.891173,
            52.401176
          ],
          [
            4.891173,
            52.401176
          ],
          [
            4.891229,
            52.401157
          ],
          [
            4.891254,
            52.401154
          ],
          [
            4.891277,
            52.401154
          ],
          [
            4.891298,
            52.401157
          ],
          [
            4.891314,
            52.401157
          ],
          [
            4.891344,
            52.401173
          ],
          [
            4.891377,
            52.401184
          ],
          [
            4.891418,
            52.401199
          ],
          [
            4.891469,
            52.401218
          ],
          [
            4.891523,
            52.401234
          ],
          [
            4.891575,
            52.401257
          ],
          [
            4.89161,
            52.401272
          ],
          [
            4.891642,
            52.401299
          ],
          [
            4.891654,
            52.401337
          ],
          [
            4.891653,
            52.401375
          ],
          [
            4.89163,
            52.401409
          ],
          [
            4.891589,
            52.401443
          ],
          [
            4.891543,
            52.401474
          ],
          [
            4.891487,
            52.401504
          ],
          [
            4.891427,
            52.401539
          ],
          [
            4.891374,
            52.401573
          ],
          [
            4.891322,
            52.401607
          ],
          [
            4.891266,
            52.401646
          ],
          [
            4.8912,
            52.401684
          ],
          [
            4.891138,
            52.401722
          ],
          [
            4.891071,
            52.401752
          ],
          [
            4.891036,
            52.401772
          ],
          [
            4.890925,
            52.401817
          ],
          [
            4.890846,
            52.401848
          ],
          [
            4.890765,
            52.401875
          ],
          [
            4.890695,
            52.401894
          ],
          [
            4.890628,
            52.401901
          ],
          [
            4.890557,
            52.401897
          ],
          [
            4.890495,
            52.401878
          ],
          [
            4.890439,
            52.401852
          ],
          [
            4.890385,
            52.401814
          ],
          [
            4.890328,
            52.401768
          ],
          [
            4.890265,
            52.401714
          ],
          [
            4.890204,
            52.401657
          ],
          [
            4.890133,
            52.4016
          ],
          [
            4.890072,
            52.401543
          ],
          [
            4.890003,
            52.401485
          ],
          [
            4.889971,
            52.401455
          ],
          [
            4.889937,
            52.401424
          ],
          [
            4.889899,
            52.40139
          ],
          [
            4.889851,
            52.401352
          ],
          [
            4.889811,
            52.401318
          ],
          [
            4.889766,
            52.401279
          ],
          [
            4.88973,
            52.401249
          ],
          [
            4.889687,
            52.401215
          ],
          [
            4.889645,
            52.401176
          ],
          [
            4.889606,
            52.401146
          ],
          [
            4.889566,
            52.401115
          ],
          [
            4.889528,
            52.401085
          ],
          [
            4.889483,
            52.401054
          ],
          [
            4.889444,
            52.401024
          ],
          [
            4.889402,
            52.400993
          ],
          [
            4.889364,
            52.400963
          ],
          [
            4.889327,
            52.400932
          ],
          [
            4.889294,
            52.400906
          ],
          [
            4.889262,
            52.400875
          ],
          [
            4.889227,
            52.400848
          ],
          [
            4.889186,
            52.400814
          ],
          [
            4.889156,
            52.400787
          ],
          [
            4.889128,
            52.400761
          ],
          [
            4.889092,
            52.400734
          ],
          [
            4.889063,
            52.400711
          ],
          [
            4.889026,
            52.400684
          ],
          [
            4.888995,
            52.400661
          ],
          [
            4.888964,
            52.400639
          ],
          [
            4.888938,
            52.40062
          ],
          [
            4.888919,
            52.400597
          ],
          [
            4.888919,
            52.400597
          ],
          [
            4.888909,
            52.400558
          ],
          [
            4.888913,
            52.400551
          ],
          [
            4.888913,
            52.400551
          ],
          [
            4.888931,
            52.400562
          ],
          [
            4.888941,
            52.40057
          ],
          [
            4.888945,
            52.400574
          ],
          [
            4.888952,
            52.400585
          ],
          [
            4.88896,
            52.400597
          ],
          [
            4.888968,
            52.400612
          ],
          [
            4.888968,
            52.400612
          ],
          [
            4.889,
            52.400646
          ],
          [
            4.889,
            52.400646
          ],
          [
            4.889,
            52.400646
          ],
          [
            4.889034,
            52.400684
          ],
          [
            4.889034,
            52.400684
          ],
          [
            4.889049,
            52.400692
          ],
          [
            4.889052,
            52.400696
          ],
          [
            4.889055,
            52.4007
          ],
          [
            4.889067,
            52.400707
          ],
          [
            4.889086,
            52.400723
          ],
          [
            4.889098,
            52.400738
          ],
          [
            4.889123,
            52.400757
          ],
          [
            4.889144,
            52.400772
          ],
          [
            4.889171,
            52.400791
          ],
          [
            4.889199,
            52.400814
          ],
          [
            4.889225,
            52.400833
          ],
          [
            4.889241,
            52.400848
          ],
          [
            4.889266,
            52.400871
          ],
          [
            4.889291,
            52.40089
          ],
          [
            4.889314,
            52.400906
          ],
          [
            4.889352,
            52.400936
          ],
          [
            4.889387,
            52.400963
          ],
          [
            4.889424,
            52.400989
          ],
          [
            4.889466,
            52.401024
          ],
          [
            4.889505,
            52.401054
          ],
          [
            4.889548,
            52.401089
          ],
          [
            4.889596,
            52.401131
          ],
          [
            4.889655,
            52.401176
          ],
          [
            4.889706,
            52.401218
          ],
          [
            4.889759,
            52.40126
          ],
          [
            4.889814,
            52.401302
          ],
          [
            4.889867,
            52.40134
          ],
          [
            4.889925,
            52.401382
          ],
          [
            4.889976,
            52.401421
          ],
          [
            4.890028,
            52.401459
          ],
          [
            4.890073,
            52.401493
          ],
          [
            4.890125,
            52.401535
          ],
          [
            4.890172,
            52.401573
          ],
          [
            4.89022,
            52.401607
          ],
          [
            4.890258,
            52.401638
          ],
          [
            4.890309,
            52.401672
          ],
          [
            4.890366,
            52.401699
          ],
          [
            4.890422,
            52.401714
          ],
          [
            4.890468,
            52.401718
          ],
          [
            4.890512,
            52.401707
          ],
          [
            4.890548,
            52.401688
          ],
          [
            4.89058,
            52.401661
          ],
          [
            4.890628,
            52.401619
          ],
          [
            4.890681,
            52.401577
          ],
          [
            4.89076,
            52.401535
          ],
          [
            4.890843,
            52.401493
          ],
          [
            4.890918,
            52.401463
          ],
          [
            4.890986,
            52.401436
          ],
          [
            4.891056,
            52.401405
          ],
          [
            4.891128,
            52.401375
          ],
          [
            4.891197,
            52.401348
          ],
          [
            4.891253,
            52.401333
          ],
          [
            4.891362,
            52.40131
          ],
          [
            4.89141,
            52.401299
          ],
          [
            4.891458,
            52.401291
          ],
          [
            4.891488,
            52.401287
          ],
          [
            4.891679,
            52.401291
          ],
          [
            4.891805,
            52.401291
          ],
          [
            4.8919,
            52.401295
          ],
          [
            4.891978,
            52.401295
          ],
          [
            4.891978,
            52.401295
          ],
          [
            4.892128,
            52.401287
          ],
          [
            4.892178,
            52.401287
          ],
          [
            4.892215,
            52.401287
          ],
          [
            4.892259,
            52.401295
          ],
          [
            4.892301,
            52.40131
          ],
          [
            4.892347,
            52.401329
          ],
          [
            4.892397,
            52.401363
          ],
          [
            4.892443,
            52.401398
          ],
          [
            4.892492,
            52.40144
          ],
          [
            4.892551,
            52.401489
          ],
          [
            4.892602,
            52.401531
          ],
          [
            4.892646,
            52.401569
          ],
          [
            4.892708,
            52.401623
          ],
          [
            4.892773,
            52.40168
          ],
          [
            4.892852,
            52.401733
          ],
          [
            4.892896,
            52.401772
          ],
          [
            4.89295,
            52.40181
          ],
          [
            4.893011,
            52.401855
          ],
          [
            4.893053,
            52.401886
          ],
          [
            4.893099,
            52.401917
          ],
          [
            4.893158,
            52.401962
          ],
          [
            4.893214,
            52.402008
          ],
          [
            4.89327,
            52.40205
          ],
          [
            4.893319,
            52.402092
          ],
          [
            4.893377,
            52.402134
          ],
          [
            4.893431,
            52.402176
          ],
          [
            4.893497,
            52.402222
          ],
          [
            4.893551,
            52.402264
          ],
          [
            4.893603,
            52.402306
          ],
          [
            4.893653,
            52.40234
          ],
          [
            4.893704,
            52.402386
          ],
          [
            4.893738,
            52.402412
          ],
          [
            4.893775,
            52.402443
          ],
          [
            4.89381,
            52.40247
          ],
          [
            4.893847,
            52.402496
          ],
          [
            4.893881,
            52.402523
          ],
          [
            4.893921,
            52.40255
          ],
          [
            4.893961,
            52.40258
          ],
          [
            4.894006,
            52.402607
          ],
          [
            4.894052,
            52.402641
          ],
          [
            4.894098,
            52.402679
          ],
          [
            4.894139,
            52.40271
          ],
          [
            4.894189,
            52.402752
          ],
          [
            4.894234,
            52.40279
          ],
          [
            4.894277,
            52.402821
          ],
          [
            4.894319,
            52.402859
          ],
          [
            4.894356,
            52.402882
          ],
          [
            4.894389,
            52.402908
          ],
          [
            4.894422,
            52.402931
          ],
          [
            4.894449,
            52.40295
          ],
          [
            4.89448,
            52.402969
          ],
          [
            4.894508,
            52.402988
          ],
          [
            4.894528,
            52.403004
          ],
          [
            4.89456,
            52.40303
          ],
          [
            4.894595,
            52.403053
          ],
          [
            4.89464,
            52.403084
          ],
          [
            4.894701,
            52.403122
          ],
          [
            4.894767,
            52.403152
          ],
          [
            4.894842,
            52.403191
          ],
          [
            4.894923,
            52.403233
          ],
          [
            4.895,
            52.403278
          ],
          [
            4.895072,
            52.403328
          ],
          [
            4.895135,
            52.403377
          ],
          [
            4.895186,
            52.403423
          ],
          [
            4.895248,
            52.403469
          ],
          [
            4.895299,
            52.403507
          ],
          [
            4.895333,
            52.40353
          ],
          [
            4.895352,
            52.403557
          ],
          [
            4.89536,
            52.403572
          ],
          [
            4.895351,
            52.403584
          ],
          [
            4.89533,
            52.403595
          ],
          [
            4.895292,
            52.403606
          ],
          [
            4.895258,
            52.403618
          ],
          [
            4.895215,
            52.403637
          ],
          [
            4.89518,
            52.403652
          ],
          [
            4.89515,
            52.403664
          ],
          [
            4.895121,
            52.403687
          ],
          [
            4.895089,
            52.403694
          ],
          [
            4.895053,
            52.403721
          ],
          [
            4.895034,
            52.403725
          ],
          [
            4.894941,
            52.403767
          ],
          [
            4.894876,
            52.40379
          ],
          [
            4.894819,
            52.40382
          ],
          [
            4.894749,
            52.403851
          ],
          [
            4.894663,
            52.403889
          ],
          [
            4.894582,
            52.403931
          ],
          [
            4.894572,
            52.403934
          ],
          [
            4.894533,
            52.403954
          ],
          [
            4.894483,
            52.403973
          ],
          [
            4.894416,
            52.404007
          ],
          [
            4.894346,
            52.404041
          ],
          [
            4.894269,
            52.404076
          ],
          [
            4.894195,
            52.404106
          ],
          [
            4.894019,
            52.40419
          ],
          [
            4.893869,
            52.40427
          ],
          [
            4.893764,
            52.40432
          ],
          [
            4.893698,
            52.404346
          ],
          [
            4.893631,
            52.404373
          ],
          [
            4.893542,
            52.404404
          ],
          [
            4.893468,
            52.40443
          ],
          [
            4.893427,
            52.404457
          ],
          [
            4.893396,
            52.404499
          ],
          [
            4.893391,
            52.40453
          ],
          [
            4.893383,
            52.40456
          ],
          [
            4.893394,
            52.404587
          ],
          [
            4.89341,
            52.404606
          ],
          [
            4.893433,
            52.404625
          ],
          [
            4.893433,
            52.404625
          ],
          [
            4.893497,
            52.404663
          ],
          [
            4.893497,
            52.404663
          ],
          [
            4.893538,
            52.404667
          ],
          [
            4.893538,
            52.404667
          ],
          [
            4.893582,
            52.404671
          ],
          [
            4.893599,
            52.404675
          ],
          [
            4.893612,
            52.404682
          ],
          [
            4.893625,
            52.40469
          ],
          [
            4.893625,
            52.404705
          ],
          [
            4.893618,
            52.404717
          ],
          [
            4.893599,
            52.404732
          ],
          [
            4.893554,
            52.40477
          ],
          [
            4.89352,
            52.4048
          ],
          [
            4.893479,
            52.404839
          ],
          [
            4.89344,
            52.404881
          ],
          [
            4.893403,
            52.404942
          ],
          [
            4.893374,
            52.404995
          ],
          [
            4.893329,
            52.405121
          ],
          [
            4.893309,
            52.405193
          ],
          [
            4.893298,
            52.405243
          ],
          [
            4.893289,
            52.405289
          ],
          [
            4.893282,
            52.405342
          ],
          [
            4.893272,
            52.405422
          ],
          [
            4.893265,
            52.405483
          ],
          [
            4.893259,
            52.405544
          ],
          [
            4.893256,
            52.405601
          ],
          [
            4.893249,
            52.405674
          ],
          [
            4.893249,
            52.405701
          ],
          [
            4.893248,
            52.4058
          ],
          [
            4.893244,
            52.405842
          ],
          [
            4.893241,
            52.405911
          ],
          [
            4.893236,
            52.405991
          ],
          [
            4.893235,
            52.406059
          ],
          [
            4.893232,
            52.406128
          ],
          [
            4.89323,
            52.406208
          ],
          [
            4.893227,
            52.406296
          ],
          [
            4.893228,
            52.40633
          ],
          [
            4.893223,
            52.40638
          ],
          [
            4.893219,
            52.406448
          ],
          [
            4.89321,
            52.406521
          ],
          [
            4.893188,
            52.406586
          ],
          [
            4.893154,
            52.406654
          ],
          [
            4.893132,
            52.406704
          ],
          [
            4.893106,
            52.406754
          ],
          [
            4.893074,
            52.406815
          ],
          [
            4.893057,
            52.406864
          ],
          [
            4.89305,
            52.406906
          ],
          [
            4.893051,
            52.406963
          ],
          [
            4.89303,
            52.407005
          ],
          [
            4.89299,
            52.40704
          ],
          [
            4.892939,
            52.407066
          ],
          [
            4.892894,
            52.407089
          ],
          [
            4.892843,
            52.407108
          ],
          [
            4.892781,
            52.407131
          ],
          [
            4.892724,
            52.407162
          ],
          [
            4.892668,
            52.407188
          ],
          [
            4.892613,
            52.407208
          ],
          [
            4.892562,
            52.407215
          ],
          [
            4.892519,
            52.407211
          ],
          [
            4.892489,
            52.407196
          ],
          [
            4.892473,
            52.407188
          ],
          [
            4.892473,
            52.407188
          ],
          [
            4.892423,
            52.407173
          ],
          [
            4.892396,
            52.407166
          ],
          [
            4.892373,
            52.407143
          ],
          [
            4.892343,
            52.407112
          ],
          [
            4.892311,
            52.407074
          ],
          [
            4.892276,
            52.407028
          ],
          [
            4.892249,
            52.407005
          ],
          [
            4.892177,
            52.40694
          ],
          [
            4.892138,
            52.406895
          ],
          [
            4.892152,
            52.406902
          ],
          [
            4.892133,
            52.406845
          ],
          [
            4.892106,
            52.406773
          ],
          [
            4.892085,
            52.406742
          ],
          [
            4.892026,
            52.406624
          ],
          [
            4.89194,
            52.406494
          ],
          [
            4.891901,
            52.406433
          ],
          [
            4.891876,
            52.406391
          ],
          [
            4.89183,
            52.406326
          ],
          [
            4.891797,
            52.40628
          ],
          [
            4.891787,
            52.406269
          ],
          [
            4.891757,
            52.406231
          ],
          [
            4.891714,
            52.406185
          ],
          [
            4.891663,
            52.406124
          ],
          [
            4.89162,
            52.406063
          ],
          [
            4.89157,
            52.405998
          ],
          [
            4.891541,
            52.405949
          ],
          [
            4.891497,
            52.40588
          ],
          [
            4.891465,
            52.40583
          ],
          [
            4.891438,
            52.405781
          ],
          [
            4.891384,
            52.405716
          ],
          [
            4.891338,
            52.405666
          ],
          [
            4.891287,
            52.405617
          ],
          [
            4.891228,
            52.405571
          ],
          [
            4.891181,
            52.405537
          ],
          [
            4.891132,
            52.405502
          ],
          [
            4.891092,
            52.405468
          ],
          [
            4.891052,
            52.405437
          ],
          [
            4.891014,
            52.405407
          ],
          [
            4.89099,
            52.405376
          ],
          [
            4.890964,
            52.40535
          ],
          [
            4.890938,
            52.405319
          ],
          [
            4.890908,
            52.405289
          ],
          [
            4.890873,
            52.405251
          ],
          [
            4.890829,
            52.405212
          ],
          [
            4.890782,
            52.405174
          ],
          [
            4.890664,
            52.405083
          ],
          [
            4.890597,
            52.405025
          ],
          [
            4.890537,
            52.404972
          ],
          [
            4.890454,
            52.404919
          ],
          [
            4.8904,
            52.404873
          ],
          [
            4.890333,
            52.404835
          ],
          [
            4.890286,
            52.404793
          ],
          [
            4.890226,
            52.404755
          ],
          [
            4.890176,
            52.404713
          ],
          [
            4.890111,
            52.404655
          ],
          [
            4.890059,
            52.404613
          ],
          [
            4.890017,
            52.404583
          ],
          [
            4.889963,
            52.404549
          ],
          [
            4.889922,
            52.40453
          ],
          [
            4.889872,
            52.404518
          ],
          [
            4.889821,
            52.404522
          ],
          [
            4.889772,
            52.404522
          ],
          [
            4.889772,
            52.404514
          ],
          [
            4.889664,
            52.404556
          ],
          [
            4.889591,
            52.404583
          ],
          [
            4.889525,
            52.404606
          ],
          [
            4.889475,
            52.404625
          ],
          [
            4.889425,
            52.404648
          ],
          [
            4.889345,
            52.404686
          ],
          [
            4.889255,
            52.404732
          ],
          [
            4.889167,
            52.404774
          ],
          [
            4.889084,
            52.404816
          ],
          [
            4.889,
            52.404858
          ],
          [
            4.888915,
            52.4049
          ],
          [
            4.888841,
            52.40493
          ],
          [
            4.888783,
            52.404961
          ],
          [
            4.888715,
            52.404972
          ],
          [
            4.888657,
            52.404984
          ],
          [
            4.888604,
            52.40498
          ],
          [
            4.888546,
            52.404968
          ],
          [
            4.888495,
            52.404945
          ],
          [
            4.888446,
            52.404911
          ],
          [
            4.8884,
            52.404865
          ],
          [
            4.888346,
            52.40482
          ],
          [
            4.888287,
            52.404766
          ],
          [
            4.888237,
            52.40472
          ],
          [
            4.888189,
            52.404678
          ],
          [
            4.888136,
            52.404636
          ],
          [
            4.888092,
            52.404602
          ],
          [
            4.888037,
            52.404575
          ],
          [
            4.887989,
            52.404556
          ],
          [
            4.887945,
            52.404541
          ],
          [
            4.887908,
            52.40453
          ],
          [
            4.887868,
            52.40453
          ],
          [
            4.887828,
            52.40451
          ],
          [
            4.887786,
            52.404499
          ],
          [
            4.887749,
            52.40448
          ],
          [
            4.887711,
            52.404465
          ],
          [
            4.887736,
            52.404469
          ],
          [
            4.887586,
            52.404327
          ],
          [
            4.887507,
            52.404247
          ],
          [
            4.887446,
            52.404194
          ],
          [
            4.887393,
            52.404144
          ],
          [
            4.887341,
            52.404102
          ],
          [
            4.887295,
            52.40406
          ],
          [
            4.887252,
            52.404026
          ],
          [
            4.88722,
            52.403995
          ],
          [
            4.887194,
            52.403969
          ],
          [
            4.887183,
            52.403965
          ],
          [
            4.887169,
            52.403946
          ],
          [
            4.887179,
            52.403954
          ],
          [
            4.887183,
            52.403957
          ],
          [
            4.887223,
            52.403973
          ],
          [
            4.887237,
            52.403988
          ],
          [
            4.887312,
            52.404037
          ],
          [
            4.887302,
            52.404022
          ],
          [
            4.887417,
            52.404102
          ],
          [
            4.887493,
            52.404137
          ],
          [
            4.887543,
            52.404182
          ],
          [
            4.887612,
            52.404236
          ],
          [
            4.887609,
            52.404232
          ],
          [
            4.887623,
            52.404247
          ],
          [
            4.887655,
            52.40427
          ],
          [
            4.887836,
            52.4044
          ],
          [
            4.887878,
            52.404442
          ],
          [
            4.887916,
            52.404465
          ],
          [
            4.887976,
            52.404522
          ],
          [
            4.88804,
            52.404575
          ],
          [
            4.888096,
            52.404633
          ],
          [
            4.888159,
            52.404675
          ],
          [
            4.888218,
            52.404732
          ],
          [
            4.888301,
            52.404789
          ],
          [
            4.888384,
            52.404854
          ],
          [
            4.888458,
            52.404907
          ],
          [
            4.888533,
            52.404953
          ],
          [
            4.888579,
            52.404995
          ],
          [
            4.888623,
            52.405029
          ],
          [
            4.888649,
            52.405041
          ],
          [
            4.888702,
            52.405083
          ],
          [
            4.888765,
            52.405136
          ],
          [
            4.888828,
            52.405189
          ],
          [
            4.888906,
            52.405251
          ],
          [
            4.888947,
            52.405289
          ],
          [
            4.889004,
            52.405331
          ],
          [
            4.88903,
            52.405354
          ],
          [
            4.889144,
            52.405437
          ],
          [
            4.889232,
            52.405506
          ],
          [
            4.88931,
            52.40556
          ],
          [
            4.889378,
            52.405613
          ],
          [
            4.889448,
            52.40567
          ],
          [
            4.889514,
            52.405727
          ],
          [
            4.889573,
            52.405773
          ],
          [
            4.889621,
            52.405827
          ],
          [
            4.889655,
            52.405872
          ],
          [
            4.889679,
            52.405926
          ],
          [
            4.889682,
            52.405983
          ],
          [
            4.889646,
            52.406044
          ],
          [
            4.88961,
            52.406082
          ],
          [
            4.889569,
            52.40612
          ],
          [
            4.889549,
            52.406139
          ],
          [
            4.889524,
            52.406155
          ],
          [
            4.889502,
            52.40617
          ],
          [
            4.889458,
            52.406189
          ],
          [
            4.889409,
            52.406212
          ],
          [
            4.889382,
            52.406223
          ],
          [
            4.889342,
            52.406242
          ],
          [
            4.889339,
            52.406242
          ],
          [
            4.889208,
            52.406307
          ],
          [
            4.889157,
            52.406334
          ],
          [
            4.889128,
            52.406349
          ],
          [
            4.889099,
            52.406368
          ],
          [
            4.889056,
            52.406387
          ],
          [
            4.889018,
            52.40641
          ],
          [
            4.888956,
            52.406433
          ],
          [
            4.888906,
            52.406448
          ],
          [
            4.888826,
            52.406479
          ],
          [
            4.888762,
            52.406506
          ],
          [
            4.88869,
            52.40654
          ],
          [
            4.888612,
            52.406582
          ],
          [
            4.88855,
            52.406612
          ],
          [
            4.888453,
            52.406658
          ],
          [
            4.888382,
            52.406693
          ],
          [
            4.88831,
            52.406731
          ],
          [
            4.888252,
            52.406765
          ],
          [
            4.888209,
            52.406795
          ],
          [
            4.888136,
            52.40683
          ],
          [
            4.888099,
            52.406841
          ],
          [
            4.888059,
            52.406853
          ],
          [
            4.888006,
            52.406879
          ],
          [
            4.88796,
            52.406902
          ],
          [
            4.887897,
            52.406933
          ],
          [
            4.887844,
            52.40696
          ],
          [
            4.887781,
            52.40699
          ],
          [
            4.887711,
            52.407024
          ],
          [
            4.887631,
            52.407063
          ],
          [
            4.887558,
            52.407101
          ],
          [
            4.887488,
            52.407131
          ],
          [
            4.887429,
            52.407162
          ],
          [
            4.887377,
            52.407188
          ],
          [
            4.887311,
            52.407215
          ],
          [
            4.887245,
            52.407249
          ],
          [
            4.88718,
            52.407272
          ],
          [
            4.887107,
            52.407299
          ],
          [
            4.887053,
            52.407326
          ],
          [
            4.886865,
            52.407413
          ],
          [
            4.886786,
            52.407452
          ],
          [
            4.886708,
            52.40749
          ],
          [
            4.886629,
            52.407528
          ],
          [
            4.886555,
            52.407578
          ],
          [
            4.886481,
            52.407612
          ],
          [
            4.886423,
            52.407639
          ],
          [
            4.886356,
            52.407677
          ],
          [
            4.886292,
            52.407711
          ],
          [
            4.886233,
            52.407742
          ],
          [
            4.88618,
            52.407757
          ],
          [
            4.886137,
            52.407772
          ],
          [
            4.886062,
            52.407795
          ],
          [
            4.885999,
            52.407822
          ],
          [
            4.885945,
            52.407848
          ],
          [
            4.885875,
            52.407883
          ],
          [
            4.885805,
            52.407921
          ],
          [
            4.885729,
            52.407955
          ],
          [
            4.885653,
            52.407989
          ],
          [
            4.885593,
            52.408016
          ],
          [
            4.885523,
            52.408047
          ],
          [
            4.885455,
            52.408081
          ],
          [
            4.885383,
            52.408123
          ],
          [
            4.88537,
            52.408131
          ],
          [
            4.885335,
            52.408169
          ],
          [
            4.885297,
            52.408215
          ],
          [
            4.88526,
            52.408302
          ],
          [
            4.885236,
            52.40836
          ],
          [
            4.885228,
            52.408413
          ],
          [
            4.885261,
            52.408463
          ],
          [
            4.885292,
            52.408504
          ],
          [
            4.885293,
            52.408554
          ],
          [
            4.885252,
            52.408585
          ],
          [
            4.885188,
            52.408615
          ],
          [
            4.88512,
            52.408619
          ],
          [
            4.885059,
            52.408607
          ],
          [
            4.885031,
            52.408592
          ],
          [
            4.885036,
            52.408546
          ],
          [
            4.885045,
            52.40852
          ],
          [
            4.885063,
            52.408474
          ],
          [
            4.88507,
            52.408421
          ],
          [
            4.885089,
            52.408379
          ],
          [
            4.885101,
            52.40834
          ],
          [
            4.885088,
            52.408302
          ],
          [
            4.885097,
            52.408264
          ],
          [
            4.885099,
            52.408249
          ],
          [
            4.885108,
            52.408215
          ],
          [
            4.885119,
            52.408176
          ],
          [
            4.885134,
            52.408146
          ],
          [
            4.885146,
            52.408119
          ],
          [
            4.885146,
            52.408119
          ],
          [
            4.885146,
            52.408119
          ],
          [
            4.885146,
            52.408119
          ],
          [
            4.885146,
            52.408092
          ],
          [
            4.885151,
            52.408085
          ],
          [
            4.885155,
            52.408073
          ],
          [
            4.885164,
            52.408062
          ],
          [
            4.885183,
            52.408035
          ],
          [
            4.88522,
            52.408012
          ],
          [
            4.88527,
            52.407997
          ],
          [
            4.885336,
            52.407989
          ],
          [
            4.88548,
            52.407944
          ],
          [
            4.885548,
            52.407917
          ],
          [
            4.885613,
            52.407887
          ],
          [
            4.885681,
            52.40786
          ],
          [
            4.885788,
            52.40781
          ],
          [
            4.88587,
            52.407772
          ],
          [
            4.885953,
            52.407734
          ],
          [
            4.88604,
            52.407692
          ],
          [
            4.886131,
            52.40765
          ],
          [
            4.886179,
            52.407631
          ],
          [
            4.886258,
            52.407593
          ],
          [
            4.886343,
            52.407551
          ],
          [
            4.886435,
            52.407505
          ],
          [
            4.886524,
            52.407467
          ],
          [
            4.886586,
            52.407433
          ],
          [
            4.886676,
            52.407391
          ],
          [
            4.886757,
            52.407356
          ],
          [
            4.886842,
            52.407318
          ],
          [
            4.88694,
            52.407269
          ],
          [
            4.887034,
            52.407223
          ],
          [
            4.887113,
            52.407188
          ],
          [
            4.887198,
            52.407154
          ],
          [
            4.887284,
            52.407116
          ],
          [
            4.887384,
            52.40707
          ],
          [
            4.887474,
            52.407032
          ],
          [
            4.887561,
            52.406994
          ],
          [
            4.88763,
            52.406963
          ],
          [
            4.887725,
            52.406921
          ],
          [
            4.887812,
            52.406876
          ],
          [
            4.887891,
            52.406837
          ],
          [
            4.887976,
            52.406799
          ],
          [
            4.888052,
            52.406761
          ],
          [
            4.888133,
            52.406719
          ],
          [
            4.888212,
            52.406681
          ],
          [
            4.888293,
            52.406643
          ],
          [
            4.888373,
            52.406605
          ],
          [
            4.888452,
            52.40657
          ],
          [
            4.888534,
            52.406532
          ],
          [
            4.888613,
            52.406494
          ],
          [
            4.888693,
            52.406452
          ],
          [
            4.888864,
            52.406372
          ],
          [
            4.888947,
            52.406334
          ],
          [
            4.889026,
            52.406292
          ],
          [
            4.889099,
            52.406254
          ],
          [
            4.889176,
            52.406219
          ],
          [
            4.889255,
            52.406185
          ],
          [
            4.889338,
            52.406151
          ],
          [
            4.889416,
            52.406113
          ],
          [
            4.889495,
            52.406075
          ],
          [
            4.889574,
            52.406036
          ],
          [
            4.889649,
            52.405994
          ],
          [
            4.88972,
            52.40596
          ],
          [
            4.889795,
            52.405926
          ],
          [
            4.889838,
            52.405907
          ],
          [
            4.889915,
            52.405876
          ],
          [
            4.889975,
            52.405849
          ],
          [
            4.890043,
            52.405819
          ],
          [
            4.890094,
            52.405796
          ],
          [
            4.890116,
            52.405785
          ],
          [
            4.890201,
            52.405746
          ],
          [
            4.890274,
            52.405712
          ],
          [
            4.890358,
            52.40567
          ],
          [
            4.89045,
            52.405624
          ],
          [
            4.890543,
            52.405579
          ],
          [
            4.890603,
            52.405548
          ],
          [
            4.890679,
            52.40551
          ],
          [
            4.890764,
            52.405468
          ],
          [
            4.890874,
            52.405415
          ],
          [
            4.890988,
            52.405369
          ],
          [
            4.89109,
            52.405342
          ],
          [
            4.89117,
            52.405335
          ],
          [
            4.891263,
            52.405361
          ],
          [
            4.89133,
            52.405388
          ],
          [
            4.891396,
            52.405434
          ],
          [
            4.891452,
            52.405476
          ],
          [
            4.891548,
            52.405563
          ],
          [
            4.891603,
            52.405605
          ],
          [
            4.891645,
            52.405632
          ],
          [
            4.891682,
            52.405651
          ],
          [
            4.891682,
            52.405651
          ],
          [
            4.891758,
            52.40567
          ],
          [
            4.891774,
            52.40567
          ],
          [
            4.891774,
            52.40567
          ],
          [
            4.891814,
            52.405659
          ],
          [
            4.891839,
            52.405655
          ],
          [
            4.891858,
            52.405647
          ],
          [
            4.891888,
            52.40564
          ],
          [
            4.891978,
            52.405601
          ],
          [
            4.892035,
            52.405579
          ],
          [
            4.892087,
            52.405556
          ],
          [
            4.892136,
            52.405537
          ],
          [
            4.892196,
            52.405514
          ],
          [
            4.892251,
            52.405491
          ],
          [
            4.892305,
            52.405468
          ],
          [
            4.892353,
            52.405449
          ],
          [
            4.892394,
            52.405437
          ],
          [
            4.892471,
            52.405422
          ],
          [
            4.892526,
            52.405407
          ],
          [
            4.892572,
            52.405399
          ],
          [
            4.892611,
            52.405392
          ],
          [
            4.892611,
            52.405392
          ],
          [
            4.892611,
            52.405392
          ],
          [
            4.892611,
            52.405392
          ],
          [
            4.892611,
            52.405392
          ],
          [
            4.892611,
            52.405392
          ],
          [
            4.892611,
            52.405392
          ],
          [
            4.892701,
            52.405315
          ],
          [
            4.892698,
            52.405308
          ],
          [
            4.892694,
            52.405296
          ],
          [
            4.892699,
            52.405285
          ],
          [
            4.892705,
            52.405258
          ],
          [
            4.892715,
            52.405231
          ],
          [
            4.892736,
            52.405205
          ],
          [
            4.892758,
            52.405178
          ],
          [
            4.892784,
            52.405144
          ],
          [
            4.892798,
            52.405121
          ],
          [
            4.892805,
            52.405094
          ],
          [
            4.892807,
            52.405071
          ],
          [
            4.892797,
            52.405041
          ],
          [
            4.892787,
            52.405022
          ],
          [
            4.892755,
            52.404995
          ],
          [
            4.892723,
            52.404972
          ],
          [
            4.892674,
            52.404953
          ],
          [
            4.892623,
            52.404934
          ],
          [
            4.892564,
            52.404919
          ],
          [
            4.892511,
            52.404911
          ],
          [
            4.892472,
            52.404915
          ],
          [
            4.892422,
            52.404919
          ],
          [
            4.892379,
            52.40493
          ],
          [
            4.892326,
            52.404945
          ],
          [
            4.892272,
            52.404961
          ],
          [
            4.892214,
            52.404984
          ],
          [
            4.892155,
            52.40501
          ],
          [
            4.892093,
            52.405037
          ],
          [
            4.892043,
            52.405064
          ],
          [
            4.891986,
            52.405094
          ],
          [
            4.891938,
            52.405125
          ],
          [
            4.891881,
            52.405155
          ],
          [
            4.891832,
            52.405178
          ],
          [
            4.891774,
            52.405201
          ],
          [
            4.891734,
            52.405228
          ],
          [
            4.891706,
            52.405254
          ],
          [
            4.891687,
            52.405277
          ],
          [
            4.891679,
            52.405308
          ],
          [
            4.891679,
            52.405342
          ],
          [
            4.891696,
            52.40538
          ],
          [
            4.891723,
            52.405407
          ],
          [
            4.891763,
            52.405426
          ],
          [
            4.891808,
            52.40543
          ],
          [
            4.891849,
            52.405415
          ],
          [
            4.891879,
            52.405396
          ],
          [
            4.891895,
            52.405373
          ],
          [
            4.891904,
            52.405346
          ],
          [
            4.891918,
            52.405331
          ],
          [
            4.891931,
            52.405308
          ],
          [
            4.891942,
            52.4053
          ],
          [
            4.891953,
            52.405293
          ],
          [
            4.891964,
            52.4053
          ],
          [
            4.891976,
            52.405308
          ],
          [
            4.891976,
            52.405308
          ],
          [
            4.892007,
            52.405338
          ],
          [
            4.892024,
            52.405346
          ],
          [
            4.89205,
            52.405346
          ],
          [
            4.892088,
            52.40535
          ],
          [
            4.892115,
            52.405357
          ],
          [
            4.89215,
            52.405365
          ],
          [
            4.892172,
            52.405376
          ],
          [
            4.892188,
            52.405388
          ],
          [
            4.892177,
            52.405403
          ],
          [
            4.892156,
            52.40543
          ],
          [
            4.892119,
            52.40546
          ],
          [
            4.892078,
            52.405487
          ],
          [
            4.892035,
            52.405514
          ],
          [
            4.891996,
            52.405537
          ],
          [
            4.891954,
            52.405563
          ],
          [
            4.891917,
            52.405582
          ],
          [
            4.89187,
            52.405605
          ],
          [
            4.891829,
            52.405617
          ],
          [
            4.891793,
            52.405624
          ],
          [
            4.891766,
            52.405632
          ],
          [
            4.891727,
            52.405636
          ],
          [
            4.89169,
            52.405636
          ],
          [
            4.891613,
            52.40564
          ],
          [
            4.891543,
            52.405628
          ],
          [
            4.891524,
            52.405624
          ],
          [
            4.891423,
            52.405582
          ],
          [
            4.891368,
            52.40556
          ],
          [
            4.891305,
            52.405525
          ],
          [
            4.891258,
            52.405495
          ],
          [
            4.891216,
            52.405453
          ],
          [
            4.891184,
            52.405407
          ],
          [
            4.891168,
            52.40538
          ],
          [
            4.891181,
            52.405323
          ],
          [
            4.891215,
            52.405273
          ],
          [
            4.891266,
            52.405224
          ],
          [
            4.891345,
            52.405174
          ],
          [
            4.891405,
            52.40514
          ],
          [
            4.891481,
            52.405106
          ],
          [
            4.891612,
            52.405048
          ],
          [
            4.891685,
            52.405014
          ],
          [
            4.891778,
            52.404968
          ],
          [
            4.89186,
            52.40493
          ],
          [
            4.891903,
            52.404911
          ],
          [
            4.892038,
            52.404846
          ],
          [
            4.89213,
            52.404808
          ],
          [
            4.892219,
            52.404766
          ],
          [
            4.892307,
            52.404724
          ],
          [
            4.892353,
            52.404705
          ],
          [
            4.892471,
            52.404655
          ],
          [
            4.892429,
            52.404675
          ],
          [
            4.892534,
            52.404621
          ],
          [
            4.892674,
            52.404549
          ],
          [
            4.892708,
            52.404537
          ],
          [
            4.892809,
            52.404491
          ],
          [
            4.892881,
            52.404442
          ],
          [
            4.892925,
            52.404407
          ],
          [
            4.893,
            52.404362
          ],
          [
            4.893068,
            52.404312
          ],
          [
            4.893147,
            52.40427
          ],
          [
            4.893217,
            52.404236
          ],
          [
            4.893311,
            52.40419
          ],
          [
            4.89338,
            52.404163
          ],
          [
            4.893413,
            52.404148
          ],
          [
            4.893488,
            52.404118
          ],
          [
            4.893606,
            52.404064
          ],
          [
            4.893659,
            52.404045
          ],
          [
            4.893703,
            52.404026
          ],
          [
            4.893667,
            52.404041
          ],
          [
            4.89384,
            52.403965
          ],
          [
            4.893948,
            52.403919
          ],
          [
            4.894047,
            52.403877
          ],
          [
            4.894081,
            52.403866
          ],
          [
            4.894136,
            52.403843
          ],
          [
            4.894264,
            52.40379
          ],
          [
            4.894375,
            52.403748
          ],
          [
            4.89448,
            52.403702
          ],
          [
            4.894575,
            52.40366
          ],
          [
            4.894665,
            52.403606
          ],
          [
            4.894742,
            52.403549
          ],
          [
            4.894781,
            52.403507
          ],
          [
            4.894799,
            52.403446
          ],
          [
            4.894798,
            52.403393
          ],
          [
            4.894794,
            52.403355
          ],
          [
            4.894774,
            52.403324
          ],
          [
            4.894763,
            52.40329
          ],
          [
            4.894774,
            52.403305
          ],
          [
            4.894743,
            52.403164
          ],
          [
            4.89472,
            52.403114
          ],
          [
            4.894684,
            52.403084
          ],
          [
            4.894655,
            52.403053
          ],
          [
            4.894631,
            52.403038
          ],
          [
            4.894611,
            52.403015
          ],
          [
            4.894596,
            52.402996
          ],
          [
            4.894584,
            52.402977
          ],
          [
            4.894576,
            52.402966
          ],
          [
            4.894576,
            52.402966
          ],
          [
            4.894534,
            52.402935
          ],
          [
            4.894534,
            52.402935
          ],
          [
            4.894534,
            52.402935
          ],
          [
            4.894534,
            52.402935
          ],
          [
            4.894534,
            52.402935
          ],
          [
            4.894502,
            52.402966
          ],
          [
            4.89449,
            52.402954
          ],
          [
            4.894477,
            52.402943
          ],
          [
            4.89447,
            52.402927
          ],
          [
            4.894434,
            52.402897
          ],
          [
            4.894411,
            52.40287
          ],
          [
            4.894378,
            52.40284
          ],
          [
            4.894352,
            52.402801
          ],
          [
            4.894316,
            52.402775
          ],
          [
            4.894279,
            52.402737
          ],
          [
            4.894242,
            52.402702
          ],
          [
            4.894204,
            52.402668
          ],
          [
            4.894173,
            52.402645
          ],
          [
            4.894134,
            52.402611
          ],
          [
            4.894097,
            52.40258
          ],
          [
            4.894063,
            52.40255
          ],
          [
            4.89403,
            52.402519
          ],
          [
            4.893998,
            52.402485
          ],
          [
            4.893966,
            52.402458
          ],
          [
            4.893927,
            52.402428
          ],
          [
            4.893898,
            52.402405
          ],
          [
            4.893869,
            52.402374
          ],
          [
            4.893831,
            52.402348
          ],
          [
            4.893803,
            52.402325
          ],
          [
            4.893769,
            52.402298
          ],
          [
            4.893743,
            52.402279
          ],
          [
            4.893713,
            52.402256
          ],
          [
            4.893686,
            52.402233
          ],
          [
            4.893666,
            52.402222
          ],
          [
            4.893653,
            52.40221
          ],
          [
            4.893634,
            52.402195
          ],
          [
            4.893614,
            52.402183
          ],
          [
            4.893588,
            52.402176
          ],
          [
            4.893555,
            52.402164
          ],
          [
            4.893517,
            52.402149
          ],
          [
            4.893486,
            52.402134
          ],
          [
            4.893452,
            52.402115
          ],
          [
            4.893431,
            52.402096
          ],
          [
            4.893408,
            52.402073
          ],
          [
            4.893386,
            52.40205
          ],
          [
            4.893369,
            52.402031
          ],
          [
            4.893369,
            52.402016
          ],
          [
            4.893361,
            52.401993
          ],
          [
            4.893363,
            52.40197
          ],
          [
            4.89338,
            52.401947
          ],
          [
            4.893405,
            52.401924
          ],
          [
            4.89343,
            52.401913
          ],
          [
            4.893465,
            52.401905
          ],
          [
            4.893499,
            52.401901
          ],
          [
            4.893515,
            52.401897
          ],
          [
            4.893519,
            52.401886
          ],
          [
            4.893519,
            52.401886
          ],
          [
            4.893474,
            52.401897
          ],
          [
            4.893456,
            52.401905
          ],
          [
            4.89345,
            52.401909
          ],
          [
            4.893441,
            52.401909
          ],
          [
            4.893435,
            52.401917
          ],
          [
            4.893418,
            52.401928
          ],
          [
            4.893404,
            52.401943
          ],
          [
            4.893381,
            52.401951
          ],
          [
            4.893352,
            52.401955
          ],
          [
            4.893321,
            52.401955
          ],
          [
            4.8933,
            52.401955
          ],
          [
            4.893276,
            52.401939
          ],
          [
            4.893264,
            52.401924
          ],
          [
            4.893262,
            52.401913
          ],
          [
            4.893294,
            52.401875
          ],
          [
            4.893334,
            52.401844
          ],
          [
            4.893381,
            52.401817
          ],
          [
            4.893437,
            52.401787
          ],
          [
            4.893495,
            52.401764
          ],
          [
            4.893555,
            52.401741
          ],
          [
            4.893619,
            52.401718
          ],
          [
            4.893677,
            52.401699
          ],
          [
            4.893748,
            52.401676
          ],
          [
            4.893812,
            52.401653
          ],
          [
            4.893874,
            52.401627
          ],
          [
            4.893929,
            52.401604
          ],
          [
            4.893978,
            52.401581
          ],
          [
            4.89403,
            52.401554
          ],
          [
            4.894083,
            52.40152
          ],
          [
            4.894134,
            52.401497
          ],
          [
            4.894187,
            52.40147
          ],
          [
            4.89424,
            52.401447
          ],
          [
            4.894303,
            52.401424
          ],
          [
            4.894357,
            52.401413
          ],
          [
            4.894411,
            52.401409
          ],
          [
            4.894466,
            52.401405
          ],
          [
            4.894508,
            52.401405
          ],
          [
            4.894568,
            52.401413
          ],
          [
            4.894621,
            52.401424
          ],
          [
            4.894672,
            52.40144
          ],
          [
            4.894712,
            52.401455
          ],
          [
            4.894756,
            52.401478
          ],
          [
            4.894798,
            52.401504
          ],
          [
            4.894842,
            52.401535
          ],
          [
            4.894885,
            52.401573
          ],
          [
            4.894932,
            52.401611
          ],
          [
            4.894952,
            52.401627
          ],
          [
            4.895039,
            52.401684
          ],
          [
            4.895095,
            52.401714
          ],
          [
            4.895161,
            52.401752
          ],
          [
            4.895237,
            52.401791
          ],
          [
            4.895302,
            52.401817
          ],
          [
            4.895334,
            52.401833
          ],
          [
            4.895439,
            52.401882
          ],
          [
            4.895494,
            52.401909
          ],
          [
            4.895566,
            52.401939
          ],
          [
            4.895626,
            52.401966
          ],
          [
            4.895691,
            52.401997
          ],
          [
            4.895754,
            52.402019
          ],
          [
            4.895808,
            52.402042
          ],
          [
            4.895835,
            52.402058
          ],
          [
            4.895869,
            52.402084
          ],
          [
            4.895889,
            52.4021
          ],
          [
            4.895912,
            52.402119
          ],
          [
            4.895917,
            52.402134
          ],
          [
            4.895917,
            52.402134
          ],
          [
            4.895913,
            52.402157
          ],
          [
            4.895887,
            52.402157
          ],
          [
            4.895851,
            52.402149
          ],
          [
            4.89583,
            52.402153
          ],
          [
            4.895792,
            52.402157
          ],
          [
            4.895757,
            52.402161
          ],
          [
            4.895725,
            52.402168
          ],
          [
            4.895699,
            52.40218
          ],
          [
            4.89567,
            52.402191
          ],
          [
            4.895643,
            52.402203
          ],
          [
            4.895618,
            52.402214
          ],
          [
            4.895601,
            52.402229
          ],
          [
            4.895589,
            52.402248
          ],
          [
            4.895584,
            52.402267
          ],
          [
            4.895582,
            52.402287
          ],
          [
            4.895592,
            52.402313
          ],
          [
            4.895607,
            52.402336
          ],
          [
            4.895623,
            52.402355
          ],
          [
            4.895639,
            52.40237
          ],
          [
            4.895669,
            52.402393
          ],
          [
            4.895707,
            52.402409
          ],
          [
            4.89574,
            52.402416
          ],
          [
            4.895774,
            52.40242
          ],
          [
            4.895806,
            52.402416
          ],
          [
            4.895825,
            52.402409
          ],
          [
            4.895827,
            52.402393
          ],
          [
            4.895816,
            52.402386
          ],
          [
            4.895783,
            52.402378
          ],
          [
            4.895745,
            52.40239
          ],
          [
            4.895698,
            52.402405
          ],
          [
            4.895592,
            52.402458
          ],
          [
            4.895532,
            52.402489
          ],
          [
            4.895473,
            52.402523
          ],
          [
            4.895408,
            52.402561
          ],
          [
            4.895349,
            52.402596
          ],
          [
            4.895281,
            52.40263
          ],
          [
            4.895215,
            52.402668
          ],
          [
            4.895155,
            52.402698
          ],
          [
            4.89508,
            52.40274
          ],
          [
            4.895022,
            52.402771
          ],
          [
            4.894958,
            52.402801
          ],
          [
            4.894888,
            52.402836
          ],
          [
            4.894832,
            52.402863
          ],
          [
            4.894773,
            52.402889
          ],
          [
            4.894722,
            52.402908
          ],
          [
            4.894679,
            52.402924
          ],
          [
            4.894639,
            52.402939
          ],
          [
            4.894609,
            52.402947
          ],
          [
            4.894609,
            52.402947
          ],
          [
            4.894556,
            52.402954
          ],
          [
            4.894543,
            52.40295
          ],
          [
            4.894543,
            52.40295
          ],
          [
            4.894541,
            52.40292
          ],
          [
            4.894541,
            52.402916
          ],
          [
            4.894541,
            52.402916
          ],
          [
            4.894541,
            52.402916
          ],
          [
            4.894574,
            52.402897
          ],
          [
            4.894586,
            52.402889
          ],
          [
            4.894586,
            52.402889
          ],
          [
            4.894616,
            52.402885
          ],
          [
            4.894616,
            52.402885
          ],
          [
            4.894616,
            52.402885
          ],
          [
            4.89464,
            52.402874
          ],
          [
            4.89464,
            52.402874
          ],
          [
            4.894665,
            52.402874
          ],
          [
            4.894674,
            52.40287
          ],
          [
            4.894674,
            52.40287
          ],
          [
            4.89471,
            52.402855
          ],
          [
            4.89471,
            52.402855
          ],
          [
            4.894742,
            52.402843
          ],
          [
            4.894742,
            52.402843
          ],
          [
            4.894742,
            52.402843
          ],
          [
            4.894775,
            52.402824
          ],
          [
            4.894775,
            52.402824
          ],
          [
            4.894775,
            52.402824
          ],
          [
            4.894818,
            52.402821
          ],
          [
            4.894818,
            52.402821
          ],
          [
            4.894827,
            52.402801
          ],
          [
            4.894827,
            52.402801
          ],
          [
            4.894848,
            52.402779
          ],
          [
            4.894855,
            52.402771
          ],
          [
            4.894855,
            52.402771
          ],
          [
            4.894893,
            52.402767
          ],
          [
            4.894893,
            52.402767
          ],
          [
            4.894913,
            52.40274
          ],
          [
            4.894922,
            52.402737
          ],
          [
            4.894922,
            52.402737
          ],
          [
            4.894945,
            52.402714
          ],
          [
            4.894945,
            52.402714
          ],
          [
            4.894984,
            52.402714
          ],
          [
            4.894984,
            52.402714
          ],
          [
            4.895001,
            52.402706
          ],
          [
            4.895007,
            52.402698
          ],
          [
            4.895007,
            52.402698
          ],
          [
            4.895038,
            52.402691
          ],
          [
            4.895038,
            52.402691
          ],
          [
            4.895038,
            52.402691
          ],
          [
            4.895038,
            52.402691
          ],
          [
            4.895115,
            52.402698
          ],
          [
            4.895122,
            52.402695
          ],
          [
            4.895122,
            52.402695
          ],
          [
            4.895122,
            52.402695
          ],
          [
            4.895146,
            52.402664
          ],
          [
            4.895151,
            52.402657
          ],
          [
            4.895151,
            52.402657
          ],
          [
            4.895185,
            52.402645
          ],
          [
            4.895197,
            52.402637
          ],
          [
            4.895208,
            52.40263
          ],
          [
            4.895215,
            52.402618
          ],
          [
            4.895218,
            52.402603
          ],
          [
            4.895214,
            52.40258
          ],
          [
            4.895197,
            52.402557
          ],
          [
            4.895186,
            52.402538
          ],
          [
            4.895174,
            52.402523
          ],
          [
            4.895153,
            52.4025
          ],
          [
            4.895137,
            52.402481
          ],
          [
            4.895116,
            52.402462
          ],
          [
            4.895097,
            52.402443
          ],
          [
            4.895077,
            52.402424
          ],
          [
            4.895065,
            52.402405
          ],
          [
            4.895053,
            52.402382
          ],
          [
            4.895039,
            52.402359
          ],
          [
            4.895024,
            52.402329
          ],
          [
            4.895005,
            52.402287
          ],
          [
            4.894978,
            52.402245
          ],
          [
            4.89496,
            52.402203
          ],
          [
            4.894935,
            52.402168
          ],
          [
            4.894919,
            52.402134
          ],
          [
            4.894906,
            52.402092
          ],
          [
            4.894888,
            52.402058
          ],
          [
            4.894876,
            52.402019
          ],
          [
            4.894861,
            52.401985
          ],
          [
            4.894842,
            52.401951
          ],
          [
            4.894808,
            52.401917
          ],
          [
            4.894775,
            52.401894
          ],
          [
            4.894729,
            52.401875
          ],
          [
            4.894681,
            52.401855
          ],
          [
            4.894637,
            52.40184
          ],
          [
            4.894588,
            52.401825
          ],
          [
            4.894553,
            52.401817
          ],
          [
            4.894505,
            52.401806
          ],
          [
            4.894457,
            52.401802
          ],
          [
            4.89442,
            52.401798
          ],
          [
            4.894378,
            52.401794
          ],
          [
            4.894348,
            52.401779
          ],
          [
            4.894331,
            52.401772
          ],
          [
            4.894329,
            52.401764
          ],
          [
            4.894337,
            52.401752
          ],
          [
            4.894358,
            52.401741
          ],
          [
            4.894387,
            52.401733
          ],
          [
            4.894413,
            52.401722
          ],
          [
            4.894436,
            52.401711
          ],
          [
            4.894464,
            52.401707
          ],
          [
            4.894495,
            52.401707
          ],
          [
            4.894521,
            52.401711
          ],
          [
            4.894543,
            52.401718
          ],
          [
            4.894568,
            52.401726
          ],
          [
            4.894588,
            52.401733
          ],
          [
            4.89461,
            52.401737
          ],
          [
            4.89461,
            52.401737
          ],
          [
            4.894669,
            52.401714
          ],
          [
            4.894672,
            52.401707
          ],
          [
            4.894677,
            52.401699
          ],
          [
            4.894675,
            52.401688
          ],
          [
            4.894669,
            52.401669
          ],
          [
            4.894657,
            52.401653
          ],
          [
            4.894642,
            52.401638
          ],
          [
            4.89462,
            52.401615
          ],
          [
            4.894613,
            52.401596
          ],
          [
            4.894601,
            52.401573
          ],
          [
            4.894599,
            52.401543
          ],
          [
            4.894604,
            52.401527
          ],
          [
            4.894604,
            52.401493
          ],
          [
            4.894618,
            52.401459
          ],
          [
            4.894618,
            52.401413
          ],
          [
            4.894625,
            52.401367
          ],
          [
            4.89463,
            52.401318
          ],
          [
            4.894639,
            52.401268
          ],
          [
            4.894661,
            52.401218
          ],
          [
            4.894691,
            52.401165
          ],
          [
            4.894726,
            52.401112
          ],
          [
            4.894753,
            52.401058
          ],
          [
            4.894768,
            52.400997
          ],
          [
            4.894763,
            52.400948
          ],
          [
            4.894772,
            52.400944
          ],
          [
            4.89476,
            52.400906
          ],
          [
            4.894739,
            52.400856
          ],
          [
            4.894721,
            52.400814
          ],
          [
            4.894699,
            52.400761
          ],
          [
            4.894681,
            52.400707
          ],
          [
            4.894665,
            52.400661
          ],
          [
            4.894645,
            52.400604
          ],
          [
            4.894626,
            52.400547
          ],
          [
            4.894605,
            52.400494
          ],
          [
            4.894586,
            52.400444
          ],
          [
            4.894574,
            52.400398
          ],
          [
            4.894557,
            52.400345
          ],
          [
            4.894538,
            52.400288
          ],
          [
            4.894522,
            52.40023
          ],
          [
            4.894508,
            52.400173
          ],
          [
            4.894495,
            52.400116
          ],
          [
            4.894478,
            52.400047
          ],
          [
            4.894454,
            52.399982
          ],
          [
            4.894428,
            52.399921
          ],
          [
            4.894409,
            52.39986
          ],
          [
            4.894382,
            52.399795
          ],
          [
            4.894363,
            52.39975
          ],
          [
            4.894278,
            52.399509
          ],
          [
            4.894283,
            52.399521
          ],
          [
            4.894285,
            52.399521
          ],
          [
            4.89428,
            52.399502
          ],
          [
            4.894259,
            52.39946
          ],
          [
            4.894237,
            52.399414
          ],
          [
            4.894216,
            52.399364
          ],
          [
            4.894207,
            52.39933
          ],
          [
            4.894195,
            52.399307
          ],
          [
            4.894188,
            52.399269
          ],
          [
            4.894191,
            52.399239
          ],
          [
            4.894192,
            52.399216
          ],
          [
            4.894327,
            52.39917
          ],
          [
            4.894354,
            52.399193
          ],
          [
            4.894377,
            52.399235
          ],
          [
            4.894391,
            52.399281
          ],
          [
            4.894398,
            52.399326
          ],
          [
            4.894408,
            52.399368
          ],
          [
            4.894413,
            52.399406
          ],
          [
            4.894433,
            52.399448
          ],
          [
            4.894458,
            52.399483
          ],
          [
            4.894486,
            52.399525
          ],
          [
            4.894514,
            52.399563
          ],
          [
            4.894539,
            52.399597
          ],
          [
            4.89456,
            52.399639
          ],
          [
            4.894576,
            52.399677
          ],
          [
            4.894588,
            52.399723
          ],
          [
            4.8946,
            52.399769
          ],
          [
            4.894612,
            52.399815
          ],
          [
            4.894624,
            52.399857
          ],
          [
            4.894634,
            52.399899
          ],
          [
            4.89464,
            52.399941
          ],
          [
            4.894645,
            52.399986
          ],
          [
            4.894643,
            52.400036
          ],
          [
            4.894644,
            52.400074
          ],
          [
            4.894649,
            52.400116
          ],
          [
            4.894655,
            52.400146
          ],
          [
            4.894662,
            52.400181
          ],
          [
            4.89467,
            52.400208
          ],
          [
            4.894675,
            52.400234
          ],
          [
            4.89468,
            52.400257
          ],
          [
            4.894683,
            52.400284
          ],
          [
            4.894683,
            52.400284
          ],
          [
            4.89471,
            52.400318
          ],
          [
            4.89471,
            52.400318
          ],
          [
            4.894734,
            52.400314
          ],
          [
            4.894757,
            52.400307
          ],
          [
            4.89478,
            52.400307
          ],
          [
            4.894812,
            52.400303
          ],
          [
            4.894847,
            52.400299
          ],
          [
            4.894877,
            52.400299
          ],
          [
            4.894877,
            52.400299
          ],
          [
            4.894877,
            52.400299
          ],
          [
            4.894877,
            52.400299
          ],
          [
            4.894877,
            52.400299
          ],
          [
            4.894877,
            52.400299
          ],
          [
            4.894921,
            52.400276
          ],
          [
            4.894917,
            52.400269
          ],
          [
            4.894912,
            52.400261
          ],
          [
            4.894908,
            52.400253
          ],
          [
            4.894897,
            52.400234
          ],
          [
            4.894881,
            52.400215
          ],
          [
            4.89486,
            52.400185
          ],
          [
            4.894826,
            52.400139
          ],
          [
            4.894804,
            52.400105
          ],
          [
            4.894784,
            52.40007
          ],
          [
            4.894765,
            52.40004
          ],
          [
            4.894747,
            52.400002
          ],
          [
            4.894738,
            52.399967
          ],
          [
            4.894726,
            52.399933
          ],
          [
            4.894718,
            52.399902
          ],
          [
            4.894709,
            52.399876
          ],
          [
            4.894701,
            52.399853
          ],
          [
            4.894686,
            52.399822
          ],
          [
            4.89468,
            52.399795
          ],
          [
            4.894668,
            52.399765
          ],
          [
            4.894657,
            52.399734
          ],
          [
            4.894648,
            52.399696
          ],
          [
            4.89464,
            52.39967
          ],
          [
            4.894638,
            52.399639
          ],
          [
            4.894633,
            52.399605
          ],
          [
            4.894628,
            52.399582
          ],
          [
            4.89462,
            52.399544
          ],
          [
            4.89461,
            52.399513
          ],
          [
            4.894598,
            52.399494
          ],
          [
            4.894583,
            52.399464
          ],
          [
            4.894576,
            52.399441
          ],
          [
            4.894559,
            52.39941
          ],
          [
            4.894544,
            52.399387
          ],
          [
            4.894533,
            52.399364
          ],
          [
            4.894523,
            52.399345
          ],
          [
            4.894519,
            52.399326
          ],
          [
            4.894516,
            52.399296
          ],
          [
            4.894515,
            52.399273
          ],
          [
            4.89451,
            52.399246
          ],
          [
            4.894512,
            52.399212
          ],
          [
            4.894515,
            52.399185
          ],
          [
            4.894519,
            52.399151
          ],
          [
            4.894521,
            52.399124
          ],
          [
            4.894524,
            52.399097
          ],
          [
            4.894528,
            52.399075
          ],
          [
            4.894532,
            52.399055
          ],
          [
            4.894534,
            52.399044
          ],
          [
            4.894514,
            52.399017
          ],
          [
            4.894485,
            52.398994
          ],
          [
            4.89446,
            52.398979
          ],
          [
            4.894418,
            52.398972
          ],
          [
            4.894392,
            52.398968
          ],
          [
            4.894367,
            52.398972
          ],
          [
            4.894346,
            52.398975
          ],
          [
            4.894343,
            52.398987
          ],
          [
            4.894356,
            52.398998
          ],
          [
            4.894373,
            52.399006
          ],
          [
            4.894393,
            52.399014
          ],
          [
            4.894393,
            52.399014
          ],
          [
            4.894395,
            52.399036
          ],
          [
            4.894402,
            52.399036
          ],
          [
            4.894402,
            52.399036
          ],
          [
            4.894402,
            52.399036
          ],
          [
            4.894425,
            52.399014
          ],
          [
            4.894425,
            52.399006
          ],
          [
            4.894417,
            52.399006
          ],
          [
            4.894402,
            52.398998
          ],
          [
            4.894375,
            52.398983
          ],
          [
            4.894338,
            52.398968
          ],
          [
            4.894297,
            52.398953
          ],
          [
            4.894245,
            52.398933
          ],
          [
            4.894204,
            52.398918
          ],
          [
            4.89417,
            52.398903
          ],
          [
            4.894133,
            52.398884
          ],
          [
            4.894102,
            52.398865
          ],
          [
            4.894102,
            52.398865
          ],
          [
            4.894032,
            52.39885
          ],
          [
            4.894018,
            52.39885
          ],
          [
            4.894018,
            52.39885
          ],
          [
            4.894018,
            52.39885
          ],
          [
            4.894018,
            52.39885
          ],
          [
            4.894018,
            52.39885
          ],
          [
            4.894002,
            52.398884
          ],
          [
            4.894004,
            52.398891
          ],
          [
            4.894008,
            52.398899
          ],
          [
            4.894015,
            52.398914
          ],
          [
            4.894006,
            52.39893
          ],
          [
            4.893995,
            52.398949
          ],
          [
            4.893974,
            52.398964
          ],
          [
            4.893947,
            52.398968
          ],
          [
            4.893918,
            52.398968
          ],
          [
            4.893898,
            52.39896
          ],
          [
            4.893871,
            52.398941
          ],
          [
            4.893847,
            52.398922
          ],
          [
            4.893828,
            52.398907
          ],
          [
            4.893799,
            52.398884
          ],
          [
            4.893767,
            52.398861
          ],
          [
            4.893737,
            52.398853
          ],
          [
            4.893687,
            52.398846
          ],
          [
            4.893645,
            52.398842
          ],
          [
            4.893592,
            52.398838
          ],
          [
            4.893547,
            52.398834
          ],
          [
            4.893547,
            52.398834
          ],
          [
            4.89347,
            52.398819
          ],
          [
            4.89347,
            52.398819
          ],
          [
            4.89346,
            52.398804
          ],
          [
            4.89346,
            52.398804
          ],
          [
            4.89346,
            52.398804
          ],
          [
            4.893503,
            52.3988
          ],
          [
            4.893503,
            52.3988
          ],
          [
            4.893516,
            52.398823
          ],
          [
            4.893512,
            52.39883
          ],
          [
            4.893526,
            52.398842
          ],
          [
            4.89356,
            52.398853
          ],
          [
            4.893606,
            52.398853
          ],
          [
            4.893679,
            52.398853
          ],
          [
            4.893761,
            52.398857
          ],
          [
            4.893834,
            52.398872
          ],
          [
            4.893886,
            52.398891
          ],
          [
            4.893932,
            52.398926
          ],
          [
            4.893974,
            52.398953
          ],
          [
            4.894023,
            52.398975
          ],
          [
            4.894073,
            52.398991
          ],
          [
            4.894122,
            52.398991
          ],
          [
            4.894169,
            52.398987
          ],
          [
            4.894223,
            52.398979
          ],
          [
            4.894273,
            52.398964
          ],
          [
            4.894325,
            52.398945
          ],
          [
            4.894376,
            52.39893
          ],
          [
            4.894431,
            52.398918
          ],
          [
            4.89448,
            52.398907
          ],
          [
            4.894533,
            52.398899
          ],
          [
            4.894572,
            52.398895
          ],
          [
            4.894607,
            52.398891
          ],
          [
            4.894634,
            52.398891
          ],
          [
            4.894634,
            52.398891
          ],
          [
            4.894634,
            52.398891
          ],
          [
            4.8947,
            52.398907
          ],
          [
            4.8947,
            52.398907
          ],
          [
            4.8947,
            52.398907
          ],
          [
            4.894698,
            52.398926
          ],
          [
            4.894699,
            52.398941
          ],
          [
            4.894701,
            52.398949
          ],
          [
            4.89471,
            52.398975
          ],
          [
            4.89472,
            52.399014
          ],
          [
            4.894733,
            52.399052
          ],
          [
            4.894749,
            52.399086
          ],
          [
            4.894762,
            52.399128
          ],
          [
            4.894772,
            52.399162
          ],
          [
            4.894786,
            52.3992
          ],
          [
            4.894799,
            52.399235
          ],
          [
            4.894809,
            52.399269
          ],
          [
            4.894816,
            52.399296
          ],
          [
            4.894831,
            52.39933
          ],
          [
            4.894836,
            52.399361
          ],
          [
            4.894852,
            52.399387
          ],
          [
            4.894862,
            52.399418
          ],
          [
            4.894865,
            52.399437
          ],
          [
            4.894862,
            52.399456
          ],
          [
            4.89486,
            52.399468
          ],
          [
            4.89486,
            52.399468
          ],
          [
            4.894834,
            52.39946
          ],
          [
            4.894827,
            52.399456
          ],
          [
            4.894827,
            52.399456
          ],
          [
            4.894824,
            52.399441
          ],
          [
            4.894828,
            52.399433
          ],
          [
            4.894826,
            52.399422
          ],
          [
            4.894829,
            52.399414
          ],
          [
            4.894829,
            52.399414
          ],
          [
            4.894836,
            52.39938
          ],
          [
            4.894836,
            52.39938
          ],
          [
            4.89486,
            52.399364
          ],
          [
            4.89486,
            52.399364
          ],
          [
            4.894873,
            52.399368
          ],
          [
            4.894873,
            52.399368
          ],
          [
            4.894873,
            52.399368
          ],
          [
            4.894896,
            52.399384
          ],
          [
            4.894896,
            52.399384
          ],
          [
            4.894896,
            52.399384
          ],
          [
            4.894896,
            52.399384
          ],
          [
            4.894917,
            52.399399
          ],
          [
            4.894916,
            52.39941
          ],
          [
            4.894912,
            52.399414
          ],
          [
            4.894914,
            52.399429
          ],
          [
            4.894911,
            52.399464
          ],
          [
            4.894911,
            52.399487
          ],
          [
            4.894911,
            52.399525
          ],
          [
            4.894913,
            52.399559
          ],
          [
            4.894916,
            52.399597
          ],
          [
            4.894924,
            52.399639
          ],
          [
            4.894937,
            52.399685
          ],
          [
            4.89495,
            52.399731
          ],
          [
            4.89496,
            52.399761
          ],
          [
            4.894968,
            52.399799
          ],
          [
            4.894983,
            52.399837
          ],
          [
            4.895001,
            52.399868
          ],
          [
            4.895019,
            52.399899
          ],
          [
            4.89504,
            52.399918
          ],
          [
            4.895076,
            52.399925
          ],
          [
            4.895112,
            52.399929
          ],
          [
            4.895164,
            52.399925
          ],
          [
            4.895208,
            52.399921
          ],
          [
            4.895256,
            52.399918
          ],
          [
            4.895316,
            52.399918
          ],
          [
            4.895369,
            52.399918
          ],
          [
            4.895407,
            52.399918
          ],
          [
            4.895454,
            52.399921
          ],
          [
            4.895491,
            52.399929
          ],
          [
            4.895523,
            52.399941
          ],
          [
            4.895548,
            52.399948
          ],
          [
            4.895567,
            52.39996
          ],
          [
            4.895567,
            52.399967
          ],
          [
            4.895544,
            52.399963
          ],
          [
            4.895521,
            52.399963
          ],
          [
            4.895491,
            52.399948
          ],
          [
            4.895458,
            52.399933
          ],
          [
            4.895418,
            52.399906
          ],
          [
            4.895377,
            52.399876
          ],
          [
            4.895333,
            52.399845
          ],
          [
            4.895298,
            52.399818
          ],
          [
            4.895257,
            52.399784
          ],
          [
            4.895214,
            52.39975
          ],
          [
            4.895185,
            52.399715
          ],
          [
            4.895159,
            52.399681
          ],
          [
            4.895136,
            52.399651
          ],
          [
            4.895127,
            52.399616
          ],
          [
            4.895123,
            52.399578
          ],
          [
            4.895128,
            52.399551
          ],
          [
            4.895128,
            52.399551
          ],
          [
            4.895128,
            52.399551
          ],
          [
            4.895164,
            52.399471
          ],
          [
            4.895164,
            52.399471
          ],
          [
            4.895203,
            52.399483
          ],
          [
            4.895217,
            52.39949
          ],
          [
            4.895232,
            52.399498
          ],
          [
            4.895232,
            52.399498
          ],
          [
            4.895263,
            52.399532
          ],
          [
            4.895273,
            52.399548
          ],
          [
            4.895282,
            52.399551
          ],
          [
            4.895292,
            52.39957
          ],
          [
            4.895303,
            52.39959
          ],
          [
            4.89531,
            52.399601
          ],
          [
            4.895332,
            52.39962
          ],
          [
            4.895354,
            52.399631
          ],
          [
            4.895354,
            52.399631
          ],
          [
            4.895427,
            52.399654
          ],
          [
            4.895461,
            52.399654
          ],
          [
            4.89549,
            52.399654
          ],
          [
            4.895517,
            52.399658
          ],
          [
            4.895538,
            52.399654
          ],
          [
            4.895572,
            52.399654
          ],
          [
            4.895604,
            52.399651
          ],
          [
            4.89563,
            52.399647
          ],
          [
            4.895655,
            52.399631
          ],
          [
            4.895672,
            52.399616
          ],
          [
            4.89569,
            52.399601
          ],
          [
            4.895704,
            52.399582
          ],
          [
            4.895714,
            52.399555
          ],
          [
            4.895721,
            52.399532
          ],
          [
            4.895725,
            52.399506
          ],
          [
            4.895726,
            52.399487
          ],
          [
            4.895726,
            52.399487
          ],
          [
            4.895726,
            52.399487
          ],
          [
            4.895726,
            52.399487
          ],
          [
            4.895726,
            52.399487
          ],
          [
            4.895664,
            52.399433
          ],
          [
            4.895653,
            52.399441
          ],
          [
            4.895646,
            52.399448
          ],
          [
            4.895639,
            52.39946
          ],
          [
            4.895642,
            52.399479
          ],
          [
            4.895653,
            52.399502
          ],
          [
            4.895672,
            52.399532
          ],
          [
            4.895698,
            52.399559
          ],
          [
            4.895721,
            52.39959
          ],
          [
            4.895736,
            52.399612
          ],
          [
            4.895748,
            52.399651
          ],
          [
            4.895758,
            52.399681
          ],
          [
            4.895757,
            52.399704
          ],
          [
            4.895746,
            52.399738
          ],
          [
            4.895747,
            52.399754
          ],
          [
            4.895749,
            52.399784
          ],
          [
            4.895763,
            52.399811
          ],
          [
            4.895785,
            52.39983
          ],
          [
            4.895803,
            52.399841
          ],
          [
            4.895836,
            52.399845
          ],
          [
            4.895872,
            52.399849
          ],
          [
            4.895906,
            52.399849
          ],
          [
            4.895943,
            52.399845
          ],
          [
            4.895976,
            52.399837
          ],
          [
            4.896013,
            52.39983
          ],
          [
            4.896041,
            52.399818
          ],
          [
            4.896071,
            52.399803
          ],
          [
            4.896095,
            52.399792
          ],
          [
            4.896112,
            52.399765
          ],
          [
            4.896123,
            52.399731
          ],
          [
            4.896121,
            52.399651
          ],
          [
            4.896112,
            52.399601
          ],
          [
            4.896096,
            52.399551
          ],
          [
            4.896082,
            52.399498
          ],
          [
            4.896057,
            52.399441
          ],
          [
            4.896036,
            52.399395
          ],
          [
            4.896021,
            52.399342
          ],
          [
            4.896014,
            52.3993
          ],
          [
            4.896006,
            52.399258
          ],
          [
            4.895999,
            52.399219
          ],
          [
            4.895999,
            52.399219
          ],
          [
            4.89604,
            52.399139
          ],
          [
            4.89604,
            52.399139
          ],
          [
            4.89604,
            52.399139
          ],
          [
            4.896093,
            52.39912
          ],
          [
            4.896091,
            52.399124
          ],
          [
            4.896091,
            52.399128
          ],
          [
            4.896091,
            52.399147
          ],
          [
            4.896097,
            52.399174
          ],
          [
            4.896101,
            52.399212
          ],
          [
            4.896132,
            52.399303
          ],
          [
            4.896153,
            52.399353
          ],
          [
            4.896172,
            52.399387
          ],
          [
            4.896194,
            52.399418
          ],
          [
            4.896222,
            52.399445
          ],
          [
            4.896247,
            52.399456
          ],
          [
            4.896266,
            52.39946
          ],
          [
            4.896283,
            52.399456
          ],
          [
            4.8963,
            52.399441
          ],
          [
            4.896318,
            52.399433
          ],
          [
            4.896343,
            52.399422
          ],
          [
            4.896372,
            52.399399
          ],
          [
            4.896415,
            52.399391
          ],
          [
            4.896457,
            52.399384
          ],
          [
            4.896489,
            52.399384
          ],
          [
            4.89653,
            52.39938
          ],
          [
            4.896567,
            52.39938
          ],
          [
            4.896608,
            52.39938
          ],
          [
            4.896646,
            52.399384
          ],
          [
            4.896687,
            52.399387
          ],
          [
            4.896737,
            52.399395
          ],
          [
            4.896776,
            52.399403
          ],
          [
            4.896817,
            52.39941
          ],
          [
            4.896845,
            52.399418
          ],
          [
            4.896862,
            52.399422
          ],
          [
            4.896862,
            52.399422
          ],
          [
            4.896862,
            52.399422
          ],
          [
            4.896909,
            52.399445
          ],
          [
            4.896909,
            52.399445
          ],
          [
            4.896917,
            52.39946
          ],
          [
            4.896917,
            52.39946
          ],
          [
            4.896934,
            52.399483
          ],
          [
            4.896933,
            52.39949
          ],
          [
            4.896933,
            52.39949
          ],
          [
            4.896973,
            52.399525
          ],
          [
            4.896992,
            52.399532
          ],
          [
            4.897006,
            52.399536
          ],
          [
            4.897015,
            52.399548
          ],
          [
            4.897024,
            52.399559
          ],
          [
            4.897025,
            52.399578
          ],
          [
            4.897031,
            52.399605
          ],
          [
            4.897037,
            52.399628
          ],
          [
            4.89704,
            52.399654
          ],
          [
            4.897049,
            52.399677
          ],
          [
            4.897066,
            52.399696
          ],
          [
            4.897092,
            52.399712
          ],
          [
            4.89713,
            52.399734
          ],
          [
            4.897172,
            52.399765
          ],
          [
            4.897217,
            52.399792
          ],
          [
            4.89726,
            52.399826
          ],
          [
            4.897285,
            52.399845
          ],
          [
            4.897306,
            52.399872
          ],
          [
            4.897333,
            52.399899
          ],
          [
            4.897366,
            52.399933
          ],
          [
            4.8974,
            52.399979
          ],
          [
            4.897414,
            52.400028
          ],
          [
            4.897402,
            52.400078
          ],
          [
            4.897374,
            52.400097
          ],
          [
            4.897327,
            52.40012
          ],
          [
            4.897271,
            52.400143
          ],
          [
            4.897248,
            52.400154
          ],
          [
            4.89716,
            52.400192
          ],
          [
            4.897095,
            52.400219
          ],
          [
            4.897037,
            52.400238
          ],
          [
            4.896983,
            52.400261
          ],
          [
            4.896918,
            52.400284
          ],
          [
            4.89685,
            52.400299
          ],
          [
            4.89679,
            52.400314
          ],
          [
            4.896728,
            52.400333
          ],
          [
            4.896683,
            52.400349
          ],
          [
            4.896646,
            52.400364
          ],
          [
            4.896607,
            52.400383
          ],
          [
            4.89657,
            52.400402
          ],
          [
            4.896531,
            52.400425
          ],
          [
            4.896492,
            52.400448
          ],
          [
            4.896456,
            52.400467
          ],
          [
            4.896416,
            52.40049
          ],
          [
            4.896379,
            52.400509
          ],
          [
            4.896333,
            52.400536
          ],
          [
            4.896304,
            52.400551
          ],
          [
            4.896263,
            52.40057
          ],
          [
            4.896269,
            52.400566
          ],
          [
            4.896163,
            52.40062
          ],
          [
            4.896081,
            52.400658
          ],
          [
            4.89601,
            52.400692
          ],
          [
            4.895942,
            52.400723
          ],
          [
            4.895888,
            52.400749
          ],
          [
            4.895847,
            52.400768
          ],
          [
            4.895798,
            52.400791
          ],
          [
            4.895756,
            52.400814
          ],
          [
            4.89571,
            52.400841
          ],
          [
            4.895673,
            52.400867
          ],
          [
            4.895644,
            52.400887
          ],
          [
            4.895624,
            52.400898
          ],
          [
            4.895624,
            52.400898
          ],
          [
            4.895624,
            52.400898
          ],
          [
            4.896411,
            52.399544
          ],
          [
            4.896411,
            52.399544
          ],
          [
            4.896411,
            52.399544
          ],
          [
            4.896379,
            52.399502
          ],
          [
            4.896379,
            52.399502
          ],
          [
            4.896346,
            52.399502
          ],
          [
            4.896323,
            52.399502
          ],
          [
            4.896282,
            52.399506
          ],
          [
            4.89623,
            52.399532
          ],
          [
            4.8962,
            52.399559
          ],
          [
            4.896174,
            52.399593
          ],
          [
            4.89617,
            52.399643
          ],
          [
            4.896169,
            52.399696
          ],
          [
            4.896184,
            52.399746
          ],
          [
            4.896203,
            52.399807
          ],
          [
            4.896225,
            52.399868
          ],
          [
            4.896243,
            52.399929
          ],
          [
            4.89627,
            52.399994
          ],
          [
            4.896296,
            52.400059
          ],
          [
            4.896278,
            52.400017
          ],
          [
            4.896274,
            52.400013
          ],
          [
            4.896286,
            52.400036
          ],
          [
            4.8963,
            52.400074
          ],
          [
            4.896335,
            52.400169
          ],
          [
            4.896357,
            52.400238
          ],
          [
            4.896363,
            52.400299
          ],
          [
            4.896367,
            52.40036
          ],
          [
            4.896348,
            52.400425
          ],
          [
            4.896316,
            52.400486
          ],
          [
            4.896268,
            52.400539
          ],
          [
            4.896211,
            52.400589
          ],
          [
            4.896173,
            52.400623
          ],
          [
            4.896081,
            52.400677
          ],
          [
            4.896,
            52.400723
          ],
          [
            4.89592,
            52.400764
          ],
          [
            4.895852,
            52.400795
          ],
          [
            4.895758,
            52.400837
          ],
          [
            4.895679,
            52.400867
          ],
          [
            4.895594,
            52.400902
          ],
          [
            4.895494,
            52.400936
          ],
          [
            4.895396,
            52.400974
          ],
          [
            4.895298,
            52.401016
          ],
          [
            4.895208,
            52.401054
          ],
          [
            4.895123,
            52.401093
          ],
          [
            4.895039,
            52.401135
          ],
          [
            4.894954,
            52.401176
          ],
          [
            4.894881,
            52.401215
          ],
          [
            4.894804,
            52.40126
          ],
          [
            4.894727,
            52.401306
          ],
          [
            4.894649,
            52.401352
          ],
          [
            4.894552,
            52.401409
          ],
          [
            4.894458,
            52.401463
          ],
          [
            4.894378,
            52.401508
          ],
          [
            4.894254,
            52.401573
          ],
          [
            4.89417,
            52.401607
          ],
          [
            4.894077,
            52.401638
          ],
          [
            4.893993,
            52.401661
          ],
          [
            4.893911,
            52.401691
          ],
          [
            4.893832,
            52.401726
          ],
          [
            4.893759,
            52.401764
          ],
          [
            4.893677,
            52.401802
          ],
          [
            4.8936,
            52.401844
          ],
          [
            4.893523,
            52.401882
          ],
          [
            4.893449,
            52.401917
          ],
          [
            4.893375,
            52.401947
          ],
          [
            4.893319,
            52.401966
          ],
          [
            4.893282,
            52.401974
          ],
          [
            4.89325,
            52.401978
          ],
          [
            4.893219,
            52.401966
          ],
          [
            4.893221,
            52.401966
          ],
          [
            4.893193,
            52.401936
          ],
          [
            4.893163,
            52.401909
          ],
          [
            4.893125,
            52.401871
          ],
          [
            4.893086,
            52.401833
          ],
          [
            4.893036,
            52.401787
          ],
          [
            4.892968,
            52.40173
          ],
          [
            4.892843,
            52.401638
          ],
          [
            4.892775,
            52.401588
          ],
          [
            4.892714,
            52.40155
          ],
          [
            4.892645,
            52.401497
          ],
          [
            4.89256,
            52.401459
          ],
          [
            4.892485,
            52.401421
          ],
          [
            4.892422,
            52.401382
          ],
          [
            4.892358,
            52.401337
          ],
          [
            4.892293,
            52.401291
          ],
          [
            4.892243,
            52.401245
          ],
          [
            4.892199,
            52.401196
          ],
          [
            4.89216,
            52.401146
          ],
          [
            4.892109,
            52.401108
          ],
          [
            4.892052,
            52.401073
          ],
          [
            4.892021,
            52.40107
          ],
          [
            4.891925,
            52.401058
          ],
          [
            4.891864,
            52.401073
          ],
          [
            4.891819,
            52.401096
          ],
          [
            4.891771,
            52.401123
          ],
          [
            4.89172,
            52.40115
          ],
          [
            4.89166,
            52.401176
          ],
          [
            4.891597,
            52.401196
          ],
          [
            4.891533,
            52.401207
          ],
          [
            4.891471,
            52.401211
          ],
          [
            4.89142,
            52.401207
          ],
          [
            4.891383,
            52.401196
          ],
          [
            4.891348,
            52.40118
          ],
          [
            4.891322,
            52.401161
          ],
          [
            4.891306,
            52.401154
          ],
          [
            4.89129,
            52.401138
          ],
          [
            4.891269,
            52.401119
          ],
          [
            4.891269,
            52.401119
          ],
          [
            4.891217,
            52.401115
          ],
          [
            4.891217,
            52.401115
          ],
          [
            4.891217,
            52.401115
          ],
          [
            4.891207,
            52.401123
          ],
          [
            4.891207,
            52.401123
          ],
          [
            4.891174,
            52.401123
          ],
          [
            4.891174,
            52.401123
          ],
          [
            4.891157,
            52.401115
          ],
          [
            4.891157,
            52.401115
          ],
          [
            4.891157,
            52.401115
          ],
          [
            4.891163,
            52.4011
          ],
          [
            4.891184,
            52.401108
          ],
          [
            4.891202,
            52.401123
          ],
          [
            4.891222,
            52.401146
          ],
          [
            4.891234,
            52.401176
          ],
          [
            4.891229,
            52.401226
          ],
          [
            4.891222,
            52.401272
          ],
          [
            4.891204,
            52.401314
          ],
          [
            4.891175,
            52.401344
          ],
          [
            4.891151,
            52.401344
          ],
          [
            4.891129,
            52.401344
          ],
          [
            4.891129,
            52.401344
          ],
          [
            4.891129,
            52.401344
          ],
          [
            4.891129,
            52.401344
          ],
          [
            4.891099,
            52.401325
          ],
          [
            4.891074,
            52.401321
          ],
          [
            4.891051,
            52.401333
          ],
          [
            4.891026,
            52.40134
          ],
          [
            4.890939,
            52.401379
          ],
          [
            4.890888,
            52.401409
          ],
          [
            4.890842,
            52.401451
          ],
          [
            4.890775,
            52.401482
          ],
          [
            4.890718,
            52.40152
          ],
          [
            4.890653,
            52.401562
          ],
          [
            4.890609,
            52.401604
          ],
          [
            4.890585,
            52.401649
          ],
          [
            4.890563,
            52.401695
          ],
          [
            4.890522,
            52.401733
          ],
          [
            4.890477,
            52.401749
          ],
          [
            4.890404,
            52.401756
          ],
          [
            4.890353,
            52.401741
          ],
          [
            4.890308,
            52.401714
          ],
          [
            4.890266,
            52.401669
          ],
          [
            4.890219,
            52.401627
          ],
          [
            4.890178,
            52.401585
          ],
          [
            4.890124,
            52.401539
          ],
          [
            4.890067,
            52.401485
          ],
          [
            4.890006,
            52.401436
          ],
          [
            4.889967,
            52.401421
          ],
          [
            4.889846,
            52.401337
          ],
          [
            4.88977,
            52.401287
          ],
          [
            4.889717,
            52.401238
          ],
          [
            4.889664,
            52.401192
          ],
          [
            4.889609,
            52.40115
          ],
          [
            4.889555,
            52.401104
          ],
          [
            4.889497,
            52.401062
          ],
          [
            4.889434,
            52.401024
          ],
          [
            4.889387,
            52.400982
          ],
          [
            4.889342,
            52.40094
          ],
          [
            4.889306,
            52.400902
          ],
          [
            4.889259,
            52.400864
          ],
          [
            4.889217,
            52.400837
          ],
          [
            4.889197,
            52.400814
          ],
          [
            4.889168,
            52.400795
          ],
          [
            4.889138,
            52.400772
          ],
          [
            4.889104,
            52.400753
          ],
          [
            4.889104,
            52.400753
          ],
          [
            4.889104,
            52.400753
          ],
          [
            4.889104,
            52.400753
          ],
          [
            4.889229,
            52.400677
          ],
          [
            4.889126,
            52.400673
          ],
          [
            4.889096,
            52.400658
          ],
          [
            4.889056,
            52.400635
          ],
          [
            4.889014,
            52.400612
          ],
          [
            4.888968,
            52.400581
          ],
          [
            4.888924,
            52.400555
          ],
          [
            4.888881,
            52.400528
          ],
          [
            4.888842,
            52.400505
          ],
          [
            4.888803,
            52.400478
          ],
          [
            4.888765,
            52.400452
          ],
          [
            4.888725,
            52.400425
          ],
          [
            4.888693,
            52.400402
          ],
          [
            4.888655,
            52.400375
          ],
          [
            4.888609,
            52.400341
          ],
          [
            4.888564,
            52.400307
          ],
          [
            4.888521,
            52.400272
          ],
          [
            4.888488,
            52.400246
          ],
          [
            4.888488,
            52.400246
          ],
          [
            4.888463,
            52.400219
          ],
          [
            4.888463,
            52.400211
          ],
          [
            4.888463,
            52.400211
          ],
          [
            4.888463,
            52.400211
          ],
          [
            4.888463,
            52.400211
          ],
          [
            4.888456,
            52.400196
          ],
          [
            4.888454,
            52.400223
          ],
          [
            4.888454,
            52.400234
          ],
          [
            4.888469,
            52.400257
          ],
          [
            4.888497,
            52.400284
          ],
          [
            4.888536,
            52.400314
          ],
          [
            4.888593,
            52.400352
          ],
          [
            4.888638,
            52.400391
          ],
          [
            4.888687,
            52.400433
          ],
          [
            4.888736,
            52.400471
          ],
          [
            4.888788,
            52.400509
          ],
          [
            4.888842,
            52.400551
          ],
          [
            4.888893,
            52.400581
          ],
          [
            4.888951,
            52.400616
          ],
          [
            4.889007,
            52.400661
          ],
          [
            4.889068,
            52.400703
          ],
          [
            4.889085,
            52.400719
          ],
          [
            4.889194,
            52.400803
          ],
          [
            4.889251,
            52.400848
          ],
          [
            4.889314,
            52.400894
          ],
          [
            4.889378,
            52.400951
          ],
          [
            4.889407,
            52.40097
          ],
          [
            4.889507,
            52.401047
          ],
          [
            4.889555,
            52.401089
          ],
          [
            4.889612,
            52.401138
          ],
          [
            4.889663,
            52.40118
          ],
          [
            4.889693,
            52.401211
          ],
          [
            4.889774,
            52.401272
          ],
          [
            4.889822,
            52.40131
          ],
          [
            4.889865,
            52.401344
          ],
          [
            4.88993,
            52.401394
          ],
          [
            4.889972,
            52.401428
          ],
          [
            4.889982,
            52.401432
          ],
          [
            4.890037,
            52.401478
          ],
          [
            4.890057,
            52.401493
          ],
          [
            4.890131,
            52.401554
          ],
          [
            4.890178,
            52.401588
          ],
          [
            4.890224,
            52.40163
          ],
          [
            4.890283,
            52.401672
          ],
          [
            4.890324,
            52.401711
          ],
          [
            4.890363,
            52.40176
          ],
          [
            4.890362,
            52.401779
          ],
          [
            4.890341,
            52.401825
          ],
          [
            4.890317,
            52.401867
          ],
          [
            4.890304,
            52.401905
          ],
          [
            4.890287,
            52.401951
          ],
          [
            4.890278,
            52.401997
          ],
          [
            4.890267,
            52.402035
          ],
          [
            4.890266,
            52.402077
          ],
          [
            4.890245,
            52.402138
          ],
          [
            4.890223,
            52.402183
          ],
          [
            4.890178,
            52.402229
          ],
          [
            4.890135,
            52.402267
          ],
          [
            4.890089,
            52.402306
          ],
          [
            4.890028,
            52.402348
          ],
          [
            4.889985,
            52.402382
          ],
          [
            4.889965,
            52.402405
          ],
          [
            4.889954,
            52.402432
          ],
          [
            4.88996,
            52.402466
          ],
          [
            4.889985,
            52.4025
          ],
          [
            4.89002,
            52.402531
          ],
          [
            4.890055,
            52.402557
          ],
          [
            4.890087,
            52.40258
          ],
          [
            4.890114,
            52.402599
          ],
          [
            4.890152,
            52.402626
          ],
          [
            4.890185,
            52.402649
          ],
          [
            4.890218,
            52.402672
          ],
          [
            4.890245,
            52.402691
          ],
          [
            4.890276,
            52.40271
          ],
          [
            4.890316,
            52.40274
          ],
          [
            4.890347,
            52.402767
          ],
          [
            4.890383,
            52.402798
          ],
          [
            4.890425,
            52.402836
          ],
          [
            4.890466,
            52.402874
          ],
          [
            4.890507,
            52.402908
          ],
          [
            4.890556,
            52.402947
          ],
          [
            4.890608,
            52.402988
          ],
          [
            4.890652,
            52.403023
          ],
          [
            4.890696,
            52.403061
          ],
          [
            4.890716,
            52.403095
          ],
          [
            4.890722,
            52.403126
          ],
          [
            4.890707,
            52.403156
          ],
          [
            4.890661,
            52.403187
          ],
          [
            4.890608,
            52.403217
          ],
          [
            4.890537,
            52.403252
          ],
          [
            4.890473,
            52.403282
          ],
          [
            4.890403,
            52.40332
          ],
          [
            4.89032,
            52.403362
          ],
          [
            4.890239,
            52.403404
          ],
          [
            4.890153,
            52.403446
          ],
          [
            4.890063,
            52.403492
          ],
          [
            4.889985,
            52.403534
          ],
          [
            4.889907,
            52.403572
          ],
          [
            4.889825,
            52.40361
          ],
          [
            4.889743,
            52.403645
          ],
          [
            4.889669,
            52.403683
          ],
          [
            4.889605,
            52.403713
          ],
          [
            4.889539,
            52.403744
          ],
          [
            4.889493,
            52.403763
          ],
          [
            4.889443,
            52.403786
          ],
          [
            4.889378,
            52.403812
          ],
          [
            4.889292,
            52.403854
          ],
          [
            4.889201,
            52.403896
          ],
          [
            4.889141,
            52.403923
          ],
          [
            4.889065,
            52.403961
          ],
          [
            4.889004,
            52.403992
          ],
          [
            4.888961,
            52.404015
          ],
          [
            4.888928,
            52.404026
          ],
          [
            4.888894,
            52.404045
          ],
          [
            4.888849,
            52.404064
          ],
          [
            4.888771,
            52.404102
          ],
          [
            4.888701,
            52.404133
          ],
          [
            4.88863,
            52.404163
          ],
          [
            4.888555,
            52.404198
          ],
          [
            4.888487,
            52.404228
          ],
          [
            4.888412,
            52.404263
          ],
          [
            4.888341,
            52.404293
          ],
          [
            4.888275,
            52.404324
          ],
          [
            4.888216,
            52.404346
          ],
          [
            4.88815,
            52.404373
          ],
          [
            4.888078,
            52.404385
          ],
          [
            4.88801,
            52.404396
          ],
          [
            4.887942,
            52.4044
          ],
          [
            4.887885,
            52.404396
          ],
          [
            4.887824,
            52.404385
          ],
          [
            4.887773,
            52.404377
          ],
          [
            4.887725,
            52.404362
          ],
          [
            4.887675,
            52.404343
          ],
          [
            4.887635,
            52.40432
          ],
          [
            4.887587,
            52.404285
          ],
          [
            4.887546,
            52.404255
          ],
          [
            4.887506,
            52.404224
          ],
          [
            4.887466,
            52.404205
          ],
          [
            4.887425,
            52.404167
          ],
          [
            4.887384,
            52.404125
          ],
          [
            4.887349,
            52.404091
          ],
          [
            4.887319,
            52.40406
          ],
          [
            4.887287,
            52.404034
          ],
          [
            4.887251,
            52.404003
          ],
          [
            4.887222,
            52.403969
          ],
          [
            4.887184,
            52.403931
          ],
          [
            4.887157,
            52.4039
          ],
          [
            4.887121,
            52.403866
          ],
          [
            4.887085,
            52.403835
          ],
          [
            4.887085,
            52.403835
          ],
          [
            4.887085,
            52.403835
          ],
          [
            4.886932,
            52.403702
          ],
          [
            4.886932,
            52.403702
          ],
          [
            4.88694,
            52.403698
          ],
          [
            4.886942,
            52.40369
          ],
          [
            4.886944,
            52.40369
          ],
          [
            4.886945,
            52.403683
          ],
          [
            4.886968,
            52.403687
          ],
          [
            4.886984,
            52.40369
          ],
          [
            4.887009,
            52.40369
          ],
          [
            4.887033,
            52.403706
          ],
          [
            4.887056,
            52.403721
          ],
          [
            4.887077,
            52.40374
          ],
          [
            4.887111,
            52.40377
          ],
          [
            4.887147,
            52.403797
          ],
          [
            4.88717,
            52.40382
          ],
          [
            4.887188,
            52.403835
          ],
          [
            4.887229,
            52.40387
          ],
          [
            4.887291,
            52.403912
          ],
          [
            4.887345,
            52.403954
          ],
          [
            4.887414,
            52.404007
          ],
          [
            4.887481,
            52.404057
          ],
          [
            4.887563,
            52.404118
          ],
          [
            4.887653,
            52.404186
          ],
          [
            4.887742,
            52.404255
          ],
          [
            4.887816,
            52.404316
          ],
          [
            4.887885,
            52.404369
          ],
          [
            4.887928,
            52.404407
          ],
          [
            4.887966,
            52.404434
          ],
          [
            4.887998,
            52.404461
          ],
          [
            4.888066,
            52.404518
          ],
          [
            4.888137,
            52.404572
          ],
          [
            4.888178,
            52.404606
          ],
          [
            4.888238,
            52.404652
          ],
          [
            4.888312,
            52.404709
          ],
          [
            4.888387,
            52.40477
          ],
          [
            4.888485,
            52.404842
          ],
          [
            4.888546,
            52.404892
          ],
          [
            4.888613,
            52.404945
          ],
          [
            4.888665,
            52.404987
          ],
          [
            4.888713,
            52.405025
          ],
          [
            4.888777,
            52.405079
          ],
          [
            4.888835,
            52.405121
          ],
          [
            4.888893,
            52.405167
          ],
          [
            4.888938,
            52.405205
          ],
          [
            4.889007,
            52.405262
          ],
          [
            4.889091,
            52.405331
          ],
          [
            4.889182,
            52.405407
          ],
          [
            4.889273,
            52.405479
          ],
          [
            4.889367,
            52.405552
          ],
          [
            4.88944,
            52.405609
          ],
          [
            4.889503,
            52.405659
          ],
          [
            4.889567,
            52.405716
          ],
          [
            4.889621,
            52.405766
          ],
          [
            4.889664,
            52.405807
          ],
          [
            4.889691,
            52.405849
          ],
          [
            4.889706,
            52.405888
          ],
          [
            4.889702,
            52.405933
          ],
          [
            4.88967,
            52.405979
          ],
          [
            4.889619,
            52.406021
          ],
          [
            4.88956,
            52.406059
          ],
          [
            4.889482,
            52.406101
          ],
          [
            4.889393,
            52.406143
          ],
          [
            4.8893,
            52.406189
          ],
          [
            4.889194,
            52.406242
          ],
          [
            4.889107,
            52.406284
          ],
          [
            4.88903,
            52.406322
          ],
          [
            4.888953,
            52.406361
          ],
          [
            4.888857,
            52.40641
          ],
          [
            4.888754,
            52.406464
          ],
          [
            4.888668,
            52.406506
          ],
          [
            4.888591,
            52.406551
          ],
          [
            4.888519,
            52.406586
          ],
          [
            4.888443,
            52.406628
          ],
          [
            4.888376,
            52.406662
          ],
          [
            4.888292,
            52.406708
          ],
          [
            4.888213,
            52.406746
          ],
          [
            4.888135,
            52.40678
          ],
          [
            4.888036,
            52.406818
          ],
          [
            4.887943,
            52.40686
          ],
          [
            4.887875,
            52.406895
          ],
          [
            4.887798,
            52.406929
          ],
          [
            4.887706,
            52.406971
          ],
          [
            4.887619,
            52.407013
          ],
          [
            4.887528,
            52.407066
          ],
          [
            4.887443,
            52.407108
          ],
          [
            4.887408,
            52.407124
          ],
          [
            4.887337,
            52.407158
          ],
          [
            4.887252,
            52.407196
          ],
          [
            4.887157,
            52.407242
          ],
          [
            4.887078,
            52.407276
          ],
          [
            4.887004,
            52.40731
          ],
          [
            4.886909,
            52.407356
          ],
          [
            4.886838,
            52.407387
          ],
          [
            4.886756,
            52.407425
          ],
          [
            4.886677,
            52.407463
          ],
          [
            4.886591,
            52.407501
          ],
          [
            4.886506,
            52.407543
          ],
          [
            4.886435,
            52.407578
          ],
          [
            4.886378,
            52.407608
          ],
          [
            4.886298,
            52.407646
          ],
          [
            4.886219,
            52.407684
          ],
          [
            4.886136,
            52.407719
          ],
          [
            4.886044,
            52.407753
          ],
          [
            4.885987,
            52.407784
          ],
          [
            4.885935,
            52.407803
          ],
          [
            4.885875,
            52.407829
          ],
          [
            4.885849,
            52.407837
          ],
          [
            4.885743,
            52.407871
          ],
          [
            4.885686,
            52.407887
          ],
          [
            4.885576,
            52.407913
          ],
          [
            4.885481,
            52.407936
          ],
          [
            4.885402,
            52.407959
          ],
          [
            4.885337,
            52.407978
          ],
          [
            4.885276,
            52.407997
          ],
          [
            4.885224,
            52.40802
          ],
          [
            4.885189,
            52.408039
          ],
          [
            4.885189,
            52.408039
          ],
          [
            4.885189,
            52.408039
          ],
          [
            4.885812,
            52.407879
          ],
          [
            4.885812,
            52.407879
          ],
          [
            4.88552,
            52.407978
          ],
          [
            4.885174,
            52.408112
          ],
          [
            4.885193,
            52.408115
          ],
          [
            4.885225,
            52.4081
          ],
          [
            4.885322,
            52.408054
          ],
          [
            4.885382,
            52.40802
          ],
          [
            4.885419,
            52.408005
          ],
          [
            4.885531,
            52.407948
          ],
          [
            4.885611,
            52.407913
          ],
          [
            4.885691,
            52.407871
          ],
          [
            4.885779,
            52.407833
          ],
          [
            4.885851,
            52.407799
          ],
          [
            4.885939,
            52.407757
          ],
          [
            4.886026,
            52.407719
          ],
          [
            4.88611,
            52.407684
          ],
          [
            4.886182,
            52.407639
          ],
          [
            4.886268,
            52.407604
          ],
          [
            4.886349,
            52.407562
          ],
          [
            4.886413,
            52.40752
          ],
          [
            4.886489,
            52.407478
          ],
          [
            4.886545,
            52.407463
          ],
          [
            4.886662,
            52.40741
          ],
          [
            4.886747,
            52.407368
          ],
          [
            4.886826,
            52.407326
          ],
          [
            4.886907,
            52.407284
          ],
          [
            4.886988,
            52.407249
          ],
          [
            4.887062,
            52.407215
          ],
          [
            4.887126,
            52.407192
          ],
          [
            4.887239,
            52.407143
          ],
          [
            4.88732,
            52.407105
          ],
          [
            4.887392,
            52.407063
          ],
          [
            4.887483,
            52.407024
          ],
          [
            4.887576,
            52.406982
          ],
          [
            4.887663,
            52.406948
          ],
          [
            4.887753,
            52.40691
          ],
          [
            4.887814,
            52.406883
          ],
          [
            4.887864,
            52.406857
          ],
          [
            4.887955,
            52.406815
          ],
          [
            4.888041,
            52.406773
          ],
          [
            4.888142,
            52.406723
          ],
          [
            4.888198,
            52.406693
          ],
          [
            4.888274,
            52.406658
          ],
          [
            4.888362,
            52.406616
          ],
          [
            4.88846,
            52.40657
          ],
          [
            4.888551,
            52.406525
          ],
          [
            4.88864,
            52.406483
          ],
          [
            4.888721,
            52.406441
          ],
          [
            4.888801,
            52.406403
          ],
          [
            4.888877,
            52.406368
          ],
          [
            4.888967,
            52.40633
          ],
          [
            4.889039,
            52.406296
          ],
          [
            4.889114,
            52.406258
          ],
          [
            4.889202,
            52.406212
          ],
          [
            4.889265,
            52.406178
          ],
          [
            4.889337,
            52.406143
          ],
          [
            4.889425,
            52.406097
          ],
          [
            4.889514,
            52.406059
          ],
          [
            4.889596,
            52.406021
          ],
          [
            4.889676,
            52.405979
          ],
          [
            4.889753,
            52.405941
          ],
          [
            4.8898,
            52.405922
          ],
          [
            4.889843,
            52.405903
          ],
          [
            4.889924,
            52.405865
          ],
          [
            4.889996,
            52.40583
          ],
          [
            4.890062,
            52.4058
          ],
          [
            4.890137,
            52.405762
          ],
          [
            4.890202,
            52.405727
          ],
          [
            4.890286,
            52.405685
          ],
          [
            4.890368,
            52.405643
          ],
          [
            4.890431,
            52.405613
          ],
          [
            4.890497,
            52.405579
          ],
          [
            4.890547,
            52.405552
          ],
          [
            4.890618,
            52.405518
          ],
          [
            4.890702,
            52.405476
          ],
          [
            4.890798,
            52.40543
          ],
          [
            4.890882,
            52.405388
          ],
          [
            4.890969,
            52.405346
          ],
          [
            4.891046,
            52.405304
          ],
          [
            4.891124,
            52.405266
          ],
          [
            4.891219,
            52.40522
          ],
          [
            4.89131,
            52.405174
          ],
          [
            4.891416,
            52.405125
          ],
          [
            4.891503,
            52.405075
          ],
          [
            4.891583,
            52.405037
          ],
          [
            4.891659,
            52.405003
          ],
          [
            4.891757,
            52.404961
          ],
          [
            4.891851,
            52.404922
          ],
          [
            4.891944,
            52.404884
          ],
          [
            4.892034,
            52.404839
          ],
          [
            4.892116,
            52.4048
          ],
          [
            4.892199,
            52.404766
          ],
          [
            4.892283,
            52.404732
          ],
          [
            4.892365,
            52.404701
          ],
          [
            4.892432,
            52.404671
          ],
          [
            4.892492,
            52.404644
          ],
          [
            4.892553,
            52.404613
          ],
          [
            4.892624,
            52.404579
          ],
          [
            4.892708,
            52.404533
          ],
          [
            4.892759,
            52.404507
          ],
          [
            4.892827,
            52.404465
          ],
          [
            4.8929,
            52.4044
          ],
          [
            4.892969,
            52.404339
          ],
          [
            4.893044,
            52.404289
          ],
          [
            4.893086,
            52.404266
          ],
          [
            4.89317,
            52.404224
          ],
          [
            4.89326,
            52.404182
          ],
          [
            4.893361,
            52.404141
          ],
          [
            4.893442,
            52.404106
          ],
          [
            4.893526,
            52.404068
          ],
          [
            4.893578,
            52.404045
          ],
          [
            4.893633,
            52.404022
          ],
          [
            4.893697,
            52.403988
          ],
          [
            4.893786,
            52.403946
          ],
          [
            4.893854,
            52.403915
          ],
          [
            4.893943,
            52.403873
          ],
          [
            4.894031,
            52.403835
          ],
          [
            4.894109,
            52.403805
          ],
          [
            4.894186,
            52.40377
          ],
          [
            4.894269,
            52.403736
          ],
          [
            4.89436,
            52.403694
          ],
          [
            4.894438,
            52.403664
          ],
          [
            4.894522,
            52.403626
          ],
          [
            4.894601,
            52.403591
          ],
          [
            4.894681,
            52.403557
          ],
          [
            4.894751,
            52.403519
          ],
          [
            4.894794,
            52.403488
          ],
          [
            4.894817,
            52.403458
          ],
          [
            4.894815,
            52.403423
          ],
          [
            4.894806,
            52.403404
          ],
          [
            4.894789,
            52.403377
          ],
          [
            4.894746,
            52.403313
          ],
          [
            4.894713,
            52.403271
          ],
          [
            4.894684,
            52.403236
          ],
          [
            4.894654,
            52.403202
          ],
          [
            4.894627,
            52.403172
          ],
          [
            4.894592,
            52.403145
          ],
          [
            4.894568,
            52.403122
          ],
          [
            4.894539,
            52.403103
          ],
          [
            4.89452,
            52.403088
          ],
          [
            4.894503,
            52.403076
          ],
          [
            4.89449,
            52.403053
          ],
          [
            4.89449,
            52.403027
          ],
          [
            4.894504,
            52.403
          ],
          [
            4.894522,
            52.402981
          ],
          [
            4.894538,
            52.402954
          ],
          [
            4.894556,
            52.402935
          ],
          [
            4.894552,
            52.402916
          ],
          [
            4.894539,
            52.402908
          ],
          [
            4.894539,
            52.402908
          ],
          [
            4.894496,
            52.402893
          ],
          [
            4.894482,
            52.402878
          ],
          [
            4.894457,
            52.402866
          ],
          [
            4.894453,
            52.402855
          ],
          [
            4.89445,
            52.402855
          ],
          [
            4.894459,
            52.402851
          ],
          [
            4.894477,
            52.402855
          ],
          [
            4.894496,
            52.402866
          ],
          [
            4.894512,
            52.402878
          ],
          [
            4.894512,
            52.402878
          ],
          [
            4.894572,
            52.402912
          ],
          [
            4.894589,
            52.402916
          ],
          [
            4.894605,
            52.40292
          ],
          [
            4.894621,
            52.402927
          ],
          [
            4.89464,
            52.402931
          ],
          [
            4.89467,
            52.402939
          ],
          [
            4.894703,
            52.402935
          ],
          [
            4.894739,
            52.402927
          ],
          [
            4.894772,
            52.402908
          ],
          [
            4.894842,
            52.40287
          ],
          [
            4.894891,
            52.402843
          ],
          [
            4.894955,
            52.402809
          ],
          [
            4.895018,
            52.402775
          ],
          [
            4.89509,
            52.402744
          ],
          [
            4.895146,
            52.402714
          ],
          [
            4.8952,
            52.402687
          ],
          [
            4.895237,
            52.402664
          ],
          [
            4.895261,
            52.402637
          ],
          [
            4.89526,
            52.402618
          ],
          [
            4.89526,
            52.402618
          ],
          [
            4.895215,
            52.402618
          ],
          [
            4.895203,
            52.402622
          ],
          [
            4.895203,
            52.402622
          ],
          [
            4.895203,
            52.402622
          ],
          [
            4.895162,
            52.402634
          ],
          [
            4.895162,
            52.402634
          ],
          [
            4.895162,
            52.402634
          ],
          [
            4.895131,
            52.402645
          ],
          [
            4.895131,
            52.402645
          ],
          [
            4.895106,
            52.402653
          ],
          [
            4.895106,
            52.402653
          ],
          [
            4.895106,
            52.402653
          ],
          [
            4.895087,
            52.402668
          ],
          [
            4.895087,
            52.402668
          ],
          [
            4.895087,
            52.402668
          ],
          [
            4.89505,
            52.402683
          ],
          [
            4.89505,
            52.402683
          ],
          [
            4.895035,
            52.402691
          ],
          [
            4.895035,
            52.402691
          ],
          [
            4.895007,
            52.402695
          ],
          [
            4.895007,
            52.402695
          ],
          [
            4.895007,
            52.402695
          ],
          [
            4.89499,
            52.402721
          ],
          [
            4.89499,
            52.402721
          ],
          [
            4.894966,
            52.402729
          ],
          [
            4.894966,
            52.402729
          ],
          [
            4.894945,
            52.402733
          ],
          [
            4.894945,
            52.402733
          ],
          [
            4.894927,
            52.402744
          ],
          [
            4.894927,
            52.402744
          ],
          [
            4.894927,
            52.402744
          ],
          [
            4.894883,
            52.402763
          ],
          [
            4.894883,
            52.402763
          ],
          [
            4.894863,
            52.402775
          ],
          [
            4.894863,
            52.402775
          ],
          [
            4.894839,
            52.402782
          ],
          [
            4.894839,
            52.402782
          ],
          [
            4.894839,
            52.402782
          ],
          [
            4.894803,
            52.402798
          ],
          [
            4.894803,
            52.402798
          ],
          [
            4.894803,
            52.402798
          ],
          [
            4.894803,
            52.402798
          ],
          [
            4.894773,
            52.402813
          ],
          [
            4.894773,
            52.402813
          ],
          [
            4.894773,
            52.402813
          ],
          [
            4.894746,
            52.402821
          ],
          [
            4.89472,
            52.402824
          ],
          [
            4.894709,
            52.402832
          ],
          [
            4.894709,
            52.402832
          ],
          [
            4.894663,
            52.402859
          ],
          [
            4.89465,
            52.402863
          ],
          [
            4.894633,
            52.40287
          ],
          [
            4.894633,
            52.40287
          ],
          [
            4.894584,
            52.402897
          ],
          [
            4.894564,
            52.402901
          ],
          [
            4.89454,
            52.402908
          ],
          [
            4.894511,
            52.402908
          ],
          [
            4.894469,
            52.402901
          ],
          [
            4.894433,
            52.402893
          ],
          [
            4.894419,
            52.402863
          ],
          [
            4.894328,
            52.402782
          ],
          [
            4.894273,
            52.40274
          ],
          [
            4.894222,
            52.402698
          ],
          [
            4.894171,
            52.402653
          ],
          [
            4.89413,
            52.402622
          ],
          [
            4.894088,
            52.402576
          ],
          [
            4.89404,
            52.402557
          ],
          [
            4.89403,
            52.402531
          ],
          [
            4.893999,
            52.4025
          ],
          [
            4.893962,
            52.40247
          ],
          [
            4.893928,
            52.402439
          ],
          [
            4.893897,
            52.40242
          ],
          [
            4.893886,
            52.402401
          ],
          [
            4.893844,
            52.402382
          ],
          [
            4.893816,
            52.402344
          ],
          [
            4.893776,
            52.402325
          ],
          [
            4.893759,
            52.402302
          ],
          [
            4.893731,
            52.402279
          ],
          [
            4.893734,
            52.402283
          ],
          [
            4.893735,
            52.402283
          ],
          [
            4.893724,
            52.402271
          ],
          [
            4.893703,
            52.402252
          ],
          [
            4.893691,
            52.402229
          ],
          [
            4.893663,
            52.40221
          ],
          [
            4.893626,
            52.402183
          ],
          [
            4.893594,
            52.402161
          ],
          [
            4.893567,
            52.402149
          ],
          [
            4.893524,
            52.402122
          ],
          [
            4.893488,
            52.4021
          ],
          [
            4.893456,
            52.402073
          ],
          [
            4.893423,
            52.402054
          ],
          [
            4.893397,
            52.402039
          ],
          [
            4.893397,
            52.402039
          ],
          [
            4.893397,
            52.402039
          ],
          [
            4.893397,
            52.402039
          ],
          [
            4.893397,
            52.402039
          ],
          [
            4.893397,
            52.402039
          ],
          [
            4.893365,
            52.40197
          ],
          [
            4.893365,
            52.40197
          ],
          [
            4.893391,
            52.40197
          ],
          [
            4.893391,
            52.40197
          ],
          [
            4.893411,
            52.401981
          ],
          [
            4.893411,
            52.401981
          ],
          [
            4.893421,
            52.402
          ],
          [
            4.893432,
            52.401997
          ],
          [
            4.893432,
            52.401997
          ],
          [
            4.893476,
            52.401989
          ],
          [
            4.893488,
            52.401989
          ],
          [
            4.893507,
            52.401989
          ],
          [
            4.893539,
            52.401989
          ],
          [
            4.893539,
            52.401989
          ],
          [
            4.893607,
            52.402
          ],
          [
            4.893622,
            52.401989
          ],
          [
            4.89364,
            52.401985
          ],
          [
            4.89364,
            52.401985
          ],
          [
            4.893651,
            52.401978
          ],
          [
            4.893651,
            52.401978
          ],
          [
            4.893631,
            52.401966
          ],
          [
            4.893631,
            52.401966
          ],
          [
            4.893597,
            52.401962
          ],
          [
            4.893597,
            52.401962
          ],
          [
            4.893552,
            52.401985
          ],
          [
            4.893552,
            52.401985
          ],
          [
            4.893548,
            52.401989
          ],
          [
            4.893548,
            52.401985
          ],
          [
            4.893533,
            52.401978
          ],
          [
            4.893543,
            52.401981
          ],
          [
            4.893531,
            52.401978
          ],
          [
            4.893529,
            52.401962
          ],
          [
            4.893524,
            52.401947
          ],
          [
            4.893512,
            52.401936
          ],
          [
            4.893517,
            52.401913
          ],
          [
            4.893527,
            52.40189
          ],
          [
            4.893542,
            52.401871
          ],
          [
            4.893561,
            52.401852
          ],
          [
            4.893559,
            52.401852
          ],
          [
            4.893622,
            52.401825
          ],
          [
            4.893677,
            52.40181
          ],
          [
            4.893732,
            52.401791
          ],
          [
            4.893783,
            52.401768
          ],
          [
            4.893839,
            52.401745
          ],
          [
            4.893901,
            52.401718
          ],
          [
            4.893951,
            52.401699
          ],
          [
            4.894003,
            52.401684
          ],
          [
            4.894052,
            52.401665
          ],
          [
            4.894109,
            52.401653
          ],
          [
            4.894166,
            52.401638
          ],
          [
            4.894215,
            52.401623
          ],
          [
            4.894255,
            52.401607
          ],
          [
            4.894298,
            52.401588
          ],
          [
            4.894341,
            52.401566
          ],
          [
            4.894389,
            52.401539
          ],
          [
            4.894433,
            52.401512
          ],
          [
            4.89448,
            52.401478
          ],
          [
            4.894528,
            52.401447
          ],
          [
            4.894562,
            52.401424
          ],
          [
            4.894601,
            52.401398
          ],
          [
            4.894601,
            52.401398
          ],
          [
            4.894601,
            52.401398
          ],
          [
            4.894426,
            52.401245
          ],
          [
            4.894426,
            52.401245
          ],
          [
            4.894672,
            52.401321
          ],
          [
            4.89469,
            52.40131
          ],
          [
            4.894716,
            52.401295
          ],
          [
            4.89474,
            52.401279
          ],
          [
            4.894754,
            52.401257
          ],
          [
            4.894753,
            52.401238
          ],
          [
            4.894737,
            52.401215
          ],
          [
            4.894708,
            52.401207
          ],
          [
            4.894673,
            52.401203
          ],
          [
            4.894644,
            52.401222
          ],
          [
            4.894627,
            52.401249
          ],
          [
            4.894617,
            52.401287
          ],
          [
            4.894611,
            52.401318
          ],
          [
            4.894606,
            52.401348
          ],
          [
            4.894598,
            52.401382
          ],
          [
            4.894587,
            52.401409
          ],
          [
            4.894567,
            52.401443
          ],
          [
            4.894552,
            52.401482
          ],
          [
            4.894546,
            52.401516
          ],
          [
            4.894566,
            52.401554
          ],
          [
            4.894588,
            52.401588
          ],
          [
            4.894624,
            52.401623
          ],
          [
            4.894658,
            52.401653
          ],
          [
            4.894686,
            52.401684
          ],
          [
            4.894709,
            52.401711
          ],
          [
            4.894712,
            52.401741
          ],
          [
            4.894701,
            52.401768
          ],
          [
            4.894668,
            52.401794
          ],
          [
            4.894629,
            52.40181
          ],
          [
            4.894579,
            52.401817
          ],
          [
            4.894529,
            52.401821
          ],
          [
            4.894484,
            52.401814
          ],
          [
            4.894444,
            52.401779
          ],
          [
            4.894422,
            52.401752
          ],
          [
            4.894431,
            52.40173
          ],
          [
            4.894447,
            52.401714
          ],
          [
            4.894485,
            52.401711
          ],
          [
            4.894521,
            52.401726
          ],
          [
            4.894521,
            52.401722
          ],
          [
            4.894586,
            52.401749
          ],
          [
            4.894641,
            52.401772
          ],
          [
            4.894696,
            52.401787
          ],
          [
            4.894743,
            52.401779
          ],
          [
            4.894768,
            52.401764
          ],
          [
            4.894777,
            52.401733
          ],
          [
            4.894756,
            52.401714
          ],
          [
            4.894707,
            52.401703
          ],
          [
            4.894668,
            52.401707
          ],
          [
            4.894641,
            52.401711
          ],
          [
            4.894641,
            52.401726
          ],
          [
            4.894621,
            52.401752
          ],
          [
            4.894613,
            52.401772
          ],
          [
            4.894598,
            52.401806
          ],
          [
            4.89459,
            52.401848
          ],
          [
            4.894584,
            52.401897
          ],
          [
            4.894589,
            52.401943
          ],
          [
            4.894606,
            52.401985
          ],
          [
            4.894628,
            52.402039
          ],
          [
            4.894665,
            52.402069
          ],
          [
            4.894703,
            52.402103
          ],
          [
            4.894736,
            52.402145
          ],
          [
            4.894772,
            52.402176
          ],
          [
            4.894786,
            52.402203
          ],
          [
            4.894866,
            52.402222
          ],
          [
            4.894904,
            52.402256
          ],
          [
            4.894957,
            52.402283
          ],
          [
            4.895009,
            52.402321
          ],
          [
            4.895065,
            52.402363
          ],
          [
            4.895121,
            52.402401
          ],
          [
            4.895167,
            52.402451
          ],
          [
            4.895208,
            52.402489
          ],
          [
            4.895248,
            52.402527
          ],
          [
            4.89528,
            52.402554
          ],
          [
            4.895319,
            52.402569
          ],
          [
            4.895363,
            52.402576
          ],
          [
            4.895411,
            52.402573
          ],
          [
            4.895471,
            52.402554
          ],
          [
            4.895533,
            52.402531
          ],
          [
            4.895585,
            52.402504
          ],
          [
            4.895621,
            52.40247
          ],
          [
            4.89563,
            52.402432
          ],
          [
            4.89563,
            52.40239
          ],
          [
            4.895618,
            52.40234
          ],
          [
            4.895622,
            52.402294
          ],
          [
            4.895635,
            52.402256
          ],
          [
            4.895643,
            52.402214
          ],
          [
            4.895645,
            52.402176
          ],
          [
            4.895643,
            52.40213
          ],
          [
            4.895632,
            52.402081
          ],
          [
            4.895612,
            52.402027
          ],
          [
            4.895588,
            52.401989
          ],
          [
            4.895556,
            52.401947
          ],
          [
            4.895518,
            52.40189
          ],
          [
            4.895483,
            52.401852
          ],
          [
            4.895446,
            52.401814
          ],
          [
            4.895399,
            52.401772
          ],
          [
            4.895325,
            52.401726
          ],
          [
            4.895254,
            52.401691
          ],
          [
            4.895185,
            52.401657
          ],
          [
            4.895117,
            52.401623
          ],
          [
            4.895039,
            52.401592
          ],
          [
            4.894973,
            52.401562
          ],
          [
            4.894907,
            52.401531
          ],
          [
            4.894848,
            52.401497
          ],
          [
            4.894798,
            52.401463
          ],
          [
            4.894752,
            52.401424
          ],
          [
            4.894721,
            52.401394
          ],
          [
            4.894697,
            52.401356
          ],
          [
            4.894689,
            52.401314
          ],
          [
            4.894695,
            52.401276
          ],
          [
            4.894718,
            52.401238
          ],
          [
            4.894756,
            52.401192
          ],
          [
            4.894798,
            52.401146
          ],
          [
            4.894845,
            52.401096
          ],
          [
            4.894887,
            52.401047
          ],
          [
            4.894917,
            52.401005
          ],
          [
            4.894956,
            52.400955
          ],
          [
            4.894992,
            52.400917
          ],
          [
            4.89504,
            52.400887
          ],
          [
            4.895099,
            52.400856
          ],
          [
            4.895157,
            52.400837
          ],
          [
            4.895218,
            52.400829
          ],
          [
            4.895272,
            52.400822
          ],
          [
            4.89533,
            52.400818
          ],
          [
            4.895392,
            52.400822
          ],
          [
            4.895429,
            52.400829
          ],
          [
            4.895469,
            52.400833
          ],
          [
            4.895499,
            52.400841
          ],
          [
            4.895518,
            52.400856
          ],
          [
            4.895524,
            52.400883
          ],
          [
            4.895509,
            52.400909
          ],
          [
            4.895467,
            52.40094
          ],
          [
            4.895436,
            52.400963
          ],
          [
            4.8954,
            52.400982
          ],
          [
            4.89535,
            52.400997
          ],
          [
            4.895291,
            52.401024
          ],
          [
            4.895242,
            52.401031
          ],
          [
            4.895155,
            52.401054
          ],
          [
            4.895092,
            52.401066
          ],
          [
            4.895045,
            52.401077
          ],
          [
            4.894992,
            52.401062
          ],
          [
            4.894957,
            52.401035
          ],
          [
            4.894942,
            52.401001
          ],
          [
            4.89493,
            52.400989
          ],
          [
            4.894925,
            52.400959
          ],
          [
            4.894931,
            52.400932
          ],
          [
            4.894929,
            52.400906
          ],
          [
            4.894917,
            52.400871
          ],
          [
            4.894898,
            52.400841
          ],
          [
            4.894872,
            52.400784
          ],
          [
            4.894847,
            52.400738
          ],
          [
            4.894822,
            52.400688
          ],
          [
            4.894793,
            52.400646
          ],
          [
            4.894748,
            52.400604
          ],
          [
            4.894704,
            52.400562
          ],
          [
            4.89466,
            52.40052
          ],
          [
            4.894621,
            52.400471
          ],
          [
            4.894591,
            52.400429
          ],
          [
            4.894575,
            52.400375
          ],
          [
            4.894554,
            52.400322
          ],
          [
            4.894541,
            52.400276
          ],
          [
            4.894526,
            52.400211
          ],
          [
            4.894512,
            52.400146
          ],
          [
            4.894493,
            52.400093
          ],
          [
            4.894464,
            52.400013
          ],
          [
            4.894445,
            52.399956
          ],
          [
            4.894422,
            52.399891
          ],
          [
            4.894404,
            52.399834
          ],
          [
            4.894383,
            52.399765
          ],
          [
            4.894361,
            52.399708
          ],
          [
            4.894339,
            52.399635
          ],
          [
            4.894322,
            52.39959
          ],
          [
            4.894298,
            52.399532
          ],
          [
            4.894278,
            52.399479
          ],
          [
            4.894259,
            52.399426
          ],
          [
            4.894239,
            52.399368
          ],
          [
            4.894217,
            52.399323
          ],
          [
            4.894186,
            52.399277
          ],
          [
            4.894159,
            52.399227
          ],
          [
            4.894136,
            52.399185
          ],
          [
            4.894105,
            52.399151
          ],
          [
            4.894063,
            52.399105
          ],
          [
            4.894021,
            52.399063
          ],
          [
            4.893981,
            52.399029
          ],
          [
            4.893941,
            52.398987
          ],
          [
            4.893914,
            52.398945
          ],
          [
            4.89389,
            52.398911
          ],
          [
            4.893868,
            52.398876
          ],
          [
            4.893855,
            52.398846
          ],
          [
            4.893866,
            52.398823
          ],
          [
            4.893895,
            52.398819
          ],
          [
            4.893932,
            52.398819
          ],
          [
            4.893959,
            52.39883
          ],
          [
            4.893969,
            52.398853
          ],
          [
            4.89396,
            52.398876
          ],
          [
            4.893932,
            52.398899
          ],
          [
            4.893881,
            52.398907
          ],
          [
            4.893827,
            52.398911
          ],
          [
            4.893776,
            52.398911
          ],
          [
            4.893726,
            52.398911
          ],
          [
            4.893682,
            52.398914
          ],
          [
            4.893634,
            52.398922
          ],
          [
            4.893597,
            52.398922
          ],
          [
            4.893569,
            52.398918
          ],
          [
            4.89354,
            52.398918
          ],
          [
            4.893503,
            52.398922
          ],
          [
            4.893484,
            52.398937
          ],
          [
            4.893483,
            52.398964
          ],
          [
            4.893488,
            52.398998
          ],
          [
            4.893501,
            52.399036
          ],
          [
            4.893514,
            52.399078
          ],
          [
            4.893521,
            52.39912
          ],
          [
            4.89352,
            52.399162
          ],
          [
            4.893527,
            52.3992
          ],
          [
            4.893539,
            52.399242
          ],
          [
            4.89355,
            52.399281
          ],
          [
            4.893563,
            52.399315
          ],
          [
            4.89358,
            52.399342
          ],
          [
            4.893614,
            52.399361
          ],
          [
            4.89367,
            52.399364
          ],
          [
            4.893721,
            52.399357
          ],
          [
            4.893779,
            52.399338
          ],
          [
            4.893837,
            52.399311
          ],
          [
            4.893898,
            52.399277
          ],
          [
            4.893954,
            52.399239
          ],
          [
            4.894006,
            52.3992
          ],
          [
            4.894057,
            52.39917
          ],
          [
            4.894108,
            52.399143
          ],
          [
            4.894157,
            52.399113
          ],
          [
            4.894198,
            52.399086
          ],
          [
            4.894238,
            52.399059
          ],
          [
            4.894274,
            52.399036
          ],
          [
            4.894324,
            52.399006
          ],
          [
            4.894372,
            52.398975
          ],
          [
            4.894422,
            52.398949
          ],
          [
            4.894467,
            52.398926
          ],
          [
            4.894512,
            52.398907
          ],
          [
            4.894553,
            52.398895
          ],
          [
            4.894594,
            52.398888
          ],
          [
            4.894622,
            52.39888
          ],
          [
            4.894649,
            52.398872
          ],
          [
            4.894677,
            52.39888
          ],
          [
            4.894677,
            52.39888
          ],
          [
            4.894725,
            52.398911
          ],
          [
            4.894732,
            52.398918
          ],
          [
            4.894736,
            52.39893
          ],
          [
            4.894736,
            52.39893
          ],
          [
            4.894736,
            52.39893
          ],
          [
            4.894736,
            52.39893
          ],
          [
            4.894797,
            52.39909
          ],
          [
            4.894791,
            52.399086
          ],
          [
            4.894776,
            52.399086
          ],
          [
            4.894758,
            52.39909
          ],
          [
            4.894744,
            52.399094
          ],
          [
            4.894734,
            52.399109
          ],
          [
            4.894737,
            52.399132
          ],
          [
            4.894748,
            52.399162
          ],
          [
            4.894767,
            52.3992
          ],
          [
            4.894786,
            52.399227
          ],
          [
            4.894805,
            52.399258
          ],
          [
            4.89482,
            52.399288
          ],
          [
            4.894835,
            52.399319
          ],
          [
            4.894841,
            52.399345
          ],
          [
            4.894848,
            52.399376
          ],
          [
            4.894852,
            52.399399
          ],
          [
            4.894852,
            52.399406
          ],
          [
            4.894848,
            52.399418
          ],
          [
            4.894848,
            52.399418
          ],
          [
            4.89483,
            52.399445
          ],
          [
            4.894831,
            52.399456
          ],
          [
            4.894831,
            52.399456
          ],
          [
            4.894858,
            52.399479
          ],
          [
            4.894876,
            52.399475
          ],
          [
            4.894892,
            52.399471
          ],
          [
            4.894908,
            52.399456
          ],
          [
            4.894913,
            52.399437
          ],
          [
            4.894913,
            52.399437
          ],
          [
            4.894913,
            52.399387
          ],
          [
            4.894913,
            52.399387
          ],
          [
            4.894913,
            52.399387
          ],
          [
            4.89492,
            52.399384
          ],
          [
            4.894913,
            52.399372
          ],
          [
            4.894899,
            52.399364
          ],
          [
            4.894886,
            52.399345
          ],
          [
            4.894858,
            52.399315
          ],
          [
            4.894844,
            52.399288
          ],
          [
            4.894821,
            52.399258
          ],
          [
            4.894802,
            52.399219
          ],
          [
            4.894779,
            52.399185
          ],
          [
            4.894761,
            52.399143
          ],
          [
            4.894737,
            52.399101
          ],
          [
            4.894717,
            52.399059
          ],
          [
            4.894698,
            52.399017
          ],
          [
            4.894676,
            52.398975
          ],
          [
            4.894652,
            52.398937
          ],
          [
            4.894618,
            52.398914
          ],
          [
            4.89457,
            52.398911
          ],
          [
            4.894532,
            52.398911
          ],
          [
            4.894491,
            52.39893
          ],
          [
            4.894457,
            52.398953
          ],
          [
            4.894435,
            52.398972
          ],
          [
            4.894413,
            52.398994
          ],
          [
            4.894406,
            52.39901
          ],
          [
            4.894405,
            52.399029
          ],
          [
            4.894419,
            52.399036
          ],
          [
            4.894419,
            52.399036
          ],
          [
            4.894436,
            52.399025
          ],
          [
            4.894436,
            52.399025
          ],
          [
            4.894436,
            52.399025
          ],
          [
            4.89362,
            52.399265
          ],
          [
            4.89362,
            52.399265
          ],
          [
            4.893818,
            52.399181
          ],
          [
            4.894393,
            52.398922
          ],
          [
            4.894434,
            52.398895
          ],
          [
            4.894468,
            52.398876
          ],
          [
            4.894506,
            52.398865
          ],
          [
            4.894547,
            52.398857
          ],
          [
            4.894591,
            52.398861
          ],
          [
            4.894629,
            52.398865
          ],
          [
            4.894666,
            52.398876
          ],
          [
            4.894698,
            52.398895
          ],
          [
            4.894726,
            52.39893
          ],
          [
            4.894748,
            52.39896
          ],
          [
            4.89475,
            52.399029
          ],
          [
            4.894772,
            52.39909
          ],
          [
            4.894789,
            52.399147
          ],
          [
            4.894804,
            52.3992
          ],
          [
            4.894818,
            52.39925
          ],
          [
            4.894845,
            52.399315
          ],
          [
            4.894856,
            52.399372
          ],
          [
            4.89487,
            52.399429
          ],
          [
            4.894889,
            52.399498
          ],
          [
            4.894917,
            52.399559
          ],
          [
            4.894944,
            52.399612
          ],
          [
            4.894953,
            52.39967
          ],
          [
            4.894981,
            52.399719
          ],
          [
            4.894987,
            52.399769
          ],
          [
            4.895005,
            52.399815
          ],
          [
            4.895016,
            52.39986
          ],
          [
            4.895033,
            52.399895
          ],
          [
            4.895058,
            52.399921
          ],
          [
            4.895103,
            52.399941
          ],
          [
            4.895134,
            52.399941
          ],
          [
            4.895179,
            52.399941
          ],
          [
            4.895206,
            52.399941
          ],
          [
            4.895252,
            52.399944
          ],
          [
            4.895296,
            52.399952
          ],
          [
            4.895339,
            52.399963
          ],
          [
            4.895377,
            52.399979
          ],
          [
            4.895419,
            52.399986
          ],
          [
            4.89546,
            52.39999
          ],
          [
            4.895504,
            52.399986
          ],
          [
            4.895546,
            52.399986
          ],
          [
            4.89559,
            52.399979
          ],
          [
            4.895629,
            52.399967
          ],
          [
            4.89567,
            52.399956
          ],
          [
            4.895703,
            52.399933
          ],
          [
            4.895712,
            52.399906
          ],
          [
            4.895716,
            52.399879
          ],
          [
            4.895707,
            52.399845
          ],
          [
            4.8957,
            52.399803
          ],
          [
            4.895699,
            52.399761
          ],
          [
            4.895694,
            52.399715
          ],
          [
            4.895693,
            52.39967
          ],
          [
            4.895688,
            52.399631
          ],
          [
            4.89568,
            52.399586
          ],
          [
            4.895673,
            52.399544
          ],
          [
            4.895669,
            52.399506
          ],
          [
            4.895669,
            52.399483
          ],
          [
            4.895669,
            52.39946
          ],
          [
            4.895666,
            52.399445
          ],
          [
            4.895665,
            52.399429
          ],
          [
            4.895665,
            52.399429
          ],
          [
            4.895665,
            52.399429
          ],
          [
            4.895665,
            52.399429
          ],
          [
            4.895351,
            52.399689
          ],
          [
            4.89535,
            52.399685
          ],
          [
            4.89535,
            52.399685
          ],
          [
            4.895513,
            52.399471
          ],
          [
            4.895513,
            52.399471
          ],
          [
            4.895494,
            52.399445
          ],
          [
            4.895472,
            52.399448
          ],
          [
            4.895447,
            52.399456
          ],
          [
            4.895421,
            52.399471
          ],
          [
            4.895421,
            52.399471
          ],
          [
            4.895399,
            52.399502
          ],
          [
            4.895402,
            52.399517
          ],
          [
            4.895404,
            52.399536
          ],
          [
            4.895406,
            52.399551
          ],
          [
            4.895404,
            52.39957
          ],
          [
            4.895403,
            52.399586
          ],
          [
            4.895398,
            52.399609
          ],
          [
            4.895398,
            52.399628
          ],
          [
            4.895384,
            52.399651
          ],
          [
            4.895366,
            52.39967
          ],
          [
            4.895349,
            52.399677
          ],
          [
            4.895316,
            52.399662
          ],
          [
            4.895268,
            52.399628
          ],
          [
            4.895246,
            52.399597
          ],
          [
            4.895235,
            52.399567
          ],
          [
            4.895241,
            52.399544
          ],
          [
            4.895241,
            52.399544
          ],
          [
            4.895241,
            52.399544
          ],
          [
            4.895289,
            52.399513
          ],
          [
            4.895289,
            52.399513
          ],
          [
            4.895286,
            52.39949
          ],
          [
            4.895286,
            52.39949
          ],
          [
            4.895246,
            52.399483
          ],
          [
            4.895222,
            52.399475
          ],
          [
            4.895212,
            52.399471
          ],
          [
            4.89519,
            52.399471
          ],
          [
            4.89516,
            52.399475
          ],
          [
            4.895129,
            52.399483
          ],
          [
            4.895087,
            52.399494
          ],
          [
            4.895087,
            52.399494
          ],
          [
            4.895015,
            52.399506
          ],
          [
            4.895015,
            52.399506
          ],
          [
            4.895015,
            52.399506
          ],
          [
            4.895015,
            52.399506
          ],
          [
            4.895015,
            52.399506
          ],
          [
            4.894999,
            52.399509
          ],
          [
            4.894999,
            52.399509
          ],
          [
            4.895008,
            52.399529
          ],
          [
            4.895012,
            52.399532
          ],
          [
            4.895023,
            52.399555
          ],
          [
            4.895037,
            52.399578
          ],
          [
            4.895054,
            52.399616
          ],
          [
            4.89507,
            52.399654
          ],
          [
            4.895085,
            52.399693
          ],
          [
            4.895106,
            52.399738
          ],
          [
            4.895135,
            52.399784
          ],
          [
            4.895174,
            52.399818
          ],
          [
            4.895226,
            52.399853
          ],
          [
            4.895289,
            52.399879
          ],
          [
            4.895346,
            52.399891
          ],
          [
            4.895403,
            52.399895
          ],
          [
            4.895469,
            52.399891
          ],
          [
            4.895533,
            52.399879
          ],
          [
            4.8956,
            52.399868
          ],
          [
            4.895694,
            52.399857
          ],
          [
            4.895768,
            52.399845
          ],
          [
            4.895843,
            52.399841
          ],
          [
            4.895912,
            52.399834
          ],
          [
            4.895984,
            52.39983
          ],
          [
            4.896054,
            52.39983
          ],
          [
            4.896124,
            52.399822
          ],
          [
            4.896194,
            52.399818
          ],
          [
            4.896263,
            52.399818
          ],
          [
            4.896324,
            52.399818
          ],
          [
            4.89637,
            52.399815
          ],
          [
            4.896405,
            52.399803
          ],
          [
            4.896415,
            52.399788
          ],
          [
            4.896413,
            52.399757
          ],
          [
            4.89639,
            52.399727
          ],
          [
            4.896355,
            52.399696
          ],
          [
            4.896322,
            52.399654
          ],
          [
            4.896301,
            52.399609
          ],
          [
            4.896282,
            52.399559
          ],
          [
            4.896266,
            52.399513
          ],
          [
            4.896247,
            52.399464
          ],
          [
            4.896233,
            52.39941
          ],
          [
            4.896221,
            52.399368
          ],
          [
            4.896204,
            52.399326
          ],
          [
            4.896193,
            52.399292
          ],
          [
            4.896168,
            52.399261
          ],
          [
            4.89614,
            52.399235
          ],
          [
            4.896115,
            52.3992
          ],
          [
            4.896095,
            52.399174
          ],
          [
            4.896081,
            52.399143
          ],
          [
            4.896072,
            52.399124
          ],
          [
            4.896072,
            52.399109
          ],
          [
            4.896072,
            52.399109
          ],
          [
            4.896072,
            52.399109
          ],
          [
            4.896072,
            52.399109
          ],
          [
            4.896065,
            52.399094
          ],
          [
            4.896065,
            52.399094
          ],
          [
            4.896041,
            52.399094
          ],
          [
            4.896023,
            52.399097
          ],
          [
            4.895996,
            52.399105
          ],
          [
            4.895967,
            52.399116
          ],
          [
            4.895939,
            52.399143
          ],
          [
            4.895925,
            52.399189
          ],
          [
            4.895936,
            52.399239
          ],
          [
            4.895972,
            52.399288
          ],
          [
            4.896023,
            52.399326
          ],
          [
            4.896084,
            52.399368
          ],
          [
            4.896141,
            52.399395
          ],
          [
            4.896202,
            52.399418
          ],
          [
            4.896257,
            52.399441
          ],
          [
            4.896294,
            52.399464
          ],
          [
            4.896317,
            52.39949
          ],
          [
            4.896336,
            52.399517
          ],
          [
            4.896343,
            52.39954
          ],
          [
            4.896353,
            52.399559
          ],
          [
            4.896359,
            52.399586
          ],
          [
            4.896369,
            52.399609
          ],
          [
            4.89638,
            52.399631
          ],
          [
            4.896389,
            52.399658
          ],
          [
            4.896399,
            52.399689
          ],
          [
            4.89641,
            52.399723
          ],
          [
            4.896417,
            52.399761
          ],
          [
            4.896426,
            52.399807
          ],
          [
            4.896438,
            52.399853
          ],
          [
            4.896452,
            52.399899
          ],
          [
            4.896471,
            52.399948
          ],
          [
            4.896492,
            52.400002
          ],
          [
            4.896511,
            52.400051
          ],
          [
            4.896529,
            52.400097
          ],
          [
            4.896545,
            52.40015
          ],
          [
            4.896547,
            52.400177
          ],
          [
            4.896552,
            52.400215
          ],
          [
            4.896546,
            52.400246
          ],
          [
            4.896529,
            52.400284
          ],
          [
            4.896505,
            52.400322
          ],
          [
            4.896472,
            52.400356
          ],
          [
            4.896435,
            52.400387
          ],
          [
            4.896385,
            52.400425
          ],
          [
            4.896346,
            52.400455
          ],
          [
            4.896298,
            52.400486
          ],
          [
            4.896255,
            52.400509
          ],
          [
            4.896212,
            52.400528
          ],
          [
            4.896169,
            52.400543
          ],
          [
            4.896128,
            52.400558
          ],
          [
            4.896095,
            52.40057
          ],
          [
            4.896077,
            52.400578
          ],
          [
            4.896053,
            52.400597
          ],
          [
            4.896033,
            52.400616
          ],
          [
            4.896016,
            52.400631
          ],
          [
            4.895997,
            52.400646
          ],
          [
            4.895968,
            52.400665
          ],
          [
            4.89594,
            52.400681
          ],
          [
            4.895906,
            52.400692
          ],
          [
            4.89587,
            52.400703
          ],
          [
            4.895838,
            52.400715
          ],
          [
            4.895813,
            52.400726
          ],
          [
            4.895794,
            52.400734
          ],
          [
            4.895773,
            52.400749
          ],
          [
            4.895756,
            52.400764
          ],
          [
            4.895738,
            52.40078
          ],
          [
            4.895721,
            52.400795
          ],
          [
            4.895697,
            52.40081
          ],
          [
            4.895657,
            52.400829
          ],
          [
            4.895624,
            52.400852
          ],
          [
            4.895583,
            52.400875
          ],
          [
            4.895541,
            52.400894
          ],
          [
            4.895497,
            52.400921
          ],
          [
            4.895455,
            52.400944
          ],
          [
            4.89541,
            52.400967
          ],
          [
            4.895369,
            52.400989
          ],
          [
            4.895319,
            52.401009
          ],
          [
            4.895271,
            52.401028
          ],
          [
            4.89522,
            52.401051
          ],
          [
            4.895182,
            52.401062
          ],
          [
            4.895109,
            52.401073
          ],
          [
            4.895059,
            52.401077
          ],
          [
            4.895021,
            52.40107
          ],
          [
            4.894993,
            52.401062
          ],
          [
            4.894984,
            52.401039
          ],
          [
            4.894995,
            52.401012
          ],
          [
            4.895028,
            52.400986
          ],
          [
            4.895075,
            52.400963
          ],
          [
            4.895128,
            52.40094
          ],
          [
            4.895194,
            52.400921
          ],
          [
            4.895257,
            52.400902
          ],
          [
            4.895329,
            52.400883
          ],
          [
            4.895386,
            52.400867
          ],
          [
            4.895447,
            52.400848
          ],
          [
            4.895506,
            52.400829
          ],
          [
            4.895564,
            52.40081
          ],
          [
            4.895617,
            52.400791
          ],
          [
            4.895662,
            52.400772
          ],
          [
            4.895712,
            52.400753
          ],
          [
            4.895753,
            52.400742
          ],
          [
            4.89575,
            52.400738
          ],
          [
            4.895835,
            52.400719
          ],
          [
            4.89583,
            52.400726
          ],
          [
            4.895964,
            52.400681
          ],
          [
            4.896056,
            52.40065
          ],
          [
            4.896124,
            52.400623
          ],
          [
            4.896188,
            52.400585
          ],
          [
            4.89624,
            52.400558
          ],
          [
            4.896304,
            52.400528
          ],
          [
            4.896356,
            52.400494
          ],
          [
            4.896419,
            52.400471
          ],
          [
            4.896482,
            52.400444
          ],
          [
            4.896534,
            52.400417
          ],
          [
            4.896597,
            52.400394
          ],
          [
            4.896654,
            52.400368
          ],
          [
            4.896713,
            52.400349
          ],
          [
            4.896772,
            52.40033
          ],
          [
            4.89683,
            52.400337
          ],
          [
            4.896878,
            52.400341
          ],
          [
            4.896925,
            52.400352
          ],
          [
            4.896964,
            52.400375
          ],
          [
            4.897,
            52.400394
          ],
          [
            4.897046,
            52.400436
          ],
          [
            4.89709,
            52.400463
          ],
          [
            4.897138,
            52.400501
          ],
          [
            4.8972,
            52.400543
          ],
          [
            4.897255,
            52.400585
          ],
          [
            4.897312,
            52.400627
          ],
          [
            4.897372,
            52.400673
          ],
          [
            4.897435,
            52.400723
          ],
          [
            4.89749,
            52.400768
          ],
          [
            4.897548,
            52.40081
          ],
          [
            4.897601,
            52.400856
          ],
          [
            4.897651,
            52.400898
          ],
          [
            4.897696,
            52.400936
          ],
          [
            4.897738,
            52.40097
          ],
          [
            4.897767,
            52.400993
          ],
          [
            4.897767,
            52.400993
          ],
          [
            4.897803,
            52.401031
          ],
          [
            4.897803,
            52.401031
          ],
          [
            4.897803,
            52.401031
          ],
          [
            4.897803,
            52.401031
          ],
          [
            4.897763,
            52.401054
          ],
          [
            4.897763,
            52.401054
          ],
          [
            4.897765,
            52.401058
          ],
          [
            4.897765,
            52.401058
          ],
          [
            4.897765,
            52.401058
          ],
          [
            4.897732,
            52.40107
          ],
          [
            4.897732,
            52.40107
          ],
          [
            4.897732,
            52.40107
          ],
          [
            4.897727,
            52.401054
          ],
          [
            4.897727,
            52.401054
          ],
          [
            4.897723,
            52.401058
          ],
          [
            4.897731,
            52.401054
          ],
          [
            4.897741,
            52.401054
          ],
          [
            4.897751,
            52.401062
          ],
          [
            4.897779,
            52.40107
          ],
          [
            4.897803,
            52.40107
          ],
          [
            4.89784,
            52.401089
          ],
          [
            4.897871,
            52.401104
          ],
          [
            4.897899,
            52.401123
          ],
          [
            4.897934,
            52.401154
          ],
          [
            4.897956,
            52.401165
          ],
          [
            4.89799,
            52.401196
          ],
          [
            4.898013,
            52.401207
          ],
          [
            4.898013,
            52.401207
          ],
          [
            4.898096,
            52.401257
          ],
          [
            4.898096,
            52.401257
          ],
          [
            4.898096,
            52.401257
          ],
          [
            4.898124,
            52.401299
          ],
          [
            4.898124,
            52.401299
          ],
          [
            4.898099,
            52.40131
          ],
          [
            4.898081,
            52.401314
          ],
          [
            4.898066,
            52.401318
          ],
          [
            4.89803,
            52.401321
          ],
          [
            4.898002,
            52.401333
          ],
          [
            4.89796,
            52.401344
          ],
          [
            4.897922,
            52.401356
          ],
          [
            4.897883,
            52.401371
          ],
          [
            4.897835,
            52.401394
          ],
          [
            4.897783,
            52.401417
          ],
          [
            4.897725,
            52.401443
          ],
          [
            4.897668,
            52.40147
          ],
          [
            4.897609,
            52.401493
          ],
          [
            4.897543,
            52.401524
          ],
          [
            4.897471,
            52.401554
          ],
          [
            4.897401,
            52.401592
          ],
          [
            4.897332,
            52.401627
          ],
          [
            4.897265,
            52.401661
          ],
          [
            4.897189,
            52.401699
          ],
          [
            4.897111,
            52.401733
          ],
          [
            4.897028,
            52.401772
          ],
          [
            4.896957,
            52.401802
          ],
          [
            4.896882,
            52.401833
          ],
          [
            4.896823,
            52.401859
          ],
          [
            4.896762,
            52.40189
          ],
          [
            4.896699,
            52.401917
          ],
          [
            4.896644,
            52.401939
          ],
          [
            4.896588,
            52.401958
          ],
          [
            4.896543,
            52.401981
          ],
          [
            4.896484,
            52.402004
          ],
          [
            4.896427,
            52.402031
          ],
          [
            4.896364,
            52.402058
          ],
          [
            4.896307,
            52.402084
          ],
          [
            4.896242,
            52.402115
          ],
          [
            4.896183,
            52.402145
          ],
          [
            4.896119,
            52.402176
          ],
          [
            4.89606,
            52.402203
          ],
          [
            4.895996,
            52.402233
          ],
          [
            4.89594,
            52.402264
          ],
          [
            4.895883,
            52.402287
          ],
          [
            4.895835,
            52.402309
          ],
          [
            4.895785,
            52.402336
          ],
          [
            4.895734,
            52.402359
          ],
          [
            4.895706,
            52.402363
          ],
          [
            4.895656,
            52.402367
          ],
          [
            4.895628,
            52.402351
          ],
          [
            4.895589,
            52.402332
          ],
          [
            4.895555,
            52.40229
          ],
          [
            4.895529,
            52.402252
          ],
          [
            4.895499,
            52.402214
          ],
          [
            4.895458,
            52.402172
          ],
          [
            4.89542,
            52.402138
          ],
          [
            4.895378,
            52.402103
          ],
          [
            4.895336,
            52.402069
          ],
          [
            4.895288,
            52.402035
          ],
          [
            4.895244,
            52.402
          ],
          [
            4.895197,
            52.401958
          ],
          [
            4.895157,
            52.40192
          ],
          [
            4.895121,
            52.40189
          ],
          [
            4.895081,
            52.401859
          ],
          [
            4.895043,
            52.401829
          ],
          [
            4.895026,
            52.401817
          ],
          [
            4.894989,
            52.401787
          ],
          [
            4.894936,
            52.401749
          ],
          [
            4.894909,
            52.40173
          ],
          [
            4.894847,
            52.401691
          ],
          [
            4.894831,
            52.401672
          ],
          [
            4.894798,
            52.401649
          ],
          [
            4.894707,
            52.401581
          ],
          [
            4.894659,
            52.401554
          ],
          [
            4.894622,
            52.401527
          ],
          [
            4.894583,
            52.401504
          ],
          [
            4.894546,
            52.401482
          ],
          [
            4.894503,
            52.401459
          ],
          [
            4.894457,
            52.401447
          ],
          [
            4.894407,
            52.401436
          ],
          [
            4.894354,
            52.401436
          ],
          [
            4.8943,
            52.401432
          ],
          [
            4.894242,
            52.401424
          ],
          [
            4.894173,
            52.401413
          ],
          [
            4.8941,
            52.401402
          ],
          [
            4.894015,
            52.401386
          ],
          [
            4.893944,
            52.401371
          ],
          [
            4.893862,
            52.401352
          ],
          [
            4.893781,
            52.401333
          ],
          [
            4.893702,
            52.401314
          ],
          [
            4.893638,
            52.401299
          ],
          [
            4.893552,
            52.401264
          ],
          [
            4.893495,
            52.401238
          ],
          [
            4.893497,
            52.401238
          ],
          [
            4.89348,
            52.401222
          ],
          [
            4.893435,
            52.401184
          ],
          [
            4.893386,
            52.401135
          ],
          [
            4.893315,
            52.401039
          ],
          [
            4.893288,
            52.400997
          ],
          [
            4.893262,
            52.400963
          ],
          [
            4.893231,
            52.400928
          ],
          [
            4.893197,
            52.400898
          ],
          [
            4.893158,
            52.400864
          ],
          [
            4.893117,
            52.400837
          ],
          [
            4.893068,
            52.40081
          ],
          [
            4.893024,
            52.400791
          ],
          [
            4.892981,
            52.400772
          ],
          [
            4.89294,
            52.400749
          ],
          [
            4.892902,
            52.400734
          ],
          [
            4.892864,
            52.400719
          ],
          [
            4.892815,
            52.400703
          ],
          [
            4.892772,
            52.400696
          ],
          [
            4.892753,
            52.400696
          ],
          [
            4.892735,
            52.400692
          ],
          [
            4.892735,
            52.400692
          ],
          [
            4.892735,
            52.400692
          ],
          [
            4.892676,
            52.400692
          ],
          [
            4.892676,
            52.400692
          ],
          [
            4.892644,
            52.400688
          ],
          [
            4.892624,
            52.400681
          ],
          [
            4.892603,
            52.400665
          ],
          [
            4.892594,
            52.400654
          ],
          [
            4.892601,
            52.400635
          ],
          [
            4.892633,
            52.40062
          ],
          [
            4.892633,
            52.40062
          ],
          [
            4.892689,
            52.400597
          ],
          [
            4.892689,
            52.400597
          ],
          [
            4.892689,
            52.400597
          ],
          [
            4.892677,
            52.4006
          ],
          [
            4.892677,
            52.4006
          ],
          [
            4.892702,
            52.400612
          ],
          [
            4.892717,
            52.400616
          ],
          [
            4.892717,
            52.400616
          ],
          [
            4.892768,
            52.40062
          ],
          [
            4.892768,
            52.40062
          ],
          [
            4.892795,
            52.400631
          ],
          [
            4.892795,
            52.400631
          ],
          [
            4.892822,
            52.400654
          ],
          [
            4.892825,
            52.400669
          ],
          [
            4.892828,
            52.400681
          ],
          [
            4.892828,
            52.400681
          ],
          [
            4.892787,
            52.400715
          ],
          [
            4.892772,
            52.400723
          ],
          [
            4.892756,
            52.40073
          ],
          [
            4.892756,
            52.40073
          ],
          [
            4.892756,
            52.40073
          ],
          [
            4.892756,
            52.40073
          ],
          [
            4.892694,
            52.400738
          ],
          [
            4.892686,
            52.400738
          ],
          [
            4.892686,
            52.400738
          ],
          [
            4.892627,
            52.400745
          ],
          [
            4.892627,
            52.400745
          ],
          [
            4.892579,
            52.400742
          ],
          [
            4.892564,
            52.400738
          ],
          [
            4.892532,
            52.400745
          ],
          [
            4.892512,
            52.400753
          ],
          [
            4.892484,
            52.400768
          ],
          [
            4.89247,
            52.400772
          ],
          [
            4.892453,
            52.400784
          ],
          [
            4.892436,
            52.400795
          ],
          [
            4.892436,
            52.400795
          ],
          [
            4.89242,
            52.400829
          ],
          [
            4.892422,
            52.400837
          ],
          [
            4.892424,
            52.400848
          ],
          [
            4.892424,
            52.400848
          ],
          [
            4.892447,
            52.40089
          ],
          [
            4.892447,
            52.40089
          ],
          [
            4.892434,
            52.400902
          ],
          [
            4.892434,
            52.400902
          ],
          [
            4.892434,
            52.400902
          ],
          [
            4.892112,
            52.40126
          ],
          [
            4.892324,
            52.400978
          ],
          [
            4.892302,
            52.400944
          ],
          [
            4.892263,
            52.40094
          ],
          [
            4.892203,
            52.400944
          ],
          [
            4.892141,
            52.400951
          ],
          [
            4.892083,
            52.400963
          ],
          [
            4.892027,
            52.400989
          ],
          [
            4.891968,
            52.401016
          ],
          [
            4.891905,
            52.401047
          ],
          [
            4.891847,
            52.401073
          ],
          [
            4.89181,
            52.401093
          ],
          [
            4.891725,
            52.401135
          ],
          [
            4.891667,
            52.401161
          ],
          [
            4.891618,
            52.401184
          ],
          [
            4.891568,
            52.401215
          ],
          [
            4.891509,
            52.401234
          ],
          [
            4.891458,
            52.40126
          ],
          [
            4.891402,
            52.401276
          ],
          [
            4.891343,
            52.401272
          ],
          [
            4.891311,
            52.401257
          ],
          [
            4.891292,
            52.401234
          ],
          [
            4.891283,
            52.401207
          ],
          [
            4.891273,
            52.401188
          ],
          [
            4.891272,
            52.401173
          ],
          [
            4.891272,
            52.401173
          ],
          [
            4.891272,
            52.401173
          ],
          [
            4.891314,
            52.40115
          ],
          [
            4.891314,
            52.40115
          ],
          [
            4.891314,
            52.40115
          ],
          [
            4.89129,
            52.401142
          ],
          [
            4.89129,
            52.401142
          ],
          [
            4.89129,
            52.401142
          ],
          [
            4.891464,
            52.401226
          ],
          [
            4.891464,
            52.401226
          ],
          [
            4.891324,
            52.401131
          ],
          [
            4.891324,
            52.401131
          ],
          [
            4.891324,
            52.401131
          ],
          [
            4.891288,
            52.401093
          ],
          [
            4.891288,
            52.401093
          ],
          [
            4.891288,
            52.401093
          ],
          [
            4.891288,
            52.401093
          ],
          [
            4.891272,
            52.401062
          ],
          [
            4.891272,
            52.401062
          ],
          [
            4.891272,
            52.401062
          ],
          [
            4.891257,
            52.401039
          ],
          [
            4.891257,
            52.401039
          ],
          [
            4.891257,
            52.401039
          ],
          [
            4.891246,
            52.40102
          ],
          [
            4.891246,
            52.40102
          ],
          [
            4.891246,
            52.40102
          ],
          [
            4.891236,
            52.401009
          ],
          [
            4.891236,
            52.401009
          ],
          [
            4.891236,
            52.401009
          ],
          [
            4.891217,
            52.400993
          ],
          [
            4.891217,
            52.400993
          ],
          [
            4.891217,
            52.400993
          ],
          [
            4.891182,
            52.400982
          ],
          [
            4.891182,
            52.400982
          ],
          [
            4.89117,
            52.400974
          ],
          [
            4.89117,
            52.400974
          ],
          [
            4.89117,
            52.400974
          ],
          [
            4.891161,
            52.400974
          ],
          [
            4.891161,
            52.400974
          ],
          [
            4.891161,
            52.400974
          ],
          [
            4.891146,
            52.400982
          ],
          [
            4.891146,
            52.400982
          ],
          [
            4.891146,
            52.400982
          ],
          [
            4.891098,
            52.400986
          ],
          [
            4.891098,
            52.400986
          ],
          [
            4.891098,
            52.400986
          ],
          [
            4.891055,
            52.400974
          ],
          [
            4.891055,
            52.400974
          ],
          [
            4.891055,
            52.400974
          ],
          [
            4.890987,
            52.400906
          ],
          [
            4.890987,
            52.400906
          ],
          [
            4.890987,
            52.400906
          ],
          [
            4.890968,
            52.400867
          ],
          [
            4.890968,
            52.400867
          ],
          [
            4.890968,
            52.400867
          ],
          [
            4.899009,
            52.380756
          ],
          [
            4.899075,
            52.380714
          ],
          [
            4.899075,
            52.38068
          ],
          [
            4.899094,
            52.380661
          ],
          [
            4.899124,
            52.380653
          ],
          [
            4.899155,
            52.380661
          ],
          [
            4.899175,
            52.380676
          ],
          [
            4.899188,
            52.380699
          ],
          [
            4.899177,
            52.380722
          ],
          [
            4.899145,
            52.380745
          ],
          [
            4.899092,
            52.380772
          ],
          [
            4.899035,
            52.380791
          ],
          [
            4.898968,
            52.380806
          ],
          [
            4.898911,
            52.380817
          ],
          [
            4.898882,
            52.38081
          ],
          [
            4.898722,
            52.38081
          ],
          [
            4.89863,
            52.380814
          ],
          [
            4.898547,
            52.380836
          ],
          [
            4.89846,
            52.380856
          ],
          [
            4.898375,
            52.38089
          ],
          [
            4.898282,
            52.380917
          ],
          [
            4.898198,
            52.380947
          ],
          [
            4.898113,
            52.380974
          ],
          [
            4.898033,
            52.381004
          ],
          [
            4.897946,
            52.381035
          ],
          [
            4.897862,
            52.381069
          ],
          [
            4.897779,
            52.3811
          ],
          [
            4.897693,
            52.381126
          ],
          [
            4.897604,
            52.381153
          ],
          [
            4.897518,
            52.381187
          ],
          [
            4.897439,
            52.381214
          ],
          [
            4.897359,
            52.381245
          ],
          [
            4.897276,
            52.381271
          ],
          [
            4.897251,
            52.381279
          ],
          [
            4.8971,
            52.381329
          ],
          [
            4.897023,
            52.381359
          ],
          [
            4.896964,
            52.381378
          ],
          [
            4.896906,
            52.381401
          ],
          [
            4.896848,
            52.381424
          ],
          [
            4.896794,
            52.381443
          ],
          [
            4.89674,
            52.381462
          ],
          [
            4.896699,
            52.38147
          ],
          [
            4.896675,
            52.381466
          ],
          [
            4.896675,
            52.381466
          ],
          [
            4.896675,
            52.381466
          ],
          [
            4.896675,
            52.381466
          ],
          [
            4.896675,
            52.381466
          ],
          [
            4.896694,
            52.381443
          ],
          [
            4.89667,
            52.381428
          ],
          [
            4.896638,
            52.381401
          ],
          [
            4.896595,
            52.381363
          ],
          [
            4.896547,
            52.381321
          ],
          [
            4.896516,
            52.38129
          ],
          [
            4.896497,
            52.38126
          ],
          [
            4.896494,
            52.381237
          ],
          [
            4.896502,
            52.381207
          ],
          [
            4.896532,
            52.38118
          ],
          [
            4.896573,
            52.381157
          ],
          [
            4.896629,
            52.38113
          ],
          [
            4.896676,
            52.381107
          ],
          [
            4.896734,
            52.381073
          ],
          [
            4.896793,
            52.381046
          ],
          [
            4.89684,
            52.381016
          ],
          [
            4.896884,
            52.380981
          ],
          [
            4.896923,
            52.380951
          ],
          [
            4.896945,
            52.380913
          ],
          [
            4.896947,
            52.380875
          ],
          [
            4.896935,
            52.380836
          ],
          [
            4.896889,
            52.380783
          ],
          [
            4.896824,
            52.380741
          ],
          [
            4.896759,
            52.380695
          ],
          [
            4.896709,
            52.38065
          ],
          [
            4.896643,
            52.380611
          ],
          [
            4.896613,
            52.380554
          ],
          [
            4.896569,
            52.380531
          ],
          [
            4.896484,
            52.38044
          ],
          [
            4.896439,
            52.380394
          ],
          [
            4.896174,
            52.380337
          ],
          [
            4.896111,
            52.380272
          ],
          [
            4.896119,
            52.380287
          ],
          [
            4.896121,
            52.380333
          ],
          [
            4.896091,
            52.380325
          ],
          [
            4.896115,
            52.380264
          ],
          [
            4.896128,
            52.380218
          ],
          [
            4.896124,
            52.380165
          ],
          [
            4.89612,
            52.380112
          ],
          [
            4.89612,
            52.380074
          ],
          [
            4.896124,
            52.380024
          ],
          [
            4.896123,
            52.379974
          ],
          [
            4.896129,
            52.379917
          ],
          [
            4.89612,
            52.379868
          ],
          [
            4.896107,
            52.379822
          ],
          [
            4.896078,
            52.379776
          ],
          [
            4.896052,
            52.379742
          ],
          [
            4.896024,
            52.379703
          ],
          [
            4.895988,
            52.379669
          ],
          [
            4.895955,
            52.379646
          ],
          [
            4.895929,
            52.379627
          ],
          [
            4.895885,
            52.379604
          ],
          [
            4.89585,
            52.379585
          ],
          [
            4.895811,
            52.37957
          ],
          [
            4.895763,
            52.379551
          ],
          [
            4.89572,
            52.379536
          ],
          [
            4.895669,
            52.379524
          ],
          [
            4.895619,
            52.379524
          ],
          [
            4.89557,
            52.379524
          ],
          [
            4.895525,
            52.379528
          ],
          [
            4.895472,
            52.379532
          ],
          [
            4.895431,
            52.379536
          ],
          [
            4.895391,
            52.379536
          ],
          [
            4.895351,
            52.379532
          ],
          [
            4.895323,
            52.379524
          ],
          [
            4.895292,
            52.379509
          ],
          [
            4.895262,
            52.379494
          ],
          [
            4.895226,
            52.379471
          ],
          [
            4.895183,
            52.379444
          ],
          [
            4.895143,
            52.379417
          ],
          [
            4.89511,
            52.379395
          ],
          [
            4.895073,
            52.379402
          ],
          [
            4.895011,
            52.379349
          ],
          [
            4.894966,
            52.379311
          ],
          [
            4.894922,
            52.379272
          ],
          [
            4.894881,
            52.379242
          ],
          [
            4.894834,
            52.379211
          ],
          [
            4.894787,
            52.379181
          ],
          [
            4.894751,
            52.379162
          ],
          [
            4.89471,
            52.379139
          ],
          [
            4.894663,
            52.379116
          ],
          [
            4.89462,
            52.379101
          ],
          [
            4.894574,
            52.379093
          ],
          [
            4.89454,
            52.379089
          ],
          [
            4.894514,
            52.379089
          ],
          [
            4.894514,
            52.379089
          ],
          [
            4.894437,
            52.379127
          ],
          [
            4.89442,
            52.379139
          ],
          [
            4.89442,
            52.379139
          ],
          [
            4.89442,
            52.379139
          ],
          [
            4.89442,
            52.379139
          ],
          [
            4.89437,
            52.379169
          ],
          [
            4.894351,
            52.379177
          ],
          [
            4.894338,
            52.379185
          ],
          [
            4.89432,
            52.379192
          ],
          [
            4.894303,
            52.3792
          ],
          [
            4.894275,
            52.379211
          ],
          [
            4.894246,
            52.379227
          ],
          [
            4.894214,
            52.379238
          ],
          [
            4.894172,
            52.379257
          ],
          [
            4.894174,
            52.379257
          ],
          [
            4.894093,
            52.379295
          ],
          [
            4.894035,
            52.37933
          ],
          [
            4.893971,
            52.379364
          ],
          [
            4.893917,
            52.379391
          ],
          [
            4.893862,
            52.379421
          ],
          [
            4.893794,
            52.379456
          ],
          [
            4.893739,
            52.379486
          ],
          [
            4.893679,
            52.37952
          ],
          [
            4.893606,
            52.379559
          ],
          [
            4.893548,
            52.379593
          ],
          [
            4.89349,
            52.379623
          ],
          [
            4.893433,
            52.379662
          ],
          [
            4.893361,
            52.379696
          ],
          [
            4.893311,
            52.379734
          ],
          [
            4.893244,
            52.379765
          ],
          [
            4.893189,
            52.379799
          ],
          [
            4.89314,
            52.379826
          ],
          [
            4.893084,
            52.37986
          ],
          [
            4.893036,
            52.379887
          ],
          [
            4.892985,
            52.37991
          ],
          [
            4.892944,
            52.379936
          ],
          [
            4.8929,
            52.379967
          ],
          [
            4.892819,
            52.379997
          ],
          [
            4.892769,
            52.380028
          ],
          [
            4.892721,
            52.380051
          ],
          [
            4.892666,
            52.38007
          ],
          [
            4.892632,
            52.380077
          ],
          [
            4.892555,
            52.380096
          ],
          [
            4.892488,
            52.380112
          ],
          [
            4.892426,
            52.380123
          ],
          [
            4.892368,
            52.380138
          ],
          [
            4.892308,
            52.38015
          ],
          [
            4.89225,
            52.380161
          ],
          [
            4.892193,
            52.380177
          ],
          [
            4.892134,
            52.380188
          ],
          [
            4.892077,
            52.380203
          ],
          [
            4.892022,
            52.380218
          ],
          [
            4.891973,
            52.380238
          ],
          [
            4.891924,
            52.380249
          ],
          [
            4.891877,
            52.380272
          ],
          [
            4.891824,
            52.380291
          ],
          [
            4.891768,
            52.38031
          ],
          [
            4.891715,
            52.380329
          ],
          [
            4.891659,
            52.380344
          ],
          [
            4.891601,
            52.380356
          ],
          [
            4.891535,
            52.380375
          ],
          [
            4.891476,
            52.38039
          ],
          [
            4.891405,
            52.380405
          ],
          [
            4.891338,
            52.380413
          ],
          [
            4.89127,
            52.380424
          ],
          [
            4.891208,
            52.38044
          ],
          [
            4.891145,
            52.380451
          ],
          [
            4.89109,
            52.380463
          ],
          [
            4.891044,
            52.380482
          ],
          [
            4.890994,
            52.380489
          ],
          [
            4.890952,
            52.380512
          ],
          [
            4.890916,
            52.380535
          ],
          [
            4.890876,
            52.380558
          ],
          [
            4.890834,
            52.380581
          ],
          [
            4.890795,
            52.380604
          ],
          [
            4.890753,
            52.380627
          ],
          [
            4.890701,
            52.380653
          ],
          [
            4.890662,
            52.380676
          ],
          [
            4.890622,
            52.380695
          ],
          [
            4.89058,
            52.380718
          ],
          [
            4.890533,
            52.380737
          ],
          [
            4.890484,
            52.380772
          ],
          [
            4.890436,
            52.380798
          ],
          [
            4.890388,
            52.380829
          ],
          [
            4.890346,
            52.380856
          ],
          [
            4.890294,
            52.38089
          ],
          [
            4.890243,
            52.380924
          ],
          [
            4.890186,
            52.380962
          ],
          [
            4.890131,
            52.380993
          ],
          [
            4.890072,
            52.381031
          ],
          [
            4.890029,
            52.381054
          ],
          [
            4.889988,
            52.381046
          ],
          [
            4.889936,
            52.381081
          ],
          [
            4.889947,
            52.381042
          ],
          [
            4.889849,
            52.381119
          ],
          [
            4.889845,
            52.381115
          ],
          [
            4.889726,
            52.381203
          ],
          [
            4.889628,
            52.381248
          ],
          [
            4.889557,
            52.381302
          ],
          [
            4.889511,
            52.381344
          ],
          [
            4.889456,
            52.381382
          ],
          [
            4.889415,
            52.381412
          ],
          [
            4.889369,
            52.381443
          ],
          [
            4.889331,
            52.38147
          ],
          [
            4.8893,
            52.381481
          ],
          [
            4.889263,
            52.381496
          ],
          [
            4.889232,
            52.381496
          ],
          [
            4.889211,
            52.3815
          ],
          [
            4.889175,
            52.381496
          ],
          [
            4.889142,
            52.381493
          ],
          [
            4.889111,
            52.381489
          ],
          [
            4.88907,
            52.381462
          ],
          [
            4.889001,
            52.381424
          ],
          [
            4.888977,
            52.381405
          ],
          [
            4.888942,
            52.381378
          ],
          [
            4.888897,
            52.381332
          ],
          [
            4.888897,
            52.381332
          ],
          [
            4.888796,
            52.381256
          ],
          [
            4.888769,
            52.381252
          ],
          [
            4.88875,
            52.381256
          ],
          [
            4.888734,
            52.38126
          ],
          [
            4.888714,
            52.381264
          ],
          [
            4.888693,
            52.381275
          ],
          [
            4.888663,
            52.381283
          ],
          [
            4.888633,
            52.381298
          ],
          [
            4.888628,
            52.381294
          ],
          [
            4.888556,
            52.381332
          ],
          [
            4.888515,
            52.381363
          ],
          [
            4.888468,
            52.38139
          ],
          [
            4.888424,
            52.381416
          ],
          [
            4.888376,
            52.381451
          ],
          [
            4.888328,
            52.381481
          ],
          [
            4.888278,
            52.381508
          ],
          [
            4.888218,
            52.381535
          ],
          [
            4.888184,
            52.381557
          ],
          [
            4.888098,
            52.381596
          ],
          [
            4.88803,
            52.381622
          ],
          [
            4.887967,
            52.381657
          ],
          [
            4.887897,
            52.381691
          ],
          [
            4.887772,
            52.38176
          ],
          [
            4.88771,
            52.38179
          ],
          [
            4.88762,
            52.381836
          ],
          [
            4.887552,
            52.381878
          ],
          [
            4.887486,
            52.381912
          ],
          [
            4.88742,
            52.38195
          ],
          [
            4.887358,
            52.381985
          ],
          [
            4.887298,
            52.382023
          ],
          [
            4.887251,
            52.382053
          ],
          [
            4.887209,
            52.382084
          ],
          [
            4.88716,
            52.382111
          ],
          [
            4.887125,
            52.382137
          ],
          [
            4.887106,
            52.382156
          ],
          [
            4.887086,
            52.382175
          ],
          [
            4.887086,
            52.382175
          ],
          [
            4.887086,
            52.382175
          ],
          [
            4.887086,
            52.382175
          ],
          [
            4.887121,
            52.382217
          ],
          [
            4.887144,
            52.382233
          ],
          [
            4.887158,
            52.382244
          ],
          [
            4.887171,
            52.382256
          ],
          [
            4.887181,
            52.382259
          ],
          [
            4.887198,
            52.382275
          ],
          [
            4.887222,
            52.38229
          ],
          [
            4.887245,
            52.382301
          ],
          [
            4.887265,
            52.382317
          ],
          [
            4.887265,
            52.382317
          ],
          [
            4.887322,
            52.38234
          ],
          [
            4.887322,
            52.38234
          ],
          [
            4.887322,
            52.38234
          ],
          [
            4.887322,
            52.38234
          ],
          [
            4.887383,
            52.382374
          ],
          [
            4.887383,
            52.382374
          ],
          [
            4.887383,
            52.382374
          ],
          [
            4.887387,
            52.382397
          ],
          [
            4.887387,
            52.382397
          ],
          [
            4.887394,
            52.382412
          ],
          [
            4.887397,
            52.38242
          ],
          [
            4.887403,
            52.382423
          ],
          [
            4.887413,
            52.382435
          ],
          [
            4.887424,
            52.382442
          ],
          [
            4.88743,
            52.38245
          ],
          [
            4.887453,
            52.382462
          ],
          [
            4.887476,
            52.382473
          ],
          [
            4.887498,
            52.382488
          ],
          [
            4.88752,
            52.3825
          ],
          [
            4.887546,
            52.3825
          ],
          [
            4.887552,
            52.382477
          ],
          [
            4.887604,
            52.382523
          ],
          [
            4.887652,
            52.382549
          ],
          [
            4.887695,
            52.382587
          ],
          [
            4.887752,
            52.382622
          ],
          [
            4.887795,
            52.382652
          ],
          [
            4.887843,
            52.382679
          ],
          [
            4.887884,
            52.382721
          ],
          [
            4.887943,
            52.382751
          ],
          [
            4.887986,
            52.382793
          ],
          [
            4.888024,
            52.382828
          ],
          [
            4.888063,
            52.382854
          ],
          [
            4.888063,
            52.382854
          ],
          [
            4.888063,
            52.382854
          ],
          [
            4.888063,
            52.382854
          ],
          [
            4.888101,
            52.382954
          ],
          [
            4.888101,
            52.382954
          ],
          [
            4.88814,
            52.382957
          ],
          [
            4.88814,
            52.382957
          ],
          [
            4.888199,
            52.382988
          ],
          [
            4.888231,
            52.382999
          ],
          [
            4.888249,
            52.383007
          ],
          [
            4.888275,
            52.383019
          ],
          [
            4.888301,
            52.38303
          ],
          [
            4.888335,
            52.383045
          ],
          [
            4.888368,
            52.383057
          ],
          [
            4.888402,
            52.383076
          ],
          [
            4.888431,
            52.383091
          ],
          [
            4.888465,
            52.38311
          ],
          [
            4.888514,
            52.383141
          ],
          [
            4.88855,
            52.383163
          ],
          [
            4.888572,
            52.383179
          ],
          [
            4.888697,
            52.383297
          ],
          [
            4.888783,
            52.383366
          ],
          [
            4.888827,
            52.383411
          ],
          [
            4.888858,
            52.38345
          ],
          [
            4.888881,
            52.383484
          ],
          [
            4.888905,
            52.383518
          ],
          [
            4.888918,
            52.38353
          ],
          [
            4.888961,
            52.383579
          ],
          [
            4.888994,
            52.38361
          ],
          [
            4.888991,
            52.383595
          ],
          [
            4.888977,
            52.383629
          ],
          [
            4.888973,
            52.383652
          ],
          [
            4.888957,
            52.383663
          ],
          [
            4.888962,
            52.383671
          ],
          [
            4.888939,
            52.383625
          ],
          [
            4.888919,
            52.383591
          ],
          [
            4.888886,
            52.383522
          ],
          [
            4.888858,
            52.383476
          ],
          [
            4.888827,
            52.383427
          ],
          [
            4.888778,
            52.383369
          ],
          [
            4.888731,
            52.38332
          ],
          [
            4.888685,
            52.383274
          ],
          [
            4.888681,
            52.383278
          ],
          [
            4.888578,
            52.383202
          ],
          [
            4.888514,
            52.383148
          ],
          [
            4.888462,
            52.383114
          ],
          [
            4.888418,
            52.383087
          ],
          [
            4.888362,
            52.383068
          ],
          [
            4.888313,
            52.383038
          ],
          [
            4.888259,
            52.383003
          ],
          [
            4.888211,
            52.382973
          ],
          [
            4.88816,
            52.382938
          ],
          [
            4.888103,
            52.382904
          ],
          [
            4.888045,
            52.382862
          ],
          [
            4.887992,
            52.382824
          ],
          [
            4.887932,
            52.382778
          ],
          [
            4.887869,
            52.382736
          ],
          [
            4.887804,
            52.382687
          ],
          [
            4.887751,
            52.382648
          ],
          [
            4.887701,
            52.38261
          ],
          [
            4.887647,
            52.382584
          ],
          [
            4.887586,
            52.382561
          ],
          [
            4.887538,
            52.382542
          ],
          [
            4.887538,
            52.382542
          ],
          [
            4.887538,
            52.382542
          ],
          [
            4.887538,
            52.382542
          ],
          [
            4.887363,
            52.382523
          ],
          [
            4.887353,
            52.382534
          ],
          [
            4.887342,
            52.382538
          ],
          [
            4.887333,
            52.382545
          ],
          [
            4.887305,
            52.382561
          ],
          [
            4.887269,
            52.38258
          ],
          [
            4.887222,
            52.382606
          ],
          [
            4.887177,
            52.382629
          ],
          [
            4.887126,
            52.38266
          ],
          [
            4.887065,
            52.38269
          ],
          [
            4.886998,
            52.382725
          ],
          [
            4.886929,
            52.382763
          ],
          [
            4.88686,
            52.382805
          ],
          [
            4.886792,
            52.382839
          ],
          [
            4.886731,
            52.382874
          ],
          [
            4.886657,
            52.382919
          ],
          [
            4.886584,
            52.382961
          ],
          [
            4.886513,
            52.383007
          ],
          [
            4.886443,
            52.383053
          ],
          [
            4.886389,
            52.383083
          ],
          [
            4.886296,
            52.383137
          ],
          [
            4.886217,
            52.383186
          ],
          [
            4.886141,
            52.383224
          ],
          [
            4.886071,
            52.383263
          ],
          [
            4.885997,
            52.383305
          ],
          [
            4.885929,
            52.383347
          ],
          [
            4.885861,
            52.383385
          ],
          [
            4.885791,
            52.383423
          ],
          [
            4.885713,
            52.383461
          ],
          [
            4.885641,
            52.383503
          ],
          [
            4.885565,
            52.383541
          ],
          [
            4.88549,
            52.383583
          ],
          [
            4.885417,
            52.383621
          ],
          [
            4.885333,
            52.383667
          ],
          [
            4.885255,
            52.383709
          ],
          [
            4.885176,
            52.383747
          ],
          [
            4.885101,
            52.383785
          ],
          [
            4.885032,
            52.383823
          ],
          [
            4.884951,
            52.383865
          ],
          [
            4.884876,
            52.383907
          ],
          [
            4.884804,
            52.383949
          ],
          [
            4.88473,
            52.383987
          ],
          [
            4.884657,
            52.384029
          ],
          [
            4.884593,
            52.384071
          ],
          [
            4.884528,
            52.384106
          ],
          [
            4.884463,
            52.384148
          ],
          [
            4.884391,
            52.38419
          ],
          [
            4.884326,
            52.384224
          ],
          [
            4.884268,
            52.384254
          ],
          [
            4.884228,
            52.384277
          ],
          [
            4.884177,
            52.384304
          ],
          [
            4.884136,
            52.384335
          ],
          [
            4.884097,
            52.384361
          ],
          [
            4.88406,
            52.384392
          ],
          [
            4.884019,
            52.384418
          ],
          [
            4.883978,
            52.384445
          ],
          [
            4.883935,
            52.384476
          ],
          [
            4.8839,
            52.384506
          ],
          [
            4.883856,
            52.384537
          ],
          [
            4.883819,
            52.384563
          ],
          [
            4.883779,
            52.384598
          ],
          [
            4.883743,
            52.384624
          ],
          [
            4.883703,
            52.384655
          ],
          [
            4.883679,
            52.384678
          ],
          [
            4.883654,
            52.384697
          ],
          [
            4.883639,
            52.38472
          ],
          [
            4.883632,
            52.384747
          ],
          [
            4.883634,
            52.384769
          ],
          [
            4.883637,
            52.384789
          ],
          [
            4.883645,
            52.384808
          ],
          [
            4.883662,
            52.38483
          ],
          [
            4.88368,
            52.38485
          ],
          [
            4.883704,
            52.384884
          ],
          [
            4.883728,
            52.384914
          ],
          [
            4.883755,
            52.384949
          ],
          [
            4.88378,
            52.384979
          ],
          [
            4.883804,
            52.385014
          ],
          [
            4.883824,
            52.38504
          ],
          [
            4.883845,
            52.385071
          ],
          [
            4.883867,
            52.385101
          ],
          [
            4.883867,
            52.385101
          ],
          [
            4.883919,
            52.385174
          ],
          [
            4.883919,
            52.385174
          ],
          [
            4.883919,
            52.385174
          ],
          [
            4.883919,
            52.385174
          ],
          [
            4.883948,
            52.385231
          ],
          [
            4.883951,
            52.385239
          ],
          [
            4.883948,
            52.385242
          ],
          [
            4.883939,
            52.38525
          ],
          [
            4.883925,
            52.385269
          ],
          [
            4.883895,
            52.385292
          ],
          [
            4.883857,
            52.385311
          ],
          [
            4.883808,
            52.385323
          ],
          [
            4.883762,
            52.385323
          ],
          [
            4.883718,
            52.385315
          ],
          [
            4.883672,
            52.385296
          ],
          [
            4.883631,
            52.385269
          ],
          [
            4.883589,
            52.385235
          ],
          [
            4.883549,
            52.385193
          ],
          [
            4.883514,
            52.385159
          ],
          [
            4.883473,
            52.385117
          ],
          [
            4.883437,
            52.385082
          ],
          [
            4.883404,
            52.385044
          ],
          [
            4.883376,
            52.38501
          ],
          [
            4.883344,
            52.384972
          ],
          [
            4.883319,
            52.384945
          ],
          [
            4.883291,
            52.384926
          ],
          [
            4.883262,
            52.384914
          ],
          [
            4.883232,
            52.384911
          ],
          [
            4.883205,
            52.384914
          ],
          [
            4.883189,
            52.384914
          ],
          [
            4.883159,
            52.38493
          ],
          [
            4.883124,
            52.384949
          ],
          [
            4.883092,
            52.384968
          ],
          [
            4.883057,
            52.384983
          ],
          [
            4.883028,
            52.384998
          ],
          [
            4.883028,
            52.384998
          ],
          [
            4.882964,
            52.385025
          ],
          [
            4.882939,
            52.385033
          ],
          [
            4.88292,
            52.38504
          ],
          [
            4.882906,
            52.38504
          ],
          [
            4.882895,
            52.385044
          ],
          [
            4.882895,
            52.385044
          ],
          [
            4.882895,
            52.385044
          ],
          [
            4.882855,
            52.385029
          ],
          [
            4.882855,
            52.385029
          ],
          [
            4.882853,
            52.385029
          ],
          [
            4.882853,
            52.385029
          ],
          [
            4.882832,
            52.385025
          ],
          [
            4.882832,
            52.385025
          ],
          [
            4.882807,
            52.385002
          ],
          [
            4.882801,
            52.384991
          ],
          [
            4.882799,
            52.384979
          ],
          [
            4.882799,
            52.384964
          ],
          [
            4.882794,
            52.384953
          ],
          [
            4.882786,
            52.384933
          ],
          [
            4.882783,
            52.384911
          ],
          [
            4.882772,
            52.384888
          ],
          [
            4.882755,
            52.384872
          ],
          [
            4.882721,
            52.384869
          ],
          [
            4.882681,
            52.384869
          ],
          [
            4.882635,
            52.384876
          ],
          [
            4.882576,
            52.384888
          ],
          [
            4.882516,
            52.384899
          ],
          [
            4.882457,
            52.384911
          ],
          [
            4.882397,
            52.384926
          ],
          [
            4.88234,
            52.384941
          ],
          [
            4.88234,
            52.384941
          ],
          [
            4.882225,
            52.384975
          ],
          [
            4.882225,
            52.384975
          ],
          [
            4.882225,
            52.384975
          ],
          [
            4.88205,
            52.385036
          ],
          [
            4.882003,
            52.385048
          ],
          [
            4.881952,
            52.385059
          ],
          [
            4.881893,
            52.385078
          ],
          [
            4.881834,
            52.385094
          ],
          [
            4.881773,
            52.385117
          ],
          [
            4.881721,
            52.385139
          ],
          [
            4.881679,
            52.385174
          ],
          [
            4.881655,
            52.385208
          ],
          [
            4.881662,
            52.385254
          ],
          [
            4.881654,
            52.385304
          ],
          [
            4.881651,
            52.385345
          ],
          [
            4.881648,
            52.385387
          ],
          [
            4.881662,
            52.385433
          ],
          [
            4.881661,
            52.385468
          ],
          [
            4.88167,
            52.385513
          ],
          [
            4.881676,
            52.385563
          ],
          [
            4.881681,
            52.385605
          ],
          [
            4.881692,
            52.385639
          ],
          [
            4.881703,
            52.385673
          ],
          [
            4.881722,
            52.3857
          ],
          [
            4.881751,
            52.385727
          ],
          [
            4.881768,
            52.385738
          ],
          [
            4.881792,
            52.385761
          ],
          [
            4.88182,
            52.385784
          ],
          [
            4.881863,
            52.385799
          ],
          [
            4.881923,
            52.385807
          ],
          [
            4.881976,
            52.385792
          ],
          [
            4.88204,
            52.385777
          ],
          [
            4.882129,
            52.385754
          ],
          [
            4.882206,
            52.385738
          ],
          [
            4.882285,
            52.385731
          ],
          [
            4.882335,
            52.385738
          ],
          [
            4.882362,
            52.385742
          ],
          [
            4.882408,
            52.385754
          ],
          [
            4.882472,
            52.385777
          ],
          [
            4.882525,
            52.385807
          ],
          [
            4.882584,
            52.385841
          ],
          [
            4.882643,
            52.385887
          ],
          [
            4.882665,
            52.385899
          ],
          [
            4.882702,
            52.385929
          ],
          [
            4.882779,
            52.385986
          ],
          [
            4.88283,
            52.38604
          ],
          [
            4.882867,
            52.386066
          ],
          [
            4.8829,
            52.386108
          ],
          [
            4.882956,
            52.3862
          ],
          [
            4.88297,
            52.386253
          ],
          [
            4.882957,
            52.386299
          ],
          [
            4.882936,
            52.38633
          ],
          [
            4.882897,
            52.386356
          ],
          [
            4.882834,
            52.386379
          ],
          [
            4.882765,
            52.386402
          ],
          [
            4.882691,
            52.386417
          ],
          [
            4.882627,
            52.38644
          ],
          [
            4.882558,
            52.386463
          ],
          [
            4.882494,
            52.38649
          ],
          [
            4.882421,
            52.386513
          ],
          [
            4.88234,
            52.386547
          ],
          [
            4.882293,
            52.386562
          ],
          [
            4.882176,
            52.386604
          ],
          [
            4.882088,
            52.386631
          ],
          [
            4.88202,
            52.386662
          ],
          [
            4.881937,
            52.386688
          ],
          [
            4.881872,
            52.386703
          ],
          [
            4.881793,
            52.386719
          ],
          [
            4.881724,
            52.386738
          ],
          [
            4.881659,
            52.386738
          ],
          [
            4.881633,
            52.386742
          ],
          [
            4.881496,
            52.386757
          ],
          [
            4.88142,
            52.386765
          ],
          [
            4.881336,
            52.386784
          ],
          [
            4.881307,
            52.386791
          ],
          [
            4.881302,
            52.386787
          ],
          [
            4.88128,
            52.386791
          ],
          [
            4.881243,
            52.386803
          ],
          [
            4.881203,
            52.386818
          ],
          [
            4.881156,
            52.386833
          ],
          [
            4.881111,
            52.386852
          ],
          [
            4.881046,
            52.386867
          ],
          [
            4.880643,
            52.387005
          ],
          [
            4.880488,
            52.387058
          ],
          [
            4.880387,
            52.3871
          ],
          [
            4.880314,
            52.387131
          ],
          [
            4.880231,
            52.387173
          ],
          [
            4.880165,
            52.387203
          ],
          [
            4.880101,
            52.387234
          ],
          [
            4.880039,
            52.387264
          ],
          [
            4.879988,
            52.387287
          ],
          [
            4.8799,
            52.387321
          ],
          [
            4.879833,
            52.387348
          ],
          [
            4.879765,
            52.387375
          ],
          [
            4.879689,
            52.387402
          ],
          [
            4.879624,
            52.387428
          ],
          [
            4.879547,
            52.387455
          ],
          [
            4.879479,
            52.387474
          ],
          [
            4.879439,
            52.387489
          ],
          [
            4.879338,
            52.387524
          ],
          [
            4.87926,
            52.38755
          ],
          [
            4.879183,
            52.387577
          ],
          [
            4.879106,
            52.387604
          ],
          [
            4.879025,
            52.387631
          ],
          [
            4.878952,
            52.387657
          ],
          [
            4.878873,
            52.387688
          ],
          [
            4.878802,
            52.387711
          ],
          [
            4.878737,
            52.387737
          ],
          [
            4.878663,
            52.387768
          ],
          [
            4.878593,
            52.387798
          ],
          [
            4.878524,
            52.387829
          ],
          [
            4.878454,
            52.387859
          ],
          [
            4.878368,
            52.387894
          ],
          [
            4.878274,
            52.387939
          ],
          [
            4.878178,
            52.387981
          ],
          [
            4.878093,
            52.38802
          ],
          [
            4.878008,
            52.388058
          ],
          [
            4.877925,
            52.388092
          ],
          [
            4.87785,
            52.388123
          ],
          [
            4.877775,
            52.388153
          ],
          [
            4.877705,
            52.38818
          ],
          [
            4.877633,
            52.38821
          ],
          [
            4.877566,
            52.388241
          ],
          [
            4.877495,
            52.388279
          ],
          [
            4.877436,
            52.38831
          ],
          [
            4.877369,
            52.388344
          ],
          [
            4.877305,
            52.388371
          ],
          [
            4.87723,
            52.388405
          ],
          [
            4.87716,
            52.388432
          ],
          [
            4.877089,
            52.388454
          ],
          [
            4.877017,
            52.388485
          ],
          [
            4.876949,
            52.388508
          ],
          [
            4.876886,
            52.388538
          ],
          [
            4.876834,
            52.388565
          ],
          [
            4.876777,
            52.388599
          ],
          [
            4.876721,
            52.38863
          ],
          [
            4.876669,
            52.388657
          ],
          [
            4.876619,
            52.388679
          ],
          [
            4.876563,
            52.388702
          ],
          [
            4.876509,
            52.388725
          ],
          [
            4.876451,
            52.388744
          ],
          [
            4.876398,
            52.388763
          ],
          [
            4.876347,
            52.388783
          ],
          [
            4.876297,
            52.388802
          ],
          [
            4.876241,
            52.388825
          ],
          [
            4.876189,
            52.388851
          ],
          [
            4.876137,
            52.388878
          ],
          [
            4.876086,
            52.388901
          ],
          [
            4.876034,
            52.388924
          ],
          [
            4.875984,
            52.388947
          ],
          [
            4.875933,
            52.388969
          ],
          [
            4.875886,
            52.388988
          ],
          [
            4.875836,
            52.389008
          ],
          [
            4.875784,
            52.38903
          ],
          [
            4.87573,
            52.389057
          ],
          [
            4.875672,
            52.389084
          ],
          [
            4.875622,
            52.389107
          ],
          [
            4.875563,
            52.389133
          ],
          [
            4.875493,
            52.389164
          ],
          [
            4.875426,
            52.389191
          ],
          [
            4.87537,
            52.389214
          ],
          [
            4.875304,
            52.389244
          ],
          [
            4.875246,
            52.389271
          ],
          [
            4.875191,
            52.389294
          ],
          [
            4.875139,
            52.389317
          ],
          [
            4.875087,
            52.389339
          ],
          [
            4.875041,
            52.389362
          ],
          [
            4.874994,
            52.389385
          ],
          [
            4.874947,
            52.389401
          ],
          [
            4.874905,
            52.38942
          ],
          [
            4.874864,
            52.389439
          ],
          [
            4.874822,
            52.389458
          ],
          [
            4.874772,
            52.389477
          ],
          [
            4.874731,
            52.389496
          ],
          [
            4.874692,
            52.389515
          ],
          [
            4.874654,
            52.389534
          ],
          [
            4.874615,
            52.389553
          ],
          [
            4.874579,
            52.389576
          ],
          [
            4.874551,
            52.389599
          ],
          [
            4.874525,
            52.389622
          ],
          [
            4.874507,
            52.389645
          ],
          [
            4.874489,
            52.389671
          ],
          [
            4.874476,
            52.389702
          ],
          [
            4.87446,
            52.389721
          ],
          [
            4.874434,
            52.389744
          ],
          [
            4.874409,
            52.389763
          ],
          [
            4.874381,
            52.389786
          ],
          [
            4.874356,
            52.389805
          ],
          [
            4.87434,
            52.38982
          ],
          [
            4.874324,
            52.389832
          ],
          [
            4.874308,
            52.389847
          ],
          [
            4.874285,
            52.389858
          ],
          [
            4.874285,
            52.389858
          ],
          [
            4.874209,
            52.389851
          ],
          [
            4.874195,
            52.389847
          ],
          [
            4.874182,
            52.389847
          ],
          [
            4.874182,
            52.389847
          ],
          [
            4.874182,
            52.389847
          ],
          [
            4.874167,
            52.389835
          ],
          [
            4.874167,
            52.389835
          ],
          [
            4.874167,
            52.389835
          ],
          [
            4.874625,
            52.389877
          ],
          [
            4.874439,
            52.389866
          ],
          [
            4.874302,
            52.389862
          ],
          [
            4.874302,
            52.389862
          ],
          [
            4.874302,
            52.389862
          ],
          [
            4.874292,
            52.389877
          ],
          [
            4.874292,
            52.389877
          ],
          [
            4.874314,
            52.389889
          ],
          [
            4.874313,
            52.3899
          ],
          [
            4.874309,
            52.389908
          ],
          [
            4.874301,
            52.389923
          ],
          [
            4.874283,
            52.389938
          ],
          [
            4.874259,
            52.389961
          ],
          [
            4.874239,
            52.38998
          ],
          [
            4.874226,
            52.389996
          ],
          [
            4.874226,
            52.389996
          ],
          [
            4.874226,
            52.389996
          ],
          [
            4.874226,
            52.389996
          ],
          [
            4.874226,
            52.390121
          ],
          [
            4.87422,
            52.390095
          ],
          [
            4.874174,
            52.390072
          ],
          [
            4.874173,
            52.390083
          ],
          [
            4.874151,
            52.390091
          ],
          [
            4.874137,
            52.39011
          ],
          [
            4.874122,
            52.390118
          ],
          [
            4.874122,
            52.390118
          ],
          [
            4.874122,
            52.390118
          ],
          [
            4.874182,
            52.39019
          ],
          [
            4.874182,
            52.39019
          ],
          [
            4.874182,
            52.39019
          ],
          [
            4.874206,
            52.390129
          ],
          [
            4.874206,
            52.390129
          ],
          [
            4.874206,
            52.390129
          ],
          [
            4.874206,
            52.390129
          ],
          [
            4.874206,
            52.390129
          ],
          [
            4.874206,
            52.390129
          ],
          [
            4.874179,
            52.390167
          ],
          [
            4.874171,
            52.390175
          ],
          [
            4.874164,
            52.390182
          ],
          [
            4.874157,
            52.390186
          ],
          [
            4.87414,
            52.390205
          ],
          [
            4.87414,
            52.390205
          ],
          [
            4.874101,
            52.39024
          ],
          [
            4.874091,
            52.390251
          ],
          [
            4.874082,
            52.390259
          ],
          [
            4.874064,
            52.390274
          ],
          [
            4.874039,
            52.390293
          ],
          [
            4.874015,
            52.390316
          ],
          [
            4.873999,
            52.390331
          ],
          [
            4.873986,
            52.39035
          ],
          [
            4.873972,
            52.390366
          ],
          [
            4.873959,
            52.390381
          ],
          [
            4.873947,
            52.390392
          ],
          [
            4.873929,
            52.390408
          ],
          [
            4.873902,
            52.390423
          ],
          [
            4.873873,
            52.390442
          ],
          [
            4.873849,
            52.390465
          ],
          [
            4.873826,
            52.390484
          ],
          [
            4.873826,
            52.390484
          ],
          [
            4.873826,
            52.390484
          ],
          [
            4.873873,
            52.390602
          ],
          [
            4.873873,
            52.390602
          ],
          [
            4.873819,
            52.390514
          ],
          [
            4.873819,
            52.390514
          ],
          [
            4.873819,
            52.390514
          ],
          [
            4.873818,
            52.390526
          ],
          [
            4.873809,
            52.390537
          ],
          [
            4.873797,
            52.390549
          ],
          [
            4.873786,
            52.390556
          ],
          [
            4.873782,
            52.39056
          ],
          [
            4.873772,
            52.390572
          ],
          [
            4.873772,
            52.390572
          ],
          [
            4.873739,
            52.39061
          ],
          [
            4.873732,
            52.390617
          ],
          [
            4.873732,
            52.390617
          ],
          [
            4.873715,
            52.390644
          ],
          [
            4.873708,
            52.390656
          ],
          [
            4.873708,
            52.390656
          ],
          [
            4.873687,
            52.390678
          ],
          [
            4.873679,
            52.39069
          ],
          [
            4.873679,
            52.39069
          ],
          [
            4.873665,
            52.390709
          ],
          [
            4.873653,
            52.390724
          ],
          [
            4.873646,
            52.390732
          ],
          [
            4.873639,
            52.390739
          ],
          [
            4.873634,
            52.390747
          ],
          [
            4.873628,
            52.390759
          ],
          [
            4.873614,
            52.39077
          ],
          [
            4.873607,
            52.390781
          ],
          [
            4.873607,
            52.390781
          ],
          [
            4.873587,
            52.390827
          ],
          [
            4.873573,
            52.390858
          ],
          [
            4.873555,
            52.390888
          ],
          [
            4.873539,
            52.390896
          ],
          [
            4.873536,
            52.390903
          ],
          [
            4.873522,
            52.390907
          ],
          [
            4.873509,
            52.390903
          ],
          [
            4.873509,
            52.390903
          ],
          [
            4.873509,
            52.390903
          ],
          [
            4.873509,
            52.390903
          ],
          [
            4.873509,
            52.390903
          ],
          [
            4.873468,
            52.390858
          ],
          [
            4.873454,
            52.390854
          ],
          [
            4.873452,
            52.39085
          ],
          [
            4.873433,
            52.39085
          ],
          [
            4.873413,
            52.390842
          ],
          [
            4.873392,
            52.390839
          ],
          [
            4.873353,
            52.390827
          ],
          [
            4.873313,
            52.39082
          ],
          [
            4.873283,
            52.390808
          ],
          [
            4.873239,
            52.390797
          ],
          [
            4.873195,
            52.390789
          ],
          [
            4.873155,
            52.390778
          ],
          [
            4.873115,
            52.390766
          ],
          [
            4.873085,
            52.390759
          ],
          [
            4.873085,
            52.390759
          ],
          [
            4.873085,
            52.390759
          ],
          [
            4.873085,
            52.390759
          ],
          [
            4.873036,
            52.390724
          ],
          [
            4.873036,
            52.390724
          ],
          [
            4.872952,
            52.390728
          ],
          [
            4.872952,
            52.390728
          ],
          [
            4.872993,
            52.390709
          ],
          [
            4.873013,
            52.390697
          ],
          [
            4.873029,
            52.390682
          ],
          [
            4.873029,
            52.390682
          ],
          [
            4.873029,
            52.390682
          ],
          [
            4.873017,
            52.390789
          ],
          [
            4.873067,
            52.39069
          ],
          [
            4.873114,
            52.390621
          ],
          [
            4.873114,
            52.390621
          ],
          [
            4.87315,
            52.390636
          ],
          [
            4.873151,
            52.390648
          ],
          [
            4.873151,
            52.390648
          ],
          [
            4.87313,
            52.390675
          ],
          [
            4.873113,
            52.390682
          ],
          [
            4.873113,
            52.390682
          ],
          [
            4.873041,
            52.390694
          ],
          [
            4.873007,
            52.390697
          ],
          [
            4.872977,
            52.390697
          ],
          [
            4.872937,
            52.390701
          ],
          [
            4.872885,
            52.390694
          ],
          [
            4.872842,
            52.390675
          ],
          [
            4.872776,
            52.390633
          ],
          [
            4.872738,
            52.390598
          ],
          [
            4.872703,
            52.390564
          ],
          [
            4.872668,
            52.39053
          ],
          [
            4.872643,
            52.390499
          ],
          [
            4.87263,
            52.390472
          ],
          [
            4.872638,
            52.390446
          ],
          [
            4.872638,
            52.390446
          ],
          [
            4.872638,
            52.390446
          ],
          [
            4.872651,
            52.390617
          ],
          [
            4.872651,
            52.390617
          ],
          [
            4.872651,
            52.390617
          ],
          [
            4.872551,
            52.390339
          ],
          [
            4.872545,
            52.390327
          ],
          [
            4.872534,
            52.390331
          ],
          [
            4.872515,
            52.390339
          ],
          [
            4.872499,
            52.390354
          ],
          [
            4.872499,
            52.390377
          ],
          [
            4.87251,
            52.390411
          ],
          [
            4.872544,
            52.390446
          ],
          [
            4.872592,
            52.390476
          ],
          [
            4.872647,
            52.390507
          ],
          [
            4.872687,
            52.390533
          ],
          [
            4.872739,
            52.390572
          ],
          [
            4.872756,
            52.390602
          ],
          [
            4.872852,
            52.390671
          ],
          [
            4.872878,
            52.390705
          ],
          [
            4.872906,
            52.390732
          ],
          [
            4.872918,
            52.390762
          ],
          [
            4.872925,
            52.390793
          ],
          [
            4.872902,
            52.3908
          ],
          [
            4.872887,
            52.390827
          ],
          [
            4.872875,
            52.39085
          ],
          [
            4.872851,
            52.390869
          ],
          [
            4.872831,
            52.390888
          ],
          [
            4.872797,
            52.390907
          ],
          [
            4.872771,
            52.390926
          ],
          [
            4.872738,
            52.390942
          ],
          [
            4.872705,
            52.390957
          ],
          [
            4.872675,
            52.390964
          ],
          [
            4.872647,
            52.390972
          ],
          [
            4.872616,
            52.390968
          ],
          [
            4.872603,
            52.390961
          ],
          [
            4.872603,
            52.390961
          ],
          [
            4.872603,
            52.390961
          ],
          [
            4.872629,
            52.390942
          ],
          [
            4.872656,
            52.390903
          ],
          [
            4.87267,
            52.390888
          ],
          [
            4.872693,
            52.390861
          ],
          [
            4.872719,
            52.390835
          ],
          [
            4.872753,
            52.390812
          ],
          [
            4.87279,
            52.390793
          ],
          [
            4.872828,
            52.390778
          ],
          [
            4.872855,
            52.390774
          ],
          [
            4.872885,
            52.390762
          ],
          [
            4.872919,
            52.390751
          ],
          [
            4.872957,
            52.390743
          ],
          [
            4.873014,
            52.390743
          ],
          [
            4.873066,
            52.390759
          ],
          [
            4.87312,
            52.390774
          ],
          [
            4.873169,
            52.390793
          ],
          [
            4.873235,
            52.390812
          ],
          [
            4.873271,
            52.390823
          ],
          [
            4.873328,
            52.390846
          ],
          [
            4.873382,
            52.390869
          ],
          [
            4.873436,
            52.390884
          ],
          [
            4.873485,
            52.390903
          ],
          [
            4.873542,
            52.390915
          ],
          [
            4.873584,
            52.390919
          ],
          [
            4.87363,
            52.390911
          ],
          [
            4.873659,
            52.390896
          ],
          [
            4.873688,
            52.390869
          ],
          [
            4.873717,
            52.390839
          ],
          [
            4.873743,
            52.390804
          ],
          [
            4.873769,
            52.390759
          ],
          [
            4.873795,
            52.390717
          ],
          [
            4.873822,
            52.390667
          ],
          [
            4.873849,
            52.390625
          ],
          [
            4.873874,
            52.390575
          ],
          [
            4.873904,
            52.390526
          ],
          [
            4.873932,
            52.390465
          ],
          [
            4.873963,
            52.390408
          ],
          [
            4.87399,
            52.390346
          ],
          [
            4.874012,
            52.390339
          ],
          [
            4.874068,
            52.390251
          ],
          [
            4.874128,
            52.39019
          ],
          [
            4.87418,
            52.390137
          ],
          [
            4.874231,
            52.390087
          ],
          [
            4.874274,
            52.390038
          ],
          [
            4.874328,
            52.38998
          ],
          [
            4.874381,
            52.389923
          ],
          [
            4.874429,
            52.38987
          ],
          [
            4.87447,
            52.38982
          ],
          [
            4.874511,
            52.389778
          ],
          [
            4.874552,
            52.389725
          ],
          [
            4.874593,
            52.389664
          ],
          [
            4.874636,
            52.389603
          ],
          [
            4.874691,
            52.389549
          ],
          [
            4.874749,
            52.3895
          ],
          [
            4.874804,
            52.389465
          ],
          [
            4.874899,
            52.389416
          ],
          [
            4.874984,
            52.389378
          ],
          [
            4.875066,
            52.389336
          ],
          [
            4.87516,
            52.389297
          ],
          [
            4.875275,
            52.389244
          ],
          [
            4.875391,
            52.389198
          ],
          [
            4.875488,
            52.389152
          ],
          [
            4.875588,
            52.389111
          ],
          [
            4.875673,
            52.389076
          ],
          [
            4.875762,
            52.389038
          ],
          [
            4.875851,
            52.389
          ],
          [
            4.875943,
            52.388962
          ],
          [
            4.876039,
            52.38892
          ],
          [
            4.876095,
            52.388893
          ],
          [
            4.87616,
            52.388866
          ],
          [
            4.876251,
            52.388825
          ],
          [
            4.876344,
            52.388783
          ],
          [
            4.876444,
            52.388737
          ],
          [
            4.876521,
            52.388702
          ],
          [
            4.87659,
            52.388676
          ],
          [
            4.876684,
            52.388634
          ],
          [
            4.87678,
            52.388588
          ],
          [
            4.87687,
            52.388546
          ],
          [
            4.876959,
            52.388504
          ],
          [
            4.877053,
            52.388466
          ],
          [
            4.877127,
            52.388432
          ],
          [
            4.877219,
            52.388393
          ],
          [
            4.877297,
            52.388355
          ],
          [
            4.87739,
            52.388313
          ],
          [
            4.877568,
            52.388245
          ],
          [
            4.877602,
            52.388229
          ],
          [
            4.877673,
            52.388195
          ],
          [
            4.877751,
            52.388161
          ],
          [
            4.877845,
            52.388119
          ],
          [
            4.877942,
            52.388077
          ],
          [
            4.878012,
            52.388042
          ],
          [
            4.878086,
            52.388008
          ],
          [
            4.878156,
            52.387978
          ],
          [
            4.878233,
            52.387943
          ],
          [
            4.878315,
            52.387905
          ],
          [
            4.878394,
            52.387878
          ],
          [
            4.878477,
            52.387844
          ],
          [
            4.878575,
            52.387802
          ],
          [
            4.878672,
            52.38776
          ],
          [
            4.878753,
            52.387726
          ],
          [
            4.878814,
            52.387703
          ],
          [
            4.878911,
            52.387665
          ],
          [
            4.878974,
            52.387642
          ],
          [
            4.879041,
            52.387619
          ],
          [
            4.879119,
            52.387592
          ],
          [
            4.879208,
            52.387562
          ],
          [
            4.879309,
            52.387527
          ],
          [
            4.879387,
            52.387497
          ],
          [
            4.879455,
            52.38747
          ],
          [
            4.879531,
            52.387444
          ],
          [
            4.879611,
            52.387417
          ],
          [
            4.879712,
            52.387382
          ],
          [
            4.879804,
            52.387352
          ],
          [
            4.879902,
            52.387321
          ],
          [
            4.880002,
            52.38728
          ],
          [
            4.880095,
            52.387241
          ],
          [
            4.88017,
            52.387203
          ],
          [
            4.880243,
            52.387169
          ],
          [
            4.880305,
            52.387142
          ],
          [
            4.880388,
            52.387112
          ],
          [
            4.880451,
            52.387085
          ],
          [
            4.880522,
            52.387062
          ],
          [
            4.880597,
            52.387032
          ],
          [
            4.880659,
            52.387009
          ],
          [
            4.880728,
            52.386986
          ],
          [
            4.880795,
            52.386959
          ],
          [
            4.880856,
            52.38694
          ],
          [
            4.880918,
            52.386917
          ],
          [
            4.880977,
            52.386902
          ],
          [
            4.881042,
            52.386883
          ],
          [
            4.8811,
            52.386864
          ],
          [
            4.881156,
            52.386852
          ],
          [
            4.881211,
            52.386833
          ],
          [
            4.881264,
            52.386814
          ],
          [
            4.881311,
            52.386799
          ],
          [
            4.881311,
            52.386799
          ],
          [
            4.881311,
            52.386799
          ],
          [
            4.881311,
            52.386799
          ],
          [
            4.881311,
            52.386799
          ],
          [
            4.881311,
            52.386799
          ],
          [
            4.881441,
            52.386765
          ],
          [
            4.881449,
            52.386761
          ],
          [
            4.881449,
            52.386761
          ],
          [
            4.881475,
            52.386742
          ],
          [
            4.881479,
            52.386734
          ],
          [
            4.881487,
            52.386715
          ],
          [
            4.881503,
            52.386677
          ],
          [
            4.881516,
            52.38662
          ],
          [
            4.88155,
            52.386551
          ],
          [
            4.88153,
            52.386524
          ],
          [
            4.881543,
            52.386467
          ],
          [
            4.881533,
            52.386429
          ],
          [
            4.881547,
            52.386406
          ],
          [
            4.881543,
            52.386356
          ],
          [
            4.881509,
            52.386288
          ],
          [
            4.881512,
            52.386188
          ],
          [
            4.881493,
            52.386143
          ],
          [
            4.881478,
            52.386093
          ],
          [
            4.88147,
            52.386051
          ],
          [
            4.881451,
            52.386017
          ],
          [
            4.881435,
            52.385979
          ],
          [
            4.881429,
            52.385952
          ],
          [
            4.881437,
            52.385925
          ],
          [
            4.881427,
            52.385887
          ],
          [
            4.881428,
            52.385853
          ],
          [
            4.881421,
            52.385815
          ],
          [
            4.881409,
            52.38578
          ],
          [
            4.881396,
            52.385738
          ],
          [
            4.881381,
            52.3857
          ],
          [
            4.881369,
            52.385654
          ],
          [
            4.881347,
            52.385605
          ],
          [
            4.881319,
            52.385567
          ],
          [
            4.881274,
            52.385521
          ],
          [
            4.881227,
            52.385483
          ],
          [
            4.881183,
            52.385437
          ],
          [
            4.881153,
            52.385399
          ],
          [
            4.881133,
            52.385365
          ],
          [
            4.881119,
            52.385319
          ],
          [
            4.881102,
            52.385277
          ],
          [
            4.881085,
            52.385239
          ],
          [
            4.881072,
            52.385185
          ],
          [
            4.881057,
            52.385139
          ],
          [
            4.881042,
            52.385105
          ],
          [
            4.881037,
            52.385063
          ],
          [
            4.881054,
            52.385033
          ],
          [
            4.881088,
            52.385002
          ],
          [
            4.881128,
            52.384983
          ],
          [
            4.881178,
            52.38496
          ],
          [
            4.881228,
            52.384945
          ],
          [
            4.88129,
            52.38493
          ],
          [
            4.881346,
            52.384926
          ],
          [
            4.881417,
            52.384914
          ],
          [
            4.881458,
            52.384907
          ],
          [
            4.88155,
            52.384895
          ],
          [
            4.881619,
            52.384892
          ],
          [
            4.881693,
            52.384888
          ],
          [
            4.881762,
            52.384888
          ],
          [
            4.881833,
            52.384892
          ],
          [
            4.881906,
            52.384888
          ],
          [
            4.88197,
            52.384884
          ],
          [
            4.88204,
            52.384869
          ],
          [
            4.882107,
            52.384857
          ],
          [
            4.882179,
            52.384842
          ],
          [
            4.882247,
            52.384827
          ],
          [
            4.882322,
            52.384808
          ],
          [
            4.882401,
            52.384789
          ],
          [
            4.882473,
            52.384769
          ],
          [
            4.882549,
            52.38475
          ],
          [
            4.882622,
            52.384731
          ],
          [
            4.882701,
            52.384712
          ],
          [
            4.882775,
            52.384693
          ],
          [
            4.882847,
            52.384674
          ],
          [
            4.882928,
            52.384651
          ],
          [
            4.883006,
            52.384632
          ],
          [
            4.883082,
            52.384613
          ],
          [
            4.883158,
            52.38459
          ],
          [
            4.883234,
            52.384567
          ],
          [
            4.883311,
            52.384541
          ],
          [
            4.883388,
            52.38451
          ],
          [
            4.883452,
            52.384483
          ],
          [
            4.883517,
            52.384449
          ],
          [
            4.88358,
            52.384418
          ],
          [
            4.883646,
            52.384388
          ],
          [
            4.883726,
            52.384365
          ],
          [
            4.883794,
            52.38435
          ],
          [
            4.88387,
            52.384342
          ],
          [
            4.883946,
            52.384342
          ],
          [
            4.884024,
            52.384338
          ],
          [
            4.884092,
            52.384338
          ],
          [
            4.884164,
            52.384327
          ],
          [
            4.884228,
            52.384308
          ],
          [
            4.884302,
            52.384281
          ],
          [
            4.884358,
            52.384247
          ],
          [
            4.884427,
            52.384205
          ],
          [
            4.884498,
            52.384171
          ],
          [
            4.884565,
            52.384129
          ],
          [
            4.88464,
            52.384087
          ],
          [
            4.884713,
            52.384045
          ],
          [
            4.884778,
            52.384007
          ],
          [
            4.884851,
            52.383965
          ],
          [
            4.884921,
            52.383919
          ],
          [
            4.884993,
            52.383877
          ],
          [
            4.885069,
            52.383831
          ],
          [
            4.885139,
            52.383785
          ],
          [
            4.885214,
            52.383747
          ],
          [
            4.885284,
            52.383709
          ],
          [
            4.885359,
            52.383663
          ],
          [
            4.885442,
            52.383621
          ],
          [
            4.885517,
            52.383579
          ],
          [
            4.885585,
            52.383541
          ],
          [
            4.885668,
            52.383503
          ],
          [
            4.885746,
            52.383461
          ],
          [
            4.885828,
            52.383419
          ],
          [
            4.885901,
            52.383377
          ],
          [
            4.885974,
            52.383339
          ],
          [
            4.886043,
            52.383301
          ],
          [
            4.886122,
            52.383259
          ],
          [
            4.886207,
            52.383213
          ],
          [
            4.886281,
            52.383171
          ],
          [
            4.886351,
            52.383141
          ],
          [
            4.886426,
            52.383099
          ],
          [
            4.886504,
            52.383057
          ],
          [
            4.886582,
            52.383015
          ],
          [
            4.886657,
            52.382973
          ],
          [
            4.886734,
            52.382935
          ],
          [
            4.886802,
            52.382893
          ],
          [
            4.886883,
            52.382854
          ],
          [
            4.88696,
            52.382809
          ],
          [
            4.887034,
            52.382767
          ],
          [
            4.887106,
            52.382725
          ],
          [
            4.887174,
            52.382687
          ],
          [
            4.887251,
            52.382641
          ],
          [
            4.887327,
            52.382595
          ],
          [
            4.887401,
            52.382557
          ],
          [
            4.887472,
            52.382515
          ],
          [
            4.887544,
            52.382473
          ],
          [
            4.88762,
            52.382431
          ],
          [
            4.887684,
            52.382393
          ],
          [
            4.887759,
            52.382351
          ],
          [
            4.887834,
            52.382309
          ],
          [
            4.887909,
            52.382267
          ],
          [
            4.887987,
            52.382225
          ],
          [
            4.88806,
            52.382187
          ],
          [
            4.888135,
            52.382149
          ],
          [
            4.888209,
            52.382107
          ],
          [
            4.888283,
            52.382065
          ],
          [
            4.888358,
            52.38203
          ],
          [
            4.888434,
            52.381985
          ],
          [
            4.888513,
            52.381943
          ],
          [
            4.888598,
            52.381893
          ],
          [
            4.888686,
            52.381844
          ],
          [
            4.888766,
            52.381798
          ],
          [
            4.888845,
            52.381752
          ],
          [
            4.888926,
            52.38171
          ],
          [
            4.889006,
            52.381664
          ],
          [
            4.88908,
            52.381622
          ],
          [
            4.889146,
            52.381584
          ],
          [
            4.889213,
            52.381546
          ],
          [
            4.889278,
            52.381508
          ],
          [
            4.889345,
            52.38147
          ],
          [
            4.889408,
            52.381435
          ],
          [
            4.889473,
            52.381397
          ],
          [
            4.889544,
            52.381359
          ],
          [
            4.889617,
            52.381317
          ],
          [
            4.889694,
            52.381275
          ],
          [
            4.889765,
            52.381233
          ],
          [
            4.889834,
            52.381199
          ],
          [
            4.889898,
            52.381149
          ],
          [
            4.889973,
            52.381111
          ],
          [
            4.890045,
            52.381065
          ],
          [
            4.890122,
            52.381016
          ],
          [
            4.890187,
            52.380974
          ],
          [
            4.89026,
            52.380932
          ],
          [
            4.890336,
            52.38089
          ],
          [
            4.890413,
            52.380844
          ],
          [
            4.890491,
            52.380802
          ],
          [
            4.890557,
            52.38076
          ],
          [
            4.89063,
            52.380722
          ],
          [
            4.890697,
            52.380684
          ],
          [
            4.890759,
            52.38065
          ],
          [
            4.89081,
            52.380619
          ],
          [
            4.890862,
            52.380592
          ],
          [
            4.890915,
            52.380566
          ],
          [
            4.890978,
            52.380539
          ],
          [
            4.891037,
            52.38052
          ],
          [
            4.891108,
            52.380497
          ],
          [
            4.891182,
            52.380478
          ],
          [
            4.89126,
            52.380459
          ],
          [
            4.891339,
            52.38044
          ],
          [
            4.891423,
            52.380421
          ],
          [
            4.891508,
            52.380405
          ],
          [
            4.891587,
            52.380375
          ],
          [
            4.891674,
            52.380352
          ],
          [
            4.891762,
            52.380325
          ],
          [
            4.891847,
            52.380299
          ],
          [
            4.891932,
            52.380272
          ],
          [
            4.892021,
            52.380249
          ],
          [
            4.892113,
            52.380222
          ],
          [
            4.892201,
            52.380199
          ],
          [
            4.892292,
            52.380177
          ],
          [
            4.892363,
            52.380157
          ],
          [
            4.892473,
            52.380131
          ],
          [
            4.892565,
            52.380108
          ],
          [
            4.892655,
            52.380081
          ],
          [
            4.892738,
            52.380051
          ],
          [
            4.892823,
            52.380024
          ],
          [
            4.892898,
            52.379993
          ],
          [
            4.892972,
            52.379955
          ],
          [
            4.893043,
            52.379913
          ],
          [
            4.893116,
            52.379871
          ],
          [
            4.893184,
            52.379826
          ],
          [
            4.893249,
            52.379784
          ],
          [
            4.893318,
            52.379745
          ],
          [
            4.893383,
            52.3797
          ],
          [
            4.893449,
            52.379662
          ],
          [
            4.893519,
            52.379612
          ],
          [
            4.89359,
            52.37957
          ],
          [
            4.893659,
            52.379528
          ],
          [
            4.893728,
            52.379486
          ],
          [
            4.89379,
            52.379448
          ],
          [
            4.893845,
            52.379414
          ],
          [
            4.893894,
            52.379387
          ],
          [
            4.893936,
            52.37936
          ],
          [
            4.893979,
            52.379337
          ],
          [
            4.894016,
            52.379314
          ],
          [
            4.894057,
            52.379292
          ],
          [
            4.894099,
            52.379269
          ],
          [
            4.894138,
            52.379246
          ],
          [
            4.894172,
            52.379227
          ],
          [
            4.894207,
            52.379208
          ],
          [
            4.894239,
            52.379189
          ],
          [
            4.894279,
            52.379169
          ],
          [
            4.894313,
            52.379147
          ],
          [
            4.894356,
            52.37912
          ],
          [
            4.8944,
            52.379097
          ],
          [
            4.894447,
            52.37907
          ],
          [
            4.894489,
            52.379047
          ],
          [
            4.894532,
            52.379024
          ],
          [
            4.894554,
            52.379009
          ],
          [
            4.894581,
            52.37899
          ],
          [
            4.894581,
            52.37899
          ],
          [
            4.894645,
            52.378956
          ],
          [
            4.894666,
            52.378956
          ],
          [
            4.894682,
            52.37896
          ],
          [
            4.894716,
            52.378967
          ],
          [
            4.894754,
            52.378983
          ],
          [
            4.89479,
            52.378998
          ],
          [
            4.894858,
            52.379028
          ],
          [
            4.89494,
            52.379066
          ],
          [
            4.895,
            52.379093
          ],
          [
            4.895062,
            52.379124
          ],
          [
            4.895114,
            52.379147
          ],
          [
            4.89517,
            52.379162
          ],
          [
            4.89523,
            52.379169
          ],
          [
            4.895288,
            52.379158
          ],
          [
            4.895354,
            52.379139
          ],
          [
            4.895414,
            52.379116
          ],
          [
            4.895482,
            52.379082
          ],
          [
            4.895555,
            52.379044
          ],
          [
            4.895636,
            52.379009
          ],
          [
            4.895724,
            52.378971
          ],
          [
            4.895801,
            52.378937
          ],
          [
            4.895884,
            52.378902
          ],
          [
            4.895963,
            52.378864
          ],
          [
            4.896036,
            52.37883
          ],
          [
            4.896106,
            52.378792
          ],
          [
            4.896175,
            52.378754
          ],
          [
            4.896242,
            52.378716
          ],
          [
            4.896306,
            52.378677
          ],
          [
            4.89637,
            52.378635
          ],
          [
            4.896428,
            52.378597
          ],
          [
            4.896485,
            52.378563
          ],
          [
            4.896542,
            52.378525
          ],
          [
            4.896603,
            52.378483
          ],
          [
            4.896648,
            52.378452
          ],
          [
            4.896695,
            52.378414
          ],
          [
            4.896739,
            52.378376
          ],
          [
            4.896772,
            52.378342
          ],
          [
            4.89681,
            52.378304
          ],
          [
            4.896842,
            52.378269
          ],
          [
            4.896872,
            52.378235
          ],
          [
            4.896893,
            52.378204
          ],
          [
            4.896914,
            52.378174
          ],
          [
            4.896931,
            52.378143
          ],
          [
            4.896944,
            52.378117
          ],
          [
            4.896948,
            52.378098
          ],
          [
            4.896948,
            52.378082
          ],
          [
            4.896948,
            52.378082
          ],
          [
            4.89686,
            52.378036
          ],
          [
            4.896809,
            52.378021
          ],
          [
            4.896732,
            52.378002
          ],
          [
            4.896673,
            52.377987
          ],
          [
            4.896611,
            52.377975
          ],
          [
            4.896538,
            52.37796
          ],
          [
            4.896468,
            52.377941
          ],
          [
            4.896407,
            52.377926
          ],
          [
            4.896349,
            52.377914
          ],
          [
            4.896292,
            52.377903
          ],
          [
            4.89624,
            52.377892
          ],
          [
            4.896186,
            52.377876
          ],
          [
            4.896136,
            52.377869
          ],
          [
            4.896079,
            52.377857
          ],
          [
            4.896034,
            52.377842
          ],
          [
            4.895994,
            52.377834
          ],
          [
            4.895946,
            52.377819
          ],
          [
            4.895902,
            52.377808
          ],
          [
            4.895868,
            52.3778
          ],
          [
            4.895821,
            52.377789
          ],
          [
            4.895777,
            52.377781
          ],
          [
            4.89574,
            52.377773
          ],
          [
            4.895689,
            52.377762
          ],
          [
            4.895646,
            52.37775
          ],
          [
            4.895603,
            52.377735
          ],
          [
            4.895561,
            52.377716
          ],
          [
            4.895513,
            52.377686
          ],
          [
            4.895483,
            52.377655
          ],
          [
            4.895456,
            52.377632
          ],
          [
            4.895429,
            52.377605
          ],
          [
            4.895397,
            52.377564
          ],
          [
            4.895375,
            52.377537
          ],
          [
            4.895346,
            52.377502
          ],
          [
            4.895312,
            52.377468
          ],
          [
            4.895273,
            52.37743
          ],
          [
            4.895227,
            52.377399
          ],
          [
            4.895196,
            52.377369
          ],
          [
            4.895157,
            52.377342
          ],
          [
            4.895125,
            52.377312
          ],
          [
            4.895095,
            52.377281
          ],
          [
            4.895075,
            52.377258
          ],
          [
            4.895075,
            52.377258
          ],
          [
            4.895075,
            52.377258
          ],
          [
            4.895075,
            52.377258
          ],
          [
            4.895031,
            52.377174
          ],
          [
            4.89504,
            52.377167
          ],
          [
            4.895055,
            52.377152
          ],
          [
            4.895061,
            52.377132
          ],
          [
            4.895062,
            52.377106
          ],
          [
            4.895054,
            52.377075
          ],
          [
            4.895028,
            52.377033
          ],
          [
            4.894989,
            52.376995
          ],
          [
            4.894948,
            52.376961
          ],
          [
            4.894909,
            52.376934
          ],
          [
            4.894863,
            52.3769
          ],
          [
            4.894819,
            52.376869
          ],
          [
            4.89477,
            52.376839
          ],
          [
            4.894723,
            52.376808
          ],
          [
            4.894674,
            52.376778
          ],
          [
            4.894627,
            52.376747
          ],
          [
            4.89458,
            52.37672
          ],
          [
            4.894521,
            52.376686
          ],
          [
            4.894469,
            52.376656
          ],
          [
            4.894427,
            52.376625
          ],
          [
            4.894382,
            52.376591
          ],
          [
            4.894331,
            52.37656
          ],
          [
            4.894294,
            52.37653
          ],
          [
            4.894255,
            52.376495
          ],
          [
            4.894225,
            52.376461
          ],
          [
            4.894207,
            52.376427
          ],
          [
            4.894208,
            52.376404
          ],
          [
            4.894225,
            52.376373
          ],
          [
            4.894229,
            52.376347
          ],
          [
            4.894239,
            52.37632
          ],
          [
            4.894248,
            52.376297
          ],
          [
            4.89426,
            52.376289
          ],
          [
            4.894279,
            52.376266
          ],
          [
            4.894314,
            52.376247
          ],
          [
            4.894338,
            52.376244
          ]
        ]
      }
    }
  ]
}